gene_name,TCGA-35-5375-01A,TCGA-55-A4DF-01A,TCGA-95-8039-01A,TCGA-MP-A4T4-01A,TCGA-62-A471-01A,TCGA-L9-A5IP-01A,TCGA-50-5936-01A,TCGA-49-AARR-01A,TCGA-78-8662-01A,TCGA-05-4430-01A,TCGA-44-7659-01A,TCGA-44-6146-01A,TCGA-L9-A50W-01A,TCGA-75-7025-01A,TCGA-05-4424-01A,TCGA-62-A46P-01A,TCGA-38-4627-01A,TCGA-86-8073-01A,TCGA-69-7765-01A,TCGA-44-5645-01B,TCGA-55-6984-01A,TCGA-69-7764-01A,TCGA-NJ-A4YI-01A,TCGA-86-A4P7-01A,TCGA-55-8620-01A,TCGA-97-8177-01A,TCGA-50-6595-01A,TCGA-55-A492-01A,TCGA-78-7633-01A,TCGA-97-A4LX-01A,TCGA-78-7220-01A,TCGA-53-7624-01A,TCGA-49-AARN-01A,TCGA-62-A46R-01A,TCGA-78-7156-01A,TCGA-50-8457-01A,TCGA-91-8496-01A,TCGA-55-8092-01A,TCGA-75-5122-01A,TCGA-NJ-A4YQ-01A,TCGA-50-5072-01A,TCGA-91-6831-01A,TCGA-91-A4BD-01A,TCGA-69-8255-01A,TCGA-69-8253-01A,TCGA-86-A4D0-01A,TCGA-78-8640-01A,TCGA-97-8174-01A,TCGA-55-6987-01A,TCGA-49-6744-01A,TCGA-55-8096-01A,TCGA-J2-8192-01A,TCGA-44-7671-01A,TCGA-44-2662-01B,TCGA-93-A4JN-01A,TCGA-49-AAR9-01A,TCGA-86-A4P8-01A,TCGA-44-5645-01A,TCGA-78-7158-01A,TCGA-80-5611-01A,TCGA-44-4112-01A,TCGA-71-6725-01A,TCGA-44-2656-01A,TCGA-05-5715-01A,TCGA-64-5815-01A,TCGA-55-7816-01A,TCGA-95-7948-01A,TCGA-05-4432-01A,TCGA-99-8033-01A,TCGA-78-7143-01A,TCGA-73-4668-01A,TCGA-44-5644-01A,TCGA-38-4625-01A,TCGA-91-8499-01A,TCGA-86-6851-01A,TCGA-44-6779-01A,TCGA-78-7537-01A,TCGA-05-4434-01A,TCGA-67-3773-01A,TCGA-55-6983-01A,TCGA-05-5425-01A,TCGA-97-A4M2-01A,TCGA-50-5941-01A,TCGA-78-7539-01A,TCGA-67-3771-01A,TCGA-55-8299-01A,TCGA-05-5429-01A,TCGA-93-A4JO-01A,TCGA-44-A47A-01A,TCGA-44-2662-01A,TCGA-86-A4JF-01A,TCGA-05-4402-01A,TCGA-97-8179-01A,TCGA-55-7914-01A,TCGA-49-4490-01A,TCGA-55-8090-01A,TCGA-MP-A4TC-01A,TCGA-64-1681-01A,TCGA-99-AA5R-01A,TCGA-49-4486-01A,TCGA-91-6847-01A,TCGA-05-4249-01A,TCGA-91-A4BC-01A,TCGA-55-7570-01A,TCGA-50-5049-01A,TCGA-86-8672-01A,TCGA-55-7727-01A,TCGA-86-8674-01A,TCGA-53-A4EZ-01A,TCGA-69-7761-01A,TCGA-50-5942-01A,TCGA-69-A59K-01A,TCGA-05-4245-01A,TCGA-44-2666-01A,TCGA-50-5944-01A,TCGA-50-6592-01A,TCGA-62-8395-01A,TCGA-05-4410-01A,TCGA-55-6975-01A,TCGA-73-4662-01A
ABCA12,3.9585,0.3036,11.2888,3.7723,2.294,4.7101,1.9949,0.2816,4.5318,1.5589,0.8618,2.7605,1.0494,1.0844,20.1601,0.0392,1.6851,3.0684,0.8452,3.4699,1.2438,3.579,22.7132,1.7748,0.0722,1.1587,5.8053,0.5503,0.1898,2.7953,0.8175,0.7017,2.7884,3.1025,0.3329,0.1531,0.5356,1.8559,1.5049,2.6152,16.7356,0.1916,2.2269,0.0474,3.8574,0.2765,0.025,0.5016,1.767,3.3852,14.3278,9.6157,3.1603,32.5594,6.9245,0.0424,0.0677,1.8749,0.877,7.5997,5.7434,2.9258,11.1042,13.9575,13.7693,0.775,1.4605,0.145,2.0451,15.2031,3.6234,1.1124,0.0112,0.261,4.762,0.8289,0.0848,2.5517,0.8589,2.7093,16.1837,0.4119,5.9647,12.2148,0.144,3.9507,1.3518,3.0538,6.2741,20.7165,19.039,8.4393,0.2415,0.3069,4.4779,6.5074,4.2145,0.9106,0.8913,0.0536,0.5126,3.1154,0.1695,0.1494,0.1618,2.0011,7.5866,0.7711,9.2898,4.1499,0.5037,1.9274,0.1389,8.7904,2.8032,4.1297,0.4171,9.2814,11.5536,0.2896
ABCA13,2.4863,14.534,0.349,2.8488,0.8782,0.1518,3.3514,41.9288,0.0167,2.1748,4.6709,0.7526,4.7602,15.3656,1.7797,0.0937,1.7692,1.2698,0.1022,50.434,1.4433,1.4312,0.2903,1.796,0.1592,0.5305,1.7222,0.1309,0.0813,0.297,0.1852,0.0699,1.2712,21.1694,0.9349,0.6374,0.9329,0.017,0.2244,0.1186,0.9902,0.1779,2.0258,0.5921,0.2275,0.0907,0.1767,0.3837,2.323,0.5155,9.059,2.9073,3.5462,37.594,0.2948,0.0983,0.8568,20.0262,2.2354,0.3252,0.2291,1.2261,0.7821,0.8447,0.7806,0.4596,0.0831,0.2756,0.4674,3.3297,0.5946,0.1609,0.0187,0.04,0.0572,0.1801,0.018,2.0447,0.0289,2.0583,0.1557,2.6201,1.491,1.2154,19.3578,0.7497,0.8615,3.1424,0.1126,3.1223,0.4655,3.3154,0.269,8.676,2.0668,1.1144,0.171,6.5446,0.607,0.0739,0.2842,3.7073,0.0214,0.0645,0.2728,0.0107,0.5713,0.1608,0.0912,0.9351,21.6311,0.305,5.6882,2.1057,2.3632,0.1004,0.3197,2.4697,0.0518,0.1012
ABCB1,0.4683,2.1172,0.8918,2.8885,0.3192,1.0553,0.6095,2.5624,0.8439,1.2813,1.1311,0.603,0.8748,3.9447,3.2381,1.5973,3.9391,1.9744,1.5564,4.3546,0.3897,1.1808,0.7744,2.9486,12.2006,2.7435,1.9647,1.657,1.6981,3.3847,1.5814,0.8819,2.0785,1.5017,3.3751,3.4214,0.7033,1.8841,5.0656,1.4707,1.758,1.1019,0.8267,1.9336,0.6285,11.1375,0.4499,2.9905,2.8986,3.5691,1.0135,3.3703,1.7662,2.4336,1.6807,0.2538,3.0403,4.1067,0.678,0.874,0.9472,0.5976,3.7687,0.6776,0.9238,22.8059,0.5642,1.5692,2.257,1.2734,0.5084,0.6785,0.7403,0.8835,3.6548,5.3061,3.2659,2.0429,1.0458,1.8192,3.1878,3.6436,3.8248,1.6988,0.9487,3.473,0.669,1.6247,0.9894,0.6245,0.9668,0.7285,1.5885,0.8963,1.0201,0.5908,0.6853,1.2906,1.6501,0.198,0.4317,0.8376,3.0904,1.4803,1.8442,0.8718,0.8597,0.8757,0.3949,3.5814,3.505,1.298,3.9921,1.2855,1.585,1.5566,1.6393,2.2022,0.9801,1.7459
ABCB5,0.05,0.0,0.0151,0.0064,0.0153,0.0,0.0423,0.1539,0.0,0.0688,0.0245,0.0102,0.0124,0.0866,0.1728,0.0,0.1221,0.1565,0.0439,0.4754,0.0,0.0,0.0,0.1373,0.0844,0.0096,0.0368,0.0771,0.0148,0.0498,0.0095,0.036,0.0481,0.0,0.0,0.053,0.0488,0.0039,0.0,0.0072,0.0537,0.0419,0.0,0.0459,0.0206,0.0334,0.0087,0.0137,0.0216,0.0374,0.0339,0.0416,0.122,1.1989,0.0419,0.0088,0.1328,0.0547,0.0075,0.0532,0.0893,0.0,0.0239,0.0508,0.0251,0.0271,0.0,0.0129,0.0049,0.0172,0.0145,0.107,0.0193,0.0118,0.0074,0.0148,0.0,0.0115,0.0357,0.0724,0.052,0.0843,0.01,0.0,0.0299,0.0142,0.0,0.0,0.0,0.0,0.0067,0.0295,0.0462,0.0078,0.0126,0.0233,0.0328,0.0727,0.0,0.0037,0.0,0.0795,0.0,0.0,0.0258,0.022,0.0628,0.0,0.0,0.0072,0.0097,0.013,0.1066,0.0629,0.0,0.0077,0.1444,0.055,0.04,0.0281
ABCC11,0.0137,0.0998,0.1264,0.0421,0.3839,0.3055,0.2773,0.0673,0.0376,0.0463,0.0536,0.2342,0.1083,0.9748,0.0315,0.0222,0.2923,0.2078,0.1727,0.4358,0.0328,0.1791,0.0534,0.0632,0.1127,0.2306,0.1342,0.0983,0.1024,0.3422,0.219,0.1672,0.1051,0.0813,0.2484,0.103,0.0853,0.1663,0.1415,12.0479,0.5785,0.0343,0.0103,0.1828,0.0629,0.0949,0.1706,0.045,0.0472,0.0572,0.4028,0.4998,0.2182,1.2035,0.1603,1.8477,0.0427,0.112,0.1224,0.0698,0.1604,0.0373,0.2414,0.0555,0.0275,0.037,0.0802,0.2116,0.4319,0.075,0.0358,0.0702,0.2406,0.0515,0.0685,0.3083,0.0355,0.1721,0.013,0.0226,0.0664,0.085,0.1417,0.0775,0.0218,0.2246,0.3424,0.1359,0.2747,0.2141,0.0806,0.1411,0.0938,0.0935,0.1381,0.056,0.0627,0.1346,0.0463,0.0811,3.1423,0.0401,0.055,0.1373,0.0353,0.1322,0.1887,0.0402,0.0411,0.1029,0.0635,0.1275,0.0377,0.1125,0.1145,0.4772,0.0888,0.1802,0.1749,0.0745
ACAN,0.4133,0.3308,0.3242,0.7518,0.7642,6.0175,1.0281,11.9579,0.185,3.3972,0.1144,0.0692,0.2153,3.324,4.6086,0.7761,9.3749,0.5216,1.2881,0.7284,0.6031,0.5298,0.5282,0.607,0.2703,0.6465,15.6643,0.1634,2.2826,1.4243,8.8116,0.1374,0.6421,0.1578,0.1341,0.3947,0.0166,0.2052,2.1728,0.0244,1.7371,0.755,0.0478,1.6357,0.2896,0.2945,0.0809,0.4845,0.9705,0.939,2.6227,1.8598,1.185,0.3321,2.4636,0.4182,0.6228,0.3071,0.1583,0.1534,1.7153,0.9101,0.3493,0.7974,2.2063,1.6581,0.2179,1.0511,0.6578,0.1091,1.912,1.1886,0.3472,1.7396,0.0938,2.178,0.5305,0.6548,0.2926,0.8204,0.4708,0.1045,0.7446,0.0185,0.5667,1.2803,1.7715,0.3758,1.0332,0.1309,1.098,0.3004,5.1717,0.2307,2.4546,0.1027,1.3209,1.1865,1.5523,0.0031,0.0734,0.1971,1.0399,0.401,0.5097,0.9793,0.0799,0.4763,0.5695,0.4915,0.4601,0.4396,1.1359,1.3964,0.4263,0.3118,1.7225,0.317,27.1284,0.2925
ACTN2,0.0763,0.4816,0.3534,0.2845,0.07,0.0407,0.0431,4.7719,0.0,0.2182,0.3558,0.187,0.331,2.1638,0.4545,0.2174,0.2486,0.888,0.2681,1.4521,0.0459,0.3128,0.0559,1.4683,0.0859,0.2782,0.1875,0.4218,0.0602,0.3369,0.0583,0.1512,0.2019,0.0568,0.2112,0.9265,0.4024,0.1311,0.0847,0.2085,0.246,0.1919,0.3877,0.4959,0.2953,0.0816,0.0794,0.7468,0.1319,0.5941,0.2135,0.2301,0.2879,1.0464,1.141,0.0269,4.2236,0.1878,0.9236,0.13,0.1169,0.1117,0.2097,0.0776,0.1535,3.9464,0.056,0.2497,0.0679,0.3013,0.0722,0.1307,0.2064,8.3535,0.1069,0.0907,0.0566,0.2581,0.2543,0.1738,0.106,1.9897,0.2285,0.2,0.8225,0.184,0.1063,0.7123,0.2658,0.1178,0.0615,0.0958,0.5946,0.0831,0.1351,0.1138,0.2879,0.5042,2.7413,0.0454,0.0,0.2335,0.1536,0.0677,0.1382,0.1344,0.1199,0.0141,0.0738,0.2434,1.0801,0.1286,0.2299,0.2445,1.5194,0.4796,0.2895,0.3693,0.0815,0.1348
ADAMTS12,4.1067,4.2388,7.1839,9.0745,3.0247,6.4976,25.4278,2.7071,3.3301,22.1257,1.808,3.5793,3.6525,3.9832,13.3416,1.1758,45.5129,8.0608,22.8514,8.8676,5.1055,6.3456,6.4603,6.1791,2.2404,5.5076,46.557,0.5818,2.3372,16.678,4.542,3.0003,6.1494,3.005,0.9712,3.2696,1.5894,6.2574,4.3495,2.9639,13.4173,20.0946,0.2356,0.9799,1.7957,5.9277,3.4758,21.8445,4.976,11.3764,12.994,43.5466,13.6735,49.781,11.0223,12.015,4.2311,3.2133,6.1158,3.0038,12.7642,1.7487,13.548,15.7705,44.9798,5.6651,3.2185,7.1286,10.5779,1.7854,11.1327,5.7735,6.8624,5.3394,7.164,12.3598,5.3943,7.4625,5.1583,9.6361,6.0098,2.0801,14.2382,2.7187,6.2567,25.5773,10.8025,3.9557,8.0689,26.0157,3.3033,7.9637,5.2342,10.0908,8.209,11.9093,33.3055,4.3252,3.3575,0.2111,2.636,9.0485,11.1312,8.9431,10.5493,10.4811,3.4792,4.5955,1.548,14.1927,3.1278,6.6555,6.0608,2.2258,16.8145,23.8933,12.0912,3.8241,37.2759,5.3379
ADAMTS16,0.5919,0.5896,4.733,3.3464,0.5425,2.9002,1.0681,0.6926,3.4799,4.1853,1.5874,0.2255,2.5421,3.8541,1.8947,0.0161,7.3625,29.4211,11.2821,1.0653,0.585,1.1156,12.1835,2.4765,0.1184,3.6485,2.0745,0.2028,0.3424,5.3589,0.723,0.3409,2.5992,3.513,0.0312,3.0409,0.2927,3.5608,3.1101,2.1669,4.2993,1.7196,0.1039,0.1295,0.8053,3.2897,0.4106,1.3636,1.4804,3.6141,3.7853,4.9633,8.7624,17.655,6.438,1.6403,0.1727,0.5286,1.8624,0.2519,1.4907,1.1397,10.0655,5.6767,19.7016,3.8341,0.5891,2.2555,7.986,0.4604,5.1264,0.5574,3.0239,1.005,3.4796,7.804,0.2487,1.6737,4.676,8.6077,1.5473,0.3889,3.7642,3.4373,2.4247,21.5607,2.1617,5.3635,1.8928,7.6656,0.646,2.4753,2.6256,5.3386,2.6537,4.3683,5.0085,3.693,1.7516,0.0352,0.9456,6.5378,1.3898,2.018,1.9486,7.4828,0.6195,0.9302,0.4835,3.168,0.413,2.8537,1.4114,0.2708,11.1276,3.2045,8.8496,5.4318,24.4604,1.735
ADAMTS20,0.0,1.9807,0.0124,0.0079,0.2161,2.6284,0.0,0.0,0.2966,0.0846,0.0,0.0126,0.0,0.0063,0.1417,0.0,0.0072,0.0,0.0432,0.0377,0.0123,0.0,0.015,0.0,0.3344,0.0118,0.0453,0.0,0.0061,0.0175,0.3756,0.476,0.0,0.0275,0.0,0.0,0.012,3.6148,0.0114,0.0088,0.7644,0.116,0.0,0.0726,0.0152,0.0,0.0,0.0056,0.0607,0.0,0.0208,0.0511,0.0409,0.8429,0.0,1.1807,0.0096,0.0,0.0092,0.0,0.0157,0.006,0.0073,0.0156,0.0,0.0583,0.0,0.0953,0.2249,0.0,0.0313,1.7899,0.1378,4.6988,1.5779,0.0,0.0057,0.0142,0.0,0.0064,0.5655,0.008,0.0,0.0269,0.0,0.0174,0.0,0.0,0.0,0.0803,0.0248,0.1861,1.4127,0.0191,0.0155,0.0,0.0101,0.0138,0.0,0.0,0.0246,0.0,0.1934,0.0091,0.0,0.0,0.0,0.0,0.0,0.0089,0.0,0.008,0.0193,0.0,0.0,1.5171,0.0111,0.0,0.4757,0.0049
ADAMTS5,1.0424,1.2351,0.3195,1.6987,0.7963,2.8833,5.3576,1.6852,0.5115,4.5793,0.2906,2.6308,0.4344,1.9566,5.0053,1.8504,5.3685,1.3568,6.3162,7.7919,0.3702,1.4755,0.3935,2.0968,0.4621,1.5225,9.7897,0.3896,2.1354,3.9258,3.7531,0.6738,1.4353,0.3174,1.6484,0.5248,1.4154,1.3205,0.7452,0.6198,1.4906,5.5196,0.0356,0.4788,0.7057,0.2659,1.0848,1.5638,1.1695,1.9997,4.0998,3.2361,2.4176,31.0121,0.8009,2.6874,1.6514,2.4806,0.2406,0.7361,4.2515,1.5443,1.6127,1.3609,6.7186,8.9644,6.604,1.9375,3.1982,0.7886,0.9513,2.5352,1.8778,18.1248,0.4472,3.8976,1.6866,3.3533,0.7442,2.3634,0.9537,0.8479,3.1868,0.0414,1.4936,5.2063,1.2759,0.8032,0.4399,6.7912,3.8214,1.1295,3.0841,1.0537,2.384,0.4062,6.496,1.7081,0.9244,0.1443,2.025,0.3015,6.4429,2.4303,3.2955,3.6901,0.5208,1.754,0.6824,0.8446,0.9367,0.2456,1.1091,1.8154,4.2886,5.3364,2.9604,0.2605,5.4473,0.498
ADAMTSL3,0.4033,7.822,1.9384,1.2254,0.3914,10.4808,10.2078,6.6548,0.9698,2.9481,1.4199,3.6028,0.7054,3.8845,6.388,0.7527,4.4761,1.3745,1.5332,7.9187,1.2833,2.9938,1.4719,7.4583,0.6495,1.2105,1.7134,1.0424,11.5426,1.3846,1.1863,1.6996,0.9923,0.4733,7.7088,3.321,1.9267,0.5556,0.4477,0.648,7.0043,1.5209,0.5176,0.688,3.834,1.1093,0.7489,18.4398,1.1769,3.2734,1.154,1.164,3.9523,1.5329,1.7298,27.1861,12.3093,5.2012,1.5803,0.0404,0.9386,1.1251,3.632,1.7366,1.8966,6.9859,4.6156,4.0027,0.5439,1.213,1.0561,1.0459,1.1619,0.4811,1.2804,2.8179,1.2051,3.6057,1.3435,7.031,0.955,3.7161,2.3104,0.9116,1.9879,3.9553,0.2974,2.4572,0.5781,0.3775,0.7768,1.1275,2.8689,1.0477,1.0556,1.0744,0.1323,2.2947,7.2241,1.6949,0.3474,2.0321,0.376,0.4488,2.386,0.3131,2.0561,3.0058,0.3468,0.887,6.9705,1.193,1.051,4.9489,4.513,1.0251,3.0329,1.3563,2.6197,2.7791
ADCY2,0.1774,0.0393,0.0582,0.1621,0.0,0.021,0.1334,2.4477,0.0121,0.2948,0.303,0.0375,0.1302,0.5037,0.0252,0.5345,1.2258,0.1411,0.1754,0.7659,0.0369,0.4414,0.0128,0.1558,16.6559,0.2042,0.1743,0.0743,5.8149,0.0299,0.0451,0.0,0.1832,0.1956,6.2484,0.192,0.0564,0.0328,0.0049,0.0227,0.1573,0.1486,0.1483,0.0155,0.0389,0.0562,0.0228,2.5922,0.0341,0.1219,0.3184,0.7758,0.2623,0.6303,0.1652,0.0463,0.1478,0.273,0.3061,0.0168,0.2012,0.0077,0.0722,0.02,0.2841,0.096,0.0547,0.4343,0.0364,0.1443,0.0688,0.1237,0.0284,5.3542,0.0252,0.0234,0.1535,0.2807,0.0563,0.8511,0.041,0.3407,0.0892,0.0402,0.2569,0.2235,0.1037,0.1757,0.1118,0.0125,0.0106,0.0892,0.1353,0.0531,0.2923,0.1077,0.2629,0.4825,0.0297,1.0831,0.0105,0.1222,0.0496,0.0621,0.1902,0.0809,0.0248,0.0484,0.0113,0.2018,0.5042,0.0681,1.5896,0.1322,0.7983,0.0846,1.656,0.2138,0.4836,0.0864
ADCY8,0.6768,0.3284,0.1886,0.0535,0.0318,0.0,0.0881,0.3847,0.0,0.1543,0.1532,0.0213,1.1738,0.0,0.3,0.0,0.0242,0.0932,0.2011,0.1597,0.0,0.064,0.0,0.6324,0.0195,0.0499,0.0,0.0,0.0308,0.0,0.0199,0.0,0.025,0.0,0.0,0.0,0.5692,0.0,0.0,0.0,0.032,0.0,0.0392,0.0273,0.0685,0.0278,0.0542,0.0095,0.0899,0.1714,0.0794,0.0216,0.0,3.3639,0.16,0.0,8.429,0.0142,0.9797,0.0,0.0,0.0,0.0124,0.0,0.1047,0.0141,0.0,0.0807,0.0309,0.0,0.0,0.1114,0.0402,0.0737,0.0,0.0,0.0,0.024,0.0991,0.0,0.0542,0.324,0.0831,0.0,0.0831,0.0148,0.0,0.0972,0.0,10.4223,0.0,0.0077,0.0962,0.1295,0.0,0.097,0.0,0.035,2.0313,0.0,0.1386,0.0382,0.0,0.5078,0.0,0.0229,0.0327,0.0192,0.0,0.0,0.0,0.0135,0.0196,0.0476,0.0,0.0319,0.7708,0.0,0.0,0.0
ADGRB3,0.0528,0.912,0.4323,0.19,0.0538,0.0563,0.0794,0.9976,0.0809,0.5218,0.3628,0.7044,0.096,0.6391,0.6898,0.0859,0.3195,0.9059,0.7916,5.3584,0.0988,0.606,1.7719,0.9064,0.1321,0.2499,0.2249,0.1629,0.4097,0.2005,0.0672,0.038,0.1185,0.0419,0.5846,0.9875,0.5362,0.044,0.0521,0.0304,0.1621,0.1328,0.1192,0.0786,0.3129,0.0659,0.0244,2.3372,0.1651,0.4743,0.1074,1.552,0.4921,1.5169,0.4722,0.0124,2.1353,1.3766,0.0631,0.1199,0.7461,0.0137,1.1438,0.1969,0.1948,0.3812,0.7411,0.4911,0.0766,0.3504,0.21,0.0,0.0816,17.5385,0.0623,0.0418,0.0653,0.3085,0.2179,1.3993,0.1344,0.6575,0.1546,0.1538,0.1546,0.4693,0.0327,0.4381,0.0545,0.0753,0.6899,0.2755,0.3626,0.1971,0.1246,0.2166,0.1617,0.3154,1.6129,0.3504,0.0656,0.2413,0.0797,0.1145,0.1639,0.0775,0.8404,0.2594,0.0151,0.1123,0.9555,0.2008,3.752,1.1518,1.8887,1.0036,0.6613,0.1084,0.4696,0.2712
ADGRG4,0.0,0.0,0.0,0.0,0.0,0.0,0.0,0.0778,0.0105,0.0097,0.0225,0.0,0.0057,0.2107,0.0088,0.0,0.0053,0.036,0.0,0.4086,0.0,0.0,0.0,0.0,0.0,0.0,0.0,0.0,0.0,0.0,0.0,0.0,0.0,0.0,0.0,0.0541,0.0,0.0,0.0,0.0,0.0141,0.0,0.0345,0.003,0.0189,0.0061,0.0,0.0462,0.0057,0.0,0.0,0.0,0.0051,0.3821,0.0257,0.0081,0.0861,0.0377,0.0,0.0,0.0,0.0,0.0055,0.0,0.0,0.0559,0.0,0.0,0.0,0.0158,0.0033,0.0,0.0035,0.0108,0.0,0.0136,0.0,0.0212,0.0,0.0,0.0,0.0119,0.0,0.0,0.0,0.0,0.0,0.0071,0.0,0.0,0.0,0.0034,0.0,0.0,0.0116,0.0,0.0,0.0,0.0454,0.0034,0.0061,0.0,0.0058,0.0,0.0119,0.0,0.0,0.0,0.0,0.0,0.0267,0.006,0.0144,0.0,0.0096,0.0,0.0083,0.0,0.0,0.0037
ADGRL2,14.9182,2.1266,4.7898,2.2917,6.6414,5.7422,9.8618,10.4141,13.3388,6.1393,1.6637,7.3727,2.1412,3.9012,11.6454,3.2868,7.7708,5.5686,5.7191,11.8458,4.584,5.9932,1.4971,12.0033,1.1876,2.9353,9.7314,3.0842,10.7537,3.7923,14.9491,2.0005,2.4261,1.612,11.379,2.701,3.7013,3.0603,2.2376,2.0851,16.838,5.5171,1.8252,7.9425,4.7675,1.5612,1.8248,18.5407,4.1561,6.5275,3.3222,6.9465,5.6536,17.0009,6.5064,13.9006,17.7232,3.9066,2.5753,0.4304,2.6048,2.4979,6.9555,2.7365,6.2916,11.5451,61.3653,3.0688,5.9112,2.8499,3.7894,5.4434,8.7527,9.0333,2.8393,3.276,2.6815,2.8554,2.941,5.5135,4.4557,7.9048,4.7172,2.7564,2.0338,12.1038,1.2567,5.8936,2.8963,2.9644,2.2808,6.3308,9.1972,1.7854,3.4038,3.7179,2.1106,5.1345,16.1647,1.455,27.3835,4.2398,2.7367,1.4313,3.5996,2.7325,4.1762,2.3928,1.7916,4.3224,4.8464,13.1592,2.3139,3.8739,15.3357,8.9244,7.7468,2.1024,10.446,3.4881
ADGRL3,0.0331,0.1482,0.3361,0.3612,0.8791,0.5769,0.1212,1.7108,2.2482,0.7562,0.1541,1.4649,0.0778,0.6305,1.2449,0.0605,0.6463,0.7694,0.4414,2.9018,0.1193,0.0745,2.0842,0.9469,0.862,0.2506,2.3236,0.1572,0.2413,0.0942,0.1578,1.8157,0.3657,0.1526,0.1111,0.4443,0.4842,0.6015,0.2386,0.0333,2.9029,0.2633,0.2613,0.0955,0.4545,0.7158,0.0057,0.3719,0.3122,0.6286,0.2214,2.293,1.0455,1.8456,0.9378,6.3552,2.9926,0.8453,0.079,0.176,1.0088,0.0549,1.4494,0.0757,0.4573,0.7832,0.2185,0.3559,0.1177,1.2257,0.1419,0.0212,0.0358,1.0061,0.0658,0.0884,0.6744,0.1169,0.1102,0.243,0.3041,0.4031,0.1386,0.3935,0.1056,0.2344,0.1152,2.1293,0.1023,0.7736,0.1243,1.1349,0.3668,0.0874,1.1037,0.2034,0.5694,0.3813,3.212,0.1474,9.4576,0.5585,0.0458,9.2386,0.1924,0.0,0.945,0.0609,0.1066,0.2396,0.4359,0.2143,1.2534,0.7111,0.5127,2.1232,0.4539,0.4,0.5205,0.7669
ADGRV1,2.2572,0.9698,0.753,0.2777,3.1955,0.1057,0.3587,2.6012,1.6244,0.3606,3.2484,2.3178,1.8338,1.4297,1.5239,1.9895,0.1289,3.7841,0.2307,58.8059,0.2439,24.1669,9.6443,1.1811,2.3551,1.5326,0.168,3.301,3.8596,0.4285,0.8146,0.4556,0.3289,0.0876,5.5,1.7716,0.6998,0.4272,0.0709,3.8545,0.802,3.0439,1.5979,0.1436,1.2293,6.2839,1.7511,5.3818,1.4908,0.3992,1.0028,2.0877,3.2245,4.7548,2.2225,0.0169,3.1173,17.1754,2.9015,1.1238,1.1734,0.0748,7.8093,0.8032,0.313,0.2925,0.1306,4.4599,1.8981,1.9436,0.0259,5.0007,0.1099,0.4968,0.2976,0.0325,3.2236,0.9482,0.2246,3.0607,2.623,3.5444,0.3304,0.2225,2.5956,1.5478,0.0572,0.7553,4.7602,0.4776,1.0868,1.9466,2.4726,0.1447,0.3701,0.5329,0.6035,1.556,1.0057,2.6131,0.2896,2.7203,4.6341,0.1638,0.3484,0.0391,4.1541,1.3806,0.9851,0.2518,2.8954,0.5319,0.3151,2.4377,1.092,0.1446,22.3366,0.1955,0.1423,3.6179
AFF2,0.0162,1.3539,0.1667,0.1461,1.1714,0.1082,0.0733,0.7654,0.1716,0.337,0.1674,0.3913,1.1995,0.2816,0.8424,0.1057,2.4415,0.6033,0.3652,1.2659,0.4491,0.4127,1.7699,1.4706,0.2072,0.1683,0.2395,1.0186,1.2175,0.4625,1.9286,0.0409,0.2734,0.1983,0.6358,0.2029,0.203,0.3551,0.0721,0.7707,0.4637,0.2383,0.1039,0.0704,0.7165,0.1129,0.1127,1.6961,0.3488,0.7877,2.1834,2.8337,0.9442,0.9861,0.6082,0.166,2.6252,0.3198,0.131,1.5143,1.5343,0.1173,0.5626,1.5773,0.4002,0.3166,0.163,0.4755,0.0385,1.8063,0.4585,0.1043,0.0828,2.268,0.5725,0.2702,0.1867,0.4719,0.1082,0.2656,0.1128,0.6151,0.4928,0.1312,0.8816,0.5159,0.0528,0.5356,1.238,0.054,0.2224,0.5995,1.7029,0.2324,0.2136,13.5003,0.0693,1.7387,1.7638,0.082,3.2356,0.4652,0.1349,0.0912,0.1764,0.0715,1.7854,8.9694,0.0454,0.5791,1.1461,0.9348,0.0652,0.5574,0.3676,0.1045,0.6102,0.1072,0.1907,0.3233
AHNAK,10.6487,58.0297,83.1525,160.5668,43.9927,148.2175,120.5343,197.9306,64.4817,44.9023,89.4834,602.7446,104.1368,161.1868,133.62,11.2067,123.2104,183.2814,122.1932,354.6324,128.4732,83.8821,86.5252,170.7579,48.8759,53.4169,302.804,38.3493,140.0146,120.655,91.4183,471.9744,83.9597,85.8893,226.398,143.2772,29.3518,94.2816,95.1824,110.8872,83.9936,65.5568,36.9561,54.4806,87.6837,11.1532,36.3662,150.9049,66.2802,121.7413,134.665,279.6565,189.265,188.3368,68.973,147.5001,398.5745,311.3553,56.6896,61.8149,31.9246,94.3349,313.3116,56.7786,276.7097,552.638,212.2613,33.0728,136.3473,73.1528,112.8784,47.5541,47.5482,22.4782,111.3264,568.2503,52.4445,108.6826,22.1493,60.7235,29.163,180.7601,126.9475,72.7277,36.3588,156.0354,75.1415,89.8839,48.503,78.3839,44.3043,101.5575,97.0844,76.2011,94.4717,227.8395,253.8342,74.2642,224.0679,21.884,75.9661,61.4564,36.602,41.0706,43.6734,69.3179,104.0483,19.8825,8.3868,217.4554,170.0702,98.1473,39.9751,163.9377,229.2299,74.1498,103.3292,189.6107,161.3382,109.1314
AHNAK2,0.7573,3.1932,7.4518,16.2624,23.4203,55.6768,31.4224,13.2747,0.2715,14.6091,3.3286,23.1796,9.0403,8.1504,4.7394,0.9918,12.5076,76.978,4.0441,2.9542,42.4028,1.7406,29.6399,6.4853,1.0761,2.1921,59.7635,2.8826,0.6387,2.4822,14.8015,34.9772,28.5722,12.444,4.1133,9.9044,0.4904,3.2143,7.4636,22.1019,18.7337,2.1464,0.6485,0.3167,29.4741,0.4639,12.7461,5.9193,1.1929,8.7277,21.1038,35.1113,26.5955,25.3411,3.4195,120.033,3.1561,3.2888,3.3657,6.2631,32.3348,1.7255,16.9875,31.9364,98.9642,24.016,0.663,18.3278,55.1408,5.3413,38.471,0.5745,4.6916,0.18,30.6359,102.5543,1.6642,10.6996,7.6183,6.9574,1.6793,1.9033,10.1985,17.133,26.4929,8.3797,15.6415,3.6041,14.4187,44.7603,1.6722,17.5174,6.0573,30.7953,17.4094,222.1635,39.8772,3.2754,3.9098,8.0017,1.2164,13.0398,0.4461,5.5366,1.2002,27.837,12.4043,50.0261,3.7003,36.4286,3.8472,49.0427,1.6366,45.373,1.5479,66.2862,6.0035,5.0689,55.4355,1.9444
AKAP6,0.4398,0.8061,1.5838,3.9243,0.215,0.2249,1.0979,7.7139,0.5926,0.7846,3.8608,0.6176,1.6273,2.8937,2.0543,0.2576,1.7053,3.1589,0.8445,8.8659,0.3619,1.6002,0.3667,1.1431,0.9105,0.8167,1.2562,0.886,2.0124,1.4191,0.2865,0.2913,2.0921,1.7007,1.9102,1.3239,0.7922,0.1556,1.6839,0.2967,1.0259,0.3538,0.6618,0.1739,0.3455,4.2057,1.8389,1.4068,0.4414,1.0707,1.628,7.0273,2.1126,3.6055,1.3729,0.4214,2.3975,3.126,2.2107,2.3112,0.5179,0.7668,4.8461,1.3951,1.2679,1.6411,0.3731,1.9465,0.4219,1.6663,0.6125,0.1908,0.5491,1.3221,0.5794,1.4419,0.3435,0.9697,0.8261,1.5098,0.3826,1.2531,1.1422,4.4041,2.0216,0.6119,0.5717,1.1309,0.5671,0.9721,0.192,2.1708,3.6573,2.7066,2.7636,1.0732,1.2732,2.8649,1.2468,1.2542,3.7943,0.5999,0.1003,2.5448,0.3639,0.1858,3.3587,0.4881,0.7714,0.5575,2.6186,0.5928,0.8287,1.5855,3.9168,0.3918,1.4825,1.6299,0.4505,2.5088
ALMS1,1.2836,15.6401,6.7324,4.2884,2.8458,4.6439,6.2325,11.5059,4.3213,4.4839,5.7291,7.1831,4.3441,5.3371,17.5701,2.5281,2.4401,5.5014,5.1741,57.1317,3.9955,7.6068,6.0417,4.6226,9.3702,2.7867,4.8379,1.6694,7.8727,4.2296,4.6907,7.1178,5.8104,3.1089,5.6375,4.8402,1.6564,5.2716,3.0179,4.4061,6.5244,14.4831,1.9786,2.9624,3.4986,3.1623,4.5233,5.6959,3.4116,6.3207,3.7701,8.3023,7.2058,38.131,7.3822,6.4962,6.3609,20.9262,5.2372,5.1969,2.5054,5.5755,9.5565,3.7162,3.9276,8.2237,2.8656,5.9697,5.1328,9.7126,7.9708,4.2615,4.2785,11.8649,5.727,4.4254,4.597,4.0152,1.1994,7.2572,5.0466,3.804,4.0551,8.8824,4.541,5.0157,2.1222,5.3948,4.8383,5.6173,5.9447,4.3854,3.3398,7.5367,3.6966,4.0261,5.319,6.1898,4.2844,1.5113,10.6081,6.4975,3.0993,8.7784,2.6874,3.3542,6.3411,4.1052,6.2686,5.0226,6.8508,5.5063,5.7936,7.0933,6.2773,7.7618,7.5472,5.2873,3.9249,7.2146
AMER1,0.5916,3.6275,3.0682,2.2631,2.3122,1.3631,3.7866,2.1099,3.6783,4.4335,2.5921,3.9994,4.9093,2.2895,6.8392,0.862,2.9002,5.3188,3.0544,8.6453,2.8889,3.1909,2.9712,3.1199,6.0997,1.4042,5.1109,0.8132,2.1601,5.1084,2.8467,4.3889,2.8315,2.5401,3.0786,3.2751,1.096,5.2071,2.1893,2.0492,2.348,7.8756,0.8489,3.8931,1.567,5.8532,4.4388,3.5675,3.8138,2.4957,5.6342,6.8541,2.6067,3.6911,2.4602,2.5496,3.2342,6.6051,11.3523,1.5109,1.6508,1.9656,4.0751,1.9724,2.2831,3.7017,4.4179,2.7717,1.735,3.3997,2.3621,3.1214,2.5893,5.049,4.0011,3.6774,1.5407,4.5252,1.6502,3.7134,5.3764,2.4051,1.7794,3.7069,1.6361,3.4177,1.8014,2.3624,4.95,1.8364,2.1492,5.321,3.2117,5.7344,2.2403,1.9335,3.6824,5.342,2.3653,0.6213,4.3818,4.0274,2.5061,3.319,1.7787,1.4772,2.6442,2.4326,4.6079,3.5254,5.2802,2.1756,1.8166,3.2732,3.3325,2.8082,7.5034,2.5415,3.0829,3.7139
AMER3,0.1437,0.0,0.1519,0.0,0.0,0.0,0.0,0.0221,0.0,0.0,0.0,0.1027,0.0,0.0147,0.0414,0.0,0.0251,0.008,0.1767,0.022,0.0144,0.0,0.0,0.0104,0.9434,0.0069,0.0,0.0,0.0,0.0,0.0274,0.0,0.1728,0.1712,0.0,0.0085,0.0,0.0,0.0,0.0,0.0331,0.0,0.0,0.0047,0.0059,0.048,0.0,0.0,0.0,0.0,0.0487,0.0,0.008,0.2463,0.0201,0.0,0.0,0.0,0.0,0.0153,0.0,0.0,0.0,0.0,0.0,0.0681,0.0,0.0495,0.0213,0.0123,0.0052,12.7973,0.0,0.0,0.0159,0.0,0.0067,0.011,0.0,0.0595,0.0,0.0373,0.0,0.0,0.1721,0.0,0.1001,0.0,0.0,0.0,0.0,0.0,0.0,0.0,0.0,0.0536,0.0,0.0,0.0,0.0,0.0,0.0088,0.0633,0.0319,0.0,0.0158,0.0226,0.0,0.0309,0.0,0.0139,0.0,1.8716,0.0,0.0151,0.0,0.0,0.0158,0.0192,0.0
ANK1,1.1356,0.4696,0.608,0.4515,0.8053,0.4964,0.5438,0.5608,0.0295,0.1361,0.1997,20.6793,0.3876,0.4937,0.3045,0.0697,0.2493,0.0959,0.3161,0.894,2.8075,0.4565,0.2617,0.3904,18.0015,0.2014,20.6769,0.892,0.2578,0.9944,1.8076,0.4011,2.4519,0.3764,0.2456,0.6161,0.1088,0.2877,0.3172,0.5052,0.5195,0.3681,0.1128,0.1209,5.0498,1.4543,0.1487,1.5828,0.4072,0.3143,0.4249,0.4945,1.1313,0.2727,1.5864,1.2681,0.3885,0.8669,0.1856,0.2006,0.2188,0.0836,0.2815,0.1198,0.8619,0.8699,0.0839,0.2951,0.199,1.0221,0.0312,0.1101,6.9953,4.5074,0.4487,0.14,0.2304,0.843,0.0408,0.643,0.4387,0.5557,0.496,0.3368,0.2736,1.6708,9.3114,0.2599,0.4393,0.1934,0.1668,0.1044,0.215,0.2199,0.195,1.4296,0.6817,0.4702,0.7634,0.4997,1.6204,0.3618,0.2372,0.5194,0.2216,0.1226,0.2557,0.5919,1.7456,2.6456,0.5482,0.2222,0.2124,0.1323,0.0808,0.3086,0.4256,0.245,3.4064,0.4161
ANK2,0.5903,1.4512,1.5649,1.3157,0.0694,0.1239,0.781,3.3906,0.3233,1.353,1.4536,0.811,0.526,2.5925,3.3096,1.607,3.2458,2.3668,1.5431,10.7964,0.3502,1.0977,1.087,1.484,2.2608,1.4677,0.8757,0.6797,0.5955,2.0297,0.572,1.7287,0.7914,0.8653,0.7135,2.7208,0.9441,0.8472,1.592,0.9759,1.9545,0.7325,0.2904,1.2112,0.7211,6.0727,2.0201,4.363,1.1319,1.9333,2.5166,1.8597,1.8988,6.0682,2.9653,0.196,2.8209,5.5021,0.3934,4.3968,0.5998,0.1595,3.2292,0.9695,2.8996,8.6028,0.1472,1.6222,0.4667,1.0908,1.4929,10.0969,1.0787,1.0066,1.1584,1.1327,1.5363,1.4707,1.0157,10.2928,1.2606,1.3071,1.0874,3.098,1.0418,2.7135,0.4005,1.8961,0.9222,1.3156,1.8858,0.935,0.9861,0.6743,0.9701,0.713,0.942,1.3649,1.945,0.1433,0.0786,1.6336,6.3056,0.9665,1.9987,0.5694,1.5542,0.1505,1.4445,1.9774,2.2354,1.2388,15.4618,1.1866,3.2488,1.5585,1.6481,1.4378,1.5624,1.7962
ANKRD30A,0.0,0.0,0.0275,0.0,0.0,0.0,0.0,0.014,0.0209,0.0096,0.0447,0.0,0.0113,0.0,0.0,0.0185,0.0106,0.0102,0.0,0.028,0.0,0.0,0.0,0.0,0.0,0.0,0.0,0.0117,0.0,0.0,0.0,0.0,0.0,0.0,0.0,0.0107,0.0,0.0,0.0,0.0,0.014,0.0,0.0,0.012,0.0,0.0,0.0,0.0,0.0,0.0,0.0077,0.0,0.0101,0.5799,0.0127,0.0,0.0,0.0,0.0,0.0388,0.0233,0.0178,0.0,0.0,0.0229,0.037,0.0,0.0,0.009,0.0,0.0,0.0,0.007,0.0,0.0,0.0,0.0,0.0,0.0,0.0,0.0158,0.0,0.0,0.0,0.0,0.0,0.0,0.0,0.0352,0.0,0.0489,0.0067,0.0,0.0,0.0,0.0,0.0,0.0102,0.0,0.0,0.0,0.0,0.0115,0.0,0.0,0.0,0.0,0.0,0.0,0.0,0.0,0.0,0.0057,0.0,0.7636,0.0,0.0,0.0,0.0,0.0073
APOB,0.0156,0.3782,0.0251,0.0,0.0,0.0665,0.0088,0.1057,0.2652,0.033,0.0153,0.1019,0.5799,0.0859,0.6353,0.1904,0.0726,0.342,0.126,0.134,0.0313,0.0,6.662,0.0181,0.3043,0.0658,0.0077,0.0,0.2523,0.0622,0.2501,0.3483,0.195,0.0139,0.1172,0.0515,0.0426,0.0122,0.1847,0.0045,0.4597,1.0264,0.0117,225.57,0.1412,0.0167,0.0162,0.0742,0.1367,0.0794,0.0132,0.0616,0.0519,0.7027,0.0959,0.0,0.078,0.0384,0.014,0.2059,0.0239,0.0761,0.0075,0.0,0.0314,0.4561,0.0076,1.4533,2.9542,0.0428,0.0295,1.2154,0.0289,0.0442,0.0092,0.0,0.0318,0.0168,0.0223,0.0452,0.0054,0.0647,0.0374,0.0068,0.7595,0.1239,0.3984,0.0534,0.006,0.0259,0.0042,0.2948,0.0536,0.0291,0.1026,0.0058,0.0205,0.0175,0.0353,0.0556,0.0042,0.0038,0.1178,0.0092,0.0282,0.0,0.2646,0.0057,0.0,0.0226,0.0907,0.1375,0.0255,0.0607,0.2027,48.0093,0.4001,0.0412,0.1165,0.03
ASPM,5.4395,23.3036,4.4259,8.4311,11.0755,11.877,6.195,0.9029,7.5736,2.7125,0.7714,3.1228,1.6426,0.7669,11.2634,0.8471,1.483,14.7257,7.5605,7.0925,5.1765,3.2995,3.8201,3.2079,6.0486,1.4551,21.0574,0.5515,2.1288,4.8397,17.5924,39.2655,4.3623,6.2129,0.8652,0.6961,0.4065,3.6093,5.9913,5.9257,15.1687,17.9405,0.3197,14.0457,2.245,22.0921,8.5648,1.387,5.5145,2.6839,3.3852,2.5092,2.5972,78.0734,9.5988,22.9723,0.9431,4.0893,5.9283,6.7376,5.2829,2.7493,12.86,4.1045,5.0962,3.094,1.5288,5.5643,16.521,12.6658,4.6183,14.088,8.0137,15.7743,5.1636,13.7049,0.7682,6.2501,0.4449,2.5242,3.9965,1.1076,7.0562,1.5077,5.477,6.9949,3.6106,3.5887,8.9428,13.766,3.8664,3.6475,11.249,4.6656,0.9992,3.7858,11.1154,1.4748,1.2016,0.6501,20.4869,1.7265,5.1797,12.7572,3.1204,5.2541,15.7865,3.0053,14.7751,11.9167,0.733,6.1522,2.7307,3.9708,2.9203,26.3586,1.2431,5.42,10.8365,2.7789
ASTN1,0.0377,0.2505,0.0607,0.0452,0.0,0.0201,0.0425,0.1781,0.0231,0.1278,0.111,0.0,0.0125,0.2051,2.6754,0.0716,0.1521,0.09,0.1325,0.1389,0.0302,0.0,0.0,0.0582,0.0377,0.0193,0.0494,0.0711,0.486,0.0501,0.0576,0.0543,0.0604,0.1048,0.3181,0.2074,0.0196,0.0118,0.0186,0.0217,0.0463,0.0,0.0189,0.0132,0.0207,0.0,1.1949,0.5241,0.059,0.2032,3.2388,0.2143,0.1339,0.3446,0.1686,0.0089,0.0786,0.1581,0.015,0.0,0.0899,0.0393,0.036,0.0256,0.0632,17.2516,0.0062,0.0649,0.005,0.0345,0.0476,0.0323,0.066,8.9063,0.0111,0.0149,0.4615,0.0734,0.0598,0.0833,0.1483,0.2282,0.0602,0.0055,0.0602,0.0356,0.0117,0.0313,0.0097,0.0179,0.0472,0.0408,0.0,0.0235,0.089,0.0094,0.0082,0.0394,0.1209,0.0037,0.0268,0.0862,0.019,0.0223,0.0455,0.0,0.0474,0.0093,0.0162,0.0364,0.4289,0.3194,3.651,0.0288,0.1686,0.0385,0.1907,0.0995,0.0402,0.1493
ASTN2,0.7116,4.281,1.5389,1.2766,1.0317,0.929,1.4164,12.6235,0.2436,2.1269,2.9573,0.8431,1.4936,3.7558,1.072,1.9526,2.4672,1.7043,0.7842,8.7673,0.5256,1.7151,1.5134,0.9121,13.2403,1.4454,1.4397,1.4486,1.5026,1.2474,0.4794,1.3161,1.5699,1.0719,1.71,1.7758,1.3403,1.3768,1.0327,1.1313,2.0727,1.2629,1.6062,0.9595,1.2952,2.1775,1.3359,1.5308,0.7473,1.5035,1.3622,3.2955,3.8941,2.2951,1.8712,0.9438,0.9595,5.9049,1.6506,1.2947,1.3891,0.6645,1.1398,1.2626,1.319,1.4955,2.4519,2.3735,0.6564,2.6815,0.7714,2.1501,0.9227,63.3909,0.8683,1.9558,0.9675,1.6641,1.0625,3.7774,0.6585,1.6719,0.9914,2.1812,2.0489,1.0445,1.3993,1.6319,2.0511,0.6893,0.9287,1.7918,0.7516,1.3627,0.9878,1.4407,1.2356,2.4931,0.6391,2.1471,0.9437,1.2362,0.7021,1.8397,0.938,0.307,2.0856,1.9838,0.6239,0.5096,3.1047,0.9115,0.8896,3.613,1.9529,2.0696,2.9329,1.4974,1.0868,1.1465
ASXL3,0.0679,0.231,0.1263,0.157,0.0259,0.0497,0.2009,0.5642,0.0468,0.194,0.1581,0.0762,0.1009,0.4843,0.2411,0.1311,0.221,3.5031,0.3099,2.0925,0.1971,0.0973,0.116,0.1619,9.0485,0.2278,0.1417,0.0436,0.0368,0.1932,0.0518,0.0733,0.1795,0.1364,0.0402,0.2359,0.0596,0.1324,0.0126,0.0634,0.2864,0.3981,0.0638,0.0623,0.0503,0.1405,0.0177,0.3723,0.0607,0.2031,0.1725,0.4056,0.1844,2.0099,0.2607,0.0538,0.3076,0.3525,0.9224,0.0144,1.8103,0.0166,0.2999,0.1035,0.4265,0.0964,0.0249,0.3534,0.0972,0.0408,0.1012,0.167,0.0655,1.3124,0.0926,0.131,0.0755,0.146,0.1292,0.8182,0.0942,0.2024,0.1151,0.0704,0.3385,0.3416,0.0158,0.1372,0.0591,0.1894,0.0546,0.1452,0.0986,0.1055,0.1115,0.0917,0.2671,0.1444,0.1679,0.0353,0.244,0.1163,0.2006,0.0953,0.1316,0.1493,0.1279,0.0625,0.0182,0.0934,1.46,0.0704,0.2832,0.163,0.1564,0.1456,0.1716,0.0746,0.2353,0.1497
ATM,2.5922,9.1099,5.6846,6.7823,6.2259,8.7649,8.4574,6.8517,5.6014,3.917,7.7359,13.6161,6.0698,8.0354,8.0372,4.4087,4.3931,8.1841,7.7061,84.8316,4.2174,6.5527,6.7114,9.7593,5.8371,5.3922,5.8622,2.2982,4.0727,11.2639,8.6727,8.9845,7.2763,6.6662,5.6274,8.0719,2.8021,10.9569,10.8424,9.794,3.9226,7.6996,3.2101,5.2625,4.4317,3.0394,6.154,7.5659,7.4272,4.5823,10.422,12.7904,4.6157,71.1864,9.1624,3.5599,14.42,31.7573,8.2452,5.8554,3.2301,4.9619,33.3824,3.1318,3.6918,17.9564,5.2018,4.2479,4.9536,7.559,5.0767,13.9041,3.4591,12.5719,12.4841,7.2485,4.1596,7.9466,4.6792,7.3454,4.4996,9.2245,7.3071,5.3184,7.3749,9.6537,2.5657,14.3037,11.7575,7.4548,3.5165,4.7774,5.713,10.7771,3.6633,5.1769,8.0216,3.0912,8.2321,1.4879,6.8894,9.1781,8.2235,6.445,4.9932,8.7207,11.252,3.1431,2.5982,10.6234,10.934,8.5441,4.3451,18.4071,5.5068,6.9476,5.06,6.3423,3.9742,3.5754
ATRNL1,1.3128,0.3626,0.0468,0.0478,0.0071,0.3651,0.1179,0.1145,0.0534,0.0148,0.1026,5.9379,0.0058,0.2179,0.0982,0.0189,0.1135,0.1611,0.0082,5.9736,0.0093,0.3808,0.0114,0.0806,0.0871,0.0802,0.0114,0.0657,0.1191,0.1389,0.3814,0.7277,0.1229,0.0138,0.0367,0.0548,0.8437,0.0653,0.0602,0.0267,0.6703,0.0097,0.0087,0.0122,0.0382,0.3663,0.0081,0.1402,0.0315,0.0765,0.0473,0.1063,0.1804,0.4777,0.0844,0.0246,0.0291,2.7567,0.0069,0.267,0.0593,0.0045,0.1165,0.378,0.0,9.0242,0.0227,0.6721,0.0184,0.3349,0.027,0.0099,0.0215,0.0438,0.024,0.0,0.0043,0.5213,0.0332,0.0769,0.0242,0.006,0.0185,0.0,0.3059,0.0066,0.205,0.065,0.0719,0.011,0.0,0.0549,0.8037,0.0,0.1997,0.026,0.0152,0.3225,0.0854,0.0276,0.0495,0.0114,0.0,0.0206,0.03,0.0,0.073,0.0171,0.03,0.1751,0.2702,0.0783,0.589,1.0204,1.0515,0.0,0.2182,0.0409,0.062,0.0634
BIRC6,4.7803,18.841,19.4342,14.3759,9.6541,21.907,24.6352,14.8277,19.8986,11.7249,16.3659,55.9397,16.9486,16.5396,37.4865,8.8009,8.6922,32.8613,20.5816,126.9074,14.0311,21.131,20.7341,15.5795,13.8525,8.9241,18.5674,7.6967,25.9923,22.2008,23.1582,33.0815,15.8834,19.5377,18.8924,15.525,5.281,14.1762,14.1083,15.5876,22.1347,36.3813,6.3939,16.7329,13.9971,16.9035,17.4499,20.3952,11.7589,17.3407,18.3933,31.1517,19.5513,132.3144,17.4812,17.9995,19.5543,65.5436,22.3447,12.412,11.366,10.581,76.8632,15.9634,14.3827,24.362,23.0588,13.8957,14.9019,23.4738,18.1141,16.6077,11.7454,5.7926,17.4758,24.8983,11.6414,14.6971,8.422,17.7148,12.2507,13.5062,19.9959,16.6025,15.2751,18.5323,10.7602,14.7037,20.5067,18.3553,17.7076,14.6875,19.7204,20.8271,13.9008,18.8929,16.6133,11.4372,12.029,5.205,21.7701,24.188,9.8066,22.7291,8.5478,8.1909,25.9297,9.3858,11.6733,19.9007,23.4266,24.5777,20.8435,43.3561,20.9212,30.641,28.039,12.6087,17.2224,26.9262
BOD1L1,1.7429,7.9036,13.3879,9.1495,10.6729,13.4699,21.7719,10.6574,3.5573,7.8059,12.2144,13.7426,12.0631,12.0302,16.9028,4.0939,4.4451,24.1477,15.8148,66.6729,8.0591,17.617,10.7667,10.0566,6.8104,6.4043,12.7702,4.0028,12.907,15.1321,41.7669,22.5682,9.9719,12.5854,15.8788,13.952,3.4682,14.2955,11.1827,11.2381,13.268,16.2627,3.5938,5.97,13.8093,8.1103,8.4745,20.7482,7.2394,11.4377,22.4901,21.7568,10.9297,63.8439,12.9332,16.5548,15.1903,37.2525,15.506,7.5239,7.018,7.5887,29.6417,9.4235,7.8836,19.726,13.214,9.9918,10.4813,11.5521,9.1475,11.2997,5.8816,10.1949,14.8702,13.7125,9.0232,10.1113,4.2619,11.6217,7.8047,10.3755,12.3417,13.323,8.0603,13.2175,5.0515,7.6895,11.7185,16.3457,7.2768,8.0967,16.6562,13.1869,11.5125,13.8848,9.8973,12.9254,10.1694,2.7144,14.3772,12.6039,6.1129,18.6648,5.136,10.0944,16.6161,6.049,3.3984,19.1498,17.7526,9.8561,2.4986,14.9295,14.1054,21.0207,18.7255,9.3138,11.3443,15.0542
BRINP3,0.1354,0.0899,0.207,0.487,0.0331,0.0433,0.4885,1.3504,0.0746,0.47,0.1594,0.5305,0.0939,1.3138,0.6447,0.1762,2.62,0.3876,0.3043,2.7242,0.1302,0.7099,0.3439,0.9082,0.1218,0.5089,0.5852,0.0696,0.0427,0.0771,0.31,0.0585,0.1562,0.1773,0.2996,0.9187,2.4312,0.1522,0.0801,0.0467,4.6029,0.4537,0.1629,0.8811,0.1871,0.0289,0.0188,0.4356,0.0468,0.5834,0.468,1.4971,0.3483,0.5831,0.8622,0.0,0.8123,1.0805,0.0809,0.4609,1.6308,0.0211,0.1293,0.2477,0.2178,0.0,44.0039,0.0559,0.1391,1.0776,0.0945,0.0927,0.1673,3.2431,0.0719,3.2156,0.813,0.649,0.5153,0.381,0.2255,0.2808,0.3242,0.1182,0.1512,4.2832,0.2011,0.2863,0.3979,0.1414,0.1308,0.5274,0.7005,0.0505,0.8761,0.1614,0.3907,1.4547,0.3215,0.0483,0.0288,0.2518,0.2179,0.016,0.7839,4.4785,0.408,0.0798,0.0815,0.1569,0.8605,0.0561,0.231,0.3839,2.0191,0.4314,1.1536,0.3095,0.751,0.3562
CACNA1C,0.3291,0.7416,1.2515,1.2778,0.5854,0.529,1.7965,3.8115,0.4535,1.6599,0.9285,2.9561,0.6233,2.9219,2.1583,0.3443,2.6609,3.2266,3.1174,13.3076,8.2898,1.1752,1.3553,2.7708,0.4365,1.6506,1.7731,0.4471,0.8787,2.4064,0.7852,0.5671,1.7069,0.9975,0.6459,2.3437,0.3993,1.0956,0.4393,0.6928,2.2729,1.0639,0.2476,0.236,0.7197,0.3644,0.4934,4.9887,0.75,1.805,2.0162,3.8711,1.8045,8.01,3.8916,0.439,3.6265,2.3941,0.5267,0.2552,0.7532,0.5139,1.4178,0.8426,3.1267,2.5675,0.3625,0.9168,1.1593,1.0166,1.1355,0.5434,0.4904,0.2828,1.1891,0.7331,1.07,1.4434,0.6266,1.5984,0.5793,2.1797,1.2621,0.7904,0.8255,3.0598,0.9987,1.4698,0.7639,0.9827,0.6625,1.074,2.1665,0.9433,1.2661,1.2553,1.6964,1.287,3.1209,0.0681,0.1784,0.9896,1.3751,1.0112,0.8327,0.8224,0.753,0.5715,0.3588,1.4241,2.1006,0.9019,1.8544,1.5515,4.6498,1.0699,3.15,1.096,2.9348,1.3393
CACNA1E,0.0443,0.2733,0.0866,0.0976,0.0426,0.0202,0.0357,0.6667,0.0,0.059,0.0186,0.0258,0.0345,0.0387,0.0146,0.0103,0.0766,0.0255,0.0934,0.101,0.0406,0.0156,0.1547,0.0549,0.5794,0.1142,0.0933,0.0098,0.0025,0.3966,0.0193,0.0775,0.1157,0.0603,0.045,0.0239,0.0,0.0455,0.2015,0.2075,0.1282,0.0,0.0048,0.0216,0.0146,0.0169,0.0747,0.176,0.075,0.1061,0.03,0.0395,0.0169,0.9174,0.0424,0.0981,0.0198,0.1108,0.0303,0.0377,0.0259,0.0074,0.0272,1.3131,0.1273,0.305,0.062,0.1373,0.0826,0.0174,0.035,3.6638,0.0802,0.0657,0.0915,0.0451,0.1714,0.0662,0.006,0.0603,0.1142,0.0493,0.0455,0.047,0.4598,0.3519,0.0059,0.067,0.1029,0.0571,0.1563,0.0224,0.0234,0.1063,0.064,0.1322,0.0623,0.0085,0.0465,0.0075,0.0775,0.0496,0.3759,0.0936,0.0524,0.0836,0.0159,0.0793,0.0463,0.0734,0.0147,0.489,0.0207,0.0492,0.0,0.1552,0.0503,0.078,0.0338,0.0264
CACNA2D1,1.5185,9.5883,2.1651,1.7594,0.5662,0.8019,3.077,3.8674,0.7329,3.9885,1.048,1.534,0.9757,5.1746,3.1438,7.245,12.8555,18.7693,3.8511,12.0336,0.8147,1.7083,1.4711,2.6574,172.987,2.7253,6.6642,0.6415,1.2335,4.2574,1.3656,2.9465,2.7348,2.0844,1.3633,2.4444,1.4069,1.8564,0.7333,1.3837,13.2783,9.3069,0.7745,0.8376,1.0674,1.1141,0.7142,4.4754,3.7447,3.8748,2.9051,7.641,2.1411,21.4433,3.1997,3.3184,5.229,3.8345,0.9379,1.205,10.1175,0.5475,3.4608,2.0148,5.0987,24.687,2.0596,2.9954,6.6942,1.2807,1.8235,1.5313,1.3242,28.8544,1.852,3.0724,6.785,2.2071,2.5844,4.1867,1.8845,2.0358,2.8456,2.36,5.3915,4.4516,1.8999,2.1134,1.0952,2.0598,7.6395,2.0324,1.7193,1.2327,2.1473,2.7389,3.292,2.0054,3.2091,1.7852,4.0022,1.8896,2.0719,2.9368,4.2853,3.1028,1.4386,0.7489,0.6362,6.3705,6.8539,0.7939,23.3013,3.5676,4.9608,11.6808,3.2439,1.4375,5.5331,2.6143
CDH10,0.0,0.063,0.4961,0.0,0.0386,2.7101,0.0356,0.1168,0.0581,0.1606,0.0,0.3613,0.0,0.2707,0.2671,0.3343,0.1029,2.2766,0.1332,0.0388,0.4052,0.1036,0.0,0.2011,0.0237,0.0,0.1242,0.0325,0.0249,0.198,0.0241,0.1593,0.1824,0.0565,0.0,0.0447,0.3949,0.0691,0.117,0.0,0.8148,0.053,0.0,0.0912,0.4057,0.0507,0.7674,0.1965,0.234,0.2649,0.0321,0.1446,0.0,0.8045,0.1236,0.4231,0.4149,0.0518,0.0189,14.0977,0.0,0.0123,0.0,0.0,0.0636,0.0171,0.1083,0.4136,0.0625,0.1085,0.0184,0.0,0.0098,0.0,0.0466,0.0,0.7617,0.0,0.0602,0.1439,0.3948,0.0164,0.0252,13.6485,0.0252,0.2689,0.0293,11.6982,0.0,0.0,0.6107,0.0373,0.0835,0.0,0.0,0.2356,0.0,0.0425,0.4647,0.0282,0.0505,0.526,0.0,0.0187,0.0,0.0,0.0794,0.0,0.0,0.0366,0.245,0.0,3.8316,0.4482,0.053,0.0969,0.0685,0.0556,0.0337,0.071
CDH12,7.1861,14.6838,0.0082,0.1052,0.0375,0.0218,0.0,0.8322,0.8275,0.2601,0.1004,0.0,0.0,0.0918,1.1482,0.2499,0.0476,0.2015,0.0144,0.201,0.0164,0.0503,0.4201,0.0237,0.0921,0.0157,0.0805,0.0105,0.0,0.0117,0.0,0.7076,0.0591,0.0,0.0,0.0193,0.0,0.0,0.0,0.1413,0.2011,0.0,0.077,0.0215,0.0067,1.7287,0.0,0.0,0.0253,0.0245,0.0069,0.0255,0.0818,0.5212,0.0,0.0288,0.0384,0.0336,0.0122,8.1912,0.0418,0.0,0.0,0.0,0.0206,0.0,0.0,0.1128,0.0162,0.0281,0.006,0.0,0.019,3.766,0.0,0.0,0.0152,0.0063,0.0,1.5678,0.0,0.0319,0.0,0.0,1.977,0.0,0.0,0.0764,0.0317,0.0,0.011,0.133,0.0108,0.0,0.0621,0.0076,0.0,0.0733,0.0,0.0,0.0109,0.01,0.0103,2.2272,0.0212,0.0,0.0514,0.0,0.0,0.0,0.0,0.0318,1.1305,0.1311,0.0,0.0627,0.0592,0.0,0.0218,0.0131
CDH18,0.0,8.9907,0.4882,0.0275,0.7303,0.019,0.0805,0.033,1.4092,0.0151,0.0,0.0291,0.0,0.0145,0.0137,0.0145,0.0,0.0559,0.0376,0.0,0.0,0.2046,0.0,0.0,0.0401,0.0,0.0351,0.0458,0.0,0.0102,0.0272,1.5155,0.6003,0.0,0.0,0.0,0.0,0.0167,0.0132,0.0103,0.0985,0.0598,0.0,1.0113,0.0176,0.3146,6.4845,0.0065,0.0,0.0107,0.006,0.0519,0.0,0.6985,0.0,0.0377,0.0,0.0,0.0,0.0607,0.0273,0.0,0.0937,0.0,0.0,0.0193,0.0,0.0737,0.0282,0.0,0.0,0.0305,0.5567,4.4926,0.021,0.0,0.0,0.0055,0.0,0.0,0.0743,0.0,0.0,0.0,0.0,0.0101,0.0,0.0111,0.0,0.1779,0.0,0.9531,0.5275,0.0,0.0541,0.0,0.0819,0.0,0.0101,0.0053,0.0,0.0,1.1757,0.0,0.0,0.0,0.3361,0.0,0.0,0.0,0.0,0.037,0.1343,0.0,0.0149,0.0,0.0773,0.0,0.0,0.0114
CDH23,1.0074,1.8047,0.7584,0.5178,0.4142,0.1292,0.3858,2.2711,1.8453,1.3534,0.482,0.259,0.5701,1.263,4.2281,0.3187,0.8941,3.272,1.2625,2.5489,0.4435,0.3414,1.9019,2.813,0.4478,1.5699,0.2017,0.2205,0.1889,1.165,0.2611,1.0746,0.61,0.774,0.3884,1.2633,0.7964,0.3651,0.695,0.7402,0.8932,0.37,0.3696,0.2693,0.6325,0.1861,0.4573,3.907,0.7721,0.7743,1.3765,1.7066,0.7891,3.0199,3.6936,0.5433,6.0102,0.9792,0.3827,0.5505,6.1497,0.2573,0.4753,1.0938,1.4884,8.5403,2.085,1.3555,0.9366,1.2079,0.465,0.0799,0.4093,0.2464,1.5571,0.3472,0.5373,1.4928,0.3492,2.224,0.3755,1.8192,0.7447,0.4209,0.8983,1.989,0.4158,1.7757,0.6351,1.0456,0.5207,0.5838,0.3744,0.5802,0.5597,0.9249,0.5385,1.1473,1.8849,0.048,0.0497,1.1658,0.4443,0.1177,0.5016,0.2353,0.2343,0.1649,0.6844,0.5227,0.8292,0.5029,0.4683,0.3442,1.4645,0.7699,1.7158,0.6072,0.2256,0.98
CDH6,30.7799,0.7038,0.8943,1.2519,1.4429,1.827,2.0341,3.6126,0.8369,2.3027,0.4196,2.186,1.0596,3.0141,2.8711,0.9454,22.9039,0.8984,2.4686,6.4001,3.2854,1.8969,0.8811,2.764,3.9399,0.8881,6.0932,1.376,3.3369,1.3499,2.3137,0.3213,1.323,0.8692,1.9036,1.3277,1.3866,0.508,1.8301,0.1978,1.7519,1.0518,0.4127,0.4685,0.8782,1.2321,0.2193,3.6376,1.1174,2.4431,1.9222,1.9366,2.3015,6.6988,1.2986,0.8122,6.1661,1.9518,0.4554,0.2058,1.3004,1.3353,1.9761,1.8714,1.9352,2.9439,1.2604,0.8419,0.8084,0.6955,0.8358,1.5678,0.5659,5.7264,0.2468,0.7288,2.2061,0.9086,0.6725,1.8278,0.5742,1.3164,1.2987,0.3856,0.7641,6.6269,1.571,1.8101,1.2371,0.5564,1.1876,0.7547,3.2205,0.6303,1.9179,2.0722,0.5122,2.3063,3.4328,0.4833,0.8416,0.8236,1.8569,1.6489,1.3893,0.4581,0.9108,0.9108,0.7993,19.4108,3.0486,1.3109,0.7397,1.2631,2.4307,1.47,1.6854,0.3925,4.9891,0.9458
CDH7,0.0159,0.2802,0.0064,0.0041,0.0146,0.0254,0.009,0.0883,0.0073,0.0169,0.0078,0.0,0.0,0.0617,0.0184,0.0,0.0259,0.0214,0.0168,0.0195,0.0,0.0,0.0,0.0,1.947,0.0,0.0313,0.0,0.044,0.0,0.0,0.0172,0.0077,0.0,0.0,0.0113,0.0249,0.0,0.0,0.2839,0.5718,0.0067,0.012,0.0,0.0026,1.251,0.0055,0.0029,0.059,0.0,0.0027,0.0331,0.0212,1.7306,0.0,1.3632,0.0299,0.0044,0.019,0.0746,0.0163,0.0,0.0152,0.0,0.008,0.0043,0.0,0.074,0.3053,0.0219,0.0,0.4839,0.0025,0.0225,0.0023,0.0095,0.0089,0.0073,0.0,0.0132,0.0,0.0124,0.0127,0.007,0.0191,0.0226,0.0,0.0,0.0,1.0476,0.0085,0.2774,0.0,0.0149,0.2577,0.0119,0.0,0.0214,0.0135,0.0071,0.212,0.0078,0.008,0.113,0.0041,1.4504,0.43,0.0176,0.0,0.0,0.0309,0.0041,1.0612,0.0546,0.0334,0.3562,0.0,0.0,0.017,0.0077
CDH8,0.0171,0.1703,0.0069,0.0527,0.8987,0.4827,0.0482,0.179,0.0,0.1846,0.0419,0.014,0.0085,0.5614,0.0328,0.0348,0.0597,0.023,0.0601,0.1784,0.0,0.1471,1.2866,0.0791,0.0449,0.0623,0.2437,0.0527,0.1653,0.1071,0.0326,0.1354,0.0411,0.0153,0.2231,0.0202,0.02,0.881,0.0569,0.0049,0.5878,0.1218,0.0322,0.018,0.1323,0.0183,0.0059,0.1501,0.0084,0.0717,0.1652,0.1529,0.1176,0.6362,0.0048,0.1325,0.0802,0.0374,0.143,0.0073,0.2663,0.0267,0.0041,0.0174,0.1118,0.2592,0.2009,1.0393,0.0946,0.0,0.0323,0.6514,0.0713,0.7823,0.005,0.1016,0.0159,0.0815,0.0163,0.0708,0.0653,0.0399,0.0137,0.0075,0.0546,0.0873,0.0,0.0266,1.6934,0.0122,0.0138,0.0151,0.0497,0.0425,0.1124,0.0223,0.0561,0.0881,0.1257,0.0203,0.1138,0.0084,0.0645,0.0303,0.0177,0.0602,0.0322,0.2393,0.011,0.0099,0.1525,0.0222,0.0236,0.309,0.0287,0.021,0.21,0.0,0.3467,0.022
CDH9,0.0,0.0,0.0,0.0,0.0,0.0,0.0,0.0,0.0,0.0116,0.0,0.0,0.0,0.0,0.0,0.0,0.0,0.0,0.0,0.0,0.0,0.0,0.0269,0.0,0.0,0.0,0.0,0.0,0.0,0.0,0.0,0.0,0.0,0.0,0.0,0.0,0.0,0.0,0.0,0.0,0.0,0.0,0.0,0.0722,0.0,0.0,0.0,0.0,0.0,0.0,0.0,0.0,0.0,1.3463,0.0,0.0,0.0,0.0,0.0,0.0,0.0,0.0,0.0263,0.0,0.0,0.0,0.0,0.0095,0.0,0.0,0.0,1.0359,0.0,1.1674,0.0,0.0,0.0,0.0,0.0262,0.0,0.0,0.0,0.0,0.0,0.0,0.0,0.0,0.0,0.0,0.0,0.0,0.0162,0.0145,0.0,0.0,0.0,0.0,0.0,0.0,0.0163,0.0,0.0,0.0,0.0163,0.0,0.0,0.0,0.0,0.0,0.0,0.0,0.0,0.0345,0.0,0.0,0.0,0.0,0.0484,0.0,0.0
CENPF,4.6971,48.7638,9.6127,12.0101,26.3294,25.3391,18.4418,2.7951,23.8693,6.7428,2.8684,5.8984,4.5867,2.4087,39.4203,3.6603,2.1856,18.4971,20.084,8.4276,11.1894,9.9313,6.9521,12.5993,14.9334,3.1442,45.3104,1.4362,5.789,10.4335,27.5758,94.7268,12.7691,15.0423,2.6012,2.0084,0.6114,10.6844,9.1673,13.8807,44.7937,58.3239,1.178,13.728,4.5078,52.1859,16.3901,3.0006,17.1016,7.2966,8.1122,6.6258,7.2589,71.7752,28.9308,61.8038,2.0691,8.3005,13.9306,43.3084,6.8349,9.96,27.3797,10.0447,11.5,5.214,2.6192,17.8359,26.2174,32.4224,11.8448,16.0164,20.639,36.8586,8.0399,39.1501,2.1054,11.0777,0.9527,8.0274,10.0346,2.1022,16.4227,6.0751,11.3087,12.7231,6.1466,8.7167,17.4495,32.5337,31.5156,8.3578,22.9684,11.0831,4.7804,8.3072,26.417,8.2228,2.7739,1.2217,57.7338,6.8925,10.1962,51.3761,4.2377,12.9582,30.9683,10.5338,18.0118,18.6635,2.0589,9.5349,7.4371,6.2153,9.4508,23.7175,3.0778,12.4209,33.0615,7.4454
CFAP47,0.0101,0.1141,0.1628,0.4988,0.0309,0.0108,0.0114,10.465,0.4179,0.4152,1.5771,0.0908,0.3957,2.8735,0.466,0.0164,0.1223,0.19,0.0639,22.7515,0.3888,0.0911,0.1877,0.3041,0.0607,0.0621,0.149,0.0623,0.0,0.3339,0.1775,0.0291,0.3597,0.301,0.3517,0.1763,0.0158,3.7562,0.0075,0.6278,0.0248,0.1355,0.4107,0.0,0.0166,0.0,0.021,0.0148,0.1497,0.0666,0.8841,1.0004,0.6458,1.0095,0.0565,0.0,0.6003,5.632,0.0966,0.0258,0.0568,0.3512,0.0676,0.6475,0.0203,0.0547,0.4799,0.0313,0.008,0.5134,0.0,0.1125,0.1656,0.0858,0.2176,0.0,0.0262,0.4723,0.0962,0.6611,0.1193,0.8914,0.0726,0.0,0.0242,0.0115,0.1596,1.352,1.1809,0.048,0.2659,0.6923,0.032,0.0817,0.1329,0.1733,0.0,0.9778,0.0057,0.036,0.0108,0.4404,0.0051,0.1972,0.0523,0.0,0.127,0.1043,0.0,0.1289,1.1834,0.2149,0.0761,0.2127,1.4402,1.6852,0.3213,0.4357,0.0,0.0714
CFAP65,0.044,0.0146,0.9738,1.4809,0.0672,0.082,0.1612,44.7042,0.0404,2.1465,4.7044,0.2334,0.545,7.068,0.2366,0.2595,0.7112,0.5314,0.1622,2.3481,1.4541,0.2343,0.2901,1.2977,1.6168,0.2278,0.8753,0.3334,0.0347,0.7639,0.3358,0.0633,1.3218,1.1853,0.113,0.7723,0.1116,0.0446,0.0244,0.0632,0.1418,0.3133,2.7965,0.8544,0.2136,0.3879,0.061,0.189,0.1411,0.0527,0.4473,0.4024,2.9567,0.3445,0.3257,0.0542,1.8836,1.8037,0.2694,0.0187,0.1011,0.1674,0.063,0.436,0.0221,0.0298,0.5113,0.2575,0.0565,2.619,0.0736,1.9581,0.0476,0.2593,0.0486,0.0,0.1916,1.4331,0.0733,3.1135,0.2061,2.9032,0.2282,0.0192,0.3598,0.0561,0.7862,5.2811,0.3318,0.0209,0.183,2.0841,0.1916,0.1094,1.012,0.8567,0.1298,3.7376,0.1119,0.2842,0.0,1.5233,0.2379,0.078,0.4208,0.0581,0.0414,0.0891,0.2316,0.8159,3.9643,0.6043,0.4223,0.2264,0.8294,0.027,0.3336,2.0119,0.0587,0.3776
CHL1,16.1136,18.5771,6.032,2.7302,15.9035,3.2717,48.2083,21.9002,19.8917,3.9496,2.805,1.0984,1.5,7.5196,2.8802,2.8167,7.0098,37.5165,3.3564,5.4869,1.4031,8.3571,5.4319,2.7808,0.3413,1.3055,3.2952,4.5652,15.2834,1.3913,21.8473,0.2849,4.1853,1.3902,5.2868,1.8183,0.4712,9.785,0.2123,2.3434,16.977,10.6607,10.6573,0.3817,29.7298,4.2397,0.2951,9.9008,11.9023,7.8342,9.184,23.2678,8.2641,17.8389,12.1042,1.2405,3.432,3.0287,1.4656,9.1025,12.8626,0.9846,3.4636,2.0918,5.4611,2.0883,0.5326,2.8612,15.3237,32.2623,5.8801,15.4881,0.7856,0.4106,4.5014,2.0327,6.0004,11.3771,0.7532,45.5965,7.0439,5.3359,3.5534,0.4406,84.0158,13.9008,0.5878,4.2828,1.7984,4.1487,0.6,15.935,18.5705,2.5843,16.126,2.3708,2.3618,2.9856,4.5029,9.2856,0.3108,4.0719,4.6684,46.6812,1.3913,4.1869,12.9093,40.8281,0.085,1.4851,7.9372,1.2923,0.3675,34.8085,1.5087,1.6612,7.7735,4.7941,4.4538,0.927
CHRM2,0.0,0.0369,0.0839,0.0,0.0085,0.037,0.0,0.2996,0.0128,0.053,0.0136,0.1475,0.0069,0.0227,0.0747,0.0,0.3104,0.1555,0.0293,0.3412,0.0,0.1709,0.0,0.2251,0.0521,0.0107,0.0,0.0071,0.1261,0.0237,0.0424,0.01,0.0,0.0,0.0659,0.0,0.1737,0.0043,0.0,0.0,0.0427,0.0,0.0,0.0073,0.1464,0.0,0.0096,0.2542,0.1029,0.1331,0.0094,0.0173,0.0123,0.4083,0.0,0.0,0.365,0.0456,0.0083,0.0,0.0142,0.0163,0.0863,0.0,0.028,0.0075,0.0,0.0622,0.022,0.0859,0.0445,0.0,11.5283,0.0918,0.0041,0.0165,0.0052,0.0385,0.0132,0.0,0.0289,0.6849,0.0222,0.0182,0.0111,0.0315,0.0,0.1383,0.0108,0.0132,0.0,0.0123,0.3377,0.0173,0.0422,0.0207,0.0091,0.1058,0.3773,0.0785,0.3849,0.0272,0.0,0.0,0.0,0.0,0.1222,0.0,0.0,0.0081,0.1185,0.0288,0.0907,0.1272,0.1514,0.0,0.0301,0.0,0.0,0.0178
CLCN1,0.1045,0.1157,0.1402,0.1074,2.022,0.0371,0.1179,0.1502,0.096,0.1622,0.0684,0.711,0.0863,0.2557,0.1873,0.0,0.1459,0.1403,0.0245,0.0,3.6566,0.0,0.034,0.0201,0.1045,0.6414,0.0342,0.179,0.0275,0.1983,0.0798,2.2321,0.4354,0.1452,0.0,0.2134,0.2176,0.0435,0.4382,0.9013,0.6414,0.0876,0.1048,0.0274,0.0229,0.0372,0.0242,0.1401,0.0602,0.0626,0.1299,0.1738,0.0618,1.7051,0.0778,1.4234,0.0435,0.0571,0.104,0.1483,0.3023,0.2311,0.0166,0.2833,0.0701,0.132,0.1023,0.1319,0.0688,0.0956,0.0304,0.0298,0.1076,0.0329,0.0719,0.0414,0.0387,0.182,0.0,0.1586,0.3143,0.2168,0.139,0.1217,0.1112,0.0988,26.5532,0.39,0.0539,2.1011,0.0187,0.2262,0.0368,0.0,0.4932,0.6232,0.0685,0.234,0.0985,0.031,0.1298,0.1364,0.0175,0.5972,0.072,0.092,0.0,0.0513,0.0,0.2625,0.108,0.3611,0.0087,0.0,0.0292,0.7045,0.0,0.0,0.1487,0.0224
CNTN5,0.0,0.6832,0.0818,0.124,0.1552,0.23,0.0143,4.6699,3.7689,2.5385,0.5858,0.0207,0.0126,0.5335,3.1323,0.0207,0.5496,0.6478,0.232,0.8573,0.1629,0.2394,0.0993,0.2131,0.5621,0.0341,0.1248,0.0131,61.6051,0.1519,0.0291,0.4664,0.1954,0.1286,1.0042,0.1317,0.0595,0.4402,0.2444,0.0073,0.5848,0.5961,0.2771,0.9568,0.0209,0.0339,0.0088,0.1719,0.1881,0.0228,0.0775,0.3222,0.6819,1.4177,0.0994,0.0,0.1429,0.7431,0.0076,2.7247,0.1102,0.005,0.0485,0.0775,0.0,0.0756,0.1865,0.2099,0.0703,0.6538,0.0111,0.2283,0.0314,1.4019,0.1274,0.0151,0.1648,0.1952,0.0,0.4469,0.3262,1.7788,0.0203,4.8973,0.071,0.0216,0.1297,0.6321,0.0983,0.1327,0.0273,1.5261,1.9788,0.1185,2.2094,0.0568,0.1916,0.3754,0.0359,0.3622,0.0271,0.1927,0.032,0.0601,0.0657,0.0112,0.0319,0.0749,0.2293,0.0442,0.2954,0.079,0.2327,0.0,0.1703,0.0,0.3945,0.2458,0.1084,0.0856
CNTNAP2,0.2896,15.3101,0.0739,0.0399,0.9798,0.0376,0.5497,0.2305,0.0324,0.0867,0.1525,0.0346,0.0315,0.1556,4.569,0.1207,0.3977,1.9182,0.1389,0.2254,1.5113,0.191,0.0759,0.1144,21.0286,0.1003,0.0347,0.0508,0.5767,0.1207,1.4937,1.1087,0.6588,0.0547,0.229,0.0866,0.0496,0.15,0.0052,0.8082,1.7126,13.4014,0.0053,0.0779,0.1,5.4696,1.083,0.7362,2.1757,0.5032,0.5866,1.2776,7.8878,0.899,0.1342,0.005,0.1236,0.112,0.0338,15.7471,0.0469,3.675,0.0472,1.6876,0.3125,4.9743,0.3423,1.5079,5.3746,0.3393,0.0493,1.814,0.0415,5.7634,7.3658,21.042,0.0733,0.6687,0.0269,1.187,0.0343,0.0586,1.5675,0.0401,1.7925,0.2804,0.0197,0.0791,0.0492,0.0235,0.6445,2.0142,0.1194,0.0879,0.9858,0.6793,0.0371,0.0411,0.1038,0.149,44.3894,0.083,0.0178,1.733,0.0365,0.3729,0.2573,0.64,0.0486,0.1269,0.2409,0.1172,5.2708,1.5704,0.0178,5.6798,1.6172,0.0683,0.2713,0.068
CNTNAP4,0.0,0.0576,0.0,0.0,1.175,0.0,0.0163,0.0178,0.3586,0.0245,0.0,0.0,0.0,0.0059,0.0555,0.0,0.0067,0.0,0.0,0.0,0.0,0.0,0.0,0.0167,0.5856,0.0055,0.0142,0.0,0.0,0.0165,0.0,0.4684,0.0,0.0,0.0114,0.0,0.0,0.0451,0.0,0.0166,0.1509,0.0,0.0,0.1784,0.0,0.0,0.0,0.0053,0.0,0.0087,0.0,0.0,0.0,0.2831,0.0242,0.0,0.0,0.0,0.0,0.0,0.0517,0.0,0.0,0.0,0.0,0.0157,0.0071,0.0199,0.0,0.0,0.0168,0.0,0.1608,0.0818,0.0043,0.0,0.922,0.0044,0.0,0.018,0.01,0.0375,0.0,0.0,0.0,0.082,0.0,0.018,0.0,0.0137,0.0,0.1366,0.0,0.0,0.1023,0.0,0.0285,0.0,0.0,0.0043,0.0,0.0,0.0145,0.0,0.0374,0.0,0.0,0.0,0.0,0.0084,0.0,0.0,0.1452,0.0,0.0,0.0177,0.0,0.0,0.0771,0.0093
CNTNAP5,0.0,0.1552,0.0,0.0,0.0389,0.0113,0.0,0.0131,0.0,0.1259,0.0,0.0,0.0105,0.0,5.8418,0.0,0.0198,0.0,0.0149,0.1303,0.017,0.0,0.0,0.0,0.4461,0.0,0.0,0.0,0.377,0.0,0.0324,0.0765,0.0,0.0,0.0,0.0,0.0,0.0464,0.0,0.0,0.0391,0.0712,0.0,0.0,0.0,0.0114,0.0,0.0233,0.0,0.0,0.684,0.4416,0.0188,0.9566,0.0,0.015,0.0,0.0,0.0254,0.0,0.0,0.0,0.0,0.0,0.0,0.023,0.0,0.0951,0.0,0.0,0.0247,0.0,0.0066,0.02,0.0063,0.0,0.0,0.0065,0.0,0.0,0.0442,0.0,0.0,0.0,0.0678,0.012,0.0,0.0,0.0,0.0,0.0,0.1254,0.0,0.0,0.0215,0.0,0.0,0.0095,0.0,0.0,0.0,0.0,0.0,0.0251,0.0,0.0,0.0,0.0,0.0,0.0,0.0,0.0,1.6581,0.0,0.0,0.0,0.0,0.0,0.0906,0.0
COL11A1,4.4661,6.912,3.5492,36.4537,5.4505,3.7341,35.8925,1.434,6.0082,60.4485,2.6468,0.3117,8.3737,1.4893,12.2289,0.2899,195.1748,16.1621,142.0629,0.203,0.6424,2.8986,9.7472,0.3754,1.7371,17.1006,94.4024,0.0458,0.0251,32.3365,1.3697,11.2048,14.9519,4.8268,0.0101,1.4574,0.0199,22.7657,1.2524,2.1072,27.3599,127.1075,0.1245,0.6345,0.6282,2.3664,1.792,0.0465,6.6957,44.5596,43.1356,294.9243,24.0325,61.4155,9.1074,27.3519,0.4932,0.0904,8.3772,10.5173,29.5441,0.9287,13.9736,33.7382,176.3749,5.2416,13.5644,6.8613,21.4012,0.1223,51.9837,2.4726,2.6265,10.5985,4.4243,55.5745,13.6773,3.469,5.1351,24.2119,2.0135,0.066,9.6192,0.5111,15.3329,34.4197,8.2941,3.9181,4.4496,51.6491,3.5856,26.455,2.9028,14.9591,23.999,8.4896,293.6441,3.1794,1.8348,0.0302,1.5043,0.8532,26.7989,6.3568,39.4115,62.9826,0.9589,11.0698,1.6137,10.0017,0.2861,3.1927,4.8513,0.2911,4.5639,32.9337,3.9519,3.8612,99.6057,4.8392
COL12A1,7.7931,11.9014,7.7618,61.0693,11.6196,27.1053,66.3362,14.9119,23.0356,69.9579,4.0916,17.3642,23.0386,13.7145,16.6514,2.0883,201.8875,19.2206,176.5131,23.2441,9.3643,25.1117,14.0614,16.4934,2.3355,19.6674,231.5479,1.3097,7.5151,66.6916,19.6317,16.9874,25.9216,10.4076,1.4213,5.4597,4.9064,46.0987,10.0058,3.9963,36.0341,190.4646,1.248,3.4927,10.4009,6.324,4.6095,7.2926,19.505,48.7492,60.5797,403.6147,33.9642,123.9112,43.8862,40.5051,27.5513,10.209,14.6875,13.8833,47.6969,3.8882,29.0336,18.7671,212.9225,40.2243,19.3081,15.3895,42.2852,5.5587,57.8941,8.2898,5.6668,16.5036,5.2281,83.159,14.5443,17.2801,6.3417,28.1848,6.4829,5.3976,22.4585,1.311,13.9323,89.5574,26.9836,11.2466,17.4285,44.5644,22.5469,25.6348,44.1648,26.7457,32.1535,24.6929,328.5407,14.3079,17.261,1.0295,27.9857,4.0096,51.1093,21.0655,32.6506,102.264,4.3531,18.4514,2.5695,28.7651,6.3938,12.034,16.756,18.7375,42.0054,53.3193,22.141,2.9914,253.4496,9.4754
COL14A1,3.8823,3.3019,18.8934,10.6948,1.2417,6.0581,5.4159,56.676,8.6555,22.8742,16.3734,4.2543,11.8247,40.7354,55.2126,6.4927,83.8616,110.3388,45.2083,37.0421,3.8026,7.479,56.9895,22.3652,5.6881,33.9489,19.6888,5.7408,4.6165,30.7106,6.9418,2.9915,16.0028,17.1977,4.1285,49.4072,2.5797,10.024,5.0911,8.081,19.9217,7.5536,1.5373,1.311,7.2637,1.7836,0.7246,22.1513,4.9901,28.249,28.067,42.3305,52.1434,13.1145,36.801,1.8795,18.3374,28.42,12.9739,1.4495,8.0209,10.3683,37.6546,12.8338,36.9866,72.3251,5.6785,8.3142,3.7423,3.7632,16.505,3.0125,13.898,15.4949,13.1639,18.9181,12.6904,15.2056,9.3138,41.7022,5.7436,16.7337,13.0402,31.8817,10.3999,45.3209,5.3863,16.0936,11.5314,3.8821,11.766,8.6157,8.9742,14.1507,15.8542,5.2256,8.2654,13.1456,21.7999,1.4905,13.0096,24.9758,9.9724,35.5911,23.2273,5.6639,5.2471,2.5756,4.5336,20.8269,41.9088,6.6619,7.2173,5.8683,93.8966,5.6634,40.3652,26.8795,58.5598,28.3523
COL19A1,0.0105,0.1325,0.0676,0.0594,0.0064,0.0168,0.0474,0.4009,0.1832,0.0667,0.0927,0.1886,0.0156,0.274,0.0323,0.0,0.0293,0.0658,0.0295,1.7393,0.101,0.0602,0.0103,0.1943,0.0394,0.0564,0.1444,0.0054,0.0166,0.3587,0.008,0.0302,0.101,0.0375,0.0083,0.2177,0.0492,0.0066,0.0388,0.0845,0.0258,0.044,0.0079,0.0276,0.0449,0.0112,0.0,0.0806,0.1399,0.0314,0.2135,0.1004,0.014,0.8634,0.2522,0.0222,0.1838,0.5625,0.0063,0.0179,0.0322,0.0041,0.2257,0.0427,0.0106,0.0284,0.0051,0.0542,0.0083,0.1153,0.0061,0.0539,0.0584,0.0,0.13,0.0,0.0039,0.2356,0.01,0.4476,0.0219,0.1089,0.2011,0.0183,0.0754,0.1727,0.0097,0.2874,0.0325,0.01,0.0,0.0217,0.0055,0.0196,0.1062,0.0274,0.0344,0.0987,0.279,0.0031,0.0224,0.0411,0.037,0.0186,0.0543,0.0092,0.2769,0.0,0.0496,0.0974,1.9616,0.0327,1.1437,0.317,0.0968,0.0322,0.0531,0.0923,0.0112,0.1516
COL22A1,0.3236,0.5665,0.8229,1.0583,1.0425,0.893,6.3367,0.4167,0.0135,1.1832,0.4907,0.3002,7.8278,1.8234,0.6779,0.1436,3.1343,0.6054,0.8782,0.9566,2.8759,0.916,0.3736,0.9528,11.1205,2.2345,6.8795,0.1058,0.0464,2.5711,0.2133,3.2617,6.237,0.7883,0.1279,0.5684,0.2067,0.9644,0.2068,1.2686,4.8028,1.0353,0.0553,0.027,0.2614,0.3458,19.632,0.64,0.3412,1.3735,2.1637,4.501,0.4242,1.2383,3.1556,71.2203,0.3678,0.9489,1.2565,3.8436,0.6683,0.1894,0.2599,6.9681,4.5258,0.8917,0.5687,4.7504,0.6453,16.242,0.5777,18.3445,0.2409,0.3052,11.0781,3.5115,1.0743,7.8522,0.098,1.4185,0.6125,0.4196,1.0332,2.4789,5.446,1.4179,0.8331,1.0522,9.5581,0.8592,0.3868,2.401,0.5126,12.4513,5.3546,0.2741,4.2835,0.3754,0.5988,0.0743,0.0392,0.252,0.9842,0.3913,1.1256,1.5013,0.1293,0.39,0.0948,10.9384,0.2394,1.0141,0.6977,0.3297,0.3821,5.5077,3.325,0.414,12.177,0.7222
COL3A1,374.0475,836.4705,515.8561,957.4334,300.693,407.2307,1769.7813,615.8551,365.8891,2770.2226,202.4458,231.8842,348.7837,380.933,943.6097,268.2127,8242.2214,2113.9747,3437.8133,233.791,352.6108,461.3252,1832.3009,632.4535,212.5561,885.9369,5340.3423,69.5307,196.885,1964.591,476.9012,458.2626,649.7754,539.5454,82.4562,379.0098,129.0313,877.0142,147.7687,403.8509,1279.9399,1955.5269,33.3412,125.8839,235.8626,285.3579,302.6858,2014.6641,836.4441,1592.3372,1581.5216,5756.6869,1386.2985,4036.5523,1833.1545,980.0353,145.5471,280.1857,401.918,468.6521,817.832,342.5719,1102.454,1149.1294,7710.829,2724.8334,365.4291,975.0211,1235.8192,155.7667,1622.7479,359.6298,623.9666,437.9881,605.8498,2115.2369,933.5804,686.4619,264.2576,1982.6427,738.8059,158.3774,1316.5886,281.2079,569.7746,3827.2385,791.9514,1122.5494,485.6213,3040.2513,465.1494,955.3245,506.9274,1325.2488,668.8749,1014.2847,5212.816,460.403,370.5709,16.2356,151.1337,693.415,1396.2247,929.4001,1546.5343,1271.4994,236.5817,499.4201,174.7632,558.3801,370.0614,480.3154,460.987,159.4688,1194.2322,2233.4477,1353.4438,421.2144,4557.9247,749.4076
COL4A1,24.4727,34.9196,72.0719,74.9732,45.3901,152.9001,154.1989,126.9917,91.1319,146.5745,20.1578,132.5306,71.2105,36.6313,186.4194,50.5024,340.3611,70.5112,148.5291,51.3234,68.7188,104.4032,67.6362,173.7095,83.4072,71.1793,591.9284,36.4757,246.8165,168.7592,119.7633,69.4,77.5345,23.1482,80.9952,44.8911,27.1889,48.8084,69.0262,24.6787,138.7594,186.0731,10.8446,28.92,48.9892,52.4295,30.2027,331.247,58.1862,90.1827,155.4065,136.9211,176.1282,248.7013,125.3389,102.0164,84.8753,56.6626,61.7365,20.7186,56.8848,70.7777,85.6169,115.3271,182.2944,43.4837,23.2388,72.9555,66.9561,43.4652,100.5981,55.9086,55.9916,65.603,41.9374,100.3199,125.1998,174.1675,37.021,98.3521,64.1471,42.5007,107.835,37.4494,51.4953,387.4849,57.3457,65.2253,78.9587,144.2186,103.5733,47.7654,164.958,61.285,129.2471,69.1451,137.7458,116.4593,97.6771,9.616,222.9177,67.1809,171.4943,67.7931,109.5732,119.5222,24.6749,49.493,31.2982,103.6223,54.8214,78.9995,61.7148,40.8422,199.7662,169.2748,208.1993,21.1168,507.0124,54.6145
COL4A5,16.2144,5.2157,7.5305,1.9833,6.3892,40.1487,2.264,14.0424,0.555,1.6339,4.3312,5.442,0.536,10.0105,2.0212,0.7611,12.2418,5.9161,1.6977,25.2795,2.0772,4.9507,3.9227,4.4247,0.3143,0.8486,10.5905,3.9363,10.4816,1.9753,1.5994,23.2376,4.404,0.8994,24.9151,2.7144,2.4503,6.7334,2.1707,1.1318,3.9058,1.3638,0.7698,0.2021,3.3902,5.4888,5.5503,9.2008,5.7434,5.1216,8.3931,17.3942,4.1677,7.7466,3.931,13.3258,12.1162,16.5905,10.0597,0.0498,1.5671,0.3309,1.8107,2.7541,5.5169,15.8769,1.2687,2.7615,7.0141,1.3042,1.1143,0.4171,0.6745,14.5692,0.7357,39.4694,4.9463,11.1206,0.4545,4.3118,3.8684,6.9142,0.9879,0.3914,1.6797,3.8737,0.5067,2.7642,5.3074,1.4533,0.9572,9.1849,6.3655,1.4426,2.3947,1.3221,0.8629,1.6669,5.4772,2.8078,63.7763,0.9062,1.3041,22.284,0.7357,0.5402,1.1627,6.5106,0.0963,0.8925,11.6792,1.5509,0.6359,4.6495,6.4431,5.0944,4.8212,1.0371,1.6531,0.4973
COL5A1,17.2992,54.3094,75.3382,96.6671,43.0514,117.1395,179.7547,49.3178,47.6669,190.77,25.5477,22.6556,50.9849,59.9327,109.9529,20.2052,426.3073,144.7903,240.2174,28.4292,36.1164,50.011,135.4478,70.1854,23.5193,80.8058,435.472,9.3755,20.9904,204.9949,37.532,130.4937,79.2492,39.8314,9.1947,50.9314,10.8465,67.4192,13.5546,34.932,134.3486,194.3159,3.5327,10.6727,19.6344,34.7373,35.38,199.0227,74.3651,126.3621,179.3185,452.3849,139.1777,239.0248,207.2493,169.8642,29.1457,21.2234,55.2247,30.7406,65.3688,20.9975,31.9457,143.7712,607.8192,127.3477,39.1964,62.9879,110.6161,25.9877,108.7352,43.2659,33.8742,27.0838,64.4148,148.7046,95.4126,115.6817,30.3964,155.2107,38.7895,28.4671,107.5915,39.8687,55.2717,322.3718,61.3659,78.1424,82.9743,177.4814,44.1917,85.6112,83.4854,95.5968,143.9447,120.6382,459.5614,48.6853,43.4032,1.5303,16.0739,63.5851,108.8031,94.7719,95.4677,149.4577,17.4718,51.6465,16.1305,72.5337,46.5511,58.8615,34.3966,15.5911,179.2191,176.8942,178.8859,36.678,405.1439,60.2456
COL5A2,28.6378,62.7221,63.1313,95.1974,77.7074,60.1441,174.8356,39.3616,26.323,212.6502,18.4075,25.9508,33.3649,40.8713,100.6811,17.2689,667.7703,131.9975,279.8141,39.3145,34.4632,45.4975,91.5752,57.349,19.9642,74.9038,511.6802,8.2445,27.0562,172.8203,62.0552,75.4598,66.6127,46.2876,12.3832,36.599,6.7389,72.4159,21.8729,27.8363,135.4993,260.7162,3.9835,11.7645,23.9664,36.4546,46.2829,136.9792,66.9748,147.774,166.0198,567.3644,109.4117,477.7312,123.5,111.6432,22.2305,32.4564,47.0888,48.4743,88.7652,22.782,116.9527,107.5462,500.3137,137.9028,28.5914,68.3104,101.6265,18.8855,129.5114,43.1062,64.5641,34.7375,48.7369,157.8651,66.9175,54.8202,26.7921,126.3923,48.6156,22.0353,106.2329,27.8183,56.3536,295.1481,75.0649,63.6412,59.9275,207.1601,41.5685,93.2147,57.2392,84.0167,97.6757,88.8669,445.623,50.5046,33.5866,2.4367,11.4131,53.9427,129.7212,75.5011,112.4784,149.3,23.9411,43.7994,15.4913,92.9998,29.0026,56.5845,48.1119,20.31,119.59,209.1954,95.8456,32.0852,477.7692,64.6638
COL6A3,42.7751,70.018,116.4721,141.2129,29.0879,50.7208,254.9488,66.6634,52.8731,195.9388,37.9946,46.0617,76.442,107.6218,157.4632,34.3761,410.8229,274.2064,384.9007,112.193,49.1431,60.0149,121.5201,128.7668,37.2528,106.1964,443.6623,12.6229,65.7212,235.2618,75.5076,72.7929,87.0099,80.7622,35.7882,107.0474,10.7389,149.6129,17.8078,79.8072,160.4887,200.9286,6.5501,25.3902,32.8696,21.6788,51.4332,514.1162,87.2248,203.3134,240.7411,654.2687,136.6973,331.7649,227.5099,95.7146,75.0403,99.2687,59.9483,49.0801,109.6013,23.2863,199.7178,117.4601,641.8465,173.1636,36.0942,75.8567,111.3414,47.648,126.7483,31.3279,59.3915,37.4246,150.7873,176.3392,162.9604,94.8081,42.0327,141.5553,53.1362,62.7943,186.1448,75.1213,68.5099,394.4829,51.9639,132.7459,95.08,197.9329,51.7994,119.262,84.2224,128.6742,110.3068,131.1158,339.1075,60.8584,82.6285,5.3473,28.2613,126.6743,130.0779,75.6737,154.4703,151.1779,71.367,43.3656,21.9071,119.712,53.1163,98.5497,79.4263,59.2152,145.4188,229.64,161.8738,89.8131,404.872,106.7033
COL6A6,0.0476,2.0153,2.8884,1.0827,0.1964,0.0254,0.2416,7.4976,1.7055,2.8268,1.518,3.5272,1.0615,2.6645,15.4237,0.7262,1.1739,11.618,2.3743,17.8174,0.267,2.5355,0.4884,15.1102,0.4642,0.5068,2.4091,1.2844,4.5862,6.1735,2.762,1.4139,0.6294,1.8355,1.8818,3.7863,1.6914,3.846,0.0352,3.1957,2.6152,0.2394,0.6357,0.5779,1.6335,0.1972,1.1724,15.9632,1.6273,6.4473,0.2622,4.2705,4.4194,6.4315,2.5933,0.0084,21.9023,3.7609,1.3722,0.8712,0.4861,0.0883,9.2265,0.8107,1.7592,5.5723,0.5242,1.2294,0.7056,1.5683,0.4017,0.0917,1.5151,1.3584,6.5246,0.0,1.0149,2.4251,1.5292,0.7192,1.0655,14.3577,7.9137,2.5306,0.6363,2.3554,0.3757,4.5233,1.2338,1.7579,0.626,0.8748,4.6632,1.4361,0.2046,3.1628,0.9992,0.7035,15.5792,0.806,0.2345,2.831,0.2156,0.0563,1.0769,0.178,3.9762,0.0877,0.3377,0.3518,5.1667,1.6966,0.7557,2.1124,3.4807,1.043,2.9999,2.4704,0.7999,4.1518
COL7A1,1.9016,13.8704,2.414,7.7118,123.0797,171.5041,8.862,25.9124,4.3097,2.8093,3.9368,2.8579,0.9579,10.9724,0.5137,4.8879,4.4873,2.7113,1.5341,1.2566,4.2787,0.5137,2.5217,3.6324,2.2572,1.2788,37.7738,0.6444,0.8572,3.2545,65.8003,14.2414,6.6111,4.3555,0.7683,2.8908,0.3345,6.9785,0.9202,10.2196,5.0924,2.9509,1.1477,4.0341,1.8055,1.7422,14.8602,2.8657,2.0837,2.2767,9.4848,30.4119,5.5722,14.3827,77.3778,12.4852,3.5729,1.1425,0.3059,2.1969,1.3602,0.2284,0.2545,1.6253,8.059,0.6391,1.5803,1.6406,19.9733,4.8406,4.6636,3.5957,1.2656,2.9076,4.7424,6.1434,3.878,34.8862,1.1437,1.6954,1.2328,5.181,1.6849,1.4736,1.9345,9.9309,6.6749,32.9213,4.7774,12.0645,2.8659,4.8117,2.1905,2.2423,3.6032,9.8416,18.4707,1.0949,2.9483,0.0621,8.1016,2.2196,9.6887,3.9659,0.8536,42.4229,0.3018,1.4855,7.3935,22.2888,0.3726,23.411,1.8096,2.0076,1.2434,25.4811,1.6075,0.4871,4.1581,1.6398
CPS1,0.2625,0.7111,1.5847,0.3346,365.992,102.6124,459.915,0.6789,0.3086,0.8935,0.1648,0.4457,0.5671,0.3211,0.9033,0.2733,1.7733,0.4791,1.0694,1.4688,0.143,216.1204,7.6116,0.4676,1.1892,0.7734,1.6301,328.0188,62.3623,0.3527,149.6344,2.2149,0.3029,0.2876,16.4351,0.485,0.2624,193.6757,0.8236,1.0746,663.4193,845.3503,0.0158,974.529,0.6289,268.575,0.1675,387.845,240.9405,0.6725,1.1851,1.589,212.5424,3.8442,0.7978,0.1701,1.3586,0.4707,0.1882,0.1698,0.2948,0.1147,0.657,0.5123,1.742,1.8186,0.1285,3.2283,1370.895,0.209,2.0742,20.7793,1.7292,2.9117,0.3561,0.2245,0.3698,0.4453,0.2398,0.4042,696.6286,0.7188,0.4442,0.1467,0.2597,95.6604,0.234,0.4637,0.6823,1.137,1.0425,0.4525,781.2838,0.2612,0.2761,0.4735,1.7354,0.2304,0.5699,0.0904,0.7268,0.4008,199.8572,0.4593,0.2714,9.6359,0.2901,0.1547,0.0948,0.3956,0.8465,1.3335,0.3663,0.3074,0.8886,0.6306,0.6825,0.4433,274.0997,0.3336
CRACD,0.1715,4.4303,1.4496,1.71,4.0871,0.9317,5.1839,2.9784,0.5199,2.2874,0.7909,22.1521,0.9179,1.9863,4.3478,0.2511,2.9605,4.0973,1.1084,5.8508,9.4968,1.8972,0.9719,0.7539,8.5418,1.7436,1.6178,0.0264,0.8997,2.7734,2.3305,8.8537,2.3418,0.7353,0.5966,2.9585,0.4955,1.6654,0.4188,1.8145,5.5898,2.4433,0.0129,0.2926,0.3895,1.8789,4.7949,3.6626,1.3969,1.8479,2.3253,10.0761,2.9142,8.0594,1.6386,10.4276,1.4366,3.9475,1.0041,8.3213,1.6198,0.1673,1.4009,0.8369,4.3115,0.5292,0.7219,3.8857,2.7116,0.5768,1.003,1.4241,0.6094,9.7874,1.4718,1.1408,0.8139,1.6077,0.8978,1.8457,2.6543,0.8628,1.944,1.1382,2.4498,3.0441,23.5202,0.8428,1.8708,8.8707,0.4971,2.9971,1.5577,0.5974,0.7631,1.368,2.4861,1.3286,1.1541,0.0662,7.1694,1.5949,1.6395,13.242,1.9687,1.0715,1.6802,0.2148,1.0027,19.4949,1.7284,0.7646,2.8109,0.8866,4.9872,10.3955,2.5641,1.0861,4.0072,2.0751
CRB1,0.0091,0.0121,0.0329,0.028,0.0167,0.0048,0.0308,0.2968,0.0,0.0424,0.116,0.0223,0.0766,0.1038,0.0838,0.0,0.055,0.5492,0.1405,0.5022,0.0146,0.0075,0.0178,0.0263,0.0205,0.0349,0.0,0.0234,0.0143,0.0621,0.0069,0.0065,0.0874,0.0866,0.0719,0.0129,0.0568,0.0767,0.0135,0.0418,0.0,0.0076,0.0547,0.0072,0.012,0.0194,0.0189,0.0698,0.0359,0.0599,0.0493,0.1286,0.2905,0.7478,0.0102,0.0384,0.0568,0.2287,0.0109,0.0232,0.0046,0.0106,0.0304,0.0555,0.0366,0.0886,0.0846,0.025,0.0935,0.0312,0.0503,0.0078,0.0112,0.0772,0.0215,0.0648,0.0067,0.1118,0.026,0.0301,0.0631,0.0519,0.0436,0.0119,0.0,0.0103,0.0169,0.0792,0.0774,0.0389,0.0,0.0376,0.1393,0.0679,0.0184,0.0203,0.0477,0.167,0.0771,0.0837,0.0242,0.0712,0.0092,0.0269,0.0141,0.032,0.1028,0.0,0.1016,0.0158,0.0987,0.0613,0.0434,0.0208,0.1905,0.0167,0.0066,0.056,0.0097,0.035
CSMD1,0.0,0.0205,0.0448,0.0381,3.3369,0.0132,0.007,2.6355,0.0057,0.1702,0.2973,0.0808,0.0092,0.5195,0.0238,0.2163,0.0748,0.0443,0.5561,0.4478,0.0743,0.0304,0.0,0.1073,2.5653,0.0498,0.1337,0.0636,0.0195,0.0845,0.0378,0.0,0.0714,0.0184,0.0147,0.685,0.4346,1.0968,0.0092,0.064,0.4669,11.5469,0.1489,0.1006,0.0142,0.0066,0.0086,0.0226,0.0198,0.0333,0.0314,0.0643,0.2524,0.7629,0.0069,0.6187,0.6108,0.0811,0.7759,0.8318,0.041,0.0072,0.0857,0.0189,0.0187,0.0368,0.0182,0.2087,0.0049,0.0212,0.0126,0.0,0.0707,2.631,0.0821,0.0147,0.0023,0.2072,0.0177,0.1561,0.0129,0.1251,0.0444,0.0135,0.0049,0.0316,0.0517,0.2077,0.0526,0.0881,0.01,0.9603,0.0196,0.0308,0.0438,0.0277,0.0081,0.6674,0.1679,0.0018,0.0066,0.0666,0.0031,0.0146,0.0256,0.0272,0.0311,0.0091,0.0,0.0108,0.1486,0.2405,0.267,0.0396,0.0933,0.019,0.0268,0.1034,0.0396,0.0476
CSMD2,0.2166,0.5415,0.2513,0.668,0.1752,0.0611,0.7473,0.3845,0.0234,3.1507,0.2188,0.0364,0.2305,0.1325,0.6558,0.3784,1.1175,0.704,2.3765,0.5551,0.1532,0.1096,0.2428,1.0687,0.1004,0.4644,0.7325,0.0524,0.098,1.3277,0.8998,0.3624,0.5391,0.2466,0.0453,0.3333,0.01,0.6326,0.0377,0.2381,0.7547,0.8436,0.024,0.0518,0.172,0.1362,0.221,0.3145,0.2359,0.7132,1.3454,2.755,0.2996,5.8506,1.1177,0.0898,0.1474,0.1985,0.0913,0.8786,0.8359,0.0572,0.2587,0.3627,2.473,0.4621,0.2401,0.5594,0.6069,0.1049,0.4467,0.1473,0.1299,0.0962,0.4096,0.6508,0.2787,0.3799,0.1516,0.4509,0.0929,0.2677,0.473,0.1419,0.3406,1.3079,0.4023,0.3488,0.5865,1.0651,0.6429,0.3893,0.1413,0.2933,0.509,0.2707,1.7092,0.1569,0.1945,0.0114,0.1323,0.4116,0.5609,0.3842,0.3426,0.8746,0.2001,0.1032,0.0822,0.5022,0.1976,0.2906,0.2447,0.137,0.2242,0.8668,0.8605,0.3418,1.2779,0.2658
CSMD3,0.0,0.0038,0.0046,0.0029,0.0,0.0272,0.0192,0.014,0.0,0.0096,0.0,0.0231,0.0,0.0254,0.2961,0.0461,0.0105,0.0178,0.004,0.2574,0.0,0.0046,0.0,0.0066,0.0043,0.0109,0.0334,0.0,0.0,0.0065,0.0,0.0,0.0,0.0034,0.0,0.024,0.0,0.0407,0.0,0.0,0.0244,0.0,0.0,0.0729,0.0037,0.003,0.0039,0.1078,0.0,0.0034,0.0115,0.0071,0.0025,0.7325,0.0095,0.012,0.0035,0.0186,0.0102,0.4729,0.0029,0.0022,0.0081,0.0173,0.0,0.3068,0.0777,0.0059,0.0022,0.0117,0.0033,0.0049,0.0018,0.0802,0.0067,0.0067,0.0168,0.0087,0.0216,0.007,0.0079,0.0029,0.0091,0.0025,0.009,0.0225,0.0,0.0106,0.0,0.0054,0.0,0.0084,0.0,0.0,0.0057,0.0063,0.0,0.0,0.0288,0.0017,0.003,0.0055,0.0057,0.0101,0.0029,0.0,0.0071,0.0,0.0,0.0,0.0659,0.0029,2.4301,0.0285,0.0475,0.0208,0.0123,0.0,0.0,0.0036
CTNNA2,0.0154,0.0102,0.0062,0.0,0.0,0.0,0.0346,0.1324,0.0,0.741,0.0301,0.0376,0.0533,0.0501,0.401,0.05,0.1786,0.0275,0.0324,0.0942,0.0,0.0126,0.0,0.0266,0.0345,0.0471,0.0151,0.0079,0.0,0.0,0.0,0.0,0.0738,0.0,0.0,0.0145,0.0,0.0,0.0,0.0441,0.0848,0.0129,0.0116,0.0081,0.0051,0.0,0.032,0.0112,0.0152,0.0459,0.0624,0.0319,0.0204,0.3607,0.2402,0.0,0.0096,0.0084,0.0459,0.0,0.0627,0.2217,0.066,0.0312,0.0154,1.1385,0.0977,0.037,0.0061,0.0632,0.0089,0.1577,0.0,0.3331,0.0,0.0,0.0114,0.0283,0.0,0.0191,0.0107,0.0,0.0858,0.0,0.6126,0.0174,0.0,0.0573,0.0238,0.0073,0.0247,0.0181,0.0,0.5061,0.2329,1.4821,0.0403,0.0206,0.0174,0.0046,0.0327,0.0376,0.0,5.2098,0.0,0.0,0.0193,0.0,0.0,0.0,0.1785,0.2547,0.027,0.3231,0.0386,0.0282,0.0776,0.0,0.0328,0.0
CTNND2,0.0159,16.547,0.4547,0.0572,0.2722,0.0678,0.0179,0.7251,0.0292,0.1819,1.9047,0.2079,0.0473,0.0779,6.6008,1.5793,0.0444,0.2136,0.0671,0.4882,0.1913,0.8345,0.171,3.7736,0.4058,0.1343,0.0782,0.0572,0.1757,0.1812,12.0258,0.0458,0.459,0.199,0.0377,6.7047,0.3106,0.0298,0.0118,0.677,0.3809,5.3604,0.0838,0.1545,0.2514,28.7072,0.1545,0.0931,0.1492,0.6953,0.1672,1.6871,0.353,0.3427,0.1156,1.4798,0.8952,0.0609,0.3327,0.5418,2.9812,0.0621,0.152,2.1677,0.016,0.3617,7.6789,14.256,0.2076,0.273,0.0602,98.5758,0.0836,28.1424,0.0845,0.0567,0.1652,0.6553,0.0757,12.7442,0.7068,0.4374,0.2159,12.1027,9.663,0.3339,0.0,0.1287,6.1304,0.0,0.1025,0.1033,0.2773,0.0594,0.0644,0.1423,0.0,0.0784,0.8998,0.0425,0.3559,1.4019,0.9367,4.0451,0.0987,0.0,0.4797,0.1758,6.1083,0.1476,0.0493,0.2227,0.1318,0.0655,0.5734,0.8192,1.5745,0.1679,0.0,0.0511
CUBN,0.1221,0.2317,0.6705,0.6948,0.1332,0.0929,0.2459,1.391,1.4341,0.373,0.8044,0.1923,1.2447,2.2656,0.2881,0.4115,0.7061,1.0184,0.484,10.1244,0.2726,0.8004,0.6561,0.9232,0.1832,0.6123,0.6684,0.4661,0.6123,0.8293,0.1664,0.0628,0.4193,1.2049,0.7998,0.5549,0.6879,0.2178,0.3163,0.4212,0.3265,0.2412,0.3346,0.1373,0.2583,0.1585,0.0424,0.775,0.8696,0.5168,0.9519,1.1822,0.6578,3.7739,0.6042,0.1413,1.6356,1.7833,1.1567,0.0668,0.6322,0.1396,1.6164,0.2039,0.5437,1.4965,66.0901,1.3543,0.1344,0.5028,0.1624,0.1045,0.1967,0.7815,0.4527,0.3315,0.6467,0.7559,0.2158,0.5884,0.1755,1.1489,0.188,0.3008,0.2227,0.7468,0.2996,0.4503,0.5398,0.4598,0.4962,0.4505,2.1001,0.5208,1.3229,0.8127,0.5206,0.3202,0.8186,0.1114,0.4877,0.6659,0.4827,0.1237,0.2706,0.4144,0.6244,0.6424,0.2062,0.3235,0.8046,0.3029,0.2014,0.782,0.6358,0.2566,0.8252,0.3452,0.5397,0.3191
CUX2,0.0154,0.0819,0.1923,0.095,0.0,0.0164,0.1738,0.1613,0.0,0.1762,0.0454,0.0629,0.0382,0.0817,0.3433,0.0752,0.1434,0.0827,0.0541,0.416,0.0,0.0505,0.1204,0.107,0.1734,0.0296,0.1514,0.0475,0.0608,0.2896,5.529,0.0222,0.0445,0.0184,0.0244,0.1162,0.012,0.0048,0.0456,0.1152,0.0568,0.0129,0.0927,0.0647,0.0203,0.0988,0.0,0.0845,0.0723,0.0738,0.0209,0.1922,0.0547,0.4224,0.0861,0.0109,0.2986,0.2022,0.0368,0.0656,0.0315,0.012,0.0957,0.0157,0.0465,0.0918,0.0377,0.0902,0.0244,0.1375,0.009,0.0,0.0286,0.0,0.1,0.1281,0.0286,0.4073,0.0,0.1531,0.1069,0.0719,0.1476,0.0135,0.0369,0.1136,0.0286,0.1438,0.0358,0.1171,0.0331,0.0591,0.0244,0.0288,0.0156,0.0862,0.0101,0.0552,0.122,0.0458,0.0082,0.1282,0.1085,0.0364,0.0239,0.0,0.0968,0.0114,0.2782,0.0625,0.0119,0.1038,0.0193,0.007,0.0904,0.1039,0.0779,0.122,0.2959,0.1335
DCAF12L1,0.0,0.0,0.0139,0.0,0.2113,0.0,0.0,0.0,0.0,0.1611,0.0,0.0,0.0171,0.0282,1.1158,0.0,0.0483,0.0155,0.0243,0.0,0.0,0.0283,0.0,0.0,0.0,0.0133,0.0,0.0,0.0136,0.0394,0.0,0.0,0.0333,0.0,0.0,0.0489,0.0,1.9328,0.0,0.0,0.0,0.4347,0.0,0.0,0.0,0.0,0.024,0.0,0.0171,0.0,0.0352,0.6327,0.0,0.2709,0.0193,0.0,0.0216,0.0189,0.0,0.4121,0.0,0.0,0.0,0.1406,0.0,0.0,0.0,1.0122,0.0,0.0,0.0,0.0,0.0,1.1091,0.0,0.0,0.0,0.0,0.0,0.0429,0.0,0.0179,0.0,0.0,0.4692,0.0196,0.0,0.0,0.0,0.0,0.0,1.5109,0.0,0.0,0.4546,0.0129,0.0,0.0,0.0196,0.0,0.0184,0.3047,0.0,0.0,0.0358,0.0,0.0,0.0,0.1784,0.0,0.0,0.0,0.0,0.0,0.0,0.0212,0.0,0.0,0.0,0.0111
DCAF12L2,0.0414,9.8809,0.7006,0.1704,0.5065,0.1324,0.0,0.051,0.3427,0.3159,0.0,0.0338,0.0,1.741,4.203,0.1012,0.0964,4.5616,0.2912,0.1017,0.0,0.2377,1.0934,0.024,9.6686,0.0477,0.0407,0.7668,1.0463,0.0236,0.4746,2.268,0.0797,1.0613,0.8847,0.1563,0.0324,0.5177,0.0,0.8341,0.1018,1.7367,0.0312,0.0,0.2728,0.2658,0.0,0.5153,0.1637,0.1241,0.6744,2.3265,0.1655,0.0812,0.0463,0.0584,0.1814,0.0,0.0,1.1995,3.4278,0.0324,0.0,0.295,0.0417,0.2019,0.0,1.2273,0.3113,0.0284,0.0482,0.2838,0.1153,3.0886,0.1589,0.0,0.0615,0.0255,0.0394,0.5318,0.0288,0.0215,0.1985,0.1267,0.7938,0.141,0.0,0.0,0.0321,0.0,1.1568,0.5506,0.4159,2.114,0.1677,0.0463,0.1087,0.0371,0.0703,0.0,0.4414,1.5823,0.0417,0.098,0.0857,0.4377,0.1562,0.6412,2.3341,0.0,0.4498,2.5998,0.0416,0.0,0.0,0.5588,1.1076,0.0,0.0,0.0
DCAF4L2,0.0,0.0,0.0,0.0,0.0,0.2638,0.0,0.0,0.0,0.0,0.0,0.0,0.0351,0.0,1.6039,0.0,0.0,0.0158,0.0,0.0,0.0,0.0,0.0,0.0,0.0796,0.0,0.0,0.0,0.0,0.0,0.0,0.0,0.0,0.0,0.0,0.0,0.0,0.5083,0.0,0.0,0.0217,0.0,0.0,0.0093,0.0,0.0,0.0,0.0,0.0,0.0,0.0,0.0,0.0,0.2079,0.0,0.0,0.0,0.0,0.0,13.0127,0.0,0.0,0.0,0.0,0.0,0.0,0.0,0.0122,0.0,0.0,0.0103,0.1212,0.0,0.7343,0.0,0.0,0.0,0.0,0.0,0.0,0.0246,0.0,0.0,0.0,0.0282,0.0401,0.0,0.0,0.0,0.5714,0.0,2.6428,0.0,0.0,0.0,0.0,0.1857,0.0,0.0,0.0,0.0377,0.0,0.0,0.0,0.0,0.0,0.0,0.0,0.0,0.0,0.0274,0.0,0.1776,0.0,0.0,0.0,0.0,0.0,0.0,0.0
DCDC1,0.0264,0.1051,0.0708,0.2033,0.0752,0.0749,0.1685,5.397,0.0242,0.1935,0.8797,0.0359,0.0305,1.1435,0.2701,0.0,0.1227,0.1219,0.0,4.4981,0.2184,0.0072,0.0086,0.2288,0.356,0.0337,0.1296,0.0,0.0,0.1101,0.0403,0.038,0.2198,0.157,0.0417,0.1201,0.0137,0.0604,0.0325,0.0303,0.054,0.0368,0.3571,0.0138,0.0376,0.5355,0.0488,0.0225,0.1388,0.0368,0.0626,0.1572,0.3705,1.2736,0.2898,0.0372,0.2583,1.4898,0.0158,0.1496,0.0718,0.0686,0.1176,0.0357,0.0088,0.3283,0.1463,0.0272,0.0347,0.2172,0.0179,0.2107,0.019,0.2156,0.0311,0.0104,0.0359,0.1513,0.0084,0.2911,0.0427,0.4833,0.1193,0.0077,0.0912,0.0748,0.0571,0.4867,0.0136,0.0918,0.0,0.2621,0.0046,0.0601,0.0711,0.1245,0.0519,0.5629,0.0497,0.0026,0.5243,0.0947,0.0752,0.0208,0.1091,0.1238,0.1104,0.0194,0.0076,0.1529,0.5792,0.1185,0.4876,0.1769,0.1694,0.1077,0.0063,0.2629,0.0094,0.0395
DCHS1,0.6586,4.3668,5.0154,4.4398,1.3526,4.1694,14.9307,11.6436,2.6881,11.6354,2.1401,5.2104,3.1516,7.028,12.2023,2.4949,21.1816,14.0339,17.7194,7.7517,3.989,3.1499,5.2857,12.5541,5.5886,5.7333,12.8493,0.9267,12.3642,13.9263,5.9847,2.3946,3.8417,1.9933,3.4916,9.3033,1.7961,3.8166,3.7238,3.57,5.0239,7.1848,0.9099,3.4434,3.778,1.9677,5.5734,19.3838,4.4293,9.5728,10.2666,15.512,9.1598,9.176,14.5098,4.0929,16.7267,8.5779,5.0123,2.5461,3.9525,5.2556,3.8994,5.5218,15.2559,16.3423,1.9079,5.9414,4.9767,6.2474,9.5603,2.7453,2.2722,10.4198,8.1967,4.6044,5.6171,5.9307,2.3432,6.5612,3.6946,8.9777,7.6197,2.2725,4.6876,22.387,2.7371,5.4004,3.6924,8.5904,4.2657,4.7749,8.9466,7.3344,4.8156,7.1801,10.1283,4.6273,10.5388,0.5325,3.6399,6.8601,7.0625,4.0154,5.254,2.898,1.9259,3.3805,0.8727,4.9948,6.5378,4.3102,5.6237,3.1268,8.7593,7.8885,11.1448,3.2766,14.8958,4.4011
DCHS2,0.0208,0.2029,0.1174,0.1499,0.0042,0.0259,0.0313,3.0149,0.0128,0.097,0.293,0.1021,0.086,0.2577,0.9923,0.0565,0.3102,0.3262,0.0341,0.8948,0.1224,0.0967,0.095,0.1285,0.0104,0.0932,0.0887,0.0571,0.011,0.1384,0.0053,0.01,0.1336,1.1744,0.011,0.1375,0.0705,0.0195,0.0257,0.016,0.0426,0.1164,0.0104,0.0036,0.0663,0.0371,0.0145,0.2666,0.0326,0.1663,0.5767,0.7507,0.3019,1.1014,0.0543,0.0196,0.4167,0.2164,0.0747,0.6798,0.0957,0.0108,0.0829,0.0918,0.3282,0.0902,0.0034,0.0383,0.0027,0.0667,0.101,0.9987,0.0107,1.8996,0.0369,0.0247,0.4583,0.1451,0.0463,0.0862,0.0145,0.1549,0.0388,0.2092,0.0332,0.0276,0.1161,0.1296,3.7392,0.0264,0.0261,0.5699,0.044,0.0173,0.4565,0.0751,0.0592,0.1897,0.1257,0.0144,1.1649,0.0544,0.0314,0.0123,0.0718,0.0122,0.0262,0.046,0.0,0.5756,0.183,1.098,0.0296,0.4225,0.192,0.6256,0.331,0.226,0.1037,0.0334
DGKB,0.0122,0.0567,0.0098,0.0125,0.0521,0.1493,0.0137,0.1126,0.0112,0.0877,0.012,0.0,0.006,0.0497,4.8315,0.0198,0.0681,0.0164,0.0599,0.3739,0.0195,0.02,0.0595,0.0212,0.4023,0.0468,0.0719,0.0063,0.0192,0.0833,0.0744,0.0176,0.0352,0.1089,0.0,0.0977,0.0,2.5041,0.0,0.021,0.1047,0.0204,0.0092,0.1024,0.0,0.3322,0.0085,0.0089,0.1895,0.0876,0.6238,0.2838,0.1947,2.6251,0.0477,0.0086,0.0381,0.0466,0.0146,0.0934,0.0249,0.0285,0.0116,2.1685,0.0123,0.1056,0.0,0.1637,0.5878,0.0084,0.1099,0.0835,0.0603,0.4139,0.0072,0.0724,0.0181,0.0075,0.0116,0.0353,0.0677,0.0379,0.0097,0.0053,0.0292,0.0138,0.0566,0.0227,0.0,1.9625,0.0393,4.5442,3.5335,0.0,0.2712,0.0091,0.016,0.4857,0.0689,0.0,0.0,0.0119,0.0,0.036,0.0315,0.0,0.0306,0.0,0.0105,1.1021,0.0283,0.0253,0.6057,0.0,0.0511,0.0149,0.0176,0.0214,0.078,0.1447
DIDO1,6.4877,30.2633,12.6994,16.879,14.911,29.4385,13.5545,23.174,11.0321,13.2817,23.763,27.2897,20.2874,23.1099,36.1944,18.5488,11.5442,26.1282,15.8755,39.6594,16.1769,24.4628,23.6295,19.6358,36.0779,21.0555,19.4086,10.6206,20.1087,22.7413,30.5627,16.6854,24.1092,15.195,21.0961,18.7747,7.508,21.411,11.6138,24.5567,13.321,42.4969,9.1859,20.0961,20.1137,11.137,21.5146,25.0759,9.1974,18.1574,19.1404,23.9243,20.8721,29.6194,41.6372,26.8925,26.6378,40.8905,21.0192,22.2691,9.8523,32.7812,16.673,15.2108,11.3234,20.8595,23.8143,28.4065,21.8899,29.1022,13.992,23.6027,11.7355,18.5902,21.2168,12.8889,49.8621,14.7645,5.9515,15.3416,10.7404,20.5521,23.0872,19.3055,19.0143,16.2678,10.0189,24.9795,24.6794,22.2411,12.7143,13.8745,28.7108,16.9281,13.739,14.7921,16.8401,22.1503,19.0727,9.3596,36.7813,21.317,24.6158,20.6102,15.207,17.3343,22.5112,13.8631,15.1136,25.5384,20.6593,19.6072,8.6953,16.9955,28.3386,17.8271,27.0033,16.7982,13.1102,31.1023
DISP3,2.7406,0.0251,0.0304,0.1263,0.2888,0.0805,0.9593,0.163,0.0174,0.8083,0.408,0.0309,0.5339,0.3238,0.2904,1.1687,0.2726,0.5412,0.5311,0.3711,0.0454,0.0155,6.6485,0.3171,2.0416,0.1595,0.9473,0.0194,0.0224,0.1507,0.0577,0.0136,1.5813,0.0113,0.0299,0.2762,0.0886,0.0059,0.042,0.5217,0.0696,0.1426,0.2275,0.0298,0.0187,0.0505,0.1705,0.0691,0.0047,1.8896,0.2435,0.3379,0.109,0.037,1.6264,0.1065,0.3545,0.3514,0.0,0.1448,0.0,1.2099,0.0,1.3836,0.4752,0.1432,2.4146,0.0325,0.0149,0.9081,0.3355,0.5016,0.035,0.1961,1.0981,0.1347,0.3504,0.6681,0.6656,0.6024,0.0656,0.1176,0.2565,0.0165,0.5883,0.0643,0.0351,1.3522,0.0585,0.2604,0.0913,0.0781,0.0399,0.2587,0.3058,1.0427,0.3719,0.0169,0.3741,0.0168,0.4328,0.9066,0.038,0.1341,0.2443,0.0832,0.0712,0.1114,0.0081,0.0219,0.0879,1.852,0.1423,0.8301,0.0634,0.3475,0.7645,0.4988,0.0605,0.4914
DMBT1,0.0617,14.9703,57.6694,12.5885,1.0933,8.8191,213.2146,581.2505,1.4509,43.148,17.8089,35.7138,1545.0899,300.5368,37.272,16.2223,24.4515,19.1669,53.4637,47.2426,24.9573,8.5538,220.1066,174.6985,5.6365,536.8439,0.2182,3.3292,2.9591,47.9663,10.5313,0.1688,78.0002,0.0514,0.0,32.8878,157.446,0.5586,0.8036,11.068,110.4943,3.0297,20.4601,15.6227,566.5638,0.4946,13.8334,47.6532,76.8725,28.9025,263.1736,9.0348,7.4725,17.9994,145.275,0.1217,168.014,134.2213,49.8464,0.042,0.5606,7.1471,11.0454,42.3629,59.7694,2.852,1.1112,10.5282,3.0288,5.3691,0.3482,0.2113,14.5838,0.6169,0.7023,2.0226,413.6585,134.6773,6.6002,184.6198,28.1657,45.0549,28.1606,0.6142,3.2888,176.6252,0.9624,16.8173,945.3127,3.5163,43.0953,1.8066,5.7601,20.055,17.4571,46.4282,0.1052,29.3394,50.5229,9.2953,18.451,48.5145,10.3551,4.6104,6.527,0.3149,159.5371,17.8968,0.0265,2.0599,641.8712,5.8593,3.8496,22.2287,52.9427,6.8213,10.7034,23.9634,0.3028,1.5009
DMD,0.5322,5.6994,1.9353,1.5406,7.0088,0.896,1.3661,10.2883,1.5397,1.7897,16.0076,3.2115,1.9492,6.5836,7.6977,0.3185,3.4098,4.3625,2.0154,32.0769,0.5736,2.376,1.9246,3.1669,1.115,2.7482,1.8274,0.591,4.348,1.6789,7.0938,6.3689,2.0823,4.222,2.3456,4.5959,1.2946,0.552,0.5614,0.4221,5.2193,3.1066,6.1257,5.0929,0.9967,2.8311,11.6156,2.9707,1.235,3.541,3.2741,5.8527,3.4794,5.4979,1.3262,0.4698,5.7744,13.2711,3.4609,0.151,1.9238,3.7486,2.3844,0.8769,1.2118,6.2716,3.7037,2.0558,1.0011,3.9088,1.342,1.1521,8.6196,0.854,1.1997,1.257,2.1298,1.8069,5.2809,2.2864,3.4262,2.9285,1.8752,2.631,0.8104,2.6157,2.0562,2.5648,12.9816,0.2964,2.8796,3.301,4.5872,0.5061,1.4785,1.1492,3.182,4.1254,2.4076,1.8553,4.8962,1.7276,0.5478,0.4087,1.8409,0.4199,2.3819,0.6579,0.7626,4.0637,5.0364,0.9133,0.5881,2.3003,9.325,0.9373,5.492,4.7403,2.9239,4.0973
DNAH10,0.0713,0.0662,0.5736,1.0694,0.2264,0.2049,0.5063,22.0464,0.0327,1.0439,3.279,0.2327,6.6878,4.8297,0.323,0.0696,0.3415,1.3581,1.0161,4.0399,0.788,0.1927,0.2646,0.812,0.1283,0.6971,0.4271,0.0439,0.312,0.6816,0.2448,0.2206,0.5344,0.4243,0.2929,0.6818,0.2226,0.0423,0.0369,0.4261,0.4855,0.7046,0.9811,0.3591,0.1759,0.4265,0.1038,0.2736,0.2445,0.1536,0.3357,0.2755,2.428,1.1441,0.1593,0.1807,1.0067,2.5362,5.8108,0.0789,0.2437,0.1446,0.354,0.1232,0.1361,0.2661,0.7185,0.5226,0.0873,0.401,0.1451,0.1342,0.0815,0.4369,0.2501,0.0762,0.0819,0.668,0.5968,1.1444,0.0495,1.8627,0.2617,0.14,0.2843,0.0929,0.1853,2.1853,4.3165,0.1117,0.3174,1.2684,0.1994,0.718,0.1802,0.6985,0.2524,1.7581,0.1854,0.1799,0.0493,0.5929,0.104,1.8115,0.2137,0.0439,0.2954,0.0997,0.5146,0.1322,4.0823,0.99,0.1914,1.2289,0.5792,0.7555,0.6794,1.5105,0.2281,0.2378
DNAH11,0.0429,0.7504,3.2126,1.2535,0.1836,1.5465,0.8147,17.1775,16.0705,1.505,20.8628,0.3912,0.2162,6.9885,2.0494,0.4539,0.802,2.1887,1.04,291.5371,0.7737,0.9377,0.2236,1.3487,1.4699,2.2637,6.4165,0.0441,0.1326,2.0485,0.6334,5.4534,1.2448,1.546,0.6955,2.2046,3.8202,0.0625,2.1119,3.9808,2.4101,6.9166,4.3746,0.1089,0.1977,0.1873,2.2328,0.2275,4.2171,1.507,9.9784,5.6711,1.612,30.5849,7.6606,0.0,1.9359,139.0305,0.517,12.9676,2.5668,1.6303,5.8044,1.0616,0.9062,0.24,8.2368,0.5147,2.7338,22.8597,5.4875,0.8204,0.0376,0.2496,1.3499,6.6348,0.0265,1.941,4.5405,1.6904,0.1042,1.3577,0.531,3.635,0.1598,5.4957,0.093,8.4888,0.1273,4.6335,1.5854,4.2204,0.2115,0.3781,1.8805,6.6592,8.9792,2.1202,2.1273,0.0935,1.2531,0.7876,0.6657,0.2156,1.3018,0.4154,17.0142,0.1581,0.0184,0.2073,12.98,1.2755,0.6875,19.6997,4.0877,0.0263,1.963,3.6361,2.5563,1.6871
DNAH3,0.0077,0.344,0.7999,3.2907,0.0803,0.9184,0.4535,37.1429,1.0797,2.4817,6.5247,0.2778,1.207,12.4749,2.6791,0.1384,1.0506,2.944,0.1141,11.1685,1.4066,1.0645,11.3252,2.2587,1.1078,1.5752,1.4893,0.2265,0.4636,0.819,0.8382,1.9096,0.974,1.3077,2.0785,1.6838,0.2657,0.5143,0.3262,2.3164,1.87,0.2592,1.7103,1.3314,0.3054,0.343,0.4828,0.3846,0.3588,1.1526,5.9497,1.6687,3.1562,2.5436,2.0306,0.5339,1.1359,6.278,0.0785,0.6845,0.9079,0.9326,0.2364,2.2247,0.5599,0.2972,1.3927,0.2343,0.3637,2.696,0.0202,2.0189,0.1673,0.0802,0.545,0.101,0.0086,2.4075,0.0736,2.9542,0.3005,2.9237,0.9444,0.2904,0.9564,0.3596,1.4288,5.0362,0.3051,1.2267,0.1162,2.1981,0.1021,0.4184,2.1739,0.9915,0.5224,3.9577,0.1749,0.0184,0.0618,1.5744,0.463,0.16,0.6277,0.1021,0.2914,0.4329,0.3424,0.6634,3.9444,3.5195,0.2853,0.2193,0.7193,0.7535,0.2122,3.251,0.33,0.3747
DNAH5,0.5125,24.176,10.5526,5.0884,4.5994,3.4254,6.2323,38.6135,1.0578,11.5616,14.7361,4.0359,4.9199,15.6974,13.6146,5.5124,5.9557,18.2104,8.1533,70.5683,5.0753,12.1285,1.5985,6.6201,4.0869,1.8425,2.201,1.1872,4.5032,1.4513,2.7391,0.2932,5.4419,3.1819,15.3101,7.3171,0.7676,1.0479,3.0086,2.4789,1.3274,3.8776,3.6502,2.8454,8.7936,14.7165,1.1496,13.6701,2.3967,6.973,17.8001,13.0209,15.1771,16.2642,4.135,2.7554,2.8794,29.0908,2.0848,3.879,4.0219,4.426,15.7166,1.342,3.1491,1.4899,1.2234,1.8229,1.6985,20.8807,5.3505,39.7544,1.7726,4.0004,1.1099,1.8932,2.7908,2.8983,1.2497,8.3469,1.1695,7.757,3.5535,3.8966,2.415,1.8595,1.506,5.8703,3.2647,2.3244,1.5075,3.4324,7.8087,6.49,3.4864,9.7618,16.3223,14.2996,1.3619,2.8387,1.8172,3.4367,2.7696,1.1001,2.0404,2.7618,18.4231,6.9411,3.6885,2.8531,14.0819,1.3322,3.3326,4.5322,10.6914,16.0385,6.9427,6.5217,0.5918,5.0792
DNAH7,0.168,0.2231,0.4275,0.596,0.2384,0.2511,0.3056,13.037,0.0946,0.897,2.5944,0.4291,0.3517,3.5223,0.3621,0.1411,0.2168,0.3879,0.1599,31.6571,0.495,0.2797,0.4394,0.608,0.3536,0.1996,0.4792,0.0724,0.2116,0.2005,0.1986,0.3355,0.6096,0.3775,0.8096,0.6921,0.1566,0.0846,0.0682,0.2492,0.286,0.5267,0.8112,0.0199,0.1641,0.1535,0.0526,1.0066,0.1805,0.4184,0.6153,0.6579,1.6876,5.3154,0.7659,0.126,0.6808,9.3761,0.2428,0.3044,0.1577,0.3172,0.4504,0.1598,0.049,0.7978,0.5145,0.2276,0.347,2.0342,0.1261,0.4267,0.0201,0.3271,0.0495,0.148,0.1547,0.4247,0.1547,0.9913,0.1015,1.1129,0.2206,0.0923,0.3286,0.0768,0.2667,1.2741,0.1132,0.2136,0.064,0.9613,0.2203,0.4112,0.1699,0.7291,0.2737,1.3126,0.1226,0.0966,0.4588,0.7028,0.2835,0.2627,0.2101,0.1621,1.0481,0.1317,0.1514,0.6407,2.2557,0.2697,0.2611,1.2567,0.3905,0.2159,0.3248,0.6672,0.0925,0.2591
DNAH8,0.0452,0.2402,0.0637,0.0194,0.023,0.004,0.051,0.0696,0.0138,0.0638,0.1479,0.0369,0.0523,0.1322,0.0463,0.0736,0.0526,0.027,0.1165,4.3841,0.0362,0.1112,0.0368,0.1657,0.1074,0.0839,0.0,0.0116,0.0,0.2317,0.0173,0.0543,0.0652,0.0359,0.0,0.1208,0.0883,0.12,0.0502,0.1994,0.0278,0.0189,0.0397,0.1246,0.0248,0.1651,0.0366,0.0717,0.1693,0.0496,0.0281,0.0783,0.01,0.6936,0.1474,0.0053,0.0942,0.5851,0.0225,0.0,0.077,0.0088,0.1368,0.0153,0.0303,0.049,0.0332,0.0701,0.0238,0.0414,0.0175,0.0065,0.0326,0.0782,0.2401,0.009,0.0,0.0602,0.0502,0.1435,0.1255,0.0977,0.1143,0.0494,0.4391,0.047,0.049,0.1031,0.1516,0.0107,0.0647,0.0734,0.0876,0.0844,0.061,0.0506,0.0247,0.2903,0.1875,0.0403,0.0241,0.0369,0.1062,0.0223,0.1052,0.0332,0.2367,0.0555,0.0227,0.1311,0.0175,0.3556,0.0,0.1034,0.0884,0.0601,0.0817,0.1458,0.0161,0.1476
DNAH9,0.0068,0.0136,0.7421,1.7583,0.0584,0.1164,0.0154,51.6678,0.0376,3.0212,8.167,0.145,0.0474,12.9431,0.1259,0.0444,1.328,0.4827,0.1535,9.0414,1.8057,0.1063,0.0067,1.41,2.0231,0.0891,1.295,0.0281,0.0108,0.7271,0.0313,0.0098,0.9915,0.9149,0.054,0.811,0.1066,0.0448,0.0202,0.0275,0.1383,0.0114,2.096,0.0018,0.0832,0.0146,0.0189,0.1448,0.2511,0.0817,0.0139,0.3265,6.5861,0.2808,0.1793,0.0,1.7971,7.2239,0.0122,0.0,0.0558,0.048,0.1924,0.0972,0.0412,0.1589,0.6283,0.0282,0.0162,0.2156,0.0258,1.1281,0.0359,0.0322,0.0141,0.0,0.0127,1.5153,0.0325,4.6126,0.0521,2.7943,0.3761,0.0089,0.0599,0.0697,0.7925,4.2221,0.0264,0.013,0.0367,0.4112,0.1406,0.068,0.4903,1.013,0.0224,5.9563,0.0541,0.0649,0.0036,1.4639,0.0034,2.0144,0.4308,0.006,0.0515,0.0352,0.0998,0.1781,8.2845,0.8177,0.3256,0.2468,1.1673,0.0335,0.3008,2.6546,0.0146,0.3068
DOCK2,2.3154,11.5789,13.217,14.813,1.5007,2.9335,9.4173,9.3173,1.3214,7.6203,6.0756,2.9002,4.9896,9.3177,18.4283,1.4913,8.8678,11.36,7.8927,33.0106,3.0363,6.0084,9.6666,11.0446,7.3749,8.3281,5.5676,1.0908,2.2487,26.9087,2.8524,3.3785,4.6808,7.4166,2.0872,14.1132,6.0752,10.8448,36.297,11.796,5.1629,9.6728,5.7474,7.1685,3.2795,2.6904,4.521,16.7488,16.2789,12.4642,10.5571,20.3641,3.7006,38.2799,9.6345,1.3842,25.6598,24.878,4.7735,10.7734,3.0717,1.496,31.4219,11.6187,10.9013,23.5719,1.8631,7.3599,5.0547,7.4583,2.7918,1.5317,6.3093,5.4108,20.3567,16.3353,2.5398,12.608,4.6164,14.242,10.3543,17.1366,20.7382,11.4583,8.924,13.5238,1.417,14.6766,11.6168,17.7755,5.8987,7.2909,5.1041,6.9013,3.2286,6.7868,8.2499,5.7852,14.4722,3.4496,0.822,13.2308,9.4832,2.4682,16.2179,4.322,12.2942,0.8787,2.5036,16.1318,7.3843,10.6897,3.6059,5.6133,7.7029,11.9605,8.7232,11.0472,4.735,11.6142
DPP6,0.017,0.0339,0.0514,0.1531,0.0416,0.2719,0.2687,1.3101,0.0078,0.1153,0.0584,0.1181,0.253,0.0416,0.255,0.0623,0.0752,0.297,0.0777,0.0627,0.0409,0.0628,0.0499,0.6005,0.0064,0.1828,0.1254,0.1006,0.1007,0.3198,0.0065,0.1654,0.2864,0.0203,0.222,0.0241,0.1528,0.0292,0.0063,0.3474,0.1828,0.3209,0.064,0.0112,0.0532,0.0364,0.0354,0.2427,0.0336,0.1834,0.1586,0.138,0.0378,0.9497,0.0618,0.024,0.9682,0.0279,0.0559,0.0217,0.152,0.0033,0.1219,0.0865,0.154,2.3169,0.4248,0.0645,0.0303,1.3024,0.052,0.0146,0.0053,0.0,0.0376,0.1213,0.0947,0.1674,0.0,0.0704,0.0118,0.0794,0.1087,0.1969,0.1562,0.0386,0.0,0.1747,0.3489,0.7962,0.032,0.0628,0.0539,0.0106,0.1463,0.3996,0.0614,0.0953,0.308,0.0581,0.0045,0.0875,0.0557,0.0151,0.0176,0.0973,0.0428,0.0627,0.0219,0.0049,0.1253,1.1249,0.0085,0.0545,0.271,0.0469,0.5163,0.0524,0.1271,0.0519
DSCAM,0.0,1.8141,0.0108,0.0761,0.0,0.0932,0.1062,0.2072,0.3585,0.0342,0.0528,0.0,0.0,0.0,0.1137,0.0328,0.0939,0.0963,0.0095,0.1156,0.0,0.1875,0.0131,0.0311,0.0101,0.0361,0.6744,0.0069,0.1009,0.069,0.4212,0.0097,0.0647,0.0,0.2128,0.0317,0.042,0.0126,0.0896,0.031,0.7104,1.2518,0.0101,0.0141,0.0177,1.9705,0.0,0.1329,0.0266,0.0967,0.2737,0.0336,0.0478,0.3689,0.0075,0.0,0.0252,0.0294,0.0322,0.0,0.0481,0.0,0.0321,0.0137,0.0541,0.0801,0.0198,0.0371,0.0106,0.0369,0.0157,0.0346,0.0,0.0,0.0079,0.0639,0.0399,0.1365,0.0,0.2339,0.0374,0.0768,0.0107,0.0823,0.0644,0.0992,0.0,0.0335,0.1145,0.0,0.0072,0.0079,0.0569,0.0084,0.1633,0.015,0.0353,0.1567,0.0761,0.1799,0.0,0.0198,0.1354,0.0239,0.0278,0.0,0.1183,0.0397,0.1736,0.0078,0.0104,0.0,0.0878,0.0,0.1128,0.0082,0.1361,0.0355,0.0144,0.0173
DSCAML1,0.0986,0.0983,0.622,0.1437,0.0,0.0613,1.4649,3.9487,0.2265,0.3063,2.4036,0.0671,0.1711,1.1197,0.2779,0.2675,0.2371,0.3089,1.9172,1.3518,0.1186,0.0674,0.0964,0.9795,0.296,0.1451,0.21,0.1436,0.1686,0.4026,0.3389,0.1894,0.2846,1.5469,0.3899,0.8059,0.1284,3.0544,0.1217,0.0756,0.1514,0.0551,0.1979,0.0345,1.3853,0.0176,0.0228,0.8658,0.073,0.3248,4.5976,0.6426,0.3647,0.161,1.1942,0.0811,1.3258,1.2045,0.0982,0.07,0.4365,0.0,0.699,0.351,0.1984,9.7092,0.3782,0.3,0.052,1.0832,0.0287,6.263,0.1829,9.119,10.9579,0.0391,0.3353,0.8388,0.8137,2.1096,0.1712,0.9636,0.1706,6.2885,0.6691,0.2983,0.1679,0.808,0.2162,0.0469,0.0353,0.165,0.2344,2.5464,0.6983,2.1632,0.7441,0.6626,0.939,0.044,0.0,0.7242,0.2068,0.0486,0.2125,0.0868,0.0826,0.4965,0.5018,0.162,1.2618,0.0767,1.8198,0.4738,0.4547,0.1108,0.6531,12.3351,0.0877,0.5751
DSG3,0.0,0.0138,0.025,1.3747,18.6376,0.2209,0.5612,0.8683,0.0,0.2195,0.1017,0.0508,0.0,0.6426,0.0,0.0,0.2122,0.0928,0.2039,0.0,1.512,0.017,0.0,0.0,0.0,0.0557,1.1002,0.0213,0.0164,0.0118,0.0158,0.0746,0.6978,0.0,0.0984,0.5668,0.0,0.0906,0.0,0.0119,29.1196,0.0,0.0,0.0327,0.1092,0.0222,0.0,0.0076,0.0205,0.0248,0.3655,2.5433,0.0276,0.6496,0.0232,16.9749,0.013,0.0227,0.0,0.0353,0.0529,0.0728,0.0396,0.0,0.98,1.908,0.0,0.0071,0.0164,0.0427,0.006,0.213,0.0192,0.176,0.0122,8.4229,0.5997,14.3071,0.0197,0.0429,0.0432,0.3011,0.0,0.0181,0.0,4.9032,0.1925,1.2253,1.2673,0.0098,0.0,0.1653,0.0657,0.129,0.1887,0.1159,0.0952,0.065,0.0586,0.0062,0.0994,0.0,0.0626,3.224,0.0965,0.0547,0.0,0.1375,0.0178,2.5,0.0482,0.0107,0.0104,0.0,0.0,4.7273,0.1348,0.2188,9.4239,0.0466
DST,1.9084,8.2925,13.652,13.0151,13.0897,13.9242,7.8717,17.0184,14.8158,3.1668,2.9013,23.1508,2.7211,15.3841,8.5855,1.0535,5.7012,17.3583,5.8278,113.1745,8.7912,4.6303,5.0797,11.4056,5.7679,4.6017,21.9042,1.5445,3.4533,6.5713,21.8292,19.833,8.4791,2.7032,4.1752,6.7682,2.1431,2.1362,7.6914,4.177,8.5547,2.7817,1.3323,5.2837,2.4523,2.1367,11.2728,20.6848,3.057,6.1534,9.4319,24.2195,6.1695,102.8988,14.6806,23.7608,28.8556,44.7892,2.2919,12.3963,2.5382,0.8637,37.0834,7.383,12.6667,20.1895,2.9975,1.8018,7.5277,15.0071,6.1378,6.1339,6.3012,2.6184,5.8942,17.0393,1.2684,10.595,1.5475,2.9819,3.2946,9.7523,6.3274,2.5126,3.2118,8.2008,6.8731,8.1106,2.4035,12.8158,3.3468,8.9828,10.7355,1.4967,10.4932,8.6408,9.7931,5.3051,12.5148,0.5547,35.509,3.0389,2.0031,31.0793,2.667,5.1743,7.1975,0.6157,1.3948,17.6209,9.0909,11.9616,6.1746,30.465,18.7533,12.3219,6.2101,6.2153,9.4181,4.9459
DYSF,2.1786,5.4301,40.832,15.0674,18.2424,82.172,20.3733,19.0982,5.6369,18.1575,3.5718,3.659,14.2471,12.7146,26.7692,6.8769,32.8495,11.3082,18.6082,4.9919,7.923,7.9547,7.5718,27.0072,9.1123,12.9716,87.3565,11.0338,34.2004,46.9928,27.2648,40.0113,22.3025,6.1421,11.665,9.2095,1.8844,7.3151,29.4205,6.7712,19.0778,11.937,3.1227,6.7751,12.3224,4.2741,6.0746,29.5693,13.1098,19.5465,20.6079,27.6241,17.4909,25.2719,12.6971,15.3401,32.8164,4.2671,5.2064,6.2328,7.5888,7.3089,14.1154,21.1827,27.4416,25.3555,4.7176,12.701,20.3251,8.8204,5.629,3.7773,11.2445,5.437,22.2322,30.2845,9.9596,26.3192,11.3527,14.0921,14.9485,12.5662,22.7195,8.0318,10.2667,66.3736,2.3687,13.3727,7.8623,39.5453,48.871,8.0963,23.1852,6.45,18.7001,31.5731,18.5963,10.5711,26.0746,3.281,8.5034,14.1869,13.7506,7.4839,12.8057,13.4807,5.3864,6.4298,8.4827,7.2897,7.141,16.4915,6.3614,5.9296,28.3577,16.2517,21.921,10.0425,58.2442,7.9526
EGFR,3.6417,7.5314,44.919,30.9411,6.1338,59.0145,42.3354,27.0096,222.1587,19.8184,74.2942,23.6666,62.3389,60.5304,20.3084,10.1819,36.3967,32.2019,48.8739,125.2471,14.155,35.1211,64.0761,44.7718,1.4906,26.032,225.9149,4.318,19.7896,53.0632,15.7993,789.5993,28.5218,143.8422,17.8819,50.3836,29.991,7.068,22.6282,7.6852,28.3904,39.0707,27.9344,60.3174,10.35,5.0384,3.1421,25.8035,6.7869,31.4831,164.7505,123.5958,23.2397,52.7027,27.6144,10.5562,42.7293,92.7325,39.4384,16.043,50.4015,79.7668,90.2205,28.5579,35.5435,50.6984,76.37,40.3375,48.7572,104.8381,48.3145,138.1686,25.2112,0.6801,32.3703,129.4863,15.5147,39.7616,33.0702,17.8938,21.9201,18.0116,46.2189,65.2683,12.1485,33.9188,11.0199,19.4114,32.2936,42.5144,72.4984,150.6432,24.5861,28.8276,38.2032,63.5469,46.1085,58.178,21.2989,9.0746,721.0563,59.5374,5.1016,1.1476,7.9052,4.0261,49.1783,11.0234,14.7139,15.4361,103.7452,35.2527,1.8049,23.3536,128.1572,21.4533,55.7051,141.3478,26.8827,73.7702
EPHA3,2.2336,0.4789,0.8424,1.3288,0.0967,0.7681,2.1821,1.5922,23.1692,1.8543,2.0018,2.5561,3.4166,6.7854,3.7563,46.0182,8.7891,1.7469,16.9887,20.5907,0.3101,4.7993,0.9108,1.9126,1.161,4.4062,5.1676,0.696,0.7839,2.5939,1.6784,0.4432,3.0443,1.5501,1.182,4.1781,1.7169,1.0709,2.9677,0.718,2.3535,2.3583,0.1191,0.5909,0.3763,0.8271,0.2074,11.2492,0.5991,2.1794,4.7992,3.4591,3.8002,4.0982,7.1837,0.7435,2.155,14.4242,0.9247,0.3144,2.3974,0.8993,20.886,0.9298,7.676,3.5131,0.5079,6.5831,0.2989,1.0502,1.0133,3.3274,1.1359,0.4148,0.8247,1.2117,12.7818,4.249,33.6148,4.7248,2.6245,1.2954,3.2854,0.7142,1.2913,2.7628,5.7975,0.4267,0.5443,0.685,0.6514,1.3811,2.3963,0.4923,2.0988,0.8785,0.7384,5.1351,0.9747,0.162,0.0749,4.0547,1.938,2.402,8.1396,0.9441,2.187,0.3109,1.0812,13.9165,24.0934,0.4559,0.724,13.2518,16.9355,1.0887,5.7293,0.5105,2.8711,3.3925
EPHA5,0.0118,0.0078,0.0142,0.0121,0.0072,0.0,0.0,0.3478,0.0,0.0299,0.0,0.0,0.0058,0.0768,0.0271,0.0,0.0931,0.0579,0.0331,0.0866,0.0,0.0386,0.4598,0.0204,0.0441,0.0135,0.0231,0.0,0.0093,0.0067,0.0,0.0085,0.0339,0.0,0.0279,0.0166,0.0,0.0,0.0,0.0068,0.0722,0.0394,0.0177,0.0401,0.0039,0.0,0.0,0.0301,0.0058,0.0423,0.0798,0.0147,0.0209,0.5989,0.0066,0.0166,0.0,0.0129,126.2405,0.0401,1.063,0.0,0.0,0.0598,0.0,0.8851,0.0115,0.0851,0.0047,0.0565,0.0103,0.0,0.0036,0.0,0.0,0.0,0.0872,0.0289,0.0672,0.0049,0.0,0.0244,0.0188,0.0051,0.0094,0.02,0.0,0.0,0.1729,0.0,0.0316,0.0208,0.0,0.0293,0.0238,0.0395,0.2083,0.0158,0.0,0.0035,0.0,0.0,0.0,0.0,0.0852,0.0,0.0,0.0,0.0,0.0,0.7935,0.0061,0.0207,0.3283,0.0197,0.0505,0.0425,0.0207,0.0,0.0151
EPHA6,0.0368,0.1343,0.0222,0.0756,0.0337,0.0979,0.0207,0.1246,0.2365,0.4204,0.0722,0.03,0.0091,0.2025,0.8334,0.015,0.0856,0.1069,0.0904,0.2256,0.722,0.0151,0.2515,0.0,0.1103,0.0353,0.1445,0.0189,0.0725,0.0733,0.014,0.4104,0.1945,0.0,0.0145,0.0953,0.0,0.6373,0.0,0.6238,0.1693,0.3852,0.0,0.0917,0.0121,0.2555,0.0893,0.0134,0.1498,0.011,0.0187,0.0917,0.0,1.4762,0.0,1.0234,0.046,0.0201,0.011,0.767,1.211,0.0,0.0088,0.0935,0.0925,0.1991,2.232,0.0507,0.9594,0.0,0.0214,0.3935,0.4034,0.6591,0.038,0.0218,0.0136,0.0283,0.1225,0.0685,0.0,0.0191,0.0147,0.0,0.2495,0.146,0.0,0.0,0.0,0.0087,0.0493,0.0489,0.0097,0.7549,0.1302,0.0206,0.1568,0.0,0.0208,0.0109,0.0196,0.099,0.2128,1.2502,0.0285,0.0647,0.9469,0.0,0.0,0.0213,0.3136,2.8597,0.5538,0.5047,0.0,1.3411,0.0398,0.0162,0.0392,0.0118
EPHB1,0.0665,1.7885,0.3613,0.2478,0.2438,0.6375,1.1813,1.2081,0.1222,2.5693,0.6199,0.1493,0.3543,0.9967,5.4919,0.2976,3.7285,0.5132,1.1912,0.6529,1.0392,0.218,10.0062,0.4616,30.1159,0.6825,4.3129,0.3247,0.3279,0.8615,0.1396,0.1556,0.8633,0.1683,0.0526,0.8698,0.1688,0.2336,0.2953,0.1912,0.347,0.5712,0.1751,0.0873,5.0234,3.8115,0.3921,1.0822,0.2872,0.9554,0.6819,0.4977,3.1422,1.9532,0.3251,0.1523,0.6547,0.4181,1.3706,0.1981,1.6381,0.2206,0.7306,0.7099,0.9028,0.5939,0.6835,1.0361,0.4206,4.6554,0.1887,0.8112,0.2004,3.8579,0.1716,0.6122,0.5733,1.3081,0.1582,2.6012,0.5423,0.4398,0.6636,0.1234,0.743,0.7354,0.4477,0.2482,5.4664,0.7186,0.2499,0.4908,0.237,0.1861,0.6053,0.8861,0.9815,0.6105,0.3384,0.0247,32.492,1.0578,0.3513,0.2162,0.4814,0.2633,0.1671,10.0178,9.1409,0.2987,0.7475,4.0508,0.8972,0.7682,0.5434,0.4076,0.9126,0.4679,2.7848,0.3575
EPHB6,0.3693,1.659,3.4712,3.2937,0.9159,1.4578,1.9111,12.9767,0.2794,3.8263,3.9858,6.8286,0.7966,7.0785,2.6034,0.7423,4.8517,2.7408,1.5413,3.8121,3.5687,1.0681,2.6532,4.687,1.2384,2.917,20.1512,2.5008,0.754,7.3352,0.7795,3.2846,5.9325,1.7852,1.0133,5.57,2.8839,1.7025,3.1993,8.8186,2.3468,1.0195,2.8601,0.8267,1.6445,0.743,0.9043,4.6631,2.2412,3.264,2.4447,5.808,2.0529,1.1059,9.9165,0.7806,9.4924,9.656,0.7787,10.6143,0.7985,0.4409,0.6849,1.4356,2.7525,70.1419,6.0924,1.9299,1.0132,2.4601,1.4095,0.2046,1.564,0.7992,2.8189,3.9737,1.5465,4.4,0.9718,4.1182,1.5529,5.4985,3.4682,2.6179,1.8549,4.0776,3.3887,5.1081,2.1512,2.0842,0.6413,2.0905,1.5028,1.6485,6.6565,5.6032,12.1404,1.4689,8.8445,1.0519,4.8819,2.1691,2.5029,1.3614,3.0104,1.7969,0.8731,1.7603,0.7471,3.3999,6.7533,10.8788,0.3599,1.6199,3.1494,2.2634,2.5732,2.1782,7.3008,2.8027
ERBB4,0.0178,1.1273,0.7047,0.2284,0.2227,0.0142,0.1604,4.6416,0.0572,0.5946,3.0784,1.7779,0.4581,1.874,0.7784,0.2531,0.4053,0.5726,0.2872,9.6309,0.2137,0.4079,0.1824,0.9562,0.38,1.0571,0.1659,0.3106,0.5574,0.3138,1.4521,0.0256,0.3931,0.3017,11.6155,2.0192,0.8121,0.0666,0.25,0.1227,0.7256,0.365,1.09,0.0677,0.6026,0.0902,0.222,1.1798,0.4673,0.4842,0.5815,2.1139,0.7689,2.0362,0.9038,0.0438,2.2891,4.5338,3.6744,0.0605,1.4429,0.0382,0.8152,14.0963,0.1877,2.5691,0.7047,0.4713,0.3443,1.4701,0.0698,0.0228,0.2115,4.1249,0.0052,0.0,0.4647,0.8878,1.785,0.8351,0.1912,1.3461,0.7663,0.0194,0.0709,1.1593,0.1485,0.6358,0.7976,0.0338,0.4389,0.5274,0.2253,0.2433,0.755,0.2452,0.1691,0.792,0.9499,1.6053,0.1846,1.6618,0.0089,0.2522,0.0735,0.0156,1.362,0.0458,0.0115,0.0721,22.4077,0.2442,3.1388,7.7416,0.499,0.0599,0.6034,0.3987,0.1422,0.4535
ERICH3,0.0,0.1566,0.9442,3.031,0.0561,0.1256,0.0296,62.4817,0.0241,3.9118,12.6525,0.107,0.0844,15.424,0.151,0.0533,1.0793,1.0143,0.1473,5.8377,2.5099,0.3114,0.0,1.8041,1.1796,0.1257,1.7771,0.0067,0.0052,0.9104,0.02,0.0094,1.739,2.0993,0.0311,1.3836,0.0819,0.045,0.0194,0.0,0.0965,0.022,3.3719,0.0344,0.2588,0.1751,0.0182,0.0911,0.2782,0.0628,0.04,0.4305,5.4247,1.0264,0.1318,0.0,2.4823,6.4198,0.0705,0.1896,0.087,0.1125,0.2379,0.1066,0.0,0.1632,0.0513,0.0135,0.0311,1.4121,0.0153,2.5354,0.0648,1.0013,0.0464,0.0311,0.0389,1.9173,0.0374,4.6813,0.1455,4.3162,0.5544,0.1946,0.1778,0.052,1.0586,6.8885,0.0203,0.0498,0.0703,1.8298,0.2699,0.2201,0.3313,1.7536,0.0,9.7003,0.0296,0.0234,3.4824,1.7896,0.033,0.0387,0.4472,0.0,0.5926,0.029,0.6817,0.1519,9.0217,0.7745,3.2893,0.1439,1.5046,0.1124,0.2082,4.3686,0.0,0.5257
EYS,0.0407,0.459,0.1118,0.0279,1.6646,0.3826,0.8713,0.1252,0.0498,0.0316,0.359,0.1936,0.2149,0.0884,0.3019,0.1158,0.1009,0.0849,0.1666,1.5467,0.0326,0.6552,0.0993,0.1254,0.3202,0.0338,0.0599,0.4632,0.9408,0.054,0.2845,0.0634,0.2932,0.0807,1.5322,0.3641,0.1429,0.2899,0.0802,0.2221,0.4783,0.4429,0.0612,3.4183,0.1851,0.5323,0.2539,0.4213,0.0803,0.1055,0.1011,0.1268,1.422,1.9902,0.1022,0.1194,0.1059,0.2186,0.0891,0.15,0.0899,0.045,0.1942,0.1309,0.0886,0.1834,0.0597,0.0957,0.6616,0.3116,0.0611,0.0464,0.1047,0.5241,0.0659,0.0644,0.598,0.0854,0.0258,0.143,0.0611,0.2636,0.0379,0.0888,0.2271,0.0769,0.0755,0.0759,0.1992,0.0676,0.1709,0.114,0.6155,0.0969,0.1028,0.1717,0.0533,0.0425,0.0575,0.6099,0.1119,0.0995,0.0886,0.0881,0.0456,0.0954,1.2426,0.4043,0.032,0.0943,0.1839,0.0316,0.6293,0.2325,0.0852,0.0831,0.6363,0.0417,0.1229,0.1066
F5,0.469,2.7783,1.4803,3.8376,7.632,0.8874,8.8528,1.6265,0.1814,5.9727,0.557,41.6061,0.6727,2.5971,3.5175,1.1145,1.8548,1.0601,1.8727,5.6188,24.4582,2.9227,1.1938,1.7419,14.0155,3.0824,0.667,0.5962,0.1509,4.6873,30.5267,0.5776,9.1736,1.3155,0.1171,0.9191,0.2409,2.7476,0.8859,1.0219,23.5065,5.3368,0.2507,2.261,0.6987,2.6118,0.8476,1.3133,2.6866,6.4127,110.1354,3.5305,1.5003,30.0376,7.3301,44.7714,0.7021,3.6774,1.2092,1.3237,3.4149,0.0674,1.5328,18.9212,4.9767,46.7233,0.6886,2.435,3.3173,1.1012,2.3054,32.688,0.4805,1.5134,1.8635,0.9089,1.5879,3.8919,0.4699,2.3294,6.4498,0.6401,4.4432,1.3795,1.5561,2.5406,31.7886,2.403,6.951,9.6134,1.0731,3.2024,0.7495,0.76,1.6475,0.7682,19.2588,2.2161,1.2004,0.1137,0.1709,2.0297,4.7875,26.0485,2.9036,1.0208,3.7358,0.4091,0.4138,56.9169,1.1577,0.7358,3.2526,1.451,0.6206,15.4079,1.7382,1.7477,5.2538,1.0655
F8,2.1538,7.2499,8.3422,1.6986,1.071,2.8791,4.6561,9.2982,1.1542,6.2452,4.3096,5.5172,3.9503,7.9228,7.3731,3.9943,6.6223,7.1424,6.8608,14.5635,2.276,6.6273,2.7648,10.7306,1.5998,5.5576,2.3552,4.672,10.2783,7.7496,6.1098,4.7665,4.4977,2.5653,9.4494,7.201,6.0272,2.9506,6.087,1.706,4.7051,3.3004,2.0892,1.5325,6.1442,1.6081,2.0876,10.9345,5.4933,9.8535,6.1343,10.9447,6.2631,4.9824,4.0352,2.3804,19.6624,13.329,3.0404,5.9768,4.5117,3.1609,7.4341,4.0898,3.886,9.4016,5.4985,4.519,1.9031,6.3769,2.7372,2.8019,5.5529,3.7747,4.4714,4.6654,3.0692,5.8121,5.4167,5.8038,3.4514,3.8444,3.5399,4.79,3.8758,6.8857,1.2941,6.8832,4.1823,2.7833,4.1824,3.7495,8.3858,4.6104,3.0004,6.2928,2.7633,9.6356,12.5201,6.5896,0.8884,10.9714,0.9934,1.9476,3.4286,1.2914,6.6441,2.1311,0.6627,2.5399,8.5946,7.7725,1.1501,6.7332,5.477,5.0992,7.2142,3.399,2.681,6.8246
FAM135B,0.0164,0.0,0.0132,0.0127,0.0352,0.0044,0.1763,0.0051,0.0076,0.0766,0.0323,0.0,0.0693,0.0235,0.1074,0.0,0.0306,0.2907,0.0058,0.0404,0.1252,0.5594,0.0161,0.0095,0.3146,0.0379,0.0242,0.0,0.0032,0.0422,0.0063,0.0,0.0395,0.0392,0.0,0.0426,0.0193,0.0026,0.0243,0.0284,0.0101,0.0069,0.0062,0.0022,0.0108,1.0374,0.0,0.0211,0.0041,0.0394,0.1533,0.1094,0.0182,0.7247,0.0046,0.0,0.0154,0.0809,0.9533,0.021,0.0168,0.0096,0.0157,0.092,0.1737,0.0089,0.0322,0.1133,0.013,0.0508,0.0024,0.0,0.0102,0.0543,0.0267,0.0,0.0152,0.0758,0.0157,0.034,0.0628,0.0427,0.0263,0.0215,0.0197,0.0233,0.0076,0.0153,0.2227,0.0469,0.0044,0.17,0.0,0.0307,0.0665,0.0123,0.054,0.0,0.0093,0.0049,0.0044,0.0845,0.0083,0.0146,0.0255,0.0,0.0207,0.0,0.0035,0.062,0.3571,0.0085,0.2993,1.8776,0.0345,0.0101,0.2198,0.0072,0.0,0.0132
FAM47A,0.0,0.0,0.0,0.0,0.0829,0.0,0.0,0.0,0.0,0.0383,0.0,0.0,0.0,0.0,0.1389,0.0,0.0,0.0,0.0,0.0,0.0,0.0,0.0,0.0,0.0,0.0,0.0,0.0,0.0,0.0257,0.0,0.0,0.0,0.0,0.0,0.0,0.0,0.0,0.0,0.0,0.0,0.0379,0.0,0.0,0.0,0.0,0.0627,0.0,0.0,0.0,0.0153,0.0,0.0,0.6196,0.0,0.0,0.0,0.0,0.0,0.0,0.0,0.0,0.0,0.0,0.0,0.0,0.0,0.0,0.0,0.0,0.0,0.0,0.0419,0.0,0.0,0.0,0.0,0.0,0.0,0.0,0.0,0.0,0.0,0.0,0.0,0.0,0.0,0.0,0.0,0.0,0.0,0.5071,0.0,0.0,0.0,0.0,0.0,0.0,0.0,0.0,0.0,0.0,0.0,0.0,0.0,0.0,0.0,0.0,0.0,0.0,0.0,0.0,0.0,0.0,0.0,0.0554,0.0,0.0,0.0,0.0
FAM47B,0.0,0.0,0.022,0.0,0.0,0.0,0.0,0.0,0.0,0.0,0.0,0.0,0.0,0.0,0.0,0.0,0.0,0.0,0.0,0.0,0.0,0.0,0.0,0.0,0.0,0.0,0.0,0.0,0.0,0.0,0.0,0.1179,0.0,0.0,0.0,0.0,0.0,0.017,0.0,0.0,0.0,0.0,0.0,0.0,0.0,0.0,0.0,0.0,0.0,0.0,0.0,0.0227,0.0,0.1068,0.0,0.0,0.0,0.0,0.0,0.0,0.0,0.0,0.0,0.0,0.0,0.0,0.0,0.0,0.0,0.0,0.0,0.0,0.0,0.0,0.0,0.0,0.0,0.0,0.0,0.0,0.0,0.0,0.0,0.0,0.0,0.0,0.0,0.0,0.0,0.0,0.0,0.0644,0.0,0.0,0.0,0.0,0.0,0.0,0.0,0.0,0.0,0.0,0.0,0.0,0.0,0.0,0.0,0.0,0.0,0.0,0.0,0.0,0.0,0.0,0.0,0.0,0.0,0.0,0.0,0.0
FAM47C,0.0,0.0,0.0,0.0,0.0,0.0,0.0,0.0216,0.0,0.0148,0.0,0.0,0.0,0.0143,0.0,0.0,0.0,0.0471,0.0,0.043,0.0,0.1724,0.0,0.0,0.0789,0.0,0.0,0.0541,0.0277,0.02,0.0,0.0252,0.0337,0.0,0.1386,0.0,0.0,0.0,0.0,0.0403,0.043,0.0,0.0,0.0,0.0,0.0,0.0,0.0,0.0,0.063,0.0,0.0437,0.0,0.0687,0.0,0.0247,0.0438,0.0192,0.0209,0.0,0.0179,0.0,0.0,0.0356,0.0,0.0,0.0,0.0241,0.0,0.0,0.0,0.0,0.0108,0.0,0.0,0.0,0.052,0.0,0.0,0.0,0.0,0.0727,0.0,0.0153,0.0,0.0,0.0,0.0,0.2441,0.0,0.0,0.0207,0.0,0.0436,0.0,0.0,0.069,0.0157,0.0198,0.0625,0.0,0.0,0.0,0.0,0.0,0.0,0.0881,0.0,0.0,0.0,0.0,0.0182,0.0,0.016,0.0588,0.0,0.0507,0.0,0.0,0.0
FAT1,3.1195,2.276,23.8457,32.252,84.4193,21.8167,69.7406,24.7287,4.9494,13.1209,14.4622,175.9901,41.3287,17.5079,62.7076,21.358,34.3074,51.8499,35.5115,98.7636,140.7098,42.4024,36.7312,23.2476,2.4742,13.1571,80.9622,2.6476,33.7431,21.0843,132.5562,17.8098,27.1772,13.115,16.4504,18.0055,5.9675,20.7305,13.2169,2.4809,72.4099,54.6855,2.5301,13.3562,27.8889,28.8619,2.1047,15.8589,13.8348,18.9959,34.9978,55.5869,33.8435,86.7509,31.8149,68.3727,15.181,105.3459,24.793,5.5304,38.5742,26.2967,93.9704,31.8982,38.2354,63.081,58.2291,47.7327,69.0778,33.3984,4.3553,27.5264,39.0855,31.7424,4.1887,65.1613,20.1706,36.2623,6.1701,40.6192,26.6123,13.8204,25.5201,16.6801,26.8538,40.7506,53.6683,13.8425,29.8313,48.7068,31.6382,25.1815,12.3028,14.8697,18.4011,35.0092,37.406,19.6664,9.4799,3.794,79.0382,35.1336,12.7871,25.5802,11.2437,36.0459,20.913,15.3748,32.4848,95.1581,37.9306,84.6094,15.7214,71.6843,46.6146,9.2793,38.4602,3.6628,56.1093,24.0154
FAT2,0.374,0.185,1.0377,1.6809,2.9515,0.3645,0.4308,5.8561,0.0292,0.7581,0.609,0.0845,0.0789,2.8006,0.0856,0.0065,1.2477,0.3987,0.2963,1.9042,0.1212,0.0848,0.2021,0.244,0.191,0.1679,7.5926,0.0164,0.0188,2.696,0.0729,0.0859,1.0253,0.1279,0.0315,0.3038,0.0186,0.0795,0.2768,0.7367,0.1807,0.06,0.1557,0.0522,0.0602,0.1021,0.1159,0.1659,0.3476,0.2858,1.8638,2.3161,0.4837,4.0667,0.2001,0.0112,0.6715,0.4046,0.0856,0.1287,0.0731,0.0217,5.2683,0.0566,24.182,1.107,4.5724,0.0493,0.0786,6.1769,0.1158,0.1635,0.0443,0.1051,1.0936,0.1796,0.0443,3.8276,0.0833,0.6423,0.0276,0.9204,1.3403,0.2328,0.1524,0.1083,0.0591,1.5692,0.4617,3.0387,0.0982,1.4259,0.479,0.0594,1.3439,0.347,0.7307,0.3207,0.1935,0.0307,1.2416,0.0935,0.0881,0.0753,0.0535,0.07,0.3598,0.0703,0.041,0.2168,0.3578,7.5244,0.1358,0.2075,0.2134,0.0975,0.1782,0.7489,0.0594,0.1507
FAT3,0.018,1.008,0.0459,0.0802,0.231,0.0224,0.0947,0.6688,0.7386,0.2032,0.0294,3.5516,0.0208,0.5726,0.5992,0.0342,0.2875,0.5154,0.2276,7.5911,0.0529,0.1426,0.1466,0.8017,0.297,0.0414,0.1474,0.074,0.1183,0.1093,0.4993,0.0043,0.1038,0.0286,0.2135,0.328,0.2436,0.0225,0.0044,0.0138,0.1399,0.4576,0.0451,0.011,0.0592,0.0257,0.0583,1.402,0.1259,0.4382,0.183,0.726,0.1278,1.5272,0.2313,0.0465,2.0629,2.5488,0.0251,0.0511,0.0643,0.007,1.1005,0.0549,0.1569,1.0718,14.2691,0.1116,0.1636,0.1935,0.1728,0.0051,0.0463,4.3353,0.0212,0.1354,0.0289,0.1475,0.0457,0.2285,0.0333,0.7158,0.1437,0.0314,0.1628,0.1497,0.0446,0.4106,0.0279,0.0541,0.0322,0.1116,0.3454,0.0858,0.0849,0.0649,0.976,0.1048,0.6718,0.0196,0.0256,0.0793,0.0574,0.0319,0.0962,0.1478,0.1281,0.0088,0.0361,0.0556,0.4279,0.0778,3.7001,0.9332,0.3319,2.2394,0.1647,0.1214,0.2433,0.129
FAT4,0.9735,0.7404,1.9264,1.831,0.1496,0.4461,1.5151,4.3877,1.8536,2.2798,1.9585,7.589,5.1747,6.2992,3.2381,0.5929,6.3543,5.3776,3.7481,57.1117,0.8804,2.2506,2.6198,4.5365,0.3631,2.4705,4.1526,0.4193,1.2249,2.8399,1.3204,0.6031,1.3911,1.3862,1.3416,4.6706,1.5417,1.165,1.7187,0.7255,1.7627,1.1212,0.4624,0.4026,1.3086,0.5958,0.5207,13.5185,1.5222,2.9823,2.4187,5.2578,2.9101,14.2276,6.0017,0.1609,8.4251,18.3857,2.6611,0.5417,1.8964,1.0933,12.013,1.5869,3.1284,10.1598,2.1003,0.7997,1.2319,2.3927,1.679,0.3073,0.7025,5.5049,1.5398,1.7055,1.2664,1.9508,4.7004,2.1837,0.8946,2.4317,2.4617,1.3465,0.829,5.5085,1.01,3.9923,1.5905,1.2038,1.4947,2.1257,2.223,11.9861,1.331,1.7454,6.5678,2.2528,4.2688,0.2068,0.2317,3.3755,0.6732,0.7974,1.319,0.7514,2.2612,0.2644,0.1777,3.7012,12.3752,1.7735,0.9979,16.0033,14.6899,1.1833,4.7886,1.7317,3.1044,3.2502
FBN2,0.2013,0.709,0.1162,0.1979,0.0321,5.7423,1.4904,0.6899,0.0241,0.7448,0.2576,0.05,0.1648,0.2748,0.827,0.057,4.7235,0.2036,1.1373,0.8055,0.1052,0.1147,0.077,0.0861,0.1182,0.1914,27.1406,0.0585,0.1622,0.9368,0.4142,1.2665,0.1936,0.3648,0.1107,0.4084,0.328,0.1558,1.8135,0.0604,1.2731,0.7627,0.1712,0.0942,0.2938,0.0889,0.2854,0.3616,0.918,0.0576,0.3263,2.3798,0.3494,2.6389,0.2738,10.0688,0.1149,0.756,0.0471,1.1994,0.6568,0.1503,0.2257,0.2313,0.6072,1.4591,0.3555,0.1868,0.0415,0.042,0.1553,0.1349,0.2731,0.1816,1.0401,1.1539,3.2059,9.8636,0.0666,1.0215,0.7289,0.1135,0.2934,0.4853,0.2375,0.5459,0.2275,0.9745,0.2234,0.956,0.0658,0.2532,0.0508,0.1252,0.5576,0.8807,7.6004,0.047,0.5592,0.0598,8.1698,0.2741,0.3038,1.1072,0.4752,0.077,0.0879,0.2901,0.1016,0.279,0.1086,0.1543,0.8677,0.1561,0.418,0.472,0.4109,0.1386,0.2428,0.1854
FBXL7,1.6864,1.9086,5.2009,6.0798,1.7272,3.2765,6.9654,14.3939,2.0075,8.5989,13.1446,1.1636,3.0604,11.9536,12.0071,3.0726,22.6566,7.6196,8.6268,10.4644,2.3984,4.574,2.9011,9.2055,10.5298,4.9118,30.0632,2.6124,6.118,6.4651,3.9713,1.8471,4.7737,2.0369,4.7136,6.8741,2.1146,3.6193,2.1973,2.6223,5.8174,7.3054,1.0722,1.2905,3.2211,3.0592,1.8292,10.9793,3.3182,9.8111,9.0579,16.5234,7.2716,10.2786,7.3791,3.1964,12.7254,4.2726,2.1995,1.0919,8.8766,2.0489,1.7019,8.8143,12.0147,25.1879,41.6788,7.2138,4.2439,3.2931,5.1419,2.5621,2.4441,2.4199,2.704,6.9406,5.7951,4.8184,2.7582,7.954,3.1982,4.7063,5.6505,2.0121,4.0375,15.5176,2.5143,4.8022,8.9126,5.8328,3.5571,6.7805,6.8864,2.7038,5.3087,3.6034,12.2152,5.8075,10.826,0.6421,2.3275,3.7901,6.8598,3.6231,5.7113,5.748,3.3116,2.5196,1.2356,4.3509,5.9479,15.146,2.3311,0.8802,21.3987,5.5175,11.4261,3.4264,16.802,4.2004
FCGBP,1.5351,1.9262,37.0976,7.0001,0.829,1.3357,5.3954,43.8664,0.9429,29.1769,18.5999,30.7441,130.0512,49.126,38.3483,10.6883,13.0229,30.8503,43.8692,37.6656,2.3817,0.7972,39.9045,18.5645,1.031,22.4689,2.7714,8.0911,2.3622,33.5974,1.6557,0.5398,60.9594,10.534,2.8648,74.8824,2.5648,0.7719,84.6572,1.5704,1.397,5.5123,19.0363,0.4802,6.125,0.9492,2.9349,3.5314,4.963,65.4103,73.5355,59.5396,11.7328,9.6116,22.0813,1.396,3.5094,236.7849,12.3543,0.8433,3.4447,15.1083,7.6142,120.3,67.869,2.9518,12.144,2.6829,2.6635,31.0932,13.6541,2.0858,1.1528,1.406,11.4208,6.1487,28.6148,3.4454,17.8222,7.0376,1.8149,8.513,27.1946,36.9514,1.3532,1.898,14.5688,102.0726,182.668,46.6258,8.9774,15.6841,8.79,50.3694,18.8279,34.7303,37.965,72.0305,13.1673,3.1497,10.2615,175.4059,1.0822,1.3719,22.8395,2.6938,4.9549,2.0775,13.7356,16.3121,39.1485,3.0954,1.6846,9.2764,2.8422,0.4103,59.6028,6.7433,0.1238,7.1266
FER1L6,0.3823,2.5263,0.0462,0.3537,0.1168,0.112,0.0216,1.6364,0.0176,0.0971,0.5815,307.8012,0.0379,0.3196,0.0881,0.0156,0.2224,0.1882,0.0269,4.2462,9.1919,0.0,0.0,0.0111,0.086,1.0781,0.0376,0.0,0.0,0.0762,1.153,0.0,2.0772,0.0228,0.0,0.0541,0.6867,0.1492,0.0141,0.011,0.2112,0.1602,0.0,0.2709,0.0503,0.7458,1.4191,0.0629,0.1651,0.0,0.0972,0.0795,0.1357,1.2727,0.0961,0.7138,0.012,2.5189,0.0343,0.8787,0.0098,0.0149,0.0183,0.1749,0.0192,0.0,0.1591,0.0592,0.0076,0.0131,0.0111,0.2291,0.0177,0.541,0.0507,0.5223,0.1063,0.8814,0.0,1.4955,0.0133,0.5057,0.0763,0.0,0.3051,0.0217,18.656,0.1784,0.0148,0.0454,0.0513,0.1354,0.0101,0.0357,0.0773,0.0641,0.0376,0.2825,0.0,0.0,0.0204,0.0655,0.0096,0.2034,0.0395,0.0,0.0,0.0,0.0247,3.7899,0.2519,0.109,0.0768,0.0262,0.1922,4.8976,0.0138,0.0336,0.1428,0.0184
FLG,0.0181,0.054,0.1456,0.0372,0.0884,0.6261,0.3671,0.1559,0.0,0.0153,0.071,0.155,0.1031,0.0406,0.0486,0.0,0.1304,0.0607,0.2477,0.9321,0.029,0.0519,0.0265,0.1308,0.0136,0.0035,0.3643,0.0046,0.0321,0.1287,0.1035,0.0911,0.1478,0.0054,0.1358,0.0938,0.0212,0.0254,0.2476,0.0104,0.0555,0.0227,0.0,0.0,0.0536,0.0097,0.1066,0.5588,0.0179,0.0379,0.0337,0.0564,0.2648,1.5403,0.5254,0.0764,0.0735,0.1186,0.0324,0.0308,0.0092,0.0035,0.0734,0.0276,0.0727,1.2922,0.0133,0.4421,0.1144,0.0124,0.0184,0.1161,0.0224,0.0085,0.0587,0.043,0.0335,0.1556,0.0344,0.0561,0.0188,0.1313,0.0289,0.0592,0.0289,0.082,0.0084,0.0056,0.035,0.1374,0.0146,0.0214,0.0955,0.0731,0.0183,0.2831,0.0771,0.0202,0.1432,0.0134,0.1685,0.0797,0.0546,0.6094,0.0,0.0159,0.1022,0.0,0.4742,0.0734,0.3084,0.1313,0.0136,0.3888,0.1137,0.1441,0.2874,0.0318,0.2315,0.0464
FLG2,0.0,0.0084,0.0102,0.013,0.0,0.0338,0.0143,0.0312,0.0,0.0054,0.0,0.0311,0.0063,0.0052,0.0,0.0103,0.0,0.0227,0.0623,0.7935,0.0,0.0,0.0,0.0147,0.0,0.0049,0.0125,0.0,0.0,0.0,0.0,0.0091,0.0366,0.0,0.0301,0.012,0.0198,0.0,0.0,0.0073,0.0078,0.0,0.0,0.0033,0.0,0.0,0.0088,0.0649,0.0031,0.0,0.0,0.0053,0.0,1.3405,0.1346,0.0,0.0159,0.0,0.0,0.0,0.0,0.0,0.0545,0.0,0.0,0.0961,0.0062,0.0175,0.005,0.0,0.0,0.0,0.0,0.0,0.0037,0.0,0.0094,0.0117,0.0,0.0,0.0,0.0329,0.0,0.0111,0.0101,0.0072,0.0,0.0,0.0,0.006,0.0,0.0,0.0,0.0079,0.0128,0.0284,0.0,0.0,0.0143,0.0,0.0203,0.0062,0.0064,0.0375,0.0,0.0112,0.0159,0.0,0.0327,0.0147,0.0197,0.0,0.0064,0.0812,0.0106,0.0233,0.0092,0.0,0.0271,0.0122
FLNA,65.0903,238.8142,701.4176,444.87,72.9577,224.2311,317.506,470.5788,111.4901,426.6804,405.9557,153.6381,256.4614,534.3731,414.6633,52.5757,676.4519,194.7585,393.5884,254.4081,83.2421,159.6937,487.9749,309.3281,275.4783,211.7593,699.513,69.0621,239.5622,520.6033,98.3859,225.6015,427.4825,239.1202,232.8161,591.3209,242.6954,120.5402,483.5687,122.2189,190.2213,294.3125,204.6321,57.7871,292.3864,170.0027,108.3554,313.5078,153.0939,353.0414,388.8137,753.3578,334.4891,233.8854,428.0141,223.7716,527.3353,1109.0896,413.3132,554.5625,139.477,65.9674,148.4596,306.6504,997.0856,508.5001,263.6914,215.1264,276.3862,282.6127,582.9242,214.6825,394.1034,189.107,351.0473,706.1282,289.5675,658.8098,174.3077,223.8117,111.2884,320.4233,322.6012,375.1808,102.4107,355.143,75.8692,184.5883,356.6981,763.4791,196.7948,376.1287,278.8736,496.27,313.2927,950.2847,738.9942,384.4438,369.647,80.4105,411.9508,715.3326,168.2035,189.1247,184.8362,317.5393,90.4009,66.0433,32.383,283.3496,513.201,368.8004,128.6825,605.364,755.1036,177.1065,231.4346,308.4349,508.3648,360.9469
FLNC,3.6511,2.8316,1.5753,28.5609,2.3152,114.5667,25.1739,21.2074,0.6548,6.0462,1.8158,4.0838,0.8861,9.3269,5.5236,0.6714,18.8739,9.3706,2.4244,2.0869,2.5653,1.3115,1.2706,5.2728,1.979,3.953,81.539,1.0282,1.1196,5.0055,15.7224,9.8946,4.9779,16.0691,1.1666,3.7719,0.7226,34.0225,23.6346,1.6825,18.5896,6.4655,0.6397,1.2997,3.0415,3.4281,3.1577,4.1063,2.7221,3.7651,4.8277,6.0364,10.6184,14.0294,10.8922,12.8535,5.5968,3.8285,0.6574,0.2448,2.1258,1.8156,1.6665,3.0383,5.671,120.9547,1.4138,2.071,162.1989,0.9354,7.6803,3.3504,2.0285,0.7431,1.6595,19.0114,2.2718,57.6223,0.4999,8.0794,3.1763,4.514,7.137,0.475,4.2309,13.1894,2.6472,2.5047,1.3544,14.7766,2.2417,2.7537,5.276,2.3878,4.211,2.0834,15.8874,2.7157,9.3477,0.3566,0.4395,1.6035,3.0576,5.9733,2.166,37.5871,0.3612,1.2251,3.9671,2.2107,3.4607,4.4923,4.4567,2.4655,9.0014,6.5372,14.4324,3.0796,8.0713,2.436
FMN2,0.0717,0.0159,0.4855,0.2455,0.0219,0.0191,0.0269,1.5519,0.0,0.177,0.2929,0.0,0.3728,0.2971,0.0183,0.068,0.3279,0.1069,1.0906,1.2457,0.0574,0.1957,0.0934,0.2142,3.7535,0.0458,0.3403,0.221,0.033,0.0884,0.0365,0.9373,0.1837,0.0213,0.1039,0.0844,0.056,0.0261,4.8611,0.0,1.2389,0.3703,0.0899,0.0909,0.0865,0.2042,0.0166,0.0699,0.0383,0.0429,0.7287,0.3228,0.2649,0.5846,0.0734,0.0084,0.1418,0.3983,0.1998,0.0,0.2012,0.014,0.0057,0.0243,0.4083,2.3596,0.1637,0.0699,0.0189,0.7295,0.0139,0.3578,0.0849,0.0225,0.0,0.0,0.1727,0.0661,0.0341,0.1878,0.0249,0.0496,0.1049,0.2138,0.6195,0.1084,0.0333,0.156,0.231,0.017,0.0192,0.5747,0.082,0.0149,0.2174,0.2181,0.0313,0.2032,0.027,0.0248,0.0763,0.1461,1.6644,0.0212,0.0432,0.0,0.45,0.0,0.0,0.0208,0.2315,0.1795,0.1349,0.0164,0.1601,0.022,0.1121,0.105,0.051,0.0268
FRAS1,0.8552,4.8914,1.8084,0.3312,0.184,0.0674,0.4347,3.7275,3.9226,0.9512,0.5673,5.4533,4.5215,2.1491,25.4289,0.8771,2.1129,13.7502,1.4046,18.5213,1.0521,4.8414,1.1181,3.6475,8.5608,1.3078,6.1431,0.4024,1.499,0.6276,1.1127,0.3296,1.0251,1.6928,0.7666,1.6578,0.7666,1.1434,0.6017,0.232,1.2717,2.4024,0.3625,4.3281,0.452,8.8253,0.2423,6.4685,0.8458,2.2713,2.9765,2.667,3.2599,2.96,4.4386,0.1273,10.0675,19.4474,0.77,1.1689,0.3351,1.8312,2.0167,2.5656,0.9509,68.8038,1.0229,5.4603,0.2785,4.1542,1.479,2.3097,3.5881,9.1069,2.7442,0.3577,0.4354,1.6179,1.2497,1.3437,1.7932,4.2077,1.1875,3.224,1.2064,1.3388,2.3152,2.2591,2.4928,0.6322,0.1875,4.7061,2.7797,2.2253,2.3266,1.1269,4.2547,1.8636,4.7918,0.4956,4.7083,1.2057,0.8878,12.0601,2.0398,0.2173,1.3238,0.0532,3.1354,2.3495,5.7103,0.6463,7.0549,5.9953,11.3359,4.5291,7.8431,1.3879,1.0859,1.9078
FRMPD4,0.0232,0.1311,0.0234,0.0,0.0,0.0804,0.0131,0.0358,0.0107,0.0344,0.0912,0.0853,0.0,0.0426,1.142,0.0,0.027,0.0364,0.0,0.0285,0.0,0.0095,0.0,0.0202,0.0087,0.0045,0.0114,0.0358,0.1283,0.0,0.0089,0.0,0.0223,0.0069,0.1102,0.0383,0.0363,0.0036,0.0,0.0,0.0143,0.0,0.0262,0.003,0.0076,0.0,0.0,0.1274,0.0086,0.0556,0.0039,0.0193,0.0824,0.2047,0.013,0.5973,0.0145,0.0508,0.0,0.0099,0.0059,0.0,0.0222,0.0,0.0,2.2253,0.0,0.004,0.0,0.0558,0.0,0.0,0.0036,0.9749,0.0103,0.0,0.0,0.025,0.0111,0.024,0.0,0.0663,0.0185,0.0,0.0741,0.0,0.0,0.0144,0.0,0.0055,0.0,0.0034,0.0552,0.0,0.0822,0.0173,0.0152,0.0104,0.0722,0.0,0.6555,0.0398,0.0058,0.0,0.006,0.0102,0.0146,0.0,0.0,0.0067,0.1711,0.012,0.0146,0.0213,0.7494,0.0142,0.0587,0.0715,0.0,0.0149
FSTL5,0.0435,0.9956,2.2038,0.0,0.0,0.6249,0.0,0.0,0.2794,0.3772,0.0,0.0177,0.0,0.0266,0.4674,0.0,0.0101,0.0194,0.0,0.1067,0.0,0.0,0.0,0.0,1.4016,0.0667,0.0,0.0112,0.0086,0.0124,0.0,0.0156,0.0418,0.0776,0.0344,0.0102,0.0,3.27,3.6179,0.0,0.0934,0.3642,0.049,0.3022,0.0072,0.5806,24.4344,0.6515,0.0,0.0,0.2283,0.2259,0.0096,7.2324,0.0121,0.0765,0.0,0.0,0.0389,0.037,0.0,0.0,0.0208,0.0,0.0,0.0,0.0106,0.1122,0.0,0.0,0.1264,2.2878,0.7117,1.2707,0.0,0.0258,0.0081,0.0,0.0207,0.036,0.0452,0.0902,0.0173,0.0,0.052,0.0,0.0202,0.0,0.0,3.9422,0.0,2.7708,5.3927,0.0,0.0439,0.0162,0.0855,0.0097,0.0,0.0258,0.0,0.0,0.0,0.5267,0.0,0.0,0.0,0.0,0.0,0.0126,1.2802,0.0,13.5356,0.0696,0.0182,0.0133,0.0,0.0,0.0232,0.0
GLI3,0.4611,0.8183,1.596,6.0622,0.9887,1.143,3.1863,4.9612,5.8835,3.5352,4.2771,0.6229,15.3663,3.3196,2.7628,3.2532,5.7338,3.7055,11.6601,4.9482,0.8935,2.4455,5.1848,2.8173,0.3647,1.8107,11.1784,0.2843,1.8781,4.3629,0.9216,1.7927,2.5876,1.1132,0.9146,2.1099,2.3829,1.8663,0.4157,3.1139,2.5677,8.374,1.3938,0.3916,1.3962,2.1235,0.7968,6.3365,2.487,3.0812,2.4693,11.0495,2.1088,8.9623,2.9649,0.632,4.664,0.8204,5.8997,1.4486,11.1658,0.4155,1.798,1.483,6.0611,11.5803,1.4156,2.0206,1.2161,1.4384,1.7513,1.1554,3.3597,165.2461,4.0298,2.8279,1.7468,2.7647,5.5613,2.3977,0.8785,2.1305,3.9951,0.6918,0.95,4.6066,0.8017,1.8408,6.9071,1.8714,4.5716,3.6699,1.6335,1.7833,1.9329,7.8772,3.9316,1.738,2.465,0.2241,12.4508,1.3499,1.8516,1.13,1.6689,1.6007,5.907,0.6546,0.3496,1.2586,4.7637,3.5679,0.5786,0.7862,7.9736,1.9627,3.6571,1.4452,5.0176,2.2949
GPR158,0.8687,2.7019,0.2681,3.0215,3.548,1.6657,0.0,0.0803,0.0532,1.9925,0.071,0.1892,0.1076,0.1535,2.2581,0.0353,0.0202,0.0389,0.0509,0.0355,0.0464,0.1187,8.5168,0.2596,0.8254,0.8444,1.494,0.0521,0.0914,0.1402,3.3052,4.0555,0.0278,0.1207,0.0458,0.0068,0.1244,5.5745,0.1286,0.0749,0.2133,2.4633,0.0436,1.2427,0.0429,0.0232,1.2255,0.1536,2.2229,0.104,3.0185,4.6178,0.0,4.5646,0.0162,3.2339,1.1677,0.0237,0.026,7.7528,0.0222,0.017,0.1107,0.0,0.0874,0.0941,0.085,3.9238,0.0343,0.0398,0.9563,0.7065,4.0268,1.3112,3.6724,0.0172,0.0,0.4673,0.2619,0.006,3.4168,0.0751,0.0694,3.256,1.8257,0.0411,0.4302,0.036,0.1344,3.6519,0.5518,3.475,1.7816,0.027,1.0689,0.0324,0.114,2.4315,0.131,0.0172,0.0154,0.0142,0.2914,0.077,0.1198,0.0,0.2182,0.0213,0.5851,2.2242,0.3255,0.0225,0.04,2.113,0.0121,5.1738,0.0523,3.0821,0.0154,1.0735
GRID2,0.0,0.0651,0.0175,0.0,0.4993,0.0,0.0,0.0134,0.0,0.0046,0.0107,0.0445,0.0,0.0355,0.0419,0.0,0.0203,0.0292,0.0077,0.2407,0.0087,0.0,0.0639,0.0126,0.0163,0.0,0.0,0.0,0.0215,0.0062,0.0,0.0,0.0,0.0389,0.0,0.0051,0.0511,0.0034,0.0,0.0063,0.0134,0.0,0.0,0.0086,0.0036,0.0058,0.0302,0.008,0.0027,0.0065,0.0148,0.0498,0.0387,0.576,0.0,0.0,0.2929,0.0,0.0065,0.0278,2.2194,0.0,0.0208,0.0222,0.011,0.0118,0.0107,0.0038,0.0043,0.0075,0.0032,0.0093,0.0,0.9455,0.0,0.0129,0.0162,0.0033,0.0,0.0045,0.0076,0.0226,0.0,0.0,0.0,0.0,0.0,0.0,0.0,0.0207,0.0,0.045,0.0115,0.0,0.0,0.0,0.0357,0.0049,0.154,0.0194,0.0,0.0,0.0,0.0,0.0056,0.0,0.0137,0.0,0.0047,0.0063,0.0,0.0226,0.1832,0.0,0.0091,0.0668,0.0,0.0096,0.0581,0.0105
GRIK2,0.0146,0.1744,0.7163,1.357,0.0535,0.2719,6.729,1.2128,0.804,1.2785,0.4151,0.2144,0.4843,0.4402,0.2353,0.6765,0.9977,4.8099,0.7993,0.5012,0.0584,0.4781,0.1283,2.1432,0.5799,0.1959,1.0034,0.0675,0.069,0.0498,0.2339,0.105,0.2946,0.0434,0.2307,0.5225,0.3645,0.041,1.0148,0.2432,1.8803,0.0611,0.3292,0.0115,0.7154,0.0702,0.0202,0.0267,0.1548,0.1484,1.0087,4.7977,0.5307,2.942,0.0489,0.298,0.1368,0.1276,0.0436,0.0497,2.8374,1.1046,0.7247,2.5063,1.6723,5.4009,1.0281,1.0548,0.8707,0.9511,0.9719,0.4121,1.6678,3.5639,0.0645,3.448,0.2596,0.2735,0.0417,2.699,0.1114,0.1967,0.0815,0.0764,0.2561,0.6535,0.0542,1.8965,2.6182,1.0462,0.7282,0.6416,0.0077,0.2813,0.4721,4.9968,2.0955,0.3201,0.1485,0.0867,0.3573,2.4847,0.0294,0.0604,0.0603,0.2696,0.6413,0.2794,3.1605,0.0254,0.475,0.2344,0.1684,0.9009,0.1222,1.3411,0.2634,0.8981,1.5563,0.0515
GRIN2A,0.0,0.0082,0.01,0.0287,0.0076,0.0033,0.0489,0.2138,0.0171,0.0446,0.0243,0.1771,0.1229,1.5647,0.0571,0.6202,1.9063,0.0333,0.1524,1.9472,0.2831,1.4882,0.0363,0.0717,0.0279,0.9036,0.0244,0.0701,0.0685,0.06,0.0426,0.0134,0.0536,0.0,0.0539,3.4122,0.0581,0.0058,0.0321,0.0143,0.0114,0.0104,0.042,0.0179,1.2547,0.0066,0.0172,0.0839,0.0245,0.0557,5.2567,9.5357,0.1045,0.6068,0.097,0.0131,0.1627,0.8743,0.0333,0.0106,2.6992,0.0048,0.0355,0.2773,0.1247,6.982,4.4869,0.0662,0.0172,0.4254,0.0216,0.0106,0.0268,0.0,0.0165,0.0294,0.0942,0.0381,0.0118,1.1365,0.0,0.0386,0.0099,0.0217,0.0297,0.0105,1.1453,0.0617,0.0192,0.0147,0.7985,0.0146,0.1211,0.2236,0.2069,0.0185,0.0122,2.4119,0.0421,0.0166,0.0099,0.1365,0.0094,0.0586,0.0192,0.0164,0.0,0.3059,0.008,2.6983,0.221,0.5687,0.014,3.0567,0.0467,0.0076,0.2015,0.0273,0.0066,0.0179
GRIN2B,0.0,0.1833,0.003,0.0058,0.0023,0.0219,0.08,0.0023,0.024,0.0063,0.0,0.0122,0.0,0.0091,1.5134,0.003,0.0069,0.0067,0.0052,0.1328,0.012,0.0031,0.0,0.0043,0.1315,0.0973,0.0,0.0,0.0044,0.0042,0.0085,0.0027,0.0144,0.0,0.0,0.0193,0.0,0.0035,0.0,0.0,0.0275,0.0,0.0028,0.0,0.0086,0.1276,0.0026,0.0027,0.0009,0.0022,0.0101,0.0078,0.0066,0.4748,0.0083,0.0053,0.014,0.0204,0.0045,0.0,0.0,0.0029,0.0,0.0,0.0,0.0525,0.0018,0.0064,0.0015,0.0051,0.0,0.0032,0.0,0.6159,0.0022,0.0,0.0,0.0034,0.0071,0.0062,0.0,0.0097,0.0,0.0,0.0179,0.0042,0.0035,0.0,0.0,0.0,0.0,0.2302,0.002,0.0046,0.034,0.0056,0.0,0.0017,0.0148,0.0033,0.004,0.0018,0.0019,0.2956,0.0019,0.0,0.0187,0.0,0.0032,0.0151,0.0,0.0058,0.0056,0.0085,0.0,0.0046,0.0081,0.0,0.0,0.0
GRIN3A,0.452,0.591,0.4321,0.697,0.1036,0.2859,0.6691,0.3045,0.0389,0.3828,0.6098,0.2191,0.357,0.1728,0.4992,0.2184,0.3089,0.3097,0.2183,2.8429,0.2038,0.1621,0.1794,0.4167,1.0384,0.2222,0.7496,0.1162,0.117,0.6194,0.3667,0.3356,0.2038,0.429,0.1452,0.1798,0.1765,0.5249,1.6936,0.8041,0.4335,0.6748,0.1488,0.7378,0.1953,0.2793,0.3136,0.3203,0.7984,0.3382,0.3591,0.2996,0.2883,2.351,0.292,0.1194,0.7948,0.6642,0.5232,0.6613,0.3317,0.2922,0.7557,0.5601,0.2841,1.4452,0.1314,0.501,0.4634,0.4363,0.0575,0.1572,0.4758,0.5596,0.9873,0.8557,0.4242,0.7902,0.3227,0.4678,0.5098,0.4103,1.0938,0.2344,0.9469,1.2016,0.0787,0.7293,0.5027,0.4361,0.417,0.1918,0.2312,0.3603,0.1429,0.5213,0.9636,0.1328,0.3435,0.0378,0.2482,0.3595,0.597,0.1253,0.9934,0.3232,1.0291,0.0624,0.0547,0.5896,0.3833,0.3881,0.3439,0.2779,0.2131,2.1211,0.4081,0.9319,0.3165,0.4488
GRM1,0.0468,0.1037,0.0817,0.0482,0.1336,0.4325,0.0528,0.0288,0.0143,0.0529,0.046,0.0127,0.0077,0.0382,0.108,0.0,0.1962,0.4751,0.1207,0.0766,0.0125,0.0128,0.0305,0.0542,0.2811,0.0899,0.0921,0.2568,0.037,0.0889,0.0715,0.4385,0.015,0.0093,0.1358,0.0294,0.0122,0.039,0.0809,0.0,0.393,0.0393,0.0235,0.0041,0.0257,0.0501,0.0108,0.0571,0.0771,0.0093,0.09,0.1883,0.1455,0.2446,0.0174,0.011,0.4295,0.0427,0.0653,0.8507,0.1594,0.0244,0.0597,0.0635,0.0157,0.0254,0.0229,0.1721,0.0617,0.1179,0.0227,0.0,0.0193,0.0147,0.023,0.1113,0.0405,0.1248,0.0297,0.0388,0.0433,0.0567,0.0249,0.075,0.0748,0.062,0.058,0.0097,0.0242,0.1261,0.0084,0.1936,0.2721,0.0389,0.0316,0.0407,0.041,0.014,0.0795,0.1392,0.0665,0.0535,0.0079,0.0462,0.0565,0.0,0.0392,0.023,0.0403,0.0181,0.0121,0.081,0.0431,0.0286,0.1047,0.1436,0.0789,0.0824,0.0833,0.0351
GRM5,0.0534,0.0177,0.0054,0.0618,0.0327,0.0071,0.0,0.4114,0.0,0.1018,0.0131,0.0,0.1059,0.2234,0.0616,0.0,0.1927,0.0658,0.0094,0.1804,0.0964,0.0,0.0,0.0232,0.01,0.0103,0.1444,0.0,0.0105,0.0228,0.0306,0.0,0.0385,0.0318,0.0,0.0441,0.0,0.0,0.0,0.0691,0.0246,0.0896,0.1206,0.0,0.0176,0.0,0.0834,0.0,0.0132,0.008,0.0362,0.1945,0.0237,0.8634,0.0075,0.0471,0.0418,0.0584,0.0,0.0682,0.0068,0.0522,0.1213,0.0272,0.0269,0.0,0.0196,0.0092,0.0,0.0183,0.0389,0.0114,0.0372,0.8445,0.0158,0.0,0.0,0.0534,0.0127,0.0553,0.0093,0.0208,0.0,0.0058,0.0213,0.0076,0.0496,0.0748,0.0207,0.0889,0.043,0.2288,0.0,0.0083,0.0946,0.0797,0.1841,0.0539,0.0151,0.004,0.0285,0.0916,0.0202,0.0,0.0069,0.0,0.0504,0.0,0.023,0.0155,0.0207,0.0,0.0335,0.0245,0.1008,0.0819,0.0386,0.047,0.0143,0.0558
GRM7,0.0,0.0,0.034,0.181,0.043,0.0075,0.0159,3.8854,0.0129,0.155,0.5665,1.7937,0.007,0.649,0.0,0.1489,0.1048,0.0315,0.0099,2.0047,0.0451,0.0462,0.0275,0.0896,0.0951,0.0324,0.0138,0.0,0.0833,0.0722,0.9031,0.0101,0.0406,0.1006,0.0,0.0266,0.077,0.1231,0.0,0.0162,0.0259,0.0,0.1695,0.0037,0.0093,0.0075,0.0,1.3699,0.0174,0.0169,0.0239,0.082,0.0812,1.0479,0.0393,0.3671,0.0176,0.0539,0.0,0.036,0.0072,0.0,0.0269,0.0,0.0283,0.1296,0.0138,0.0,0.0,0.029,0.0123,0.1326,0.0348,0.0399,0.0415,0.0335,0.3551,0.0779,0.0536,0.0816,0.0391,0.2045,0.0337,0.0123,0.0,0.024,0.1438,0.2628,0.0763,0.0067,0.0,0.0707,0.0297,0.0175,0.0427,0.063,0.0,0.0946,0.0159,0.0042,0.0075,0.0138,0.0,0.0167,0.1238,0.0,0.0,0.0,0.0061,0.0163,0.1092,0.0,0.1131,0.0709,0.0354,0.0086,0.1119,0.1115,0.015,0.0588
GRM8,0.1479,0.1105,0.1191,0.2186,0.0339,0.0788,0.3962,0.2391,0.034,0.7438,0.0363,0.0604,0.2291,0.1207,0.2557,0.1053,0.6194,0.182,0.2078,0.0454,0.326,0.0909,0.0542,0.6524,0.1942,0.1348,0.7268,0.076,0.2261,0.4422,0.1835,0.0266,0.4445,0.0661,0.0292,0.0784,0.0578,0.1443,0.4926,0.0532,0.1702,0.2169,0.0278,0.0825,0.0852,0.1581,0.1283,0.2231,0.0913,0.2103,0.5954,0.3152,0.1969,2.8964,0.1756,0.1303,0.6011,0.0404,0.1547,0.0944,0.4342,0.1876,0.3445,0.3008,0.9111,0.04,0.1086,0.1592,0.1316,0.0888,0.4358,0.3166,0.1714,1.5523,0.0436,0.1757,0.3085,0.0852,0.2816,0.0459,0.0513,0.1151,0.3395,0.1615,0.2656,0.6187,0.2404,0.1035,0.3719,0.6762,0.0496,0.0873,0.3222,0.115,0.1683,0.1516,0.1334,0.2401,0.1464,0.022,0.3446,0.172,0.1489,3.0609,0.6119,0.2766,0.0232,0.2724,0.31,0.343,0.086,0.6422,0.2274,0.0,0.1395,0.51,0.6811,0.0976,0.651,0.1187
HCN1,0.0,0.0056,0.0102,0.0,0.0206,0.0,0.0285,0.0207,0.0,1.8623,5.248,0.0206,8.3724,0.3155,0.7107,0.0,0.0548,0.8315,0.0177,0.0206,0.0067,0.1309,0.0411,0.0535,1.8546,0.9324,0.0165,0.0259,0.2554,0.0,0.0064,0.0182,0.0485,0.01,0.0731,0.4955,0.0722,0.281,0.0,0.0097,0.0,0.007,0.019,0.0,0.0388,0.0,0.0058,0.0892,0.0664,0.0151,2.1351,0.1014,0.3321,0.5434,0.0,0.0474,0.0105,0.0046,0.6984,0.0286,0.0386,0.0164,0.0,0.0513,0.0085,2.0849,0.8891,0.0029,0.0133,0.1443,0.0,0.0,0.0,0.0079,0.0,0.0,0.0031,0.0026,0.0,0.0209,0.1751,0.0087,0.0067,0.0257,0.0537,0.0238,0.0469,0.068,5.719,0.004,0.0,0.0124,0.0044,0.2563,0.0936,0.0157,0.0,0.0452,0.0,0.0025,0.112,0.6751,0.0,0.0149,0.0174,0.0,7.1723,0.5204,0.0,0.0487,1.0692,0.0174,1.3509,0.0115,0.0916,0.1392,0.5649,0.0148,0.0,1.0283
HDAC9,5.4054,3.9427,1.424,1.8884,0.4165,0.2614,0.4228,1.6288,0.4383,2.0059,1.2708,1.7532,0.9188,1.7708,1.6705,0.244,2.3692,2.1745,2.5331,19.6077,0.9723,3.8877,0.686,4.1716,0.4857,1.9614,10.3087,0.2382,1.3578,2.5967,0.3851,0.4908,0.8521,5.6424,0.7707,2.837,3.6197,1.8113,4.5907,1.0896,1.1799,0.5941,0.4616,0.433,0.6215,0.2841,7.7557,1.6502,1.3527,1.4486,6.8162,3.8093,0.8135,13.9745,4.0905,3.4242,2.1178,8.5532,6.9882,19.8794,19.9752,1.3702,20.6406,1.9474,1.2407,3.6197,7.1932,0.967,0.4877,8.3978,0.71,0.105,12.2884,6.4429,1.7108,5.9997,0.7785,1.6384,0.9213,1.5913,1.0408,2.1426,1.9535,1.259,1.9801,1.2486,4.1268,1.1279,1.2393,3.6877,8.5616,2.6079,1.1339,2.5652,1.9371,0.4599,3.8229,2.2252,1.7192,0.4597,0.8785,2.1987,0.4561,24.6237,1.6637,0.4139,2.9367,0.0904,0.2813,5.4844,2.1931,1.1449,0.2327,14.0451,2.5763,0.9191,1.0684,2.1944,1.7018,3.1306
HECW1,0.0747,0.0717,0.0869,0.7296,0.3196,1.3794,0.4775,0.0256,0.5872,0.2917,0.1385,0.1762,0.687,0.7346,0.1658,0.0068,1.3016,2.0984,0.3207,1.4975,0.02,0.3741,0.3325,0.0288,0.0311,0.6752,0.5057,0.2474,0.6843,0.4916,0.0697,0.6814,0.2315,0.3164,0.6957,0.3443,0.0778,0.6247,0.1106,0.1098,0.9528,0.5635,0.0,0.0065,0.1831,0.1242,0.9733,0.425,0.0492,0.2932,0.6303,2.323,0.7624,1.4629,0.4314,0.0819,0.0104,0.7262,0.2976,0.1979,0.5213,0.0194,0.3529,0.2025,0.5343,0.0764,0.1097,0.3459,0.7449,0.1253,0.5724,0.0782,0.4797,0.1723,0.3501,0.2169,0.0862,0.7501,0.3793,0.244,0.1152,0.0431,0.3446,0.3733,2.0602,0.273,0.4008,0.0981,0.2697,0.205,0.0267,0.4901,1.1485,0.3666,0.7388,0.3125,0.8331,0.4944,0.122,0.0814,0.0309,0.0975,0.4135,3.6072,0.3133,0.7962,0.073,0.4158,0.6281,0.5919,0.3733,1.4804,0.1333,0.2127,3.3392,0.4223,0.4257,0.2044,0.9034,0.1625
HEPH,4.3095,3.9635,6.3232,7.2803,6.6681,2.9016,17.0214,13.6207,2.1812,17.1318,2.218,8.2457,2.6836,8.7347,9.1578,2.7653,48.6701,9.5388,13.9492,7.0449,31.0955,6.37,5.8793,7.5256,2.2445,8.9346,29.4044,2.5324,4.471,9.2881,10.5655,2.0374,10.3212,3.99,3.703,6.6074,4.1782,5.0424,3.6106,2.5529,20.9629,14.6372,1.4805,0.9348,3.7523,2.5204,2.7981,21.5582,5.8041,11.7601,12.8552,34.1214,10.4117,9.9988,13.839,4.9842,11.0813,6.6242,2.0112,1.7581,13.2757,2.1011,5.8573,9.8872,20.5732,8.134,4.1152,5.1238,5.8498,3.1029,8.6261,2.5755,4.5378,4.2187,3.3861,5.6985,4.3656,6.9829,4.1329,8.8115,5.508,4.3778,6.2184,2.6487,5.8141,19.5147,134.7113,6.0699,5.3976,9.3232,3.9892,8.0413,8.4936,5.766,7.5654,9.4077,19.3187,6.1973,7.2466,0.8358,3.698,5.6357,8.1414,6.4515,12.3195,7.327,3.8198,2.0006,1.4472,19.8626,8.7246,3.9203,3.5717,3.4148,20.2795,26.0844,10.877,3.2185,21.8796,5.3029
HERC2,1.438,7.872,13.2507,10.1653,12.0821,6.6247,17.5766,12.801,8.2791,5.793,9.7928,19.1,15.2578,8.6055,13.1914,6.1436,5.3343,12.7065,6.8986,29.9238,8.3425,9.7982,8.1172,15.0924,11.0663,4.616,8.2593,4.8201,10.3843,10.8411,30.7753,13.5226,7.928,5.4897,9.3177,10.9909,2.1252,9.7069,5.5249,8.9543,14.7073,11.8403,4.5261,13.928,9.5347,6.3197,9.7583,16.2691,7.2586,7.2367,9.2793,12.5047,13.5487,19.6212,11.0859,19.4364,15.6697,29.7618,11.4256,6.8377,3.6621,8.688,10.4109,6.8501,8.2851,18.3135,11.6461,4.9419,11.1673,10.3223,5.7796,13.6693,23.3801,6.2855,9.9405,11.2086,7.0826,7.8328,3.2338,7.5557,4.5093,10.4307,9.8836,7.4425,5.1574,18.2502,3.4739,9.427,10.062,8.8578,7.5344,7.1746,11.7303,9.3658,5.7362,12.9735,10.1508,5.8188,8.942,2.8116,11.161,9.4506,5.7422,14.4808,4.2958,8.8481,7.2611,7.9092,3.4137,12.0358,16.0391,10.173,9.7242,17.2123,14.4523,10.057,18.5186,9.4389,8.7413,10.3598
HGF,2.5855,0.9609,4.0817,2.5908,0.4276,0.4864,3.8927,5.6389,1.7978,6.4531,2.3508,3.0601,4.6315,7.0426,9.1573,1.4667,16.3572,8.3205,8.482,30.5073,1.7584,3.5863,3.3723,6.9704,0.9341,4.1727,6.0139,1.3715,4.3508,4.5114,3.477,0.4099,4.026,2.8181,4.7636,7.7929,3.5752,3.0886,2.7123,1.4595,3.5236,9.8004,2.0524,4.5014,1.8036,1.5212,0.9216,18.8412,10.8489,5.0765,4.0525,11.1505,3.531,16.0012,6.7397,0.1421,12.4044,10.5376,1.9415,0.8178,3.5059,0.9722,10.5833,2.8458,5.1287,6.0478,1.2133,2.1931,1.4065,3.1259,1.0215,9.9604,7.4289,10.9084,2.3471,2.1414,3.2939,4.2615,5.1704,4.0797,3.7619,5.875,5.2264,2.9934,3.1897,7.6341,1.674,3.4161,1.2755,2.0787,1.1778,3.4873,3.4762,2.9363,2.3629,2.9929,1.5949,3.3195,7.2904,0.6941,0.6443,5.7531,31.9081,1.8653,5.1946,1.3464,5.1694,0.3233,0.4946,6.4765,12.1558,1.322,1.039,5.5724,20.8334,2.4279,5.714,3.9017,7.4281,4.3509
HMCN1,1.5309,1.9636,11.5287,2.7381,1.026,0.5359,7.3383,7.2839,2.5065,5.3006,8.3767,13.0389,1.9976,9.5463,9.6934,1.6925,13.0774,10.5695,6.3963,64.2695,4.4967,10.1118,5.0363,12.0226,1.227,5.5845,5.2107,1.2436,6.7593,6.784,3.2706,0.8312,1.9233,2.6798,4.4803,17.1431,2.0488,3.2844,2.4533,2.3143,5.6041,3.1712,0.548,0.6821,3.8117,2.6392,1.6445,26.624,5.5353,7.1985,7.6689,19.2892,12.5985,28.8884,13.1757,0.5393,12.4877,20.6486,3.1864,1.2506,5.7326,1.2698,16.2092,5.7237,8.8707,6.125,1.0817,3.2118,2.4401,4.0376,4.0233,1.7333,2.083,0.9492,2.6907,2.295,6.4568,4.102,4.342,7.8392,3.3203,8.1102,6.554,3.8895,3.2661,29.8399,2.0979,12.1615,5.2056,3.1431,2.3161,3.4113,11.8855,3.7169,5.1191,5.5544,4.0492,7.2424,7.135,0.6895,1.4201,5.2574,1.2175,9.2846,3.1218,1.282,22.4854,1.8235,0.5095,8.2623,15.3908,3.8722,5.1642,17.4494,39.7924,3.7304,14.9321,3.589,9.4248,11.7861
HRNR,0.024,0.0319,0.116,0.0247,0.1248,0.1728,0.1084,0.1702,0.011,0.0203,0.0471,0.0392,0.0417,0.1421,0.1384,0.0293,0.0391,0.1129,0.1097,1.8428,0.0289,0.1575,0.0,0.1181,0.018,0.0277,0.0472,0.142,0.019,0.0547,0.1467,0.173,0.2195,0.0143,0.0285,0.034,0.0,0.0113,0.0267,0.1174,0.1475,0.0101,0.0181,0.0095,0.0475,0.0449,0.7084,0.2328,0.0534,0.0431,0.0489,0.025,0.016,3.0109,0.7921,0.1016,0.1051,0.2168,0.0933,0.1534,0.0307,0.0,0.1607,0.0244,0.0604,0.2601,0.0,0.3227,0.095,0.0165,0.007,0.2571,0.0186,0.0,0.0638,0.0285,0.3608,0.0775,0.0343,0.1193,0.0083,0.1184,0.0096,0.2413,0.0288,0.0886,0.0,0.0598,0.1673,0.0514,0.0387,0.0426,0.0952,0.1121,0.0607,0.1388,0.0315,0.0323,0.0408,0.0107,0.0384,0.0235,0.0121,0.0426,0.0,0.0211,0.0,0.0177,0.2324,0.0139,0.0652,0.2803,0.0995,0.8793,0.1611,0.2798,0.1388,0.0106,0.0128,0.0231
HUWE1,10.1703,74.758,63.9871,40.7586,64.4305,66.742,93.2766,38.3593,41.9214,36.657,53.6903,56.9,58.5933,52.4331,141.3567,23.9136,26.5198,97.522,53.8098,127.7914,41.5307,51.6792,75.2395,43.8493,75.3403,25.544,63.0456,23.3125,67.9598,90.7278,67.2023,138.8583,48.5604,55.4881,71.9163,56.0595,10.6089,33.7208,33.4227,38.8317,70.6776,78.4942,19.3149,81.9103,29.7101,57.7427,87.1928,68.2124,45.311,58.3926,57.2423,129.7186,57.3616,113.0361,43.4868,126.0599,47.2977,99.6077,78.7712,75.8219,28.5577,58.4706,89.7316,57.6488,48.4002,80.5374,64.7204,61.0088,40.1259,72.609,55.1719,61.2306,62.0282,45.0309,78.7691,77.2833,39.7934,46.0738,18.6196,65.1007,30.1567,41.594,51.8961,59.0304,36.6934,49.0778,19.2459,27.9198,61.4855,70.2507,32.2685,52.716,67.4279,65.7062,52.0198,52.4601,55.1038,45.0278,30.2089,16.9866,76.8049,57.7205,28.4356,86.2561,18.7302,28.8991,69.3658,40.6178,43.9054,61.4787,75.8547,70.9621,29.0262,46.3538,86.8948,77.9264,78.3203,52.697,63.0972,71.3135
HYDIN,0.004,0.2328,0.3261,0.6463,0.2808,0.0794,0.1591,15.4355,0.0185,0.674,2.3094,0.0362,0.0679,3.2823,0.0712,0.0164,0.2813,0.3065,0.1019,13.8829,0.6233,0.0429,0.0197,0.429,0.3114,0.0417,0.5624,0.0062,0.0032,0.2593,0.0308,0.1654,0.624,0.4296,0.051,0.4787,0.0755,0.0289,0.0298,0.0324,0.1336,0.1993,0.9733,0.0063,0.0451,0.168,0.2852,0.2417,0.1144,0.1858,0.3292,0.1458,1.2392,1.239,0.0653,0.0028,0.6122,8.7281,0.0361,0.2745,0.0165,0.5301,0.1059,0.0041,0.0405,0.1396,0.2821,0.0555,0.0143,0.7773,0.0152,0.0518,0.0585,0.0266,0.0238,0.0191,0.0538,0.4336,0.0077,1.1044,0.0392,1.1414,0.1576,0.0493,0.0804,0.0229,0.1684,1.765,0.0374,0.4747,0.0476,0.7793,0.0383,0.2331,0.1304,0.3095,0.0397,1.5647,0.0251,0.012,0.1245,0.4596,0.4644,0.0977,0.05,0.0177,0.0354,0.003,0.0017,0.3201,1.9122,0.5495,0.2084,0.0903,0.3479,0.1877,0.2241,0.8437,0.043,0.1087
IGSF1,2.2912,0.0913,0.0492,0.0393,1.0641,3.0101,0.224,0.3386,0.5753,0.3428,0.1199,0.0624,0.8402,0.4361,0.5867,0.0249,0.8742,1.6265,6.6529,0.4499,0.355,0.4256,2.0148,0.0972,0.6302,0.3399,1.3359,0.0314,2.4763,0.0,0.2332,0.7369,0.235,0.0546,0.0966,0.5616,0.0716,1.1113,0.0113,2.266,0.4876,0.4352,0.0,0.6375,0.1559,0.0,1.8439,0.0391,1.0707,1.3167,0.3624,1.8863,0.2779,0.7178,0.4182,0.1614,0.0859,0.2004,0.0091,1.7944,0.6317,0.0358,0.0365,0.6057,0.9524,0.8847,0.7177,1.357,0.0121,0.4613,0.0267,0.9023,0.2218,1.8587,0.901,0.0181,0.0057,1.0986,0.0145,0.0253,0.5619,0.3724,0.0366,0.7937,1.1093,0.0433,0.3688,11.754,0.0827,0.0435,1.197,0.7215,0.9922,1.4157,1.7147,0.0512,1.2224,0.1026,0.0086,0.0091,0.0,2.3177,0.7147,0.1264,0.0869,0.4032,0.8058,0.0563,0.0,1.0537,1.2671,8.1563,0.5061,0.1398,0.0512,0.2809,0.1545,0.3896,0.6356,0.5
ITGA8,1.6593,1.868,7.8808,5.9211,0.8594,1.8095,2.62,53.9931,4.2099,15.3024,5.582,8.7093,5.7715,31.8561,17.9919,2.2756,34.0218,17.6543,17.7066,38.6886,2.2795,8.4042,6.2689,15.4573,3.1294,5.7233,6.6618,5.482,13.9813,9.1154,6.2493,0.3755,5.2882,4.0842,14.2306,23.1422,7.9598,3.681,2.3858,3.5347,9.865,2.9797,2.5681,1.3522,4.6761,1.0641,2.5106,49.5138,3.2607,11.7397,7.9653,11.6895,12.459,5.2912,22.7453,0.3897,34.092,20.2091,2.9456,0.3901,3.695,1.5235,14.3652,5.1412,10.1705,2.4294,1.9414,4.3967,2.4049,5.5966,8.6489,1.5016,2.9934,2.0273,4.7957,1.9709,3.9082,5.8917,4.8282,6.3253,3.4439,15.5324,7.8718,4.5886,3.0897,9.0065,2.7586,7.0288,4.8048,2.1767,2.4598,7.2727,9.1463,4.62,5.3058,4.6887,4.9134,7.0269,22.0544,2.0233,1.4727,10.4344,3.2678,2.6627,6.5862,3.1705,3.156,1.3736,0.9919,7.8505,19.2957,4.9073,1.059,9.4126,22.0898,1.7531,12.818,11.3006,9.9813,10.0979
ITGAX,5.8523,45.3351,18.2264,36.3147,12.9065,10.6135,26.4769,28.8436,7.4938,15.9062,19.3123,2.3091,15.9592,13.1605,34.964,7.1687,12.33,41.9531,20.0054,20.8639,7.2315,7.0195,21.0045,43.6118,19.2519,34.7962,8.1928,3.2598,2.8953,60.1994,7.0015,11.806,13.0632,21.9332,3.257,17.2906,15.1535,6.9931,47.9339,30.6159,11.0781,15.0151,16.1244,11.0315,10.9231,5.5913,17.239,15.071,29.6644,21.1673,40.33,39.1056,5.7734,57.5859,18.6337,2.4763,126.8551,12.254,7.6765,29.4043,11.5508,11.1537,24.3562,25.429,29.7717,33.5204,6.0171,13.7237,19.3794,21.8903,12.662,4.9541,13.624,13.0923,27.047,16.8549,4.9158,43.1514,11.7477,17.1468,21.0354,123.3549,28.4751,21.971,24.461,27.8492,2.3225,63.7114,45.6702,44.383,26.719,14.0384,9.8502,10.1687,12.3994,14.5327,45.2305,11.5005,53.6815,1.4811,2.4986,15.6191,13.6125,7.4904,23.7957,27.5624,10.6568,3.7091,14.4491,29.9829,6.2735,45.2306,10.5905,5.5117,14.3713,27.6736,14.6179,14.1634,6.7848,17.3297
KALRN,0.3259,0.527,1.1369,1.7941,0.534,0.9157,1.1614,4.4273,0.9676,1.216,0.8389,4.813,4.7703,1.9668,4.3036,0.5418,1.9472,4.9007,1.3505,4.2024,1.2832,2.3494,1.2092,1.5191,4.815,1.5965,1.7127,0.3981,1.6265,1.0785,1.547,1.9147,2.2528,0.4838,1.0419,1.0931,0.4758,0.4513,0.818,0.3123,2.3572,0.8708,0.3021,0.8467,0.569,1.6004,0.3506,2.3008,0.3964,1.5071,1.3593,1.8305,1.2385,7.0291,1.6336,0.8919,1.9459,1.4255,1.6621,0.2091,1.4155,1.7312,1.8028,1.9353,1.4345,2.0736,2.2888,0.7075,0.4126,1.8576,0.8109,4.9937,1.0348,3.462,0.4165,0.7238,0.6463,1.8902,0.3147,1.0088,0.6491,1.1049,1.7797,1.3633,0.7576,1.8375,16.7715,1.0842,3.34,0.8593,0.5603,1.5812,1.2671,0.5817,1.5429,0.6039,0.6816,1.8254,1.2607,0.5963,0.9886,3.6714,0.9126,0.687,0.7425,0.7066,0.7001,0.9638,1.9717,4.3562,1.6002,3.2176,0.6971,1.1604,2.5057,3.0426,6.3934,1.1259,1.9402,2.3088
KCNB2,0.0617,0.3894,0.1242,0.0793,0.0,0.0164,0.0,0.133,0.0284,0.1437,0.0303,0.63,0.0,0.0252,0.0711,0.0,0.0718,0.0,0.0217,1.3635,0.0247,0.2023,0.0,0.0536,21.97,0.1302,0.0303,0.0159,0.0487,0.0527,0.0236,0.0,0.089,0.0,0.0,0.0436,0.1205,0.0,0.0,0.0,0.0568,0.0776,0.0,0.0,0.0102,0.0165,0.0214,0.0,0.0,0.0185,0.0209,0.4877,0.0274,0.423,0.0,0.0217,0.1158,0.6075,0.0,0.8407,0.3309,0.0,0.0295,0.2196,0.0,0.0501,1.2991,0.0744,0.0244,0.1271,0.0269,16.9358,0.4006,5.6189,0.0364,0.0,0.0,0.1708,0.0588,0.7026,0.0,0.032,0.0986,0.027,0.0739,0.1225,0.0,0.0192,0.0239,0.0,0.0,0.0091,0.1141,0.0,0.0624,0.069,0.162,0.2073,0.0873,0.0,0.0,0.0906,0.0155,0.1642,0.0,0.0,0.0,0.0,0.0,0.0179,0.0718,0.08,12.8905,0.3247,0.2845,0.0,0.4681,0.0271,0.0659,0.0297
KCNH1,0.0,0.0706,0.0475,0.0485,0.0144,0.0377,0.0266,0.0509,0.0217,0.015,0.0232,0.0964,0.0176,0.0915,0.0181,0.0576,0.0385,0.1004,0.0912,0.5071,0.0757,0.0484,0.0692,0.082,1.2931,0.0272,0.0116,0.0789,0.149,0.0605,0.0631,0.0765,0.0568,0.0633,0.14,0.0167,0.0369,0.0848,0.0437,0.1154,0.0362,0.0396,0.0266,0.0031,0.0311,0.0883,0.0491,0.0691,0.0087,0.0707,0.072,0.1227,0.021,0.3468,0.1253,0.0333,0.0886,0.1743,0.0776,1.0955,0.0543,0.0507,0.0282,0.012,0.0237,0.1023,0.052,0.061,0.07,0.1783,0.0412,0.0404,0.0146,0.0446,0.0418,0.028,0.0525,0.0399,0.1124,0.0244,0.0164,0.098,0.0377,0.067,0.0471,0.0335,0.0219,0.0441,0.1096,0.0168,0.0444,0.0837,0.0125,0.0073,0.0955,0.0264,0.1239,0.0952,0.0601,0.0421,0.3584,0.0462,0.0178,0.014,0.0122,0.0,0.0148,0.087,0.0203,0.0616,0.0641,0.1347,0.1541,0.054,0.0792,0.0289,0.1365,0.0623,0.0882,0.1743
KCNH5,0.2536,0.3993,0.1739,0.0,0.6257,0.0,0.0,0.0116,0.0345,0.008,0.0,0.0,0.0,0.0038,0.0217,0.0,0.0,0.0,0.0,0.0807,0.0,0.0077,0.0,0.0,0.2255,0.0,0.0092,0.0,0.0,0.0,0.0072,0.0609,0.0,0.0,0.0,0.0,0.0,0.0117,0.0,0.0216,0.3229,0.0079,0.0,0.0321,0.0062,0.0,0.6583,0.0,0.0603,0.0,0.0096,0.0039,0.0083,0.6254,0.0105,0.0,0.0059,0.0051,0.0,0.024,0.0192,0.0037,0.0,0.0,0.0,3.7072,0.0,0.0226,0.0,0.0,0.0301,0.378,0.0319,7.6479,0.0194,0.0112,0.0,0.0,0.0,0.0,0.0717,0.0097,0.0,0.0,0.0,0.0107,0.0,0.0117,0.0073,0.0134,0.0,0.1692,0.0645,0.0,0.0285,0.0,0.0,0.0042,0.0,0.0028,0.005,0.0046,0.5247,0.0111,0.0049,0.0,0.0,0.0,0.0,0.0,0.0,0.0,0.0024,0.0,0.0,0.0,0.0,0.0,0.0,0.003
KCNH7,0.0231,0.0613,0.0836,0.0712,0.0846,0.0861,0.026,0.0426,0.0,0.0684,0.1133,0.0377,0.0343,0.0659,0.0887,0.0,0.0644,0.4544,0.0811,0.7082,0.0185,0.0757,0.0677,0.0401,4.4674,0.0886,0.0227,0.0,0.0546,0.0526,0.2291,0.0499,0.0444,0.1237,0.0913,0.0435,0.0,0.0216,0.1025,0.0664,0.3684,0.0387,0.0,0.9391,0.0076,0.0,0.0641,0.0084,0.0114,0.1244,0.0235,0.1248,0.0512,2.3053,0.0258,2.6673,0.0289,0.0757,0.0276,0.0786,0.0707,0.0,0.2426,0.1408,0.1393,0.3624,0.1017,0.3338,0.0639,0.0475,0.0134,0.2964,0.0285,1.5025,0.034,0.0548,0.0428,0.0426,0.0879,0.0573,0.016,0.0718,0.0,0.0302,0.35,0.0131,0.0,0.0862,0.0357,0.0987,0.062,0.109,0.0244,0.0,0.07,0.0344,0.0303,0.0207,0.0392,0.0069,0.0615,0.0791,0.0,0.0136,0.0119,0.0,0.203,0.017,0.0794,0.0134,0.0358,0.0838,3.1636,0.1478,0.0774,2.8155,0.0167,0.0203,0.0493,0.0889
KCNH8,0.076,6.9777,0.1988,0.166,1.045,0.1316,1.3287,0.4213,0.0,0.0805,3.8964,1.1015,0.2919,1.3561,0.073,1.314,0.0442,0.1615,0.1735,2.8214,1.8881,0.5605,0.0186,0.2528,5.0311,0.1239,0.0373,0.1855,0.0375,0.3462,0.1741,0.0137,2.1012,0.1245,0.0901,0.4478,0.1039,0.7475,0.0281,0.3387,0.8397,0.4459,0.0572,0.0299,0.075,7.3415,0.0395,0.0695,0.1594,0.2616,0.1288,1.5406,0.059,1.4138,0.2866,0.0,0.4395,0.9038,0.6016,0.0485,0.3492,0.0445,0.118,0.0,0.3057,0.1543,0.0558,0.4514,0.03,0.1304,0.0111,8.1166,0.0939,6.4883,0.1121,0.0226,0.4368,1.0337,0.0543,0.6921,0.0791,0.2464,0.1062,0.0332,2.7597,0.0647,0.5822,0.2837,0.0294,0.0541,0.0714,0.2244,0.1906,0.2009,0.4804,1.3102,0.0374,0.1191,0.6447,0.0452,1.3255,0.3534,0.1912,3.3027,0.059,0.1338,1.957,0.014,0.147,1.2997,0.8838,1.054,0.5341,2.3295,0.1115,0.1048,0.4392,0.1337,0.0811,0.1403
KCNJ3,0.0,0.0157,0.0,0.0121,0.0,0.0,0.0266,0.1887,0.0,0.0299,0.0231,0.0,0.0,0.1827,0.0,0.0192,0.4387,0.0105,0.0166,0.2604,0.0756,0.058,0.023,0.0273,0.7073,0.0181,0.0,0.1333,0.0186,0.0134,0.036,0.0339,0.6347,0.0702,0.1305,0.0778,0.0368,0.0147,0.0,0.0,0.2605,0.0198,0.0177,7.5981,0.0543,0.9701,0.0,0.0172,0.0291,0.0282,0.3516,0.0294,0.0314,0.1846,0.0527,0.0,0.3979,0.0258,0.5211,0.0,0.0602,0.0092,0.1577,0.024,0.0,0.051,0.0346,0.0649,0.028,0.0647,0.0343,0.1413,0.0073,0.6449,0.007,0.0,0.0699,0.0145,0.0,0.0293,0.0164,0.0,0.0376,0.0103,0.0188,0.0401,4.2465,0.0,0.073,0.0,0.038,0.0557,0.0,0.0147,0.0715,0.0,0.0155,0.0633,0.2,0.021,0.1381,0.0115,0.0712,0.0836,0.0488,0.0,0.0,0.0,0.0203,0.5056,0.0183,0.0367,13.9581,0.302,0.0395,0.1156,0.0,0.0207,0.0252,0.0303
KCNT2,0.1769,3.2577,0.6474,0.2976,0.1474,0.1456,0.254,1.3867,0.6206,0.7355,0.3314,1.1294,0.0797,0.8986,0.7908,0.0523,1.2872,0.7556,0.4633,7.1846,0.2449,0.4218,0.4243,0.949,0.2172,0.9441,0.5374,0.0744,0.2094,0.4762,0.2579,0.2664,0.3248,0.2299,0.0763,0.47,0.9043,0.7684,0.1547,0.1757,0.6812,0.9705,0.1815,5.1672,0.3335,1.0487,0.2009,1.4587,0.4565,1.1169,0.5397,1.2372,0.314,9.2591,1.4559,0.1133,4.0923,0.9058,0.0865,0.9447,0.5994,0.2323,1.1371,0.1308,0.4367,50.288,0.1574,0.36,0.3242,0.2981,0.2995,1.6798,0.4622,3.262,0.1992,0.1337,0.1849,0.5092,0.3674,0.5726,0.547,1.4182,0.321,0.0983,0.3979,1.0581,0.1344,0.7504,0.2862,0.4431,0.2331,0.6125,0.8324,0.3101,0.5368,0.2578,1.0867,0.3601,2.2556,0.0573,0.0086,0.3306,1.8532,0.3709,0.5739,0.1557,0.9697,0.0474,0.2213,2.2283,0.8604,0.5587,1.3403,0.9124,1.7388,6.4667,0.5112,0.2122,0.5148,0.2633
KCNU1,0.0,0.0,0.0,0.0,0.0891,0.0,2.0725,0.018,0.0,0.0123,0.0,0.0476,0.0,0.0,0.0,0.6882,0.0271,0.0,0.041,0.0,0.0,7.3614,0.0,0.0,0.0,0.0,0.0573,0.1499,0.0345,0.0,0.0223,0.021,0.0,0.0174,0.1153,0.0,0.0,0.6921,0.0,0.0168,2.954,0.9044,0.0,0.0077,0.0384,2.4628,0.0,0.1067,0.0432,0.0,0.0,0.0364,0.867,0.9138,0.0163,0.0,0.0,0.0638,0.0174,0.2483,0.0149,0.0,0.0,0.1483,0.0,0.0158,0.0,2.3802,0.0,0.02,0.0,0.1498,0.0,0.0,0.0,0.0,0.0,0.0179,0.0,1.5816,0.3441,0.2421,0.0,0.0255,4.9578,0.0496,0.0,0.0,0.0,0.0,0.0,0.0431,0.0,0.0,0.0,0.0,0.0,0.0,0.0,0.0173,0.0,0.0,0.0,0.1897,0.0,0.0,0.0,0.0,0.0,0.0,0.0,0.0,0.0073,0.0133,0.0,0.0179,2.0013,0.0,0.3423,0.0
KDR,4.9436,63.2617,21.602,13.6612,4.1023,18.5283,25.328,36.1527,30.9695,99.8878,18.5259,11.4838,10.0165,17.2526,30.636,19.2052,48.4332,39.7724,50.0822,55.2955,12.4263,13.992,12.9762,51.8431,6.3356,29.0591,72.7807,18.8727,72.0214,17.3994,26.4612,2.9816,15.8054,11.6348,45.3023,71.1516,20.2436,7.2113,13.1362,9.7553,12.3622,20.0883,4.1175,7.2061,37.0179,9.0179,35.1333,61.0076,21.3062,30.8502,28.6799,79.2591,30.0602,209.1779,60.4746,6.5935,59.7803,59.9437,6.9969,46.2761,112.0392,55.6106,113.6586,44.03,40.4138,339.8023,15.3488,53.0855,10.5064,63.7548,44.4537,15.2419,10.1073,11.0305,45.2624,14.8432,29.755,77.2481,8.0914,38.9483,7.7232,22.9264,22.8343,14.4414,104.4684,66.4271,7.4362,40.1385,6.0547,305.4744,26.1049,61.7256,22.7065,112.6684,45.1811,191.5267,96.0165,13.3237,54.4881,5.3812,4.5854,182.3498,14.1532,7.3772,15.4041,14.7526,133.1961,10.8984,3.5918,7.3917,22.897,7.2632,12.9078,45.3243,14.5541,15.5525,36.7092,13.8476,40.6591,44.4088
KEAP1,65.5904,82.1067,83.1637,47.5405,108.1558,26.4678,95.1209,57.7801,68.4045,72.4327,60.8637,31.3768,110.3952,52.7865,46.6098,44.4085,78.0458,75.3495,41.1881,13.7863,59.1017,40.9084,107.4577,59.8142,208.8955,61.1725,73.1716,17.4705,69.8143,62.0524,166.6855,174.7836,73.1286,33.5463,16.2281,52.7369,67.9084,35.7249,59.4682,49.3693,31.1402,41.3212,55.4379,65.1752,98.8152,74.3456,100.9386,71.2961,45.3393,55.2924,51.6663,54.264,104.2537,8.4946,66.0081,81.2717,67.8609,63.1389,71.7387,63.7994,75.7824,61.6288,31.8115,94.4988,86.731,53.5734,132.6953,70.9675,92.5244,72.3714,38.8666,46.7273,113.1365,121.028,40.7603,75.527,85.6854,75.5365,53.0018,84.9748,63.5215,54.709,57.1677,76.3361,141.8919,67.9311,74.8531,65.7961,100.9404,56.3269,105.0643,46.3714,31.4923,60.0925,47.671,85.2803,71.9274,52.4811,45.4391,56.771,49.8092,83.1304,31.4542,102.9777,43.7603,32.7338,34.1175,107.3916,79.0393,32.6919,73.7159,50.2842,45.9612,45.2172,60.8289,15.0605,129.4771,41.2625,81.0004,68.5879
KIAA1109,1.9383,12.8042,14.4456,13.3926,7.9975,5.8689,9.1716,12.0795,5.8817,5.6826,12.7195,30.249,9.0172,12.9772,14.5608,8.2342,3.6469,36.5463,11.6911,97.0385,7.4087,13.2854,12.2798,11.7382,4.722,5.4439,6.6192,10.4988,31.4624,14.0361,11.4023,9.8791,10.3192,16.9808,38.1773,11.019,3.5878,9.343,8.7407,6.3363,6.4934,10.1108,5.1529,2.7439,9.3578,6.5383,5.1868,29.1855,6.3741,10.348,8.7692,22.1296,22.9209,90.9107,10.4607,9.8859,24.0856,37.1468,11.6238,13.7481,5.1497,7.8457,37.7563,6.2221,6.8193,23.0337,11.3541,6.2267,7.8471,16.6504,8.846,6.1921,5.2491,5.8423,15.1442,8.4844,10.7593,6.1382,3.4316,8.0395,4.6515,13.5151,10.7409,8.725,7.4995,10.9311,4.6857,7.7197,12.0491,13.1681,6.6822,7.0431,17.9411,14.1623,4.069,11.1868,9.6635,7.255,11.4208,10.3608,11.4597,10.0073,4.5691,9.8426,4.3685,4.1771,20.1155,9.0083,8.0314,14.4623,17.0245,15.1547,4.3289,24.8566,15.5333,10.5636,28.9347,10.4729,7.7234,14.1791
KIAA1549L,0.1628,0.2106,0.1069,0.2026,0.1781,0.4564,0.7926,0.3642,0.0866,0.6132,0.0336,0.07,0.0552,0.5347,2.831,0.1604,2.245,0.138,1.0716,1.5249,2.2732,0.0772,0.2093,0.1338,0.1928,1.565,4.6738,0.0529,0.1082,0.4294,0.3729,2.1226,0.7746,0.1429,0.0068,0.0969,0.0268,0.0241,0.0888,0.0739,0.7522,1.2281,0.0129,0.0405,0.0677,0.1511,0.0119,0.937,0.0423,0.8362,0.6013,2.3126,0.3384,2.1143,0.2155,7.0885,0.1661,0.5576,0.0614,0.3064,0.77,0.0669,0.1023,0.7493,2.0425,0.5335,0.281,0.1269,0.0542,0.0941,0.2394,0.1687,0.0874,4.8746,0.043,0.4174,0.4417,0.5742,0.1468,0.2625,0.0238,0.0444,0.0889,0.0374,0.1231,0.1361,5.5304,0.1066,0.6829,0.2931,0.0414,0.2732,0.0815,0.1333,0.286,0.3737,0.8207,0.3876,0.0727,0.028,0.0319,1.594,0.1552,0.0861,0.1994,0.3695,0.0969,0.2525,0.0516,6.2543,0.1129,0.1422,0.0774,0.1764,0.316,0.2101,0.7861,0.0452,1.5818,0.1045
KIF21B,0.3804,4.9637,4.3712,5.1126,3.7249,3.7885,2.7994,4.4802,2.682,3.5514,2.3794,4.1152,1.6588,4.0295,8.4381,1.7717,1.2566,6.2501,2.7524,5.9634,6.5539,1.8157,5.9003,5.9134,4.6651,2.6524,1.2242,0.6598,1.3354,11.5882,4.3124,1.2941,7.1967,6.0425,1.0376,6.9296,1.0323,6.8295,6.1159,6.8188,1.9613,2.7574,1.3809,3.7864,2.983,12.8731,2.3751,4.1801,8.5178,2.7667,5.264,4.2824,2.5231,5.1766,4.5749,1.4807,11.3844,3.7227,1.3351,2.6228,1.9954,0.6644,2.2486,3.7803,1.1189,3.557,1.3219,1.9483,5.1348,10.4038,1.2285,3.8018,2.6829,1.516,11.1931,3.7728,1.0331,4.2002,1.0862,3.8694,5.0029,6.1508,4.4562,4.3517,2.0187,6.4337,1.2097,5.1526,3.6566,3.5548,1.8631,2.1279,1.2354,3.0641,2.26,3.7502,2.2207,2.1803,6.5015,0.1836,6.381,8.6856,9.043,1.4056,3.1225,2.6025,3.8103,4.5044,4.0718,5.2865,2.9121,4.3187,2.5325,1.3443,3.2516,3.0133,3.5786,8.5821,1.3697,4.746
KIF2B,0.0,0.0,0.0,0.0,0.0,0.0,0.0,0.0,0.0,0.0,0.0,0.0,0.0,0.0,0.0,0.0,0.0,0.0,0.0,0.0,0.0,0.0,0.0,0.0,0.0,0.0,0.0,0.0,0.0,0.0,0.0,0.0,0.0,0.0,0.0,0.0,0.0,0.0,0.0,0.0,0.0,0.0,0.0,0.0,0.0,0.0,0.0,0.0,0.0,0.0,0.0,0.0,0.0,0.6994,0.0,0.0,0.0,0.0,0.0,0.0,0.0,0.0,0.0,0.0,0.0,0.0276,0.025,0.0,0.0,0.0,0.0,0.0,0.0,0.0,0.0,0.0,0.0,0.0,0.0,0.0,0.0,0.0,0.0,0.0,0.0,0.0,0.0,0.0,0.0,0.0,0.0,0.0,0.0,0.0,0.0,0.0,0.0,0.0,0.0,0.0,0.0,0.0,0.0,0.0,0.0,0.0,0.0,0.0,0.0,0.0,0.0,0.0,0.0,0.0,0.0,0.0,0.0,0.0,0.0,0.0
KLHL1,0.0,0.0926,0.0,0.0,0.0,0.0,0.0,0.0,0.0,0.0118,0.0,0.0,0.0,0.0,0.0,0.0,0.0,0.0,0.0,0.0,0.0,0.0,0.0,0.0,0.0,0.0,0.0,0.0,0.0,0.0,0.0213,0.0,0.0,0.0,0.0,0.0,0.0,0.0,0.0,0.0,0.0171,0.0,0.0,0.0073,0.0,0.2831,0.0,0.0,0.0,0.0,0.0,0.0,0.0,0.6005,0.0,0.0,0.0,0.0,0.0,0.0,0.0,0.0,0.0,0.0,0.0,0.0,0.0136,0.0,0.022,0.0191,0.0,0.0,0.0,0.0,0.0,0.0,0.0,0.0,0.0,0.0,0.0,0.0,0.0,0.0,0.0,0.0158,0.0,0.0,0.0,0.0,0.0,0.0,0.0,0.0,0.0,0.0,0.0,0.0,0.0,0.0,0.0,0.0,0.0,0.0,0.0432,0.0,0.0,0.0,0.0,0.0,0.0,0.0,0.063,0.0,0.0,0.0,0.0201,0.0245,0.0,0.0
KMT2C,4.0835,20.5184,16.4968,27.4186,10.8075,12.3604,10.9177,14.6323,14.4878,11.4799,17.3309,21.4799,18.8085,14.3575,27.3379,8.0064,4.9643,46.597,21.5316,139.0753,10.1079,23.2544,20.6415,16.1258,32.6245,8.4447,9.9925,7.1445,17.8908,16.8012,14.6614,13.0905,15.2316,17.4714,21.2041,18.0575,6.3061,11.0753,8.5344,10.6459,10.2948,23.4061,6.0668,10.1129,9.9863,9.2827,9.3213,18.9592,12.4541,15.4248,13.7506,27.2037,18.9014,144.7736,18.048,9.2028,23.7233,39.8521,15.2291,17.895,10.471,14.15,40.6428,11.771,9.8326,24.5521,18.8643,11.1877,10.9447,21.1786,8.3759,17.6268,10.1323,13.363,25.3758,16.4716,11.5395,11.2256,5.8139,14.6177,6.1514,15.5605,17.8467,12.9412,10.1621,15.5062,5.2551,14.1864,14.4796,21.4341,13.9541,13.0024,21.9113,13.5343,12.8024,20.6558,13.0952,13.5603,12.9348,3.8955,25.1897,24.4838,9.8853,12.8708,5.502,8.928,24.1579,11.376,16.0544,17.7104,21.6795,36.1981,10.3928,17.2633,22.1144,10.4555,24.0907,18.6475,12.9787,16.3162
KMT2D,1.7538,18.1416,20.3912,19.2532,19.3399,32.621,26.7827,20.3755,9.5926,12.797,25.5642,12.1013,35.9291,23.5327,21.2765,8.0884,4.0727,33.5839,15.8276,35.9872,8.9329,22.818,29.8411,21.9543,16.8638,6.0578,14.4004,4.2634,22.816,29.0958,34.5735,32.2861,16.4094,9.0152,22.3131,25.722,5.1296,18.115,11.14,17.0911,30.2286,28.3311,3.6225,21.9753,13.2417,16.819,21.8602,38.43,10.851,13.2618,18.7574,18.533,15.7271,30.8857,19.3942,18.2012,27.2512,13.4626,31.7676,8.0508,7.2563,12.3428,10.9886,8.6746,11.7072,24.1793,13.0868,16.6721,23.6003,21.6113,13.1956,27.089,8.5247,12.4027,22.3138,18.276,13.3846,16.6196,6.37,12.7731,12.0937,24.0307,16.1132,15.5178,19.3538,18.8116,5.2701,15.4212,36.0481,14.4755,20.6552,13.5896,17.6397,15.1022,6.8497,22.0557,9.8561,14.2063,14.5841,3.0108,13.4165,28.3255,10.0313,32.0927,4.6568,12.9097,11.0076,13.0065,17.135,22.0946,30.7549,35.1996,8.3126,6.4826,22.9796,21.5211,35.0221,21.4453,16.789,27.4426
KRAS,10.2408,48.3576,20.3992,21.1414,27.3141,43.0137,42.5614,17.5364,28.1769,39.612,28.1055,45.1334,22.0835,17.8776,64.745,29.8764,23.7309,35.7703,23.7671,70.428,45.815,35.3679,43.5753,29.2965,26.5693,17.7065,24.5442,18.56,27.4033,31.6881,99.2511,41.4438,15.0316,37.7788,24.1165,20.2955,15.0974,28.5945,99.4407,8.6095,56.3368,38.7905,10.9852,16.3849,23.0673,33.8673,17.3518,28.848,19.5664,27.1017,22.0943,37.0664,36.5743,82.2622,17.4873,486.915,21.0654,25.566,28.8548,13.4505,40.2908,29.6365,30.0378,36.9395,33.6145,26.0985,25.2114,27.3205,28.7241,36.3155,91.5905,39.2774,28.1676,59.5404,35.5403,31.2542,17.9019,29.9704,35.001,32.9817,20.4316,17.6972,69.678,43.7573,18.0714,19.8955,21.0112,31.0543,31.8883,27.5076,58.6701,31.0947,28.058,31.378,18.1158,124.8592,19.8756,33.4106,13.2354,15.8284,52.8994,113.1477,13.7403,26.247,14.2175,20.269,27.9127,29.2298,32.6922,26.802,13.0359,43.2176,3.1261,13.2432,28.8203,53.7453,43.9177,21.3007,31.6432,43.6664
L1CAM,2.562,0.7503,0.2434,3.8688,0.2237,4.2547,0.5564,1.0878,0.0292,1.5767,0.3904,0.052,0.2602,0.9216,5.5748,0.0388,0.622,0.3702,0.2459,0.4101,0.4336,0.2478,0.0933,0.8193,6.3862,0.4396,38.0934,0.09,0.0377,1.4317,0.3159,12.8331,0.8722,0.1327,0.0503,0.9901,0.0746,1.6944,0.7773,0.6954,1.3382,0.5868,0.1796,0.6599,0.1309,0.051,0.1435,0.128,0.5892,1.2003,0.2697,1.4425,0.6778,0.592,2.0006,0.4709,0.4576,0.2436,0.0666,0.3116,0.7068,0.1304,0.2204,0.2103,0.9602,5.134,0.0857,0.4493,0.4215,0.426,0.8473,1.2261,41.9947,0.8106,0.8401,87.613,0.1652,281.9292,0.1818,0.6982,0.1878,0.7346,2.528,0.5559,17.6396,0.379,0.0887,1.0097,0.2585,0.2645,0.0854,0.3101,0.1092,0.2772,2.9773,0.1424,2.38,0.5345,0.8099,0.0284,2.3729,0.257,0.5044,0.2728,0.7735,1.3863,0.2199,0.0938,0.2189,5.2027,0.3948,1.551,2.2967,0.051,0.3067,0.4096,0.1954,0.4899,0.4414,0.521
LAMA1,0.1386,0.3052,1.4153,0.5587,0.1471,0.1127,3.7683,1.1815,0.9449,0.7104,0.2219,0.0298,0.141,0.2737,0.4596,0.1009,0.7535,0.4896,1.8756,0.3939,0.1052,0.2989,0.3065,0.3967,0.1423,0.3638,1.6344,0.0412,0.6187,0.6895,0.362,3.9919,0.3928,0.0739,0.1615,0.2063,0.1253,0.4852,0.1242,0.1426,2.1359,0.5808,0.1317,0.1091,0.4634,4.9278,0.2733,0.2161,0.2737,0.7424,0.9174,0.7128,0.2298,7.0706,1.178,0.2467,0.6932,0.2194,0.5099,0.1925,0.4059,0.0256,0.6586,0.2225,1.1224,1.9428,0.4713,0.6682,3.1373,0.3254,0.4521,0.2685,0.6808,0.0895,0.256,0.5026,0.4571,1.1435,1.3679,0.2597,0.4759,0.5108,0.5532,14.8689,0.9722,1.4272,0.1152,0.363,0.3894,1.9646,0.0744,0.5039,0.2273,0.4946,0.2582,0.2039,2.0337,0.1339,0.4043,0.0693,6.5032,0.3928,0.2753,0.2415,0.2339,0.5392,0.4123,0.086,0.0564,0.1142,3.9758,0.2534,0.3149,0.3604,0.4524,0.9926,0.5638,0.1861,0.7783,0.1335
LAMA2,2.3117,2.8108,10.6892,4.879,1.1806,0.6483,8.3258,12.4966,3.1906,8.3506,5.0296,6.5014,5.573,22.4854,15.8893,2.1715,16.545,14.1851,8.5906,63.015,3.8036,10.3044,7.0818,11.8669,2.488,7.4209,7.3527,2.9788,6.0305,9.9903,4.3397,1.5117,4.2097,4.3162,9.942,17.8179,1.8489,5.813,2.5539,4.1291,11.4479,1.3945,1.1007,1.1344,4.7897,1.3548,4.3853,43.7474,4.1815,12.3945,8.7862,34.1491,12.729,26.2846,15.1443,1.1645,21.0908,28.0017,3.1358,1.0837,3.8884,1.2074,17.9831,4.8255,14.3862,6.2145,1.6508,3.5417,2.6398,4.8902,5.5208,1.109,4.1929,1.1483,8.1318,7.4418,6.2858,7.0813,4.5282,8.8523,5.4721,6.4355,11.7054,5.7004,3.7609,11.8748,4.4175,7.4682,7.1885,5.1347,3.4528,7.121,8.9938,4.9183,7.8042,7.1681,6.0655,8.3216,10.9505,1.3436,1.243,10.2328,4.4277,26.5426,6.2598,1.7984,8.234,1.4397,1.181,11.4842,21.2466,5.6506,4.0,10.7442,44.9234,7.1048,17.5846,6.6502,11.6412,9.7204
LAMA4,7.5198,9.6864,13.8517,16.1698,8.4531,15.4806,29.5492,23.3517,6.4381,27.8796,5.882,15.0385,11.17,17.4835,28.0773,7.0605,43.9371,20.9296,33.1205,44.104,9.2831,9.9038,8.3757,28.4611,6.6834,15.3105,81.5699,6.7918,19.5297,22.515,17.7609,5.1852,12.7079,7.7721,11.1582,21.667,7.4104,14.6008,9.0373,6.7219,18.4518,26.2597,1.9537,3.5244,6.4056,4.6894,5.6658,54.103,10.8313,24.155,26.9039,45.6099,17.8641,63.6051,18.9159,34.9246,41.8504,20.436,7.0706,4.5935,16.8597,8.6812,20.3494,14.7509,36.8109,184.2222,6.0384,10.5902,19.3995,9.1365,15.847,7.5697,144.7566,13.8594,9.1188,21.9811,12.7137,13.776,6.7257,14.117,10.5053,17.3942,18.2403,5.977,9.514,67.7399,15.0945,17.715,9.582,29.0923,10.1091,11.9003,20.9723,11.5049,16.4107,12.0431,29.3936,15.562,29.1717,1.2531,3.6345,9.4216,23.5756,10.6326,18.8584,17.5074,7.9298,8.0782,4.1292,15.5059,13.5532,8.6527,10.9325,11.0845,24.0593,28.7246,21.2869,7.8116,67.9348,10.5834
LAMB4,0.0824,0.0328,0.0862,0.0085,0.5437,0.0526,0.2973,0.2942,0.0605,0.1604,0.0485,0.0673,0.0898,0.0941,0.1139,0.1474,0.138,0.1179,0.2199,0.2831,0.0528,0.0945,0.0,0.3145,0.1854,0.1327,0.3886,0.1016,0.3054,0.0375,1.4465,0.1424,0.0634,0.0294,0.0521,0.1398,0.0515,0.2161,0.1219,0.0663,0.4955,0.069,0.0992,0.2681,0.0922,0.0088,0.2972,0.229,0.1789,0.1381,0.2625,0.0754,0.0731,1.0969,0.1105,0.0464,0.5356,0.054,0.0492,0.0,0.1093,0.0965,0.1023,0.1005,0.0994,1.1059,0.0403,0.0738,0.1237,0.0565,0.0479,0.0423,1.12,0.202,0.1458,0.0979,0.0977,0.0557,0.0157,0.1091,0.5946,0.0427,0.0789,0.0216,0.1315,0.5232,0.1377,0.205,0.0255,0.0626,0.115,0.0875,0.1044,0.0717,0.2666,0.0737,0.0973,0.0664,0.205,0.0392,0.0877,0.129,0.0332,0.0682,0.1704,0.029,0.1449,0.0243,0.0212,0.0287,0.0766,0.1196,0.0786,0.1658,0.0828,0.1212,0.1904,0.029,0.2109,0.0476
LCT,0.0352,0.0,0.0283,0.6054,0.0537,0.0468,0.0,0.0108,0.0646,0.0819,2.0182,0.0287,1.9253,0.2653,0.0675,0.0143,0.0245,0.1809,0.0741,0.1942,0.0,0.1729,0.0172,1.9321,0.2242,0.4654,0.0864,0.0,2.6142,0.0701,0.0268,0.0506,0.169,0.8166,0.0,1.1518,4.956,0.0329,0.0911,0.0505,0.0324,0.0295,1.7194,0.0508,0.0,0.0752,0.122,0.0,0.0217,0.1579,0.6734,0.1608,0.0,0.5508,0.6679,0.0124,0.022,0.125,12.4038,0.015,0.2782,0.0137,0.1092,0.1072,0.4773,0.0761,0.0172,0.0484,0.0556,0.6998,0.0256,0.015,0.0054,0.2653,0.0674,0.0418,0.0065,3.2528,5.9234,0.0146,0.0244,0.1003,1.6419,1.0133,0.1824,0.0199,0.0,0.0875,11.8872,0.0167,0.5567,3.8663,0.0,8.4639,3.2179,0.0852,0.1268,1.0942,0.0398,0.0574,0.0374,0.0602,0.0265,0.0728,0.3273,0.0309,1.6782,0.0777,0.0529,0.0306,10.3717,0.5833,0.2339,0.0965,3.9631,0.0431,0.0254,0.2319,0.0188,0.4119
LPA,0.018,0.0,0.0362,0.0,0.0329,0.0191,0.0,0.7305,0.0,0.0,0.0,0.0,0.0802,0.0513,0.0276,0.0,0.0251,0.0482,0.0253,0.0882,0.0,0.0147,0.0,0.0312,0.0404,0.0276,0.0,0.0185,0.0,0.0205,0.0823,0.0129,0.0173,0.0107,0.0,0.0085,0.379,0.0,0.0133,0.0,0.011,0.0,0.0541,0.066,0.0,0.0384,0.0,0.0197,0.0,0.0108,0.0305,0.0374,0.0,0.4575,0.01,0.0,0.0787,0.0197,0.0,0.0,0.0,0.0,0.0,0.0,0.0181,0.0486,0.0088,0.0309,0.0071,0.0123,0.0,0.0,0.0056,0.0339,0.0053,0.0,0.0,0.4364,0.0171,0.0,0.0125,0.0932,0.0287,0.0,0.0717,0.0,0.0,0.0224,0.0834,0.0,0.0386,0.0053,0.019,0.0,0.0364,0.0335,0.0,0.0241,0.1016,0.0053,0.0,0.0704,0.0,0.0,0.0093,0.0,0.0226,0.0,0.0,0.0,0.0,0.0466,0.0,0.0,0.0,0.011,0.026,0.0316,0.0,0.0231
LRFN5,0.1507,0.2878,0.4853,0.2905,0.023,0.0201,0.425,0.8354,0.0519,0.5504,0.1294,0.1077,0.084,0.5839,0.5355,0.0,0.6224,0.7839,0.2779,3.5836,0.1057,0.1235,0.3313,0.3705,0.0707,0.2168,0.5184,0.0097,0.1412,0.2467,0.3452,0.095,0.2717,0.2244,0.2085,0.6393,0.1324,0.2294,0.0697,0.3467,0.451,0.221,0.0,0.1038,0.2853,0.1208,0.2091,2.2873,0.2185,0.5977,0.3001,0.7285,0.2675,3.6152,0.6526,0.0664,0.9186,0.9991,0.0788,0.0962,0.1058,0.0294,0.8189,0.3256,0.682,0.5609,0.0645,0.1622,0.1266,0.2845,0.1042,0.0484,0.2096,0.1599,0.2389,0.1343,0.0908,0.3996,0.2331,0.3509,0.2484,0.3713,0.376,0.1316,0.1353,0.3098,0.1749,0.5508,0.1895,0.34,0.1315,0.2503,0.1791,0.293,0.1715,0.316,0.1977,0.2615,0.5646,0.0168,0.0602,0.2859,0.3602,0.1671,0.3994,0.116,0.3786,0.0416,0.0162,0.2839,0.6426,0.2246,0.2364,0.3103,0.521,0.4272,0.5035,0.2154,0.5025,0.526
LRP1,12.311,47.6875,52.4145,63.6247,21.2949,33.2869,102.3647,80.1144,27.8309,63.412,27.7125,70.5991,53.836,75.3255,147.3958,22.9469,114.4532,105.5249,91.831,69.9057,54.2894,37.1543,92.8031,78.7806,29.8505,56.0027,81.9491,13.6176,43.8909,118.8373,39.5216,46.9252,35.9208,20.8351,25.1625,93.351,22.8661,49.364,49.2333,65.6344,58.7398,98.2188,13.3764,20.8653,25.9344,24.228,45.2335,155.666,41.3582,81.0978,108.5206,167.8088,67.0349,111.8883,86.1684,58.1349,154.7325,93.5533,28.7611,44.4405,27.8929,19.8534,42.0589,58.4163,158.6134,220.2419,28.4489,58.2682,52.4194,41.7842,59.8698,26.0725,26.342,15.1025,59.8904,87.8336,36.3437,55.7508,20.0209,54.7585,33.2582,98.22,77.5602,51.5043,57.3064,111.3011,19.9021,65.4181,44.5045,131.4532,29.3021,54.7766,56.8259,41.0909,42.5727,44.3839,107.6994,39.3012,64.6254,5.4578,21.7005,67.219,46.3536,34.7017,36.9487,59.6331,11.7439,25.475,18.0971,98.0463,83.2858,58.2751,37.0062,48.753,150.1773,133.2535,115.8995,51.5343,93.7155,42.0715
LRP1B,0.8346,0.0,0.0085,0.0036,0.2464,0.0188,0.008,0.0784,0.0065,0.0389,0.0208,0.0231,0.007,0.5855,0.0326,0.1151,0.079,0.4652,0.0149,0.2691,0.0057,0.0,0.0,0.0123,0.0424,0.0054,0.0348,0.1817,0.0391,0.004,3.9579,0.3972,0.0612,0.0,0.7829,0.0567,0.0,0.0044,0.1413,0.0285,0.7901,0.0059,0.0053,0.0631,0.0349,0.0113,0.0,0.0414,0.007,0.0127,0.0168,0.0294,0.182,1.011,0.0079,0.0448,0.0265,0.0425,0.0,0.7405,0.0144,0.0,0.0,0.0072,0.0,0.0383,0.0104,0.0487,0.4333,0.0097,0.0041,0.0121,0.0,1.1342,0.0083,0.7225,0.0524,0.0087,0.0067,0.079,0.0,0.022,0.0113,0.0,3.3922,0.0241,0.0,0.0132,0.0164,0.0034,0.0114,0.0,0.0075,0.0,0.0072,0.0,0.0093,0.0222,0.004,0.2206,0.064,0.0069,1.1957,1.1207,0.0037,0.0,0.0267,0.0156,0.0061,0.0041,0.1097,0.0843,1.754,0.3494,0.0533,0.7759,0.0409,0.0062,0.0604,0.0045
LRP2,0.0503,9.9474,3.8383,4.2296,0.2062,0.0,1.5388,5.519,0.2177,1.3378,20.6863,12.6231,3.0888,0.3046,11.2539,0.8646,0.4043,8.9635,1.1905,2.8023,0.6503,3.3658,0.87,2.7954,0.5763,6.9315,0.3881,1.7345,4.5602,8.1942,1.7269,15.3508,0.511,0.0043,14.4374,1.9834,1.3683,0.1188,1.7962,0.9786,4.3372,17.9511,1.6802,3.0985,1.827,10.3576,1.0412,5.9714,12.5802,0.8726,0.0268,8.1811,3.6734,2.0669,3.1576,0.2226,1.0414,2.5127,5.9932,2.6957,5.2277,0.1514,20.31,6.0303,0.8521,82.5062,0.1546,3.7361,0.6472,6.9295,0.0752,1.1618,0.7544,1.7476,0.0529,0.0,0.0825,1.5692,25.1179,2.0539,1.2111,3.8251,1.3528,0.1035,2.4469,8.1852,0.0,0.4467,2.0667,0.058,1.6458,2.9529,2.9882,0.8353,1.5831,1.8789,0.5794,2.6496,4.2637,8.0355,0.9598,4.4251,2.8434,0.3396,0.1448,0.0126,46.2518,0.0635,8.4676,0.0458,12.6315,40.8414,0.885,25.7679,5.6387,0.2157,10.6948,0.3284,0.0306,18.7206
LRRC4C,0.108,0.3299,0.7128,0.555,0.066,0.161,0.2436,1.7956,0.0794,0.4207,0.4026,0.1763,0.2355,2.2372,0.8296,0.2987,5.115,4.5125,0.4552,1.3252,0.2077,0.5132,0.8652,0.5622,0.2916,0.2154,0.5306,0.0555,0.1448,0.6395,0.2308,0.4043,0.5192,0.2186,0.1878,0.8144,0.0,0.2158,0.1758,0.5713,0.8617,0.6516,0.0162,0.136,0.2417,0.2539,0.0899,1.0188,0.4051,0.724,0.6076,1.2393,0.9678,1.8607,0.9171,0.5478,0.8776,0.6849,0.2452,0.1103,0.43,0.1349,0.5984,0.2196,1.0859,0.8417,0.2748,5.4958,0.1622,0.1779,0.1508,2.0338,0.2803,0.163,0.5223,0.4105,0.4725,0.7435,0.4522,3.5223,0.1649,0.4257,0.5,0.2546,0.6549,0.7961,0.1404,4.2455,0.3509,0.5745,0.626,0.4654,0.1597,0.4299,0.4368,0.3945,0.1558,0.3965,0.7694,0.077,3.784,0.7294,0.0978,3.2178,1.0833,0.2851,0.3255,0.0318,0.0464,0.651,0.653,0.2239,0.1789,0.2569,1.0136,0.6751,1.4664,0.5699,0.7143,0.7001
LRRC7,0.0385,0.0844,0.062,0.0574,0.0494,0.0677,0.0217,0.0545,0.0566,0.044,0.1473,0.022,0.0591,0.0895,0.071,0.047,0.0555,0.1809,0.1623,0.8505,0.0555,0.0883,0.0489,0.118,0.1155,0.0487,0.0341,0.0277,0.0228,0.0899,0.097,0.0638,0.622,0.0711,0.07,0.0327,0.0662,0.1154,0.0427,0.0376,0.0355,0.1355,0.0174,0.0475,0.0279,0.0864,0.0588,0.0394,0.0494,0.0553,0.0848,0.0881,0.0376,2.1412,0.2108,0.0597,0.1613,0.0737,0.0667,0.0459,0.2909,0.0586,0.1122,0.0235,0.0271,0.0792,0.0358,0.1034,0.1035,0.1771,0.0661,0.1483,0.0476,0.3995,0.05,0.0183,0.0628,0.1432,0.033,0.0606,0.0508,0.0819,0.0277,0.0219,0.086,0.0939,0.025,0.1557,0.1966,0.0896,0.0558,0.0716,0.0366,0.0742,0.0779,0.0746,0.1111,0.0603,0.0697,0.0217,0.3158,0.0716,0.1046,0.1138,0.0398,0.0474,0.1741,0.0454,0.0414,0.0781,0.0179,0.1517,1.1974,0.074,0.0581,0.0708,0.0807,0.0508,0.0164,0.1644
LRRIQ1,0.0526,1.3541,0.789,1.4199,0.1286,0.1261,1.2464,23.9891,0.0483,3.4591,7.1768,0.0859,0.1239,7.5969,1.4655,0.1391,0.5999,2.2189,0.2126,21.5847,0.9804,0.3018,1.0283,0.8371,1.5098,0.318,1.3186,0.1217,0.2231,0.5019,0.221,0.5778,0.9994,0.8383,0.416,1.0355,0.2774,0.3245,0.0876,0.817,0.7914,1.4442,2.0389,0.1209,0.1602,0.8296,0.0639,0.4667,0.6819,0.3071,0.1873,0.5197,2.3639,3.7609,0.0809,0.38,1.3734,7.243,0.3144,2.3965,0.9873,0.4365,0.5027,0.1605,0.1058,0.8189,0.7598,0.7021,1.0972,6.4558,0.4057,0.7208,0.1341,1.3402,0.1474,0.0,0.4683,0.8815,0.0376,3.1039,0.2283,2.0266,0.6301,0.3561,0.1575,0.3656,0.8429,3.1343,0.0,0.6248,0.1059,2.5126,0.1806,0.0573,0.2661,0.7257,0.302,4.1591,0.2604,0.168,3.9723,0.9659,0.6288,0.0389,0.4898,0.3589,2.1481,0.0291,0.0057,1.2506,4.3651,1.0298,0.1288,0.4995,1.2238,2.2334,0.2566,1.8398,0.0,0.8275
LRRTM4,0.0214,0.0994,0.0172,0.022,0.0131,0.0342,0.0482,0.237,0.0982,0.2535,0.0,0.1746,0.0636,0.2267,0.4107,0.0348,0.0995,0.1148,0.03,0.4723,0.0514,0.0701,0.0627,0.4081,0.417,0.0492,0.042,0.0769,0.2362,0.0609,0.0326,0.0,0.1234,0.0255,0.2536,0.0504,0.1336,0.0668,0.0475,0.0123,0.1312,0.1254,0.0,0.0168,0.0422,0.0686,0.0,0.5552,0.153,0.064,0.029,0.3467,0.1044,0.3768,0.0119,0.0753,1.2431,0.0585,0.0128,0.091,0.1092,0.0083,0.1124,0.0,0.129,0.0116,0.0733,0.0736,0.0085,0.1174,0.0249,0.0,0.0529,1.2303,0.0315,0.2032,0.2458,0.0854,0.0814,0.0089,0.0297,0.1996,0.0512,0.0373,0.0,0.0485,0.0993,0.3192,0.0331,0.0102,0.0,0.4292,0.1355,0.0399,0.0,0.0239,0.1823,0.0957,0.7255,0.0127,0.0342,0.0419,0.0,0.0,0.0442,0.0753,0.1343,0.0315,0.0,0.0,0.0332,0.0,0.0805,0.1663,0.1075,0.2097,0.1236,0.0,0.1597,0.0069
LTBP1,15.3014,25.3725,26.3466,27.2595,22.0004,39.5242,76.1709,45.1492,51.2814,58.0369,13.3302,32.6222,7.6686,56.3816,133.0343,16.522,127.8263,46.732,46.8792,77.5459,23.2254,37.4747,13.8897,33.4559,10.1907,43.377,95.5711,4.3608,8.4326,22.8406,31.1996,59.7804,17.6963,13.2277,7.8163,42.0196,23.0629,22.0608,21.0526,12.5009,83.8757,68.9192,2.736,4.5368,21.2292,5.3086,9.5237,23.7357,20.4106,46.026,64.9153,121.3722,23.4681,50.738,82.243,37.7663,25.6659,77.6792,7.0256,42.065,69.4958,44.1184,26.1919,27.5607,35.0337,18.1509,38.48,33.2073,22.8873,49.9177,29.022,8.032,12.1808,30.2197,12.9672,77.0036,24.3289,50.0991,16.5423,32.1054,22.3763,12.6807,18.9384,14.2014,23.2917,86.4809,29.8782,28.762,24.7972,25.4975,16.1731,34.1013,58.1357,17.303,56.0561,44.6776,41.2947,75.6553,28.1751,2.212,81.0853,53.776,26.4628,27.3356,41.3688,46.3518,17.9344,8.999,4.7576,45.4814,38.3832,15.139,10.7635,26.1353,244.5027,78.925,39.9562,19.7872,78.6225,20.4978
LYST,1.669,6.3525,10.1599,10.5881,2.602,3.8415,2.8602,5.3136,0.8127,4.3,8.2113,12.6787,6.0527,8.9304,5.5049,2.0392,2.4395,8.032,13.4649,71.3828,3.1666,5.4272,11.0178,8.1635,3.8222,6.2992,4.2828,2.5127,4.9108,8.1336,3.0662,3.567,7.3782,10.8242,5.185,7.6388,6.0195,2.2945,7.7254,3.0758,2.8382,5.3378,3.4743,2.4426,3.8106,3.6718,1.6694,7.0158,4.3669,4.5049,7.3328,13.3991,3.5979,51.3423,8.0141,14.7177,10.0908,18.6891,7.1032,6.8277,5.4618,4.4934,28.2733,8.916,5.48,10.1455,4.9448,2.6278,2.3312,11.9166,3.0819,2.0902,2.4675,1.8637,5.3988,3.2084,2.8668,4.6351,4.4346,4.7994,3.1722,6.0384,6.61,10.9495,3.6569,5.1673,4.5507,7.3779,15.2852,5.199,11.0162,3.4942,8.5087,4.3765,3.6144,4.9109,7.8454,5.406,6.5533,1.9815,4.1018,8.2184,4.718,2.7755,2.9581,2.6364,19.2526,3.4147,1.8052,6.5058,5.8341,4.9102,2.894,8.9844,6.099,5.6786,5.1032,6.2457,2.5484,2.7124
MACF1,2.3006,21.7145,30.9548,26.4429,12.1019,18.2529,21.1096,32.5887,12.3849,12.2303,24.1006,56.8877,22.9532,28.0889,30.0881,11.3339,11.7802,36.5794,26.2544,196.3715,22.4972,14.0262,29.453,34.1369,13.7326,16.6094,25.3204,5.7797,17.3007,32.589,18.6734,32.2668,21.5165,19.5609,16.0494,34.5443,9.5495,11.6898,14.1539,9.159,20.1809,25.9693,8.9885,7.32,17.0159,14.3779,18.1055,66.0478,14.7671,26.6807,23.2266,51.476,20.2778,146.5126,42.059,25.17,72.5418,91.76,22.8243,17.0566,10.5004,17.3406,70.4313,15.2283,31.2492,35.9408,13.4822,14.8848,14.5996,30.3468,15.1773,50.4719,11.3044,9.7148,26.396,34.6126,11.6475,15.8446,8.5736,15.1392,6.3381,27.6661,25.8457,24.2062,11.7696,29.2111,18.9421,19.6507,44.1208,31.0685,11.7924,19.101,22.6835,26.4225,17.0749,39.9278,18.7448,21.8893,40.6789,3.4332,47.9679,21.4167,11.3043,20.8477,8.2728,12.547,39.8235,8.1009,13.4217,21.9324,39.9482,26.3192,14.4867,50.2752,43.8795,20.6,35.8656,18.4624,22.4813,32.6647
MAGEC1,0.0815,0.0,0.0219,0.0,0.4484,0.0,0.0307,0.0,0.0,1.3464,0.0,0.0,0.0,0.0111,0.2297,0.0,0.0253,0.0608,0.0191,0.0,0.0,0.0223,0.0266,0.0157,58.7156,0.0,0.2404,0.0,0.0,0.0155,0.1867,0.3327,0.0261,0.0,0.0,0.0,0.0,0.628,0.0402,0.0625,0.3003,0.4328,0.0,0.0642,0.0,0.0581,0.0377,0.0,0.0,0.0325,0.9766,0.1921,0.0121,2.4481,0.0607,0.0383,0.017,0.0,0.0,0.0,0.0,0.976,0.0,0.0,0.0,0.0,0.0,0.0374,0.0215,0.0,0.174,0.1396,0.0252,9.3581,0.2325,0.1291,0.0202,0.0251,0.0,0.0,0.0755,0.0,0.1519,0.0,0.0217,0.0771,0.0,0.0,0.0,7.9394,0.0,2.3348,1.2918,0.0,1.4843,0.0,0.0891,0.0487,0.0307,0.0,0.0289,0.0133,0.0,0.0643,0.0281,0.0,0.0,0.0,0.0,0.0158,0.0,0.0,5.2803,0.0,0.0228,0.0167,0.0,0.0,0.116,0.0436
MAP2,21.4842,29.6349,10.3124,3.7279,12.4758,29.0922,3.3164,4.7565,4.601,3.8388,4.6931,2.4488,1.2628,6.5075,8.5313,0.606,15.5787,224.1177,6.851,7.5536,1.1075,2.4416,5.2193,3.3904,28.9376,3.0459,3.554,13.6005,64.9891,10.4423,18.4523,35.1731,5.0047,40.4663,31.3996,3.4787,3.1765,1.8363,4.316,1.2793,11.4851,1.9549,5.3315,0.8258,7.3039,29.4586,28.5663,3.5664,1.6063,4.1775,3.5184,6.7693,37.1242,3.5697,17.7766,11.7947,11.9052,1.9881,2.9395,11.1718,8.5316,1.3734,11.321,1.4648,2.5725,6.7593,16.4405,16.1357,9.8834,14.1807,3.4308,13.3745,0.3725,12.7868,4.4978,4.0632,0.9122,18.4007,1.9405,2.203,1.551,3.457,5.7195,8.568,63.3719,1.812,1.5199,1.7438,3.5716,0.419,1.3152,11.2611,71.3975,2.5363,11.5775,3.6022,7.5286,14.383,8.1752,14.0106,17.564,1.3817,9.7889,47.8824,2.6152,30.627,11.4123,8.9241,42.6033,2.9828,3.0015,83.5757,16.7093,3.0221,30.9994,22.9717,29.5848,5.1037,21.4689,14.64
MARCHF1,5.0172,9.0816,7.5284,6.0134,2.7675,1.4839,5.1706,3.3633,1.2033,9.5832,4.1388,1.722,2.7339,5.215,11.7,2.1584,10.2884,7.7623,6.0668,39.4085,2.0815,2.0921,5.282,5.7402,3.8801,7.0055,8.6826,0.7873,5.6701,11.3268,3.6609,3.3009,3.6078,6.0087,2.2028,4.7977,8.8158,4.7796,24.037,4.1424,4.0473,5.0605,3.9586,3.3709,2.0168,3.8618,3.0881,6.1863,8.0685,8.9174,5.6289,11.1927,1.773,60.6629,4.6765,1.9083,12.664,12.6721,4.0121,11.4145,3.9046,2.2443,21.3846,5.0107,6.7757,18.0981,2.885,3.8299,3.6374,7.1614,1.6149,1.1688,6.7469,8.1673,5.9744,7.0277,1.7039,12.3131,4.9552,6.8691,6.6563,8.8895,10.1726,5.6757,6.6349,8.7499,1.4327,7.0364,7.7548,12.1,3.0684,7.7857,3.7164,3.1278,1.5155,4.4147,4.9002,4.7271,5.5551,0.5309,1.7557,10.9533,3.3957,1.5291,13.7641,3.409,8.1563,0.8995,2.4337,7.5412,3.1669,3.2916,1.5575,3.1586,4.2884,6.3475,4.4417,6.4147,3.174,7.1536
MDGA2,0.0,0.1038,0.0,0.0,0.008,0.0278,0.0,0.0,0.2274,0.0938,0.0,0.0,0.0,0.0053,0.0601,0.0,0.0061,0.0,0.0,0.032,0.0104,0.0,0.0,0.0075,0.088,0.005,0.0,0.0067,0.0051,0.0074,0.0,0.6662,0.0,0.0,0.0103,0.0,0.0,0.0081,0.0,0.0,0.6559,0.0,0.0098,0.0103,0.0086,0.007,0.0,0.0048,0.0032,0.0,0.0,0.0054,0.0058,0.4338,0.0,1.1568,0.0244,0.0,0.0,1.8636,0.0865,0.0,0.0,0.0,0.0393,0.0282,0.0,0.0,0.0,0.0179,0.0,0.0,0.0081,0.0369,0.0,0.0,0.1449,0.02,0.0,0.0,0.009,0.0,0.0,0.0057,0.416,0.0074,0.0,0.0,0.0,0.0062,0.0,0.0539,0.0069,0.0081,0.0,0.0,0.0,0.0,0.0295,0.0,0.0069,0.0,0.0852,0.0,0.0135,0.0,0.0491,0.0,0.0,0.0,0.0,0.0338,0.0589,0.0,0.0109,0.7428,0.0188,0.0,0.0139,0.0084
MGA,2.1036,11.1412,8.5253,5.6723,8.8463,10.356,9.875,7.531,8.8379,7.209,13.6578,13.345,7.7066,7.9485,13.7144,4.4254,5.0039,8.849,5.4969,67.0971,5.7612,13.6135,11.1546,9.4088,7.9636,4.6916,7.9855,4.0787,8.197,7.497,19.4573,20.3657,6.201,6.3106,9.5855,12.6583,4.0175,6.6852,4.4815,8.1772,10.4349,12.6977,2.3568,9.9524,8.7038,7.8767,7.3701,11.2519,5.3297,12.3146,8.2527,11.5539,7.8273,42.2566,10.0368,15.4864,9.7136,34.9996,10.3715,9.1936,6.28,9.1473,26.3494,9.8343,4.9691,12.0614,9.8539,6.4291,10.2609,11.987,4.7728,11.5962,6.4276,11.4613,4.6483,8.4772,5.1369,11.7171,3.0315,9.0088,4.7394,6.1593,10.6305,6.593,9.3405,9.3581,4.789,7.3626,5.9118,9.1577,4.7383,7.4985,8.7766,9.221,6.6806,2.1154,6.1386,6.7673,5.6922,2.7528,11.866,13.0105,3.8117,16.0911,4.9001,6.8107,12.9564,7.2173,6.1925,9.6985,11.9751,8.2626,8.1342,13.857,10.5064,10.5517,7.4458,7.6724,9.6701,8.7035
MGAM,0.7413,0.899,0.2638,0.1491,0.1641,0.2003,0.1818,0.3308,1.2633,0.5049,0.0843,3.1842,0.5803,0.1665,0.5282,0.0175,0.165,2.0621,0.3245,2.9533,0.3099,0.1144,0.126,1.044,1.1766,0.2308,0.2323,0.0828,0.089,0.0979,0.0492,0.0696,0.217,0.1152,0.034,0.1772,0.151,0.1778,0.318,3.2556,0.2902,0.2251,0.1051,0.1213,0.0955,0.1206,5.1131,0.2632,0.1909,0.2251,0.2804,0.8443,0.2145,5.5537,0.1741,0.386,0.2082,2.1205,0.0706,0.8139,0.1426,0.9603,0.4106,0.3277,0.2593,0.1163,0.142,0.1406,0.0764,0.8332,0.1407,0.1012,0.1228,1.3073,0.0634,0.1404,0.0677,0.2245,0.0614,0.08,0.1939,0.3566,0.1801,0.061,0.583,0.1462,0.6584,0.3208,0.3242,0.6379,0.7843,1.3701,0.0681,0.0668,0.3368,0.8009,0.8245,0.3079,0.3645,0.0128,0.0229,1.2358,0.0324,0.0572,0.1556,0.0756,0.3643,0.0,0.0693,0.9902,0.0999,0.2172,0.1591,0.2408,0.2611,0.2239,0.2561,0.1134,0.2293,0.2034
MMP16,0.2771,0.0571,0.1615,0.6629,0.0934,0.8548,0.6034,1.0826,0.2808,4.1908,0.3187,0.2106,0.3835,1.3091,0.8367,0.171,4.0719,1.0258,1.047,2.3917,0.1072,0.5558,2.2777,0.4421,0.172,0.4545,3.1638,0.1522,0.1583,0.7888,0.3866,0.2339,0.4593,0.4893,0.0453,0.8105,0.0373,0.1521,0.3252,0.0879,0.4105,0.9207,0.0431,0.0527,0.1384,0.5208,0.0398,3.1653,0.125,0.5948,1.2597,5.4145,2.2931,3.0866,1.5053,0.7337,0.1135,0.8619,0.4052,0.1301,0.6341,0.3095,1.1409,0.3982,1.3066,2.834,1.0895,0.4244,0.1737,0.1574,0.6699,0.5071,0.1771,24.756,0.1381,0.4085,0.673,0.508,0.6274,1.7598,0.1525,0.0694,0.7245,0.2336,0.2897,0.6122,0.346,0.4457,0.4878,0.3222,0.2256,0.3215,0.6609,0.3566,1.0048,0.4451,0.7332,0.4064,0.1621,0.0255,5.454,1.5011,0.423,0.6044,0.3853,0.4288,0.84,0.4434,0.078,0.8252,1.1925,0.7479,0.3885,0.5114,1.8815,0.4333,1.8976,0.3445,1.1416,0.5826
MMRN1,2.0364,1.422,7.6642,2.7839,0.5516,4.6067,7.435,14.2476,2.0636,15.6446,4.4082,3.1197,4.2862,19.4865,25.8698,4.3213,13.1579,12.6238,8.7751,7.4456,1.43,6.7265,0.5128,7.7112,2.3779,5.928,2.4756,1.3163,28.9417,2.3789,9.2157,0.7256,3.4521,1.6753,18.1251,20.4335,5.902,3.6644,0.8701,2.1246,3.7113,2.4103,1.3426,2.6118,3.5103,0.258,0.4952,21.3581,4.1609,12.0521,2.4338,3.0989,16.3189,2.5076,5.4545,0.0296,9.843,9.3662,1.1915,0.2502,4.8445,1.7208,10.4295,3.7779,2.4701,20.5008,2.1784,2.9566,2.8381,3.1267,2.1746,0.6829,4.9044,7.1887,1.6965,1.4214,3.6663,5.8074,6.1146,4.0408,5.6825,5.0743,4.8098,1.6409,5.646,19.2869,4.3276,5.472,1.3319,0.9473,3.3242,3.1731,4.3238,1.2014,3.9915,0.9547,2.4237,9.1284,3.4784,0.5488,0.559,5.8674,1.9858,1.6756,8.1852,1.0715,2.1623,0.3093,1.3899,6.3281,13.3786,7.0961,1.8074,4.8117,9.6765,1.9429,7.0814,4.5426,6.2269,7.8024
MRC1,1.7614,40.9853,114.4248,63.225,2.4525,5.8901,50.8238,50.4764,7.1485,81.53,54.5185,11.3599,4.3202,57.0775,109.542,6.7663,85.8805,35.9424,28.4448,157.1137,5.1639,11.7482,158.819,64.9513,24.0336,95.0893,44.4778,15.0686,33.6403,202.0871,10.6218,4.2865,6.132,107.3515,8.1795,54.7955,165.7979,15.233,570.4965,24.757,25.5386,26.9633,83.2385,21.6766,33.7667,8.8296,25.0131,110.1981,40.1516,89.9748,135.9676,310.5916,24.5632,237.6789,21.9763,1.1939,238.0294,117.335,56.0139,41.1679,62.152,5.1869,185.8246,37.834,155.5634,112.4267,7.2901,25.5357,13.1586,48.2051,22.0123,4.6191,58.9636,24.3559,42.0452,59.8552,14.6,67.9011,31.0272,18.3662,89.0426,221.0279,47.0075,57.6453,27.9001,44.6855,7.7224,24.2175,122.7694,189.7268,27.8016,46.1206,73.0029,2.8709,2.7059,44.38,28.1688,41.0065,43.4486,5.0074,1.888,57.6998,13.1591,10.1636,32.4323,16.3242,72.5632,1.5111,6.6905,44.7975,26.793,64.2222,9.7267,63.4148,148.3637,43.7984,46.4297,30.5358,11.8707,154.1977
MROH2B,0.0,0.0126,0.0153,0.0195,0.0,0.0304,0.0214,0.1054,0.0,0.0161,0.0746,0.031,0.0,0.0698,0.0146,0.0,0.0177,0.1106,0.0134,0.5599,0.0305,0.0467,0.0,0.022,0.0,0.0292,0.0,0.0098,0.0075,0.0541,0.0145,0.0,0.0,0.0,0.0,0.0269,0.0,0.0059,0.0,0.0984,0.035,0.0159,0.0,0.01,0.0188,0.0,0.0,0.0209,0.0422,0.0455,0.0387,0.0,0.0253,1.3773,0.1168,0.0938,0.0951,0.0208,0.0454,0.0,0.0,0.0,0.1271,0.0,0.0,0.0309,0.0,0.0,0.015,0.013,0.0,0.0163,0.0176,0.0,0.0112,0.0226,0.007,0.0,0.0,0.0472,0.0132,0.0394,0.0,0.0332,0.0152,0.1186,0.0,0.0118,0.0147,0.009,0.0,0.0281,0.0201,0.0,0.0,0.0,0.0,0.0,0.043,0.0056,0.0,0.0186,5.4423,0.0112,0.0,0.0,0.0,0.042,0.0,0.022,0.0295,0.0,0.0048,0.0174,0.0,0.0233,0.151,0.0167,0.0608,0.0488
MUC16,0.0079,1.7439,7.283,9.3407,24.0329,18.7314,14.6749,27.6339,3.4428,2.7121,2.5145,0.0172,0.0183,3.0675,1.3524,0.0129,1.8039,0.0579,5.4731,5.0687,0.3172,0.0065,0.0129,13.9518,0.0515,0.0648,2.5027,0.0271,0.0021,1.0339,9.2099,24.0214,7.3725,0.9226,0.0104,0.3334,0.0165,2.1484,0.2012,0.3627,18.5652,0.0376,0.7585,0.8506,0.0026,0.0042,0.0439,0.0222,3.1749,3.471,5.1771,11.922,1.493,44.2669,1.9421,22.8062,0.0676,0.2641,0.0047,2.5521,0.0889,31.7981,0.4387,30.5698,6.3033,32.651,0.0659,0.0318,0.9097,10.6709,4.5322,5.637,5.6011,0.0199,14.5426,29.3394,0.0313,3.9602,0.0176,1.7315,0.3645,1.4729,3.0865,0.0115,7.2283,7.4744,0.3039,3.9123,0.0102,8.2508,61.0443,2.021,0.0307,0.9341,7.7322,5.4066,1.4213,1.3851,6.4696,0.0039,3.324,5.9539,0.1208,0.0921,0.1064,5.179,18.5604,0.0233,0.0136,5.4035,1.4998,0.6458,0.0291,10.3471,0.115,17.0814,11.0353,3.6307,10.32,0.2295
MUC17,0.0,0.0052,0.0032,0.0,0.0,0.0335,0.0,0.0,0.0,0.0133,0.0,1.6263,0.0,0.0,0.0,0.0064,0.0,0.0211,0.0277,0.0,2.6498,0.0,0.0,0.0,0.0118,0.0,0.0,0.0,0.0,0.0,0.0,0.0,2.0895,0.0,0.0,0.0,0.0,0.0,0.0,0.0,0.0387,0.0,0.0,0.0083,0.0,0.0505,0.0,0.0,0.0019,0.0,0.0027,0.0,0.0035,0.6475,0.0132,0.1276,0.0,0.0086,0.0,0.0,0.0,0.0,0.0188,0.0,0.0079,0.0,0.0,0.0054,0.0031,0.0,0.0,0.0,0.0,0.0074,0.0023,0.0094,0.0,0.0411,0.0,0.0,0.071,0.0,0.0126,0.0,0.0,0.0045,34.7091,0.0,0.0061,0.0037,0.0042,0.0023,0.0,0.0,0.0478,0.0,0.0052,0.0,0.0,0.0,0.0,0.0,0.004,0.0,0.0,0.0,0.0,0.0,0.0,25.7984,0.0,0.0082,0.0,0.0036,0.0,1.4379,0.0,0.0,0.0084,0.0051
MUC5B,0.056,4.6715,1.8401,36.7412,526.3487,38.0624,837.3032,654.6306,0.1314,54.3139,54.5042,25.1684,0.1017,17.5911,16.7002,237.7727,32.6012,2.652,3.0848,1.725,793.5119,99.9732,23.9748,3.5654,2.9439,1.353,44.7763,31.924,0.2993,18.7391,118.0167,0.1164,59.5465,9.5228,0.9687,3.5033,0.1117,331.2054,29.9707,8.4082,17.314,31.3684,394.1608,0.591,191.6264,0.0465,3.9742,2.8204,120.6616,24.9946,58.9699,753.0895,233.6388,5.9189,8.862,0.4777,2.5935,0.1292,106.8841,0.0953,9.1006,22.5535,0.0951,270.1287,1.5011,1.7507,0.2709,0.4069,352.455,6.4247,9.3093,11.2773,0.0711,2.828,17.2666,501.3871,20.1677,21.1608,0.2131,340.6395,22.8359,61.5342,292.0153,0.057,3.2263,6.7688,8.1779,419.4414,7.4634,17.0844,559.0915,16.2275,8.4841,5.401,4.1012,174.8991,265.522,30.1,6.6334,1.0051,6.7405,21.1615,4.2779,5.093,2.5826,333.0731,9.6951,316.0839,0.0535,41.0804,474.65,3.6759,0.3138,157.3364,0.7454,0.2516,2.7719,32.4147,20.5652,0.545
MXRA5,9.0967,22.464,26.21,63.8998,70.0011,13.0645,230.2071,12.3381,9.9068,70.3253,13.3134,15.6545,18.6517,23.1112,54.9844,5.0684,194.8646,55.1482,130.5294,27.0039,84.0199,13.3715,40.6033,19.3555,7.9122,34.5793,190.7957,2.5104,6.4039,98.0838,51.1903,78.4552,30.6336,19.2098,5.7183,21.7778,1.8797,51.3419,5.7107,22.0223,96.3818,127.0494,1.5091,3.9639,3.4176,8.771,15.0698,45.5119,24.6864,80.9357,77.2895,281.8946,52.8353,161.6751,29.139,35.8702,14.3166,13.7599,21.7673,15.7988,33.6541,4.3981,44.7,47.9225,213.3338,115.6522,14.5761,24.1694,31.5418,18.4635,38.0174,14.2821,13.0123,15.593,36.8639,138.5374,47.1649,121.1323,12.7239,50.2548,35.4087,14.5957,65.5548,18.181,38.1245,83.5918,35.9676,38.7025,21.8258,63.181,9.2907,28.655,14.3433,37.8044,29.938,31.9066,152.9544,23.7072,15.7393,0.7921,56.9775,24.4172,58.4086,23.6966,57.7647,76.2602,9.7663,19.417,6.3403,168.6405,12.8609,17.3409,8.3248,6.7309,50.9325,99.7944,29.7763,29.6087,197.9164,25.5417
MYH1,0.0,0.0383,0.085,0.0395,0.0,0.0,0.0,0.0237,0.0176,0.0325,0.0565,0.0,0.0571,0.0548,0.1033,0.0,0.1162,0.0258,0.1214,0.6364,0.0154,0.5666,0.0375,0.0111,0.0432,0.4126,0.0377,0.0,0.0606,0.0547,0.0,0.0277,0.0923,0.0114,0.0,0.3349,0.06,0.072,0.0,0.0221,0.0236,0.0161,0.0,0.0101,0.0885,0.0,0.0,0.0492,0.0095,0.1265,0.0716,0.3114,0.0852,1.4666,0.0322,0.0135,0.1201,0.1785,0.0688,0.0,0.0392,0.015,0.0183,0.0195,0.0193,0.0728,0.0658,0.0066,0.0076,0.0264,0.0391,0.0,0.0356,0.0,0.017,0.0228,0.0,0.2361,0.0914,0.0079,0.0,0.01,0.0307,0.5954,0.0766,0.1525,0.0,0.0119,0.7281,0.0091,0.0,0.0567,0.1217,0.0119,0.136,0.0286,0.2394,11.2492,0.5647,0.0,0.0102,0.0188,0.0773,0.0,0.139,0.0169,0.0,0.0141,0.0083,0.0223,0.0447,0.01,0.0241,0.0264,0.5955,0.0118,0.0555,0.0338,0.0615,0.0185
MYH13,0.0,0.0,0.0533,0.0389,0.0116,0.0,0.0426,0.0233,0.0,0.088,0.0556,0.0,0.0281,0.0463,0.029,0.0,0.1583,0.1268,0.3054,0.6495,0.0303,0.0,0.0,0.0,0.0425,0.0363,0.1486,0.0,0.0,0.0538,0.0,0.068,0.0727,0.0225,0.0299,0.0891,0.0,0.0413,0.0,0.0543,0.3945,0.0317,0.0,0.0198,0.0124,0.0303,0.0262,0.0484,0.0093,0.0566,0.0577,0.4008,0.0252,1.3324,0.0422,0.0,0.0236,0.1033,0.0226,0.0161,0.0868,0.0,0.1083,0.0,0.038,0.133,0.0925,0.026,0.0747,0.013,0.044,0.0,0.0058,0.0,0.0948,0.0225,0.007,0.151,0.0,0.0313,0.0131,0.0588,0.0453,0.0165,0.1056,0.1286,0.0,0.0,0.117,0.1257,0.0101,0.0502,0.1298,0.0235,0.0573,0.0,0.31,0.0254,0.0641,0.0,0.0201,0.0278,0.0761,0.0335,0.3519,0.0333,0.0475,0.0,0.0081,0.011,0.0,0.0588,0.0285,0.0692,0.0158,0.0,0.041,0.0333,0.1412,0.0546
MYH2,0.0182,0.0,0.1316,0.0187,0.0,0.0,0.0,0.0112,0.0167,0.0385,0.0713,0.0148,0.1081,0.0963,0.4188,0.0,0.0592,0.0569,0.1021,0.5575,0.0437,0.1191,0.0,0.0631,0.0136,0.2858,0.0714,0.0467,0.0932,0.0517,0.0416,0.0131,0.0,0.0216,0.0,0.3426,0.1135,0.1191,0.0,0.0522,0.0112,0.0152,0.0,0.062,0.0598,0.0,0.0,0.0199,0.0628,0.3046,0.0924,0.1436,0.0403,0.3914,0.0508,0.0,0.2953,0.2384,0.0868,0.0,0.0649,0.0,0.1389,0.1293,0.0,0.0098,0.0267,0.025,0.0287,0.0499,0.0159,0.0,0.0842,0.0,0.0161,0.0,0.0,0.067,0.1038,0.0451,0.0252,0.0471,0.0435,1.0711,0.0145,0.2988,0.0337,0.0565,0.0,0.0173,0.0195,0.059,0.1439,0.0,0.1286,0.0271,0.0954,0.1221,0.7604,0.0162,0.0,0.0356,0.0457,0.0,0.0094,0.016,0.0,0.0,0.0078,0.0105,0.0704,0.0848,0.0091,0.0,0.4416,0.0334,0.0525,0.016,0.0388,0.0991
MYH3,0.623,3.1145,1.3583,0.8806,2.7813,0.1843,0.3513,2.0463,2.8617,0.2858,1.4434,0.5228,0.8919,1.3763,0.6648,1.1264,0.2174,1.4634,0.4985,2.9946,0.4299,0.6949,1.9954,1.6518,0.2986,1.2682,0.3741,0.8539,0.1434,1.6851,3.7787,1.2835,1.1483,1.9066,0.7799,1.7946,0.1892,0.508,0.5379,0.9653,0.6055,0.6381,1.2239,2.2167,0.4956,1.6463,1.0206,1.2784,0.44,0.7252,1.3962,1.0794,0.3302,2.1688,2.6882,0.2683,3.2457,0.6813,0.6204,0.2504,0.5125,0.1486,0.4629,0.088,0.1914,1.5926,0.737,0.6913,1.0672,1.5798,0.277,0.8741,0.9893,0.653,1.2403,0.1028,0.3658,1.7447,0.313,0.4728,0.3123,2.2262,0.3316,0.5441,0.6767,1.1875,0.0964,1.7225,1.4728,0.6494,1.4306,0.4189,0.5666,0.7428,0.7351,0.7225,1.0898,0.3797,2.4858,0.108,0.341,0.7793,1.6718,0.4604,0.6712,0.7158,0.6304,0.2295,1.1978,0.3912,0.805,1.0946,0.2737,0.6888,0.3191,1.3789,0.7875,0.4415,1.4772,0.8943
MYH4,0.0,0.0,0.0232,0.0198,0.0,0.0,0.0,0.0,0.0,0.0,0.0,0.0628,0.0095,0.0157,0.0148,0.0,0.0537,0.0344,0.0946,1.2742,0.0,0.1418,0.0,0.0,0.0144,0.0148,0.0189,0.0,0.0,0.0,0.0,0.0,0.0555,0.0115,0.0,0.0272,0.0,0.024,0.0,0.0332,0.0118,0.0,0.0,0.0,0.0,0.0514,0.0,0.0,0.0,0.0345,0.0326,0.08,0.0,1.5813,0.0,0.0,0.0,0.0526,0.0,0.0,0.0294,0.0,0.0459,0.0195,0.0,0.0104,0.0094,0.0066,0.0,0.0,0.0056,0.0,0.0,0.0,0.0057,0.0,0.0,0.0295,0.0183,0.0159,0.0,0.0,0.0,0.0336,0.0307,0.0109,0.0,0.012,4.5669,0.0,0.0,0.017,0.0,0.0,0.0,0.0,0.0757,0.155,0.0,0.0057,0.0102,0.0094,0.0,0.0227,0.0994,0.0,0.0,0.0,0.0,0.0,0.0,0.01,0.0,0.0176,0.0806,0.0,0.0417,0.0,0.041,0.0062
MYH6,0.0,0.1372,0.0128,0.098,0.932,0.0,0.0,0.0196,0.0,0.0,0.0,0.0,0.0157,0.0065,0.6103,0.0,0.0,0.0071,0.0,0.0195,0.0,0.0391,0.0,0.0092,0.1073,0.0366,0.0,0.0,0.0,0.0814,0.0121,0.0572,0.0,0.0189,0.0,0.0,0.0,0.0099,0.0118,0.1096,0.0195,0.0,0.0,0.0083,0.0,0.0764,0.011,0.0116,0.0745,0.019,0.0108,0.0066,0.007,0.28,0.0444,0.0,0.0,0.0,0.0095,0.0406,0.0324,0.0,0.0,0.0,0.032,0.0344,0.0,0.1149,0.0188,0.0,0.0,0.0,0.0,0.1199,0.3092,0.0,0.0471,0.0439,0.0,0.0132,0.1875,0.0165,0.0761,0.1041,0.0634,0.0,0.0,0.2075,0.2458,0.0,0.0,0.0234,0.0,0.0198,0.1446,0.0059,0.0,0.0285,0.0629,0.0,0.0,0.0078,0.016,0.0,0.0246,0.0419,0.0,0.0117,0.2459,0.0737,0.0,0.0165,0.016,0.0,0.0,0.0292,0.0,0.014,0.0,0.0357
MYH7,0.0,0.0892,0.1004,0.1874,1.9,0.0,0.0,0.0,0.0,0.0081,0.0,0.0,0.4565,0.0157,0.5603,0.0,0.0089,0.0258,0.0,0.0236,0.0154,0.0157,0.0,0.0,0.0432,0.0515,0.0943,0.0,0.0076,0.612,0.0147,0.0415,0.0185,0.0114,0.0,0.009,0.0,0.0,0.0852,0.0552,0.0118,0.0161,0.0,0.0101,0.0063,0.0103,0.0399,0.007,0.0426,0.046,0.0,0.0479,0.0,0.2255,0.0,0.0,0.012,0.0,0.0,0.0163,0.0,0.0075,0.0183,0.0781,0.0,0.0623,0.0,0.0132,0.0076,0.0132,0.0,0.0164,0.0059,0.0181,0.3057,0.0,0.0,0.0826,0.0365,0.0079,0.0666,0.0299,0.1532,0.0335,0.0,0.0,0.0356,0.0239,0.2079,0.0,0.0103,0.0283,0.0,0.0119,0.097,0.0143,0.0126,0.0,0.0217,0.0057,0.0,0.0376,0.1062,0.0,0.0298,0.0169,0.0482,0.0,0.2393,0.0,0.0,0.0497,0.0,0.0,0.0,0.0235,0.0416,0.1519,0.0,0.037
MYH8,0.0,0.0,0.0,0.0098,0.0,0.0,0.0432,0.0,0.0176,0.0081,0.0,0.0,0.0,0.0156,0.0,0.0,0.0445,0.0,0.1076,0.7285,0.0,0.0471,0.0,0.0,0.0144,0.022,0.0188,0.0,0.0,0.0218,0.0,0.0138,0.0,0.0,0.0,0.0361,0.0,0.006,0.0142,0.0,0.0118,0.016,0.0144,0.0,0.0,0.0,0.0,0.007,0.0095,0.0115,0.0195,0.1274,0.0,0.6374,0.0107,0.0,0.012,0.1361,0.0,0.0,0.088,0.0,0.1006,0.0,0.0,0.0207,0.0,0.0066,0.0151,0.0,0.0056,0.0,0.0118,0.0181,0.0113,0.0227,0.0,0.0471,0.0,0.0238,0.0,0.0,0.0,0.0251,0.0,0.0109,0.0,0.0119,0.0741,0.0091,0.0206,0.0396,0.0,0.0357,0.0194,0.0214,0.0754,0.0429,0.0758,0.0,0.0,0.0,0.0096,0.0,0.1485,0.0337,0.0,0.0,0.0,0.0111,0.0148,0.0,0.0,0.0175,0.016,0.0,0.0,0.0168,0.0409,0.0184
MYO16,0.2362,0.1656,0.3803,0.1619,0.1684,0.2795,0.2812,0.2101,0.6509,0.6167,0.1416,0.1393,0.4226,0.289,0.373,0.2669,0.1893,0.6868,0.212,1.7068,0.2208,4.7739,0.0513,0.3188,0.1476,0.3272,0.1676,0.6204,0.1449,0.5828,2.0034,2.3052,0.1766,0.2188,0.6224,0.4886,0.0205,0.2909,0.1165,0.2414,1.4497,5.6849,0.079,1.0091,0.3714,0.0701,0.091,3.7858,0.2494,0.3692,0.1156,0.3055,0.652,1.5929,0.4399,0.6194,0.3527,0.6098,0.047,5.2943,0.1005,0.0102,0.4199,0.0934,0.3431,0.1989,0.1028,0.3479,0.3994,0.8015,0.0534,15.703,0.2189,0.0495,0.3986,0.1403,0.3406,0.2783,0.1499,3.4216,4.4531,0.4968,0.398,0.2464,1.4136,0.506,0.0487,0.5714,0.0812,0.1932,0.1197,0.3331,0.3187,0.1143,0.4379,0.1369,0.1549,0.329,0.512,0.8263,0.0559,0.2248,0.1981,0.2482,0.1561,0.2194,0.3131,0.3673,0.1861,0.2662,0.2747,0.1701,0.2272,0.3421,0.9567,0.9007,1.6964,0.2654,0.868,0.3453
MYO18B,0.0,0.981,0.1534,0.0184,0.0073,0.0888,0.0269,0.3375,0.0,0.0101,0.0,0.0195,0.0059,0.1263,1.7481,0.0097,0.0443,0.0053,0.0084,0.1608,0.0095,0.0195,0.0116,0.0207,1.8319,0.0411,0.0234,0.0,0.0047,0.0339,0.2092,0.4632,0.0115,0.0071,0.0188,0.0505,0.0,0.0335,0.0176,0.1233,0.2413,0.0,0.0,0.0469,0.0078,0.0127,2.4629,0.0349,0.0382,0.2567,0.7067,0.1139,0.0053,0.2099,0.1864,0.0,0.0074,0.0456,0.0142,0.0203,0.0061,0.0093,0.0114,0.0,0.024,0.1032,0.1166,0.0738,0.0283,0.0164,0.0416,1.8255,0.0368,0.0225,0.0562,0.0142,0.0088,0.0366,0.0113,0.0345,0.4217,0.0371,0.019,0.0156,0.8271,0.0946,0.1106,0.0074,0.1106,0.1132,0.0064,1.1078,0.0126,0.0296,0.0361,0.0577,0.3673,0.0107,0.0808,0.0,0.0,0.1225,0.018,0.0845,0.0185,0.0105,0.0,0.0,0.0768,0.0207,0.0,0.0309,0.1944,0.0054,0.0,0.0365,0.0344,0.0105,0.0,0.0
MYO7B,0.0526,0.3754,0.7513,0.4864,0.5542,1.0852,0.2669,2.9386,0.2898,0.295,0.4385,0.2361,0.2801,0.6594,0.818,0.4064,0.1407,0.6999,0.12,0.4033,5.6252,0.4093,2.222,3.0643,6.2414,0.3177,0.1679,0.554,0.3889,0.9281,6.0513,0.1988,12.1093,0.728,0.3845,0.3036,0.7494,0.1519,0.5351,0.5669,7.1489,0.1102,0.8505,0.8729,0.4197,0.4847,0.2645,0.7739,0.5937,0.4721,0.655,0.4865,0.3266,0.3346,0.8887,0.0834,4.8565,0.2444,0.1963,0.1343,0.1409,0.0924,0.157,0.3341,0.423,1.0887,0.1222,0.1901,0.2494,0.2075,0.1262,2.6894,0.3168,2.4923,0.3411,0.0468,0.2145,0.3919,0.2502,0.7182,0.6295,2.6318,0.3987,0.838,0.7658,0.492,29.5132,1.4637,0.6,0.1811,0.1764,0.0931,1.1454,0.1881,0.2526,0.3136,0.1552,0.1413,6.7419,0.125,0.035,0.2638,0.4894,0.1166,0.2175,0.2776,0.1156,0.1452,0.226,9.7609,0.1019,0.6406,2.5174,0.427,0.1983,1.3535,0.6551,0.3469,0.5189,0.6159
MYT1L,0.0,0.0,0.0013,0.0101,0.006,0.0018,0.0037,0.0061,0.0,0.0,0.0065,0.0,0.0,0.0013,2.1363,0.0,0.023,0.0044,0.0092,0.0242,0.0,0.0,0.0,0.0057,0.5208,0.0013,0.0032,0.0,0.0,0.0019,0.0,0.1706,0.0127,0.0,0.0026,0.0,0.0026,0.0021,0.0,0.0,0.002,0.0,0.0025,0.0,0.0043,0.0035,0.0,0.006,0.0016,0.0,0.0145,0.0055,0.0131,0.3866,0.0037,0.0023,0.0082,0.0036,0.002,0.0028,0.0,0.0013,0.0157,0.0033,0.0033,0.0018,0.0081,0.0023,0.0039,0.0023,0.0,0.0,0.001,0.0,0.0029,0.0,0.0037,0.004,0.0,0.0041,0.0023,0.0119,0.0,0.0014,0.0,0.0075,0.0031,0.0921,0.0025,0.0,0.0,0.0019,0.0,0.0041,0.0,0.0012,0.0022,0.0,0.0037,0.0029,0.0,0.0,0.0,0.0058,0.0017,0.0,0.0,0.0024,0.0014,0.0,0.0,0.0034,0.0017,0.0015,0.0,0.002,0.0024,0.0,0.0105,0.0021
NALCN,0.3094,0.1146,0.3855,0.3547,0.0509,0.1838,0.9662,0.2272,0.2405,0.5139,0.467,1.2386,0.3243,0.9365,0.8044,0.1016,2.8788,1.1951,0.6436,5.2492,0.1144,0.7118,0.9417,0.4818,0.0937,1.0408,1.4264,0.0917,0.1056,0.5048,0.1317,0.4883,0.4748,0.2622,0.1458,0.9281,0.4414,0.3214,0.2069,0.0958,0.482,0.8625,0.0224,0.0422,0.1136,0.283,0.194,1.0921,0.1762,0.755,1.6213,1.7786,1.0136,5.2653,0.7878,3.6298,0.476,1.9939,0.3199,0.0253,0.7107,0.0813,0.9549,0.8407,1.041,0.4058,0.1572,0.2909,0.1434,0.4451,0.4051,0.3005,0.114,0.1403,0.1667,0.3533,0.1324,0.7972,0.5832,0.8865,0.3138,0.2993,0.3419,0.478,0.7121,0.9514,0.3038,0.1776,0.3544,0.5284,0.0671,0.5023,0.7257,0.2775,0.9446,0.3193,0.3239,0.8738,0.3028,0.0636,0.0824,0.4572,0.3712,0.5381,0.6183,0.513,0.3363,0.0745,0.1023,1.1035,1.605,0.256,0.3285,0.4246,3.9935,0.5469,1.0356,0.293,1.5614,0.4812
NAV2,1.7381,41.2641,16.5693,12.9183,2.8696,12.42,8.7872,17.8213,11.9473,10.7808,19.6946,7.2762,22.9422,8.1765,31.8654,12.8384,4.2494,57.9852,36.3252,82.8492,7.1049,44.9649,10.7409,24.5352,21.7122,10.3974,14.9223,2.8365,9.5682,15.0368,16.0046,22.1149,15.3135,15.435,9.342,17.61,5.0424,4.5774,6.9789,3.2876,12.0259,29.6815,8.0985,9.5802,7.6907,22.6882,11.3656,8.5808,6.3446,13.403,13.3131,21.9255,7.326,31.4512,21.2803,3.7597,18.5907,28.3423,18.7413,47.2552,13.1819,21.6232,15.8042,18.105,28.7171,12.033,10.2684,20.9657,13.2618,20.4369,23.0061,19.4931,11.1705,10.65,27.2847,14.8504,12.0695,9.3302,8.6491,14.938,5.4814,11.8463,13.942,31.7953,28.4773,10.9851,1.26,14.4401,17.5579,15.6059,34.8748,9.76,14.7665,36.7594,13.3143,12.9941,22.7022,18.1644,11.622,4.7216,16.1495,43.6044,3.8164,7.9234,4.482,9.2641,30.2768,6.3794,17.6248,4.4278,15.6261,8.3981,1.7757,14.7833,22.5007,4.3125,20.9456,19.0968,29.2399,49.7305
NAV3,0.2091,0.5843,0.8626,1.4149,0.2183,3.5171,0.9433,1.4969,0.2481,0.9812,0.4958,0.69,0.3022,1.1618,1.3653,0.2339,2.5375,2.4789,0.8078,7.6334,0.1676,0.6068,0.7491,0.9726,0.2418,0.8222,6.3778,0.1343,0.457,1.2848,0.3858,0.5771,3.6106,0.3061,0.4339,1.4864,0.2857,0.8705,0.432,0.5861,0.8289,0.9345,0.1114,0.2378,0.2609,0.1024,0.3385,3.5936,0.5053,1.4602,0.6851,3.0791,0.8194,11.2415,1.7816,1.9335,1.6883,2.2434,0.3539,0.0667,0.6271,0.2108,2.9713,0.5757,1.393,2.6691,0.2686,0.465,2.259,0.6218,0.3853,0.1715,9.4652,2.2928,1.4337,3.5494,0.5362,1.5959,0.4975,0.8402,0.5079,0.9534,1.3353,0.5288,1.0707,1.2697,0.3559,0.6449,0.2898,1.9862,0.4349,0.4783,0.6855,0.5473,0.5903,0.6819,1.2229,0.5579,1.3646,0.163,0.3572,0.8102,0.4033,0.3348,0.8424,0.5136,0.8535,0.1027,0.0974,0.9191,1.5196,0.5058,4.065,0.9724,3.1832,2.7765,1.227,0.7433,1.2734,0.7353
NBAS,7.5245,15.695,19.9207,15.3969,14.0471,19.625,33.4808,19.5075,23.1248,19.1819,20.995,32.2285,15.4537,17.6953,35.7276,12.7172,22.0599,27.6672,26.3485,50.3118,15.8213,18.8054,20.1997,15.0097,15.0999,14.3104,14.5217,14.4122,43.6082,19.6273,19.0993,32.5169,18.5121,17.3619,34.4684,17.4713,9.1778,18.8932,14.477,15.7532,20.2609,22.7643,12.8205,14.0252,16.6564,12.0432,20.9264,18.1084,13.2367,22.5145,15.409,26.3045,28.3946,56.1509,17.9806,22.026,19.22,44.3288,25.3971,18.0605,15.2144,14.7256,32.3559,20.0061,20.1784,33.7681,29.04,12.2116,21.1171,20.1078,26.856,17.9744,15.5132,23.5383,17.3225,24.6639,15.6568,14.7152,11.0508,24.4463,20.7462,13.3315,20.3117,18.9007,15.4353,22.6046,10.9006,17.099,18.1348,23.397,16.9676,19.7131,18.2981,25.4778,13.729,15.508,22.6352,16.5178,12.8091,11.7871,28.8559,26.5156,10.7203,17.6192,13.4244,9.4203,28.7438,17.591,10.5271,15.8286,27.7947,18.4322,19.4321,30.0939,21.2366,25.1434,38.2969,11.8612,17.9326,31.1709
NCKAP5,0.0968,5.7033,1.0711,0.2363,0.4361,7.4023,0.3274,2.8829,0.2222,1.0499,0.1899,1.6494,0.6474,0.5426,5.8266,0.1378,1.0525,2.1377,0.3484,4.7798,0.3781,1.5661,0.1891,3.7364,2.1322,0.9792,0.4873,0.3295,1.6747,0.6268,0.2955,0.0871,0.3838,0.2017,0.526,1.3113,1.5681,0.0415,0.6266,1.245,1.4701,9.3362,0.6188,0.4318,1.2263,3.2128,2.6686,1.1988,1.6122,2.5271,1.9394,2.9222,1.2183,3.3396,1.4869,0.1108,13.8608,1.0648,1.0262,0.0927,0.4632,0.3683,2.3401,0.9715,1.5205,0.5958,0.2191,6.102,0.043,0.4234,0.1443,16.6198,0.3401,1.4263,1.8229,0.2299,0.3857,1.1042,0.5757,7.4553,0.3106,4.2162,1.1491,0.6127,0.6564,0.5213,0.2696,1.7608,1.6284,0.8044,0.2208,2.7424,1.8461,0.2934,0.4893,1.7494,0.2063,0.7096,7.8594,0.2731,3.2015,0.8999,0.4443,0.0572,2.2893,0.1064,0.942,0.0891,1.612,1.795,0.7221,0.4452,0.4554,0.6032,1.1759,1.379,2.359,0.2979,0.7743,0.2407
NDST4,0.0,0.0207,0.0,0.0,0.0,0.1491,0.0,0.0192,0.1143,0.0132,0.0,0.5079,0.0,0.0381,0.0239,0.0,0.0,0.0696,0.0219,0.3435,0.0,0.0,0.0,0.0,1.5865,0.0239,0.0,0.0,0.0123,0.0,0.0,0.112,0.0,0.0,0.0246,0.0293,0.1943,0.0,0.0,0.9837,0.5537,5.6564,0.0,0.1714,0.0,0.0332,0.0,0.0,0.0154,0.0,0.0,0.0129,0.0276,0.7308,0.0,0.0,0.0,0.102,0.0,12.9738,0.0159,0.0,0.0,0.0,0.0,0.0,0.0304,0.075,0.0,0.0213,0.0091,0.0,0.0,0.0293,0.0,0.0369,0.0,0.0096,0.0,0.0129,0.0,0.0,0.0248,0.0,0.0,0.0,0.0289,0.0,0.0241,0.0,0.0,0.0184,0.0,0.0193,0.0,0.0,0.0,0.0,0.0176,0.0,0.0166,0.0152,0.0,2.3538,0.0643,0.0,0.0,0.0,0.0,0.018,0.0241,0.0,1.1008,0.5123,0.0261,0.0191,0.1123,0.0,0.0,0.0
NEB,0.0984,0.4021,0.2254,0.3073,2.9276,1.3887,0.0896,0.2214,1.6166,0.149,0.2116,0.275,1.7197,0.2438,1.9857,0.077,0.0141,0.7162,0.109,5.6983,0.3609,0.2729,0.0924,0.2517,0.8516,0.4965,0.0669,0.1147,0.1075,0.3706,4.4001,1.4523,0.2001,0.2118,4.485,0.1391,0.0502,0.8555,0.1876,0.8682,1.8003,0.4535,0.111,15.4245,0.0959,1.9901,0.7666,0.1384,0.2148,0.1291,0.7222,0.9677,0.2116,6.9951,0.351,0.5359,0.4802,0.6849,0.1153,0.1772,0.0599,0.0443,1.1009,0.0462,0.1332,0.2499,0.2019,1.3878,0.5221,0.1636,0.1299,3.3141,0.0561,1.021,0.7333,0.0629,0.0603,0.1663,0.0684,0.1378,0.4754,0.2787,0.1329,1.4409,1.8935,0.2876,4.2448,0.6191,0.2899,0.2948,0.2438,0.3005,0.1379,0.1554,1.0257,0.1552,0.4419,0.1135,0.841,0.0112,0.3527,0.1371,0.2704,0.3759,0.0548,0.1998,0.2282,0.0864,0.8687,4.769,0.0909,0.5277,0.3761,0.3584,0.2093,1.2015,0.1613,0.5625,0.1736,0.1688
NELL1,1.3714,0.665,0.0088,0.0671,0.0399,0.0348,0.4174,0.1341,0.02,0.0737,0.0641,0.0889,20.0319,18.6694,11.6561,0.1948,0.3849,0.6817,0.367,1.1487,0.0174,26.5426,0.0,44.8135,40.1676,23.1335,0.107,1.6334,6.1564,0.0,0.0166,0.0157,0.4396,0.1037,0.6712,26.9841,2.9919,0.0136,0.0,0.2879,0.0935,0.2554,0.1146,0.0229,0.0072,2.8618,0.0755,0.2707,0.0537,0.1955,35.964,5.3312,177.5907,0.4262,0.0365,0.0,0.0272,0.9997,0.039,0.0,1.7781,90.3778,0.0208,25.4287,0.1532,8.1422,4.4429,1.7989,0.0,10.2192,0.0063,0.0373,0.0269,66.7354,0.0385,0.0,0.4116,26.5084,0.0,0.1712,14.6094,0.1807,0.0695,0.0095,57.1524,0.0864,0.0202,34.192,0.0,0.0207,29.2689,0.1735,0.2069,33.6074,1.2548,41.4859,0.5426,6.2581,1.5141,0.3686,0.0,12.4447,0.0,10.0899,10.5357,0.0192,7.683,0.0321,1.2727,0.0126,14.9184,0.1016,12.4247,0.478,0.602,0.0,0.3931,0.0383,0.1161,0.007
NF1,3.7051,13.9025,15.6309,8.4459,8.4703,3.1542,14.6096,8.9881,11.547,9.3678,10.2748,11.6206,9.2694,9.009,10.5016,5.6959,8.9275,17.5978,14.3114,57.096,5.7882,10.597,11.1984,14.0705,8.824,7.425,11.8112,4.0933,10.1834,12.8726,26.4183,13.3484,10.5412,16.7098,14.3066,10.1388,4.2187,8.7296,6.9547,7.5292,12.4448,15.3862,3.8623,5.6526,8.9243,8.9277,12.1281,14.0299,6.249,12.7364,6.9287,18.3477,10.5482,86.2929,11.2042,16.6094,9.4143,18.1786,14.7361,18.2311,6.1994,11.4333,8.3506,13.993,10.5906,16.9892,9.1574,11.6323,9.6421,16.2854,14.0064,4.0333,9.3334,12.3919,12.381,8.7465,7.383,8.2143,4.7076,8.9003,8.6883,7.6939,13.4003,13.7434,14.0697,9.8774,5.0597,6.2092,9.2331,16.7988,10.7038,12.2167,12.5281,12.4998,9.3484,10.0028,5.9516,9.0482,6.2013,3.2197,6.1125,22.3222,4.7946,8.1473,5.0555,7.6203,21.8183,6.2755,7.1871,15.4128,15.9359,11.4742,3.537,12.2768,15.9901,21.9278,13.415,10.3472,8.0065,18.7994
NLGN4X,1.2129,1.0739,0.2253,0.3996,0.2566,0.3147,0.2455,0.9289,0.5571,1.0074,0.5798,0.3047,0.0154,0.3107,0.2031,0.2404,0.7091,0.7096,5.7677,0.4771,0.1495,0.4715,0.2127,0.5667,8.7947,0.0597,1.0238,0.3277,0.503,0.5667,0.4274,0.4143,0.2542,0.6482,0.1229,0.4031,0.17,0.5972,0.046,0.3845,0.9545,1.3031,0.0702,0.1184,0.7626,0.0499,0.1295,0.8189,0.6294,1.0612,0.5535,0.5819,0.7451,7.6424,0.6343,1.5228,3.4995,0.187,0.2601,0.3971,0.5319,0.1153,0.4605,0.2055,1.2666,2.8703,0.0761,0.6265,0.3258,0.1387,0.3258,0.1597,0.3219,3.7551,0.8163,2.2903,0.7726,0.2007,0.0592,0.4055,0.1943,0.3871,0.9062,0.1426,1.3278,0.8289,0.0144,0.6094,0.0722,6.9648,0.2671,0.4728,0.0246,0.7158,0.0315,0.3478,0.204,0.4735,2.4093,0.4758,47.4582,0.3958,0.6181,0.5516,1.4634,0.6158,0.2734,0.1718,0.0067,0.1622,0.8198,0.0887,0.1522,0.6687,0.6125,0.5814,0.2022,0.5197,0.2654,0.4092
NLRP12,0.0935,0.2793,0.6302,0.8648,0.1142,1.1948,1.9504,0.5325,0.5796,2.6617,0.5044,0.4579,0.1737,0.6957,0.754,8.3464,1.5331,1.0351,1.9536,1.1758,0.1311,0.0191,2.4203,3.2307,0.1928,1.4704,2.2734,0.048,0.2673,0.9714,0.0714,13.6291,1.3932,1.1829,0.0554,0.8151,0.9672,0.1386,2.4212,0.1612,0.2439,0.2742,1.6527,0.1349,0.2461,0.0749,3.8424,0.5469,0.2942,1.273,4.6736,2.264,2.2084,1.4643,0.5353,0.5104,2.1621,0.4727,0.7818,0.8355,0.5727,0.073,0.4577,5.5833,2.115,1.0879,0.366,0.2414,0.2956,1.5397,0.9315,0.4801,2.6357,0.2866,1.0269,0.1665,0.2946,1.8819,0.3114,1.5864,0.373,0.9091,2.164,0.551,1.9768,0.3711,0.1736,0.2617,2.9831,1.7537,1.1665,1.2831,0.3332,0.1744,1.6307,0.7752,1.9621,0.1046,0.6607,0.0347,0.0,6.5999,0.047,0.1105,0.4471,4.997,0.0881,0.0516,0.0804,0.2303,0.5073,3.586,0.393,0.4704,0.9792,0.3294,0.6414,0.3494,0.4987,1.05
NLRP14,0.0,0.1209,0.0488,0.1871,0.0,0.0485,0.1026,0.3923,0.0,0.0385,0.2977,0.0248,0.0451,0.1608,0.0699,0.0,0.0847,0.2036,0.1918,0.6329,0.0,0.1243,0.1186,0.0877,0.091,0.0,0.0,0.0624,0.1316,0.2246,0.0695,0.2403,0.1167,0.1265,0.072,0.286,0.0948,0.2273,0.0225,0.1047,0.0372,0.1271,0.0,0.1194,0.02,0.0324,0.0631,0.122,0.1273,0.0363,0.1131,0.1261,0.0673,0.9504,0.1187,0.0427,0.2086,0.1161,0.1087,0.5681,0.031,0.0,0.4058,0.1234,0.1525,0.3449,0.0,0.1462,0.024,0.4581,0.053,0.0,0.0469,0.2862,0.1789,0.0,0.09,0.0932,0.0866,0.0753,0.1053,0.0787,0.1453,0.0265,0.121,0.0,0.0845,0.0944,0.0939,0.0865,0.0326,0.1612,0.0481,0.1321,0.0307,0.0452,0.0796,0.0679,0.1201,0.0721,0.0162,0.0594,0.1221,0.0179,0.1569,0.0267,0.1524,0.0,0.013,0.2462,0.0941,0.2988,0.0152,0.1249,0.1017,0.093,0.0219,0.1868,0.0324,0.0876
NLRP3,1.3872,3.4425,4.1632,2.9396,0.4015,0.8296,4.09,3.0725,0.7825,4.5856,2.173,1.689,2.5086,3.3746,8.1332,1.0692,9.3876,6.0323,2.5987,6.033,1.0727,2.6126,2.4493,3.6743,1.8438,6.2279,4.6396,0.2627,1.1328,6.652,0.9847,1.0689,1.8254,3.4493,0.7504,5.2194,1.9006,1.5426,30.9616,2.379,1.2847,3.0594,2.4353,1.3159,2.3551,1.0015,1.3676,5.4824,3.0515,9.091,3.8443,6.8813,2.3108,23.4937,2.1486,0.463,15.336,7.079,1.4104,8.204,2.7708,1.7764,10.7188,1.9052,3.9648,9.0769,1.9059,2.3465,2.0587,3.7918,2.0536,0.5834,2.8728,2.0432,3.8472,4.5386,0.6768,6.2162,2.7798,2.7804,3.9525,3.585,6.6444,3.5281,2.486,3.6989,0.8361,4.8144,3.2574,20.2409,2.482,3.8437,1.4138,1.5896,1.4275,2.9029,3.5121,6.5063,11.1613,0.6218,0.4407,4.1098,2.1306,0.7482,7.0096,2.1202,2.9958,0.4661,1.2137,3.1601,2.7736,13.1973,1.5577,2.1377,2.3863,5.5638,4.0958,2.5474,1.2464,4.546
NLRP4,0.0,0.0195,0.0118,0.0,0.0,0.0938,0.0,0.0361,0.027,0.087,0.0,0.0719,0.0436,0.1197,0.0676,0.0,0.0137,0.0,0.0412,0.0,0.0,0.0481,0.172,0.0,1.981,0.1013,0.0288,0.0,0.0116,0.1671,0.0,0.0845,0.0,0.0349,0.0,0.1106,0.0,0.0092,0.0,0.3881,1.3149,0.0,0.0,0.0154,0.0193,0.0,0.0407,0.0322,0.0217,0.0,0.0,0.1098,0.0,0.2873,0.1312,0.0,0.2568,0.0,0.0,8.6679,0.015,0.0115,0.0,0.0298,0.0295,0.0159,0.0,0.0404,0.0232,0.0201,0.0256,0.4019,0.0091,0.0,0.0087,0.0349,0.0109,0.0,0.0279,0.0243,0.0407,0.0152,0.0,0.0384,0.2342,0.0,0.0272,0.0365,0.7492,0.0139,0.0158,0.104,0.0,0.0,0.0297,0.0328,0.0192,0.0526,0.0166,0.0,0.0,0.1293,0.0,0.0694,0.0152,0.0258,0.1106,0.0,0.0378,0.034,0.0,0.0152,0.0,0.0,0.0246,0.018,0.0212,0.0,0.0,0.0471
NLRP5,0.0,0.0188,0.0114,0.0,0.0,0.1209,0.0,0.0,0.0,0.0,0.0,0.0,0.0,0.0,0.0,0.5078,0.0,0.0635,0.0,0.0,0.0,0.0,0.0,0.0,0.0213,0.0,0.0,0.0,0.0,0.0,0.0,0.286,0.0,0.0,0.0,0.0,0.0,0.062,0.0,0.0979,0.1219,1.5455,0.0,0.0,0.0,0.0,0.0,0.0,0.4342,0.051,0.0,0.0118,0.5287,0.2222,0.0,0.0,0.0177,0.031,0.0,0.1932,0.0,0.0111,0.0,0.0,0.0285,0.0,0.0,0.0098,0.0336,0.0,0.0083,0.1943,0.0,0.0,0.0,0.0,0.0,0.0,0.027,0.0,0.0,0.0,0.0,0.0,0.0679,0.0,0.0,0.0,0.0,0.0,0.0,0.0,0.0,0.0,0.0,0.0,0.0,0.0,0.0,0.0,0.0,0.0,0.5425,0.0335,0.0,0.0,0.0,0.0,0.0,0.0,0.022,0.0147,0.0,0.0,0.0,0.0,0.0,0.0,0.0303,0.0
NLRP7,0.0591,0.9617,0.1309,0.4101,0.1264,0.2204,0.0333,0.2184,0.0271,0.2628,0.058,0.2172,0.1318,0.0964,0.1816,0.024,0.22,0.1587,0.2076,0.1813,0.2132,0.2664,0.0,0.5129,0.3104,0.1587,0.5228,0.0304,0.0117,0.7405,0.0903,171.6854,0.2274,0.0704,0.0,0.1393,0.0462,0.2215,0.175,0.6798,0.1996,0.0743,0.1779,0.2327,0.1848,0.0316,0.5536,0.0973,0.7513,0.4954,0.2004,0.3318,0.0262,0.6944,0.2312,0.0625,0.5727,0.404,0.053,0.0503,0.1811,0.0346,0.6071,0.5108,0.2675,0.4479,0.0434,0.3664,0.4206,0.1826,0.043,0.1012,0.3196,0.2509,2.8153,0.1404,0.3945,1.1536,0.1688,0.1346,0.3487,0.6438,0.6134,0.1678,0.3066,0.4358,0.1098,0.1471,0.0915,0.365,0.2855,1.2912,0.0,0.4964,0.1793,0.1542,0.349,0.1588,0.5014,0.0,0.1731,0.3182,0.2082,0.0874,0.3362,0.182,0.7796,0.0871,0.0254,0.7024,0.4812,0.5209,0.1409,0.0406,0.0,0.5072,0.2989,0.156,0.3153,0.3225
NOTCH4,1.6732,5.7054,9.9013,6.0931,3.5024,5.113,10.3994,23.2175,6.6606,10.898,2.6314,3.6818,9.6088,7.7238,11.0582,12.2804,8.5803,9.6574,8.6614,6.0871,6.9515,5.0662,4.2668,34.9591,3.2756,5.7318,15.7772,6.8122,23.6564,10.0141,8.8691,1.4269,10.0188,2.9539,12.6844,8.4345,3.6048,3.2347,6.2178,4.3329,5.026,6.653,3.3926,2.0774,8.2922,2.1245,4.6103,22.0361,5.7611,9.6325,13.8935,7.3816,9.4137,10.0146,9.6605,3.2021,53.3078,2.965,4.0765,1.4041,3.7198,4.7985,2.8853,7.2267,7.9237,6.5391,2.8867,6.6032,4.9721,3.5917,5.1101,7.6494,2.5631,5.373,4.2661,5.9906,8.4787,5.1427,3.8628,6.7146,4.4474,18.6065,6.9342,3.3576,4.0815,23.1294,1.8952,11.3755,5.0127,7.051,8.567,2.7744,17.5152,4.8127,8.4606,5.2547,5.9936,6.4511,43.1207,1.3995,3.4883,6.6621,11.1888,5.4934,4.7862,4.2396,2.3401,7.4303,3.2649,4.5193,4.0203,8.3235,4.2474,3.5341,4.1668,8.764,18.4535,2.0667,15.0031,3.8009
NPAP1,0.0,0.0,0.0,0.0,0.0,0.0,0.0,0.0,0.0139,0.0,0.0,0.0124,0.0,0.0062,0.0117,0.0494,0.0,0.0,0.0107,0.2422,0.0,0.0,0.0297,0.0351,0.0114,0.0,0.0,0.0234,0.018,0.0,0.0,0.0,0.0,0.0,0.024,0.0,0.0,0.0379,0.0,0.0,0.0,0.0,0.0114,0.004,0.0,0.0,0.0,0.0222,0.0,0.0,0.0103,0.0063,0.0202,0.2081,0.0085,0.0,0.0854,0.0166,0.0,0.0,0.0,0.0059,0.0073,0.0,0.0153,0.0,0.0074,0.0,0.0,0.0,0.0044,0.0,0.0,0.0,0.0,0.0,0.0056,0.0047,0.0,0.0126,0.0,0.0079,0.0,0.0,0.0,0.0086,0.0,0.0,0.0,0.0,0.0081,0.0134,0.0,0.0094,0.0,0.0,0.0,0.0,0.0086,0.0,0.0,0.0074,0.0,0.0359,0.0,0.0,0.0572,0.0,0.0065,0.0,0.0235,0.0157,0.0,0.0139,0.0,0.0093,0.011,0.0,0.0,0.0195
NRXN1,0.0044,0.0029,0.0193,0.009,0.0027,0.0023,0.0,0.2177,0.0281,0.0425,0.0385,0.0285,0.0043,0.137,0.0235,0.0,0.0487,0.0117,0.0153,0.1392,0.0105,0.0822,0.0,0.0379,1.9017,0.0134,0.0343,0.0135,0.0052,0.0025,0.0033,0.0,0.0797,0.0104,0.0069,0.0411,0.0239,0.0041,0.0,0.0728,0.0616,0.0293,0.0066,0.0103,0.0172,0.063,0.0424,0.0064,0.0032,0.0,0.0044,0.0036,0.029,0.5468,0.0268,0.166,0.2264,0.0095,0.0026,0.0483,0.0401,0.0034,0.0125,0.0089,0.0,0.0661,0.0021,0.0301,0.0,0.009,0.0063,0.7098,0.0054,1.1855,0.0026,0.0259,0.0065,0.0148,0.0083,0.0506,0.0061,0.0317,0.0105,0.0,0.0244,0.0,0.0122,0.0244,0.0101,0.0,0.0023,0.0193,0.0,0.0027,0.0088,0.0049,0.0,0.1309,0.0617,0.0207,0.0093,0.0299,0.0044,0.1419,0.0158,0.0,0.0055,0.0,0.0131,0.0025,0.0474,0.0045,1.8017,0.016,0.0475,0.0,0.0032,0.0269,0.0,0.0182
NRXN3,0.1266,1.0385,1.9572,0.4478,0.1775,0.0952,0.7811,3.8155,0.1437,0.8797,0.5699,0.7478,3.6348,1.7766,8.2952,4.671,1.7636,0.8362,1.5118,4.56,0.5371,3.2036,1.9863,1.1845,0.3463,1.5885,0.6586,0.8534,0.8577,1.1576,0.4605,0.638,1.0741,0.2749,1.4483,2.6394,0.9595,0.2209,0.1102,0.2526,1.225,7.8132,1.2045,0.17,0.6226,2.8016,0.3926,2.0642,0.6304,0.9138,2.5343,5.657,0.5749,1.8372,0.8238,0.042,1.6479,1.0178,3.1898,0.0444,0.7755,0.2151,0.402,1.4839,0.4268,0.8989,0.4811,3.6385,0.3238,0.9353,0.2167,12.6347,0.2416,1.8615,0.2086,0.0619,1.0823,1.1284,1.1482,6.9877,0.7546,1.6608,0.749,1.9086,2.7752,1.5709,0.5739,0.6671,4.6723,0.0778,2.7699,2.5983,0.8691,0.2918,2.1388,0.9687,0.4787,0.7936,1.8023,1.1016,0.6504,8.0734,0.3147,0.3038,1.263,0.2687,2.5067,0.3072,1.7095,1.3166,3.4003,0.8493,0.1589,1.3558,1.5664,0.324,5.7605,0.6812,0.9534,2.4927
NTRK3,0.0735,0.0862,0.1201,0.1778,0.0159,0.0299,0.1902,1.3608,0.0238,0.3515,0.2461,0.1518,0.09,1.5114,0.392,0.0528,0.8451,0.6036,0.6653,1.9104,0.0554,0.0496,0.093,0.5103,0.1946,0.2007,0.4292,0.0911,0.1313,0.2142,0.0627,0.0311,0.1539,0.1906,0.147,0.6522,0.3478,0.0932,0.1088,0.0845,0.2123,0.0544,0.0911,0.0386,0.1623,0.0162,0.06,0.2419,0.1174,0.3288,0.4984,0.401,0.4777,0.7113,0.4712,0.0061,1.0083,0.3192,0.0362,0.0258,0.106,0.0658,0.2066,0.1363,0.0957,1.4934,0.0254,0.0983,0.1265,0.0386,0.1296,0.0148,0.1056,0.0041,0.0612,0.1233,0.0513,0.1941,0.0617,0.2649,0.096,0.637,0.0759,0.0302,0.138,0.2035,0.0964,0.1533,0.1706,0.0842,0.0325,0.1047,0.2284,0.0726,0.1837,0.1015,0.0652,0.2498,0.5722,0.0218,0.0161,0.1101,0.0479,0.1099,0.2728,0.0076,0.1304,0.0414,0.0521,0.1404,0.8113,0.0493,0.0923,0.1642,0.2682,0.1458,0.3779,0.2434,0.1938,0.2776
OBSCN,0.4327,1.7317,3.4677,2.2043,3.2102,16.5279,1.3387,3.1849,1.0528,1.218,2.4296,0.9834,3.6479,1.9505,2.7423,2.6377,0.506,4.7492,2.4131,5.9842,0.4826,2.1225,19.9011,3.0574,0.4298,1.7318,0.8446,3.4887,6.009,4.1201,1.6248,2.126,2.2209,2.1814,3.4855,2.5078,0.4292,1.1219,1.3306,11.088,2.008,1.3867,0.7984,5.1541,2.0467,0.1812,2.5373,4.9253,0.6963,1.3808,3.1751,1.0831,1.5889,4.8943,4.0984,4.9166,6.8205,3.94,1.9352,4.029,0.4463,0.558,0.8742,1.6971,0.5674,4.0733,7.7999,2.6052,4.7622,2.462,1.2257,0.493,0.4598,0.535,1.6847,0.6251,0.5517,2.9437,0.295,0.5857,2.1568,3.2283,0.5951,6.4783,4.1061,1.3628,0.4045,4.5029,3.162,2.305,2.6645,0.8846,3.7917,2.2331,1.295,1.3392,3.3156,1.1049,2.9459,0.3621,1.3747,7.262,1.8077,0.6049,0.6274,2.6626,0.8996,6.185,0.6975,0.9575,1.7905,5.3652,0.6795,2.7216,0.8403,3.5227,3.8895,2.826,0.5458,2.4733
OR2L13,0.0573,0.0,0.0231,0.0,0.0,0.0,0.0,0.0353,0.0,0.0,0.0,0.0,0.0,0.0,0.0,0.0,0.08,0.0256,0.0,0.0,0.0,0.0,0.0,0.0,0.043,0.0,0.0,0.0,0.0,0.0979,0.0,0.0,0.0,0.0,0.0,0.027,0.0,0.0,0.0,0.0,0.0,0.048,0.0,0.0,0.0,0.0,0.0,0.0,0.0283,0.0343,0.0,0.0238,0.0,0.7853,0.064,0.0,0.0,0.0313,0.0685,0.0,0.0,0.0,0.0274,0.0,0.0,0.0,0.0,0.0197,0.0,0.0,0.0,0.0,0.0,0.0,0.0,0.0,0.0212,0.0,0.0,0.0474,0.0,0.0,0.0,0.0,0.0,0.0325,0.0,0.0,0.0,0.0,0.0,0.0,0.0,0.0,0.0,0.0,0.0,0.0513,0.0,0.0,0.0,0.1122,0.0,0.0,0.0,0.0,0.072,0.0,0.0,0.0,0.0444,0.0,0.0144,0.0524,0.048,0.0,0.0,0.0,0.0,0.0
OR2M3,0.0,0.0,0.0047,0.0,0.0,0.0,0.0,0.0,0.0,0.0,0.0,0.0,0.0,0.0,0.0,0.0,0.0,0.0052,0.0,0.0143,0.0,0.0,0.0,0.0,0.0,0.0,0.0,0.0,0.0,0.0,0.0,0.0084,0.0,0.0,0.0092,0.0055,0.0,0.0036,0.0,0.0,0.0,0.0,0.0,0.0,0.0,0.0124,0.0,0.0,0.0,0.0,0.0,0.0,0.0,0.8209,0.0,0.0,0.0,0.0,0.0,0.0,0.0,0.0,0.0,0.0,0.0,0.0,0.0,0.0,0.0,0.0,0.0,0.0,0.0,0.0549,0.0034,0.0,0.0,0.0,0.0,0.0048,0.0,0.0,0.0,0.0,0.0,0.0,0.0,0.0,0.0,0.0,0.0,0.0,0.0,0.0,0.0,0.0,0.0,0.0,0.0,0.0,0.0,0.0,0.0,0.0,0.0,0.0,0.0,0.0086,0.0,0.0,0.0,0.0,0.0,0.0053,0.0,0.0,0.0,0.0,0.0,0.0
OR2M5,0.0,0.0,0.0,0.0,0.0,0.0,0.0,0.0,0.0,0.0,0.0,0.0,0.0,0.0,0.0,0.0,0.0,0.0,0.0,0.1512,0.0,0.0,0.0,0.0,0.0,0.0,0.0,0.0,0.0,0.0,0.0,0.0,0.0,0.0,0.0,0.0,0.0,0.0,0.0,0.0,0.0,0.0,0.0,0.0,0.0,0.0,0.0,0.0,0.0,0.0,0.0,0.0,0.0,0.0,0.0,0.0,0.0,0.0,0.0,0.0,0.0,0.0,0.0,0.0,0.0,0.0,0.0,0.0,0.0,0.0,0.0,0.0,0.0,0.0,0.0,0.0,0.0,0.0,0.0,0.0,0.0,0.0,0.0,0.0,0.0,0.0,0.0,0.0,0.0,0.0,0.0,0.0,0.0,0.0,0.0,0.0,0.0,0.0,0.0,0.0,0.0,0.0,0.0,0.0,0.0,0.0,0.0,0.0,0.0,0.0,0.0,0.0,0.0,0.0,0.0,0.0,0.0,0.0,0.0,0.0
OR2T33,0.0,0.0,0.0,0.0,0.0,0.0,0.0,0.0172,0.0,0.0119,0.0,0.0,0.0,0.0,0.0,0.0,0.0,0.0,0.0,0.0344,0.0,0.0,0.0,0.0,0.0,0.0,0.0,0.0,0.0,0.0,0.0,0.0202,0.0,0.0,0.0,0.0,0.0,0.0,0.0,0.0,0.0,0.0,0.0,0.0,0.0,0.0,0.0,0.0,0.0,0.0,0.0,0.0,0.0,0.4933,0.0,0.0,0.0175,0.0,0.0,0.0,0.0,0.0,0.0,0.0,0.0,0.0,0.0,0.0,0.0,0.0,0.0,0.0,0.0,0.0528,0.0,0.0,0.0,0.0086,0.0,0.0,0.0,0.0,0.0,0.0,0.0,0.0,0.0,0.0,0.0,0.0,0.0,0.0,0.0,0.0,0.0,0.0,0.0,0.0,0.0,0.0,0.0,0.0,0.0,0.0,0.0,0.0,0.0,0.0,0.0,0.0,0.0,0.0,0.007,0.0,0.0,0.0,0.0,0.0,0.0,0.0
OR2W3,0.0,0.0813,0.0493,0.0,0.1496,0.3912,0.1381,0.0754,0.0,0.2591,0.2402,0.1999,0.0,0.0998,0.3762,0.0,0.4556,0.4381,0.086,0.0,0.0981,0.0,0.0,0.0708,0.0918,0.0939,0.1203,0.0,0.1448,0.6273,0.0935,6.9628,0.2354,0.0,0.1936,0.0,0.2868,0.0764,0.2718,0.0704,2.4795,0.0,0.0921,0.1285,0.0403,0.0,0.0,0.3133,0.0604,0.2198,0.0,0.0,0.0,0.2397,0.0,0.0,1.3774,0.0,0.0731,0.6252,0.125,0.0956,0.1754,0.0,0.0,1.3915,0.0,0.4215,0.1452,0.084,0.0712,0.0,0.0757,61.5446,0.1444,0.1454,0.1815,0.4139,0.3495,0.152,0.085,0.6984,0.1954,0.0,1.3676,0.2777,0.0,0.0,0.0,0.1744,0.0,0.2168,0.0,0.0,0.2476,0.1369,0.0803,0.0548,0.3461,0.0364,0.0,0.0599,0.0,0.0724,0.1266,0.0,0.0,0.0,0.0,0.0,0.0,0.0635,0.0922,0.056,0.0,0.0,0.3537,0.1077,0.1306,0.0
OR4A15,0.0,0.0,0.0,0.0,0.0,0.0,0.0,0.0,0.0,0.0,0.0,0.0,0.0,0.0,0.0,0.0,0.0,0.0,0.0,0.0,0.0,0.0,0.0,0.0,0.0,0.0,0.0,0.0,0.0,0.0,0.0,0.0,0.0,0.0,0.0,0.0,0.0,0.0,0.0,0.0,0.0,0.0,0.0,0.0,0.0,0.0,0.0,0.0,0.0,0.0,0.0,0.0,0.0,1.6778,0.0,0.0,0.0,0.0,0.0,0.0,0.0,0.0,0.0,0.0,0.0,0.0,0.0,0.0,0.0,0.0,0.0,0.0,0.0,0.0,0.0,0.0,0.0,0.0,0.0,0.0,0.0,0.0,0.0,0.0,0.0,0.0,0.0,0.0,0.0,0.0,0.0,0.0,0.0,0.0,0.0,0.0,0.0,0.0,0.0,0.0,0.0,0.0,0.0,0.0,0.0,0.0,0.0,0.0,0.0,0.0,0.0,0.0,0.0,0.0,0.0,0.0,0.0,0.0,0.0,0.0
OR4C15,0.0,0.0,0.0,0.0,0.0,0.0,0.0,0.0,0.0,0.0,0.0,0.0,0.0,0.0,0.0,0.0,0.0,0.0,0.0,0.0,0.0,0.0,0.0,0.0,0.0,0.0,0.0,0.0,0.0,0.0,0.0,0.0,0.0,0.0,0.0,0.0,0.0,0.0,0.0,0.0,0.0,0.0,0.0,0.0,0.0,0.0,0.0,0.0,0.0,0.0,0.0,0.0,0.0,0.407,0.0,0.0,0.0,0.0,0.0,0.0,0.0,0.0,0.0,0.0,0.0,0.0,0.0,0.0,0.0,0.0,0.0,0.0,0.0,0.0,0.0,0.0,0.0,0.0,0.0,0.0,0.0,0.0,0.0,0.0,0.0,0.0,0.0,0.0,0.0,0.0,0.0,0.0,0.0,0.0,0.0,0.0,0.0,0.0,0.0,0.0,0.0,0.0,0.0,0.0,0.0,0.0,0.0,0.0,0.2681,0.0,0.0,0.0,0.0,0.0,0.0,0.0,0.0,0.0,0.0,0.0
OR5L1,0.0,0.0,0.0,0.0,0.0,0.0,0.0,0.0,0.0,0.0,0.0,0.0,0.0,0.0,0.0,0.0,0.0,0.0,0.0,0.0,0.0,0.0,0.0,0.0,0.0,0.0,0.0,0.0,0.0,0.0,0.0,0.0,0.0,0.0,0.0,0.0,0.0,0.0,0.0,0.0,0.0,0.0,0.0,0.0,0.0,0.0,0.0,0.0,0.0,0.0,0.0,0.0,0.0,0.2041,0.0,0.0,0.0,0.0,0.0,0.0,0.0,0.0,0.0,0.0,0.0,0.0,0.0,0.0,0.0,0.0,0.0,0.0,0.0,0.0,0.0,0.0,0.0,0.0,0.0,0.0,0.0,0.0,0.0,0.0,0.0,0.0,0.0,0.0,0.0,0.0,0.0,0.0,0.0,0.0,0.0,0.0,0.0,0.0,0.0,0.0,0.0,0.0,0.0,0.0,0.0,0.0,0.0,0.0,0.0,0.0,0.0,0.0,0.0,0.0,0.0,0.0,0.0,0.0,0.0,0.0
OR5L2,0.0,0.0,0.0,0.0,0.0,0.0,0.0,0.0,0.0,0.0,0.0,0.0,0.0,0.0,0.0,0.0,0.0,0.0,0.0,0.1517,0.0,0.0,0.0,0.0,0.0,0.0,0.0,0.0,0.0,0.0,0.0,0.0,0.0,0.0,0.0,0.0,0.0,0.0,0.0,0.0,0.0,0.0,0.0,0.0,0.0,0.0,0.0,0.0,0.0,0.0,0.0,0.0,0.0,0.484,0.0,0.0,0.0,0.0,0.0,0.0,0.0,0.0,0.0,0.0,0.0,0.0,0.0,0.0,0.0,0.0,0.0,0.0,0.0,0.0,0.0,0.0,0.0,0.0,0.0,0.0,0.0,0.0,0.0,0.0,0.0,0.0,0.0,0.0,0.0,0.0,0.0,0.0,0.0,0.0,0.0,0.0,0.0,0.0,0.0,0.0,0.0,0.0,0.0,0.0,0.0,0.0,0.0,0.0,0.0,0.0,0.0,0.0,0.0,0.0,0.0,0.0,0.0,0.0,0.0,0.0
OR6F1,0.0,0.0,0.0,0.0,0.0,0.0,0.0,0.0,0.0,0.0,0.0,0.0,0.0,0.0,0.0,0.0,0.0,0.0294,0.0,0.2417,0.0,0.0,0.0,0.0,0.0,0.0,0.0,0.0,0.0259,0.0,0.0,0.0473,0.0,0.0,0.0,0.0,0.0,0.0,0.0,0.0,0.0,0.0,0.0,0.0172,0.0,0.0,0.0,0.0,0.0,0.0,0.0,0.0,0.0,0.7713,0.0,0.0,0.0,0.0,0.0,0.0,0.0,0.0,0.0,0.0,0.0,0.0,0.0,0.0226,0.0,0.0,0.0,0.0,0.0203,0.0619,0.0,0.0,0.0,0.0,0.0625,0.0,0.0,0.0,0.0,0.0,0.0,0.0,0.0,0.0,0.0,0.0,0.0,0.0,0.0,0.0,0.0,0.0,0.0,0.0,0.0371,0.0,0.0,0.0,0.0,0.0,0.0,0.0,0.0,0.0,0.0,0.0,0.0,0.0,0.0,0.0,0.0,0.0,0.0,0.0,0.0,0.0
OTOGL,0.0283,0.0313,0.0455,0.0872,0.0748,0.1455,0.0213,0.0928,0.2596,0.0917,0.0185,0.0923,0.028,0.0922,0.4705,0.0383,0.114,0.059,0.0463,0.2544,0.0755,0.0154,0.0092,0.1907,0.0141,0.0217,0.1481,0.0291,0.1486,0.059,2.129,1.9401,0.2265,0.0281,0.1043,0.0444,0.0074,1.0473,0.1394,0.6067,3.2096,0.0553,0.0071,0.0297,0.0155,0.2417,0.3072,0.2584,0.0372,0.0564,0.0511,0.1449,0.046,1.236,0.0421,0.4381,0.106,0.0258,0.0225,0.008,0.0577,0.0074,0.117,0.5364,0.0663,0.3621,0.0092,0.3374,0.0335,0.0259,0.0302,1.8792,0.0233,0.5332,0.0306,0.0224,0.0349,0.0492,0.0717,0.0312,0.6081,0.4203,0.015,0.5924,0.0075,0.0481,0.0175,0.0645,0.0583,0.0492,0.0152,0.1029,0.1244,0.0352,0.5526,0.0386,0.0494,0.0253,0.0799,0.0028,0.0151,0.0277,0.0806,0.0557,0.0195,0.0249,0.0237,0.0139,0.0284,0.0328,0.0365,0.127,0.149,0.0431,0.0316,0.1039,0.1361,0.0912,0.1809,0.0302
OVCH1,0.0,0.427,0.4352,0.015,0.1429,0.2802,0.033,0.8459,0.0,0.2846,0.0287,0.0,0.0145,0.3814,0.8532,0.0476,0.0816,0.3792,0.1027,1.4346,0.0234,0.0479,2.5415,0.2874,0.1535,0.0897,0.0,0.0601,0.1614,0.5492,0.1562,0.0421,0.0562,0.9572,0.0462,0.1102,2.8985,0.073,0.1298,0.1008,0.2153,0.0245,0.5497,0.069,0.5483,0.0,0.223,0.1069,0.3967,0.4374,0.3566,1.118,0.0259,1.259,0.0163,0.0,0.4019,0.1119,0.4889,0.0498,0.0149,0.057,0.6841,0.0891,0.3233,0.0949,0.0,0.1912,0.0347,0.0802,0.0425,0.025,0.0452,0.0,0.0086,0.0694,0.0108,0.0898,0.2504,0.1694,0.0811,1.1521,0.0467,0.0,0.2566,0.0166,0.0271,0.1636,0.6331,0.0139,0.0,0.0518,0.8952,0.0545,0.0,0.1416,0.0575,0.1178,0.909,0.0,0.0156,0.0858,0.1618,0.0,0.0151,0.0,0.6241,0.0646,0.0377,0.1016,0.0,0.0303,0.0587,0.1604,0.7348,0.0,0.1267,0.0514,0.3118,0.7316
PAK5,0.0232,0.2312,0.0093,0.0358,0.0,0.0247,0.0262,0.243,0.0,0.1376,1.1161,0.0569,0.0,0.0947,0.0,0.0189,0.054,0.0,0.0326,0.057,0.0,0.019,0.0,0.1209,0.0,0.0089,0.0,0.0,0.0,0.0,0.0177,0.0,0.2009,0.0276,0.0,0.0438,0.0,0.0,0.0,0.0,0.1567,0.0,0.2445,0.0061,0.0535,0.0248,0.0,0.1019,0.0458,0.0417,0.0,0.029,0.0309,0.4091,0.0259,0.0,0.1016,0.0,0.0,0.0,0.0,0.0091,0.0333,0.4956,0.0934,0.1131,0.0,0.04,0.0184,0.0,0.0,0.0,0.0143,2.8467,0.0,0.0,0.1377,0.0214,0.7512,0.0673,0.0644,0.1204,0.0,0.0,0.0371,0.0395,0.0,0.0578,0.0539,0.0,0.0623,0.0411,0.0123,0.0,0.0235,0.0779,0.0152,0.0,0.105,0.1172,0.0494,0.0795,0.0117,0.0137,0.036,0.0,0.0292,0.0,0.0,0.0135,0.9898,0.012,0.0,0.1381,0.0,0.0142,0.3186,0.0204,0.0,0.1714
PAPPA2,0.0529,0.0141,0.0213,0.0272,2.5296,4.8944,0.0478,1.6887,0.1848,0.2421,0.0416,1.1324,3.0587,0.2763,0.3009,0.1292,0.1675,0.1279,0.0967,0.3378,0.0085,0.0607,0.0103,0.2143,0.1191,0.0162,0.0728,0.2394,11.3505,0.0422,0.2991,0.1143,0.2647,0.0567,0.385,0.0549,0.5126,0.119,0.1332,0.0244,0.2794,0.0887,0.0,0.0195,0.1394,0.0396,0.0073,3.8058,0.0706,0.0761,0.0861,0.1409,0.512,0.3317,0.1952,0.1566,0.0728,0.1968,0.0759,0.009,0.0541,0.0413,0.1416,0.0431,0.0639,0.1433,0.0415,0.1422,0.0293,0.0799,0.0431,0.0544,0.121,0.0899,0.0187,0.0377,0.7773,0.0879,0.0302,0.7012,0.4629,0.1922,0.0338,0.3652,0.0929,0.1921,0.0492,0.0198,0.385,0.0754,0.0227,0.0656,0.0335,0.0527,0.0428,0.0276,0.1667,0.0569,0.0539,2.1921,0.0,0.0881,0.0107,0.0563,0.0274,0.0,0.0665,0.3744,0.0137,0.0368,0.0903,0.0988,1.8921,0.3293,0.0177,0.0195,1.17,0.0931,0.0565,0.0408
PCDH10,0.0795,0.0604,0.2241,0.181,0.0278,0.0908,0.0513,0.9725,0.1252,0.2934,0.0669,0.0928,0.1239,0.6996,0.1484,0.0277,1.9506,0.2236,0.2873,0.3485,0.0,0.0838,0.111,0.2629,0.0682,0.2049,0.7033,0.0876,0.1613,0.0259,0.0694,0.2127,0.1311,0.0135,0.2335,0.5783,0.2307,0.0106,0.0757,0.0261,0.2859,1.2377,0.0769,0.0567,0.1309,0.0486,0.0079,0.1786,0.2131,0.0884,0.2503,0.6661,0.2419,0.6674,0.2666,0.056,1.0227,0.0621,0.0543,0.1064,0.2552,0.0222,0.0271,0.0116,0.0571,0.1414,0.595,0.0978,0.0539,0.078,0.0496,0.0,0.0281,22.1729,0.0034,0.081,0.2654,0.1536,0.1189,0.127,0.0315,0.2475,0.0544,0.0397,0.0997,0.1997,0.0738,0.0707,0.1055,0.0162,0.0671,0.0637,0.192,0.0,0.3562,0.0762,0.3652,0.1323,0.5718,0.0405,0.0666,0.1057,0.0057,0.047,0.1704,0.0,0.1142,0.0084,0.0635,0.0263,0.4932,0.0648,4.6252,0.1195,0.4475,0.0836,0.796,0.1499,0.0242,0.0729
PCDH11X,0.0,0.0066,0.02,0.0256,0.0,0.0053,0.0,0.0306,0.0,0.0,0.0195,0.0081,0.0099,0.1623,0.1605,0.0,0.037,0.0401,0.007,0.9277,0.008,0.0163,0.0,0.0633,0.1716,0.0038,0.0,0.0102,0.0392,0.034,0.0,0.0716,0.0478,0.0059,1.3604,0.136,0.0,0.0062,0.0074,0.0572,0.0,0.0333,0.0075,0.0,0.0098,0.0106,0.0,0.0145,0.027,0.0119,0.0067,0.0538,0.0265,0.0195,0.0333,0.007,0.1057,0.2502,0.0059,0.0085,0.0,0.0,0.0095,0.0,0.01,0.0646,0.0292,0.0034,0.0118,0.0137,0.0,0.0,0.0,0.0094,0.0088,0.0118,0.0074,0.0122,0.0095,0.0371,0.0,0.0361,0.0635,0.0043,0.0,0.0,0.0092,0.0247,0.0,0.0047,0.0,0.0117,0.0,0.0,0.0101,0.0037,0.0,0.049,0.0844,0.0,0.0265,0.0195,0.0,0.0059,0.0309,0.0,0.075,0.0,0.0,0.0,0.0308,0.1289,0.0,0.0273,0.0583,0.0305,0.0144,0.035,0.0,0.0319
PCDH15,0.0,2.0071,0.227,0.0155,0.0138,0.016,0.0085,0.5371,0.0345,0.1305,0.059,0.2148,0.0149,0.4998,0.2772,0.0,0.0175,0.1951,0.0423,5.0375,0.006,0.0616,0.0073,0.561,0.0056,0.0346,0.0296,0.058,0.0563,0.0599,0.0115,0.0054,0.0289,0.0224,0.1308,0.287,0.2407,0.0164,0.0,0.0173,0.2492,0.0189,0.0792,0.1125,0.0841,0.0121,0.0261,0.1127,0.0854,0.2925,0.0051,0.05,0.1601,0.6183,0.0462,0.0,1.7108,0.966,0.0629,0.0064,0.0154,0.0029,0.1652,0.0459,0.0151,0.0,0.0331,0.0518,0.0059,0.2632,0.0022,0.0193,0.0465,0.4184,0.0177,0.0447,0.0195,0.1109,0.0572,0.0591,0.0783,0.2691,0.048,0.0328,0.018,0.0171,0.0,0.2479,0.0,0.0036,0.0202,0.0067,0.1509,0.0281,0.0,0.0701,0.0099,0.0438,1.3222,0.0201,0.012,0.0515,0.0076,0.0,0.035,0.0,0.2078,0.0,0.0,0.0131,0.2681,0.0039,0.5567,0.2304,0.5166,0.1106,0.1032,0.0463,0.0,0.111
PCDH17,2.7016,7.0575,13.4375,3.1243,5.7108,5.506,7.7888,15.6279,4.2673,13.3243,5.8021,10.2866,5.4919,8.8706,14.1899,8.3211,13.8598,8.2268,20.3154,21.3981,9.787,3.7613,3.4883,21.1053,1.644,3.4427,23.3788,5.6885,17.1865,8.8144,17.237,1.3796,8.5626,3.1356,13.0884,4.8207,3.014,1.9454,3.3154,3.852,9.7978,6.6075,2.4475,2.6157,8.4207,2.8876,2.4099,12.3296,11.9279,8.1607,4.9294,11.2853,12.2007,23.4006,9.7659,2.9038,22.0249,10.1289,5.0398,1.9361,7.6986,6.8651,7.8947,7.7777,12.4476,2.119,3.6634,6.4076,5.7428,4.6168,2.7272,2.124,4.089,2.7565,3.5733,9.4308,7.2473,8.4945,4.1852,9.5169,4.6112,5.6696,11.4767,4.3275,3.201,22.1844,3.1998,9.9038,4.7776,6.8351,14.1093,3.4099,10.3947,4.7243,6.6215,7.8815,2.8481,4.617,23.9295,2.809,3.5235,10.2012,5.3679,3.4961,5.0463,2.1833,6.9081,3.96,1.671,4.4426,10.558,2.7655,4.688,11.5397,11.0202,32.2975,13.0523,2.0732,19.1186,5.2158
PCDH18,2.8546,1.8268,2.5139,2.4543,0.9198,1.9627,6.3419,3.4522,2.845,7.0618,0.6111,6.5545,3.0179,4.3393,5.9014,1.0557,16.1244,6.9821,8.3012,15.7539,3.7851,2.1124,3.009,8.9269,1.5443,2.9206,21.3366,2.7119,12.0041,5.2313,7.1853,1.1087,2.8449,2.38,5.4304,3.5065,3.4453,3.5006,2.3432,1.6614,3.409,3.2478,0.6378,0.9582,1.3724,1.9139,1.1163,12.464,3.6895,3.6767,5.7297,10.2513,2.6022,13.5847,5.9645,2.5476,13.9197,7.558,1.9639,2.4153,3.3388,1.4316,5.4298,3.729,8.2294,15.1436,0.8722,1.9481,2.4415,3.0636,2.4767,1.4367,2.3844,7.4257,3.3574,2.0345,5.5041,3.8819,1.9432,4.3971,2.3655,3.7062,4.3367,1.3825,2.2505,14.1678,4.6749,3.4978,2.1015,4.8813,1.4301,4.1982,6.9164,1.8618,2.7645,4.7205,4.5622,3.99,5.8114,0.4985,7.4169,4.9709,4.3611,4.6439,5.6272,2.9079,2.8033,1.351,1.4652,5.8168,3.4069,1.8566,2.9009,4.7964,9.0619,5.567,7.2854,2.7392,11.1678,2.532
PCDHA1,0.0,0.0,0.0,0.0,0.0,0.0,0.0233,0.0,0.0,0.0,0.0,0.0,0.0,0.0,0.0,0.0,0.0,0.0,0.0,0.0,0.0,0.0,0.0404,0.0,0.0,0.0,0.0,0.0,0.0,0.0,0.0,0.0,0.0,0.0,0.0,0.0,0.0,0.0065,0.0,0.0,0.0254,0.0,0.0,0.0109,0.0,0.0,0.0,0.0,0.0,0.0,0.007,0.0,0.0,0.0,0.0,0.0,0.0,0.0,0.0,0.0352,0.0,0.0,0.0,0.0,0.0,0.0,0.0,0.0,0.0,0.0,0.0,0.0177,0.0,0.0,0.0,0.0,0.0,0.0,0.0,0.0,0.0,0.0,0.0,0.0,0.0,0.0,0.0,0.0,0.0,0.0,0.0,0.0,0.0,0.0,0.0418,0.0,0.0,0.0,0.0,0.0,0.0,0.0,0.0,0.0,0.0,0.0,0.0,0.0,0.0178,0.0,0.0,0.0,0.0,0.0,0.0,0.0,0.0,0.0,0.0,0.0
PCDHA3,0.0155,0.4735,0.0561,0.0558,1.1461,0.0083,4.6677,0.105,0.1139,0.2297,0.1673,0.0253,0.0461,0.1644,0.774,0.0631,0.3894,0.4022,0.1089,0.7228,0.1739,0.9018,3.771,0.3497,0.1395,0.1427,0.1828,0.0319,0.1712,0.0441,2.6388,1.6852,0.4024,0.1015,0.3921,0.2995,0.0847,0.2081,0.0229,0.7041,0.8372,0.052,0.0117,0.6957,0.0918,1.0189,1.8388,0.4308,0.0497,0.1485,0.4308,0.3996,0.2476,1.0926,0.1819,0.0874,0.407,0.2458,0.1759,1.3458,0.2532,0.1149,0.0888,0.1418,3.1018,0.2601,0.0303,0.1655,0.1348,0.0745,0.1398,1.9638,0.2012,2.0177,0.1554,0.0,0.1437,0.2191,0.177,0.1411,0.0753,0.3296,0.2103,0.0338,1.0019,0.167,0.0576,0.1639,0.1679,0.2871,0.0499,0.119,0.5812,0.0964,0.8935,0.1213,0.061,0.1666,0.5259,0.0276,0.0248,0.2124,0.4523,0.1741,0.1443,0.0273,0.0584,0.1142,0.0666,0.1258,0.1562,0.0723,0.7509,0.1631,0.7144,0.5795,0.4926,0.1909,0.215,0.1393
PCDHB11,0.1942,11.1634,1.217,0.499,7.4585,2.0536,31.3497,2.46,3.5422,7.7285,10.9417,2.1064,0.5774,6.1995,1.7901,0.3837,2.3362,2.2836,6.9569,7.6594,0.5335,18.9125,6.8574,1.5083,10.7576,1.2133,6.5967,1.5967,4.3439,0.5213,18.2551,1.0786,6.4553,0.446,5.8119,4.2232,0.4766,4.8505,0.3079,1.5632,5.568,0.6974,0.1461,0.3786,0.7487,5.5593,4.3109,2.6071,0.2602,1.8432,7.7199,8.5931,0.8492,2.8245,0.651,4.1043,3.2428,5.7178,2.5853,2.81,13.3406,0.1841,1.7226,0.6769,28.7884,2.6128,1.8601,5.2822,1.0527,2.5512,3.0994,8.4065,0.6086,0.4187,13.6705,0.5272,9.3393,0.8356,0.5545,3.6743,4.1778,1.3813,0.4429,30.0995,4.4496,2.1866,2.3182,7.2649,2.4251,2.0818,0.2978,2.2929,0.9082,10.4394,5.8071,0.61,1.9834,1.8136,1.6314,0.8652,1.625,14.3517,1.3538,1.5909,2.0942,6.5908,8.4668,0.4087,1.7649,0.6593,4.9678,0.6328,1.5805,0.4315,2.0225,9.861,7.0327,5.2947,2.3381,4.3446
PCDHB14,0.8625,5.8552,4.2914,1.0098,1.9326,2.6159,29.7523,3.1724,4.6441,5.9143,8.6277,0.8999,1.6385,4.4752,1.8959,2.729,5.8416,3.1408,4.0732,15.9949,4.4929,8.8154,16.6447,2.0511,19.859,1.5994,10.2652,1.2683,2.7218,5.0752,13.3344,2.0356,10.529,0.7419,4.9062,2.5635,0.7484,6.6433,3.3335,5.0423,6.824,1.7469,1.9468,0.9496,1.2776,3.8925,10.7214,4.486,1.1236,1.8789,6.6028,12.9213,2.7851,7.8816,4.3776,3.2242,3.9841,6.4843,7.3288,6.9344,8.9782,1.2812,1.1445,1.6808,16.8416,7.1072,3.3539,3.3,3.2295,9.7843,1.5407,11.7321,0.77,13.6736,4.1336,1.1099,9.8965,2.6658,3.0787,7.1207,3.093,1.8517,1.817,1.904,3.824,3.3832,2.6474,3.7112,3.3366,5.4738,0.9517,1.9238,2.0244,7.109,3.7072,1.5539,4.5262,1.6415,2.0052,0.7046,0.6762,8.0918,3.9419,5.3262,1.9575,5.039,4.6947,0.6883,3.1312,6.6248,1.616,9.2164,0.7337,3.2992,2.8311,14.435,8.4105,3.8987,4.1668,4.0678
PCDHB2,0.4516,5.2487,1.5452,0.5803,15.317,2.3002,12.8939,1.2169,6.5605,6.7408,10.4139,0.3688,0.2518,0.8288,2.7541,4.8456,1.9701,2.3237,3.6883,1.3163,0.5881,10.9408,12.3009,0.7837,11.2007,1.1154,7.0177,2.2921,0.501,0.5304,14.1366,5.955,2.6329,1.0758,9.6187,1.9691,0.3086,9.8363,1.5877,3.7169,6.1683,0.757,2.9944,1.504,0.4738,6.5017,5.9142,1.1768,0.627,0.6928,5.4826,2.6291,2.1541,3.4821,5.8829,7.0999,2.1881,0.1852,4.705,5.4064,3.3145,0.3415,0.7281,5.7109,23.6738,1.2835,2.5422,5.6083,2.2204,4.1653,3.1785,6.5002,1.6747,0.6657,3.0136,0.1341,6.9601,1.0238,0.403,13.6703,4.4863,1.0834,0.5408,0.4067,4.9332,1.1846,0.4718,0.4917,5.2194,2.4267,3.1969,3.3081,1.5801,5.4255,5.3668,0.5366,0.5555,1.1503,1.5962,0.5618,0.1654,7.1292,1.9457,7.56,0.7882,4.2972,1.7018,2.1833,3.7861,0.4091,0.5471,0.4683,1.1053,0.0258,1.3247,7.6122,1.101,0.2483,3.4032,7.0482
PCDHB3,0.724,0.5266,1.1102,0.2835,11.2718,0.2754,2.6443,0.6582,1.1086,1.8394,2.6726,0.7038,0.5638,1.0265,1.0595,0.3366,1.9251,4.782,1.9377,2.7926,8.8417,1.1019,0.9433,4.4076,0.6983,1.0582,7.8265,0.5316,5.9704,0.7461,2.4216,0.4965,3.1165,0.2464,1.3902,1.4463,0.5924,1.561,1.5565,0.5749,0.8677,0.5779,0.2335,6.2442,0.3632,0.3317,0.9329,1.7778,0.2383,1.1971,1.2973,14.9385,0.6731,3.4431,0.5779,0.583,1.6381,0.8483,0.9887,12.1215,1.1618,0.3095,1.1529,0.7011,4.5767,1.3438,0.4219,4.2978,0.736,0.9229,0.5116,0.4132,0.2237,0.2927,0.844,0.4095,1.4446,0.5935,0.4594,4.3528,0.4547,0.8584,0.7156,0.2108,1.0456,1.4078,0.3201,0.3646,0.9336,0.4749,0.4627,0.9873,0.8558,1.2225,1.1855,0.3598,0.6559,1.1425,1.5988,0.5224,7.3078,1.907,0.3296,0.6727,0.624,0.4248,0.6063,0.2286,0.2668,0.6196,0.9623,0.3396,0.4846,0.4574,2.3693,1.3736,6.9231,3.0933,1.6554,1.2836
PCDHB4,1.5804,0.767,1.4925,0.7967,6.2217,0.8417,4.422,3.7248,0.9493,2.5094,3.1014,0.8934,9.0519,2.8384,3.1755,0.7665,6.1375,3.1955,3.8005,9.4736,15.3201,2.5653,3.2072,3.0942,1.3451,2.3554,2.7477,0.7498,4.7594,5.7977,9.1884,1.4224,4.7931,0.5068,3.8928,2.1058,1.3291,2.3061,4.3187,0.699,3.0409,1.5282,0.8232,1.2684,1.2205,3.6221,0.991,9.1139,0.6526,2.4198,2.2459,13.876,1.9822,4.4634,2.1567,0.621,5.434,9.422,8.3525,2.6907,9.6823,0.522,1.8874,1.9776,5.9599,2.6323,1.0859,1.1093,1.1533,2.2112,1.7067,1.7432,0.4038,0.5161,1.1294,0.9747,2.4229,1.7375,3.24,1.8242,1.3078,1.939,1.5043,1.2342,1.6493,4.3089,0.8749,1.1344,2.9627,1.7756,1.2072,1.0318,2.1026,1.8338,7.8379,0.895,1.8341,3.3617,4.417,0.7133,5.0013,2.0083,2.5232,1.3836,1.9173,1.6582,1.0307,0.4702,0.4312,1.3213,3.1103,1.1345,0.2289,0.5005,3.9734,2.6079,2.5904,3.5555,3.5021,2.0192
PCDHB6,1.5938,0.4704,0.3992,0.3095,5.9735,0.283,19.3743,0.9379,0.423,1.2897,1.7376,0.2313,0.4563,1.4733,0.8979,0.5475,1.7139,3.09,1.8661,2.2167,0.5109,2.3799,5.4332,1.0039,14.1603,0.8697,3.55,0.3094,0.5868,0.5042,5.7864,7.217,1.3964,0.3586,0.6441,0.9849,0.2766,1.2386,2.2542,5.4377,15.327,0.3859,0.6129,1.413,0.3497,0.7382,20.0508,1.9817,0.1574,0.4664,4.9103,3.5787,1.0686,1.1096,0.5541,7.3365,1.7049,0.8714,2.3276,7.6882,0.8318,0.235,0.2369,0.5401,2.885,1.1887,0.7454,2.0123,0.322,0.8751,0.3607,7.0039,0.4049,7.4839,4.2618,0.1683,1.8517,0.4899,0.3708,1.0995,2.3353,0.6981,0.7068,1.2372,2.9961,1.5265,0.2302,0.5068,0.7946,0.3701,0.6654,0.8364,0.9726,1.2337,17.3362,0.5281,0.5343,0.6027,1.0214,0.1473,0.811,4.9061,2.8869,1.0051,1.1904,4.5504,1.0232,0.3131,2.1621,0.3696,0.961,0.1836,0.8623,0.3727,2.2855,24.0956,1.1256,0.1869,1.0959,0.5797
PCDHB7,0.4949,0.7805,1.1578,0.4133,2.4003,0.6919,13.3607,3.0286,0.6251,5.2383,1.2139,0.8081,0.5518,2.6615,1.7346,0.4529,4.3749,0.8441,1.5644,2.619,0.6197,6.9445,11.9371,1.8964,1.5776,1.8155,1.8844,0.5563,0.5246,2.1839,2.1251,0.3118,3.7475,0.3131,1.1738,2.0847,1.57,4.1914,1.2132,2.3476,0.9303,1.0886,0.256,0.3085,0.5701,2.0992,0.3648,3.5968,0.2367,1.5923,2.4847,7.652,1.1939,2.3014,0.7431,0.2179,2.6876,1.2006,0.85,2.3169,4.7055,0.1449,1.049,0.9748,8.6466,2.1095,1.5139,4.6328,0.5013,0.8491,0.8459,4.0246,0.3727,2.3049,1.2314,0.1837,3.0505,1.0647,0.8537,1.4211,4.0357,1.123,1.1358,1.8772,0.7158,2.9292,1.4647,0.6542,0.5025,1.0871,1.2119,1.0135,0.8983,2.3856,3.6284,0.8992,1.4405,1.5512,1.749,0.0919,0.1647,1.7258,3.268,0.8594,1.9672,0.8437,1.8647,0.1823,2.7391,0.9682,1.8224,2.0203,0.3261,0.8914,3.4733,9.7247,1.6978,3.3462,2.8049,1.2507
PCDHB8,0.0841,7.7097,0.2709,0.3027,10.3587,1.2546,30.2209,0.6476,2.8209,7.979,0.5365,0.5495,0.1042,0.3431,0.7109,0.0342,1.3113,0.6587,0.325,0.5678,4.0788,6.5146,14.4261,0.6326,1.7038,0.355,10.251,0.0216,0.4646,2.6108,24.4059,5.2699,0.8899,0.025,1.3303,1.1698,0.1642,13.8435,1.8678,8.5139,9.2693,0.3173,0.0,1.0378,0.0692,4.5859,9.4844,0.9076,0.4776,0.6547,3.9924,1.7665,0.224,1.1531,0.3525,8.9205,1.0781,0.276,0.2262,8.1998,6.0988,0.0493,0.864,0.4277,36.8856,2.9145,0.35,6.4744,0.6318,3.6954,0.4773,7.4539,0.9359,2.9363,8.6962,0.3997,5.3496,0.6723,0.1201,0.6616,8.5831,0.6545,0.3694,4.1509,9.2648,1.1927,6.757,3.7419,0.2278,0.4995,2.3255,1.1548,0.0889,6.8552,5.3174,0.2979,0.8002,0.3391,0.4757,0.0625,0.1344,6.8149,5.037,7.5851,0.8918,6.8478,6.393,0.062,4.0144,0.8046,0.3587,5.299,1.0241,0.2117,0.8813,22.5583,0.8507,5.7348,1.0771,0.7425
PCDHGA2,0.0689,0.5487,0.485,0.5574,3.8393,0.5776,4.8149,1.0495,1.9134,2.5291,1.1654,0.1405,0.6227,1.8252,3.3986,0.028,1.4417,2.2565,1.306,1.7956,0.1793,3.3148,18.4675,0.5576,0.9297,0.8123,1.1841,0.1062,0.3938,1.5389,13.9957,1.6112,1.3077,0.2973,2.1911,1.3955,0.2689,1.075,1.0191,10.4919,2.0287,0.4905,0.1425,3.3795,0.272,0.8371,1.5764,1.3534,0.6033,0.7934,2.7074,6.8712,1.0005,2.9324,0.5675,9.9328,1.0976,0.6588,0.4936,7.2533,1.4237,2.1097,0.2549,0.4025,7.2184,2.432,0.2865,2.4776,0.694,1.2878,0.3256,6.7785,0.1223,1.1529,7.8231,0.5112,0.6829,0.6719,0.7373,0.5415,5.6987,0.5268,0.3573,0.248,0.3022,0.7126,0.1439,0.8245,0.4927,4.4396,0.3419,1.372,1.0272,1.4027,2.1934,0.2951,0.7791,0.6167,0.6327,0.0511,0.0092,0.5055,0.97,0.2137,0.5519,0.5756,2.0108,0.0507,0.3034,0.6187,1.2945,0.4819,0.4926,0.6772,1.6878,2.3527,1.3552,2.1349,2.3141,1.1491
PCDHGA3,0.0237,0.0473,0.1433,0.1586,1.0591,0.1138,8.4086,0.4825,0.349,0.3116,0.2563,0.1551,0.2588,0.5616,0.7114,0.0386,0.6076,0.563,0.5838,0.7867,0.0571,0.6031,4.5702,0.2609,1.3535,0.2824,0.28,0.0366,0.2341,0.9734,1.4138,0.8548,0.5251,0.0424,0.3754,0.5819,0.0742,0.3114,0.2109,1.0922,1.4283,0.199,0.0,0.4798,0.125,0.1396,0.3294,1.0245,0.0879,0.2416,0.4507,1.0267,0.3055,1.5342,0.3715,1.0204,0.8015,0.1947,0.0426,1.4956,0.1576,0.1761,0.2041,0.3862,2.2205,0.6298,0.0465,0.2861,0.1126,0.4074,0.1865,2.2764,0.1174,0.336,1.1904,0.1128,0.2025,0.2919,0.2034,0.1867,0.3625,0.3571,0.1516,0.1659,0.1516,0.175,0.1102,0.192,0.2939,0.8007,0.0127,0.2663,0.3511,0.5021,0.8164,0.115,0.1869,0.2552,0.6176,0.0212,0.0,0.2905,0.2509,0.1123,1.2646,0.2716,0.4473,0.0875,0.1633,0.2615,0.4418,0.5047,0.2563,0.1955,0.7362,0.5093,0.2744,0.4386,0.2533,0.5258
PCLO,0.5006,5.4001,0.6025,3.6155,0.3492,1.7238,0.4392,1.5946,0.3995,0.5631,2.4462,0.1982,0.6816,0.6517,8.5122,0.251,0.1765,7.8126,1.3642,9.3151,0.3728,3.9368,1.6108,1.3222,5.5572,0.7897,2.4002,0.8525,1.3804,0.4607,0.8996,1.2489,0.8753,1.0811,2.6068,0.4815,0.387,1.1969,0.247,2.0966,2.2226,2.9624,0.3424,2.3587,0.4677,1.7972,2.5577,1.9178,0.7327,0.8749,0.6205,2.4939,2.0036,6.1195,1.2518,2.6224,1.5839,1.8497,1.4895,1.765,0.6274,4.7156,0.4348,1.3111,0.5645,5.1163,1.5965,1.1441,0.8696,2.6899,0.0706,5.537,0.8235,4.7942,0.4444,0.9491,1.7007,0.2891,0.3129,1.6348,0.0913,0.7685,2.5837,1.2056,0.7345,1.9702,0.1456,1.2363,1.2442,1.422,0.9826,1.4511,2.1552,0.9468,2.2043,0.4939,1.2473,1.8456,0.5891,0.7406,5.335,0.4901,1.0941,1.2587,0.5753,1.295,1.4864,0.5774,1.4762,0.9088,1.9564,1.2243,2.5843,1.2493,3.2336,2.5292,2.1405,1.4812,0.4155,1.5743
PDGFRA,7.6332,8.2635,8.3492,17.8981,2.125,2.1876,24.3251,9.7825,3.8067,26.8927,6.5506,13.5731,5.8182,22.1966,22.1539,2.8094,61.7159,19.2119,31.9106,41.8267,3.3013,7.3076,12.1821,11.4101,8.1797,17.4181,32.7307,2.7586,3.1113,18.9388,6.0218,6.0022,8.4588,6.5516,5.8627,15.6822,5.4596,17.074,3.1295,6.1798,11.7585,27.0504,1.3309,1.7968,6.7041,14.0319,5.5648,54.2651,7.2252,30.7536,26.762,43.655,10.1763,116.3947,21.9416,3.2013,19.3073,20.7549,4.7486,2.8673,25.003,1.7451,23.6722,10.0519,37.6865,26.5497,8.3264,10.9227,11.1019,10.3368,16.4497,5.6115,8.6338,4.8347,6.9931,14.9967,4.8385,15.6227,14.4158,11.5854,6.3406,10.2878,17.0523,6.8619,15.7802,27.8421,8.303,8.5096,7.6773,27.6815,2.8746,17.7088,11.2934,11.7273,20.353,8.897,22.7783,16.733,16.3822,1.0726,3.394,6.5414,23.3486,11.5404,18.1443,26.0902,9.8923,2.9097,1.9168,12.4598,20.3273,8.995,5.9091,10.1492,49.6026,21.3576,14.405,13.0447,46.3059,12.16
PDZRN3,1.677,3.0907,4.0879,4.8811,1.1629,0.9935,5.8018,9.7823,1.7483,8.2734,1.7749,5.3693,2.0169,9.7824,5.2692,1.349,21.5941,7.5957,6.7509,16.7645,2.0536,3.7057,4.2529,10.4962,28.1125,6.3038,7.4435,1.6463,2.2297,6.6416,1.9564,2.7134,2.8085,2.3901,1.9367,8.757,4.1496,3.889,0.9761,2.362,4.4414,6.7585,0.6947,0.6034,3.0638,2.3463,1.7648,14.8769,2.8509,8.4936,7.7348,21.6714,6.2784,13.1717,8.191,0.9691,12.0385,10.4155,2.1501,1.2351,4.0307,0.5884,3.3483,4.0804,15.1588,10.1997,2.0751,3.2376,3.3368,3.7116,4.079,39.5359,2.7366,29.2568,5.0347,2.9544,6.4137,6.2954,2.9772,6.2864,2.014,7.9164,4.7382,2.1063,3.7743,10.3224,3.4293,6.0015,3.4112,7.4462,2.043,5.9407,4.9256,3.821,6.9363,5.2395,11.8161,8.6825,12.4027,0.5765,2.2979,4.676,5.8115,2.1501,6.2163,5.3059,3.2661,1.6657,1.3042,4.653,5.5949,2.9891,11.838,3.4998,16.0121,5.3009,6.9138,3.3976,8.9462,4.7231
PEG3,0.0355,0.0708,0.1096,0.0852,0.0289,37.1393,0.414,0.8459,0.0435,0.351,0.1162,0.5317,0.176,0.4443,0.3821,0.0096,0.4904,0.4026,0.3078,2.2378,0.1708,0.1747,0.1851,0.4384,0.1332,0.1817,0.0582,0.0061,0.2662,0.2967,0.1446,0.0512,0.0797,0.0705,0.1498,0.3739,0.3421,0.1183,0.0351,0.1294,1.0103,0.2282,0.0445,0.1367,0.1091,6.7394,0.0493,0.9483,0.0994,0.1843,0.3612,0.645,0.2837,2.3186,0.1853,0.025,1.0955,1.0488,0.0424,0.0,0.0725,0.0416,0.6109,0.1204,0.2262,1.5127,0.029,0.0734,0.0655,0.065,0.124,1.5104,0.0878,0.0223,0.1641,0.1407,0.2371,0.1893,0.0451,0.1764,0.1233,0.5036,0.3781,0.0569,0.5197,0.4835,0.1209,0.1547,0.339,0.6412,0.0064,0.1538,0.3564,0.0958,0.0719,0.1192,0.9709,0.1644,0.4085,0.007,0.0189,0.1971,0.143,0.056,0.2143,0.0625,0.2082,0.0,0.0305,0.2059,2.2858,0.1351,0.2497,0.5309,0.6351,0.1597,0.3849,0.4895,2.274,0.3154
PIK3CG,2.8155,6.1434,8.8143,6.6307,1.147,2.2533,5.1078,4.2569,1.1495,8.0296,5.1159,2.6151,3.2334,6.1726,11.5018,1.4908,8.3871,6.8516,9.2721,29.104,2.0056,4.0772,3.9592,6.7472,3.9557,6.9956,5.4164,0.9111,1.6629,15.0229,2.5817,2.1238,3.8248,5.8284,2.2143,10.6236,6.6427,5.1679,20.1535,6.2189,2.2678,6.8539,2.9813,3.8866,2.5645,2.1416,2.6561,7.349,9.3319,12.1906,6.0445,12.2275,2.2935,34.6244,7.5912,0.5878,10.2626,20.4355,3.0082,7.6594,4.9511,2.1456,28.5497,4.8163,6.172,12.2007,1.9468,5.0783,3.3918,6.196,4.2218,1.9894,3.4985,14.0384,12.8464,9.3961,2.7452,8.7317,5.8277,8.0285,7.651,9.3031,13.7472,7.7211,7.4183,8.5241,2.2824,7.1356,9.1857,11.4273,2.9266,5.7697,2.2499,6.1436,1.8832,3.4815,3.6644,4.5696,5.6609,0.8143,0.7061,13.0374,7.6752,1.9288,13.5344,3.4608,8.8879,0.5597,1.7291,19.7665,9.9438,10.8893,2.0079,5.0908,4.8939,7.7517,5.3477,7.3378,6.5802,10.0882
PKD1L1,0.0451,0.5165,0.2087,0.2317,0.4201,0.1501,0.267,0.2846,0.3003,0.1718,0.1438,0.3037,0.1564,0.1471,0.3031,0.1651,0.194,0.3127,0.2138,1.065,0.0994,0.1662,0.0881,0.3521,0.0761,0.1773,0.3544,0.1101,0.2756,0.2182,0.5077,0.6087,0.1301,0.1879,0.2495,0.1859,0.1408,0.1513,0.1251,0.2787,0.3183,0.1795,0.0763,0.2189,0.2115,0.0904,0.5943,0.1814,0.1502,0.1754,1.1462,0.2343,0.17,1.9642,0.17,0.1668,0.5285,0.1356,0.1414,0.0576,0.1611,0.0968,0.4684,0.7334,0.1587,0.2868,0.1986,0.5317,0.2406,0.2785,0.0689,0.193,0.5189,0.2871,0.1861,0.2142,0.1337,0.2321,0.0429,0.0886,0.4302,1.0815,0.162,0.2067,3.319,0.5817,0.4814,0.4137,0.218,0.1124,0.1331,0.3793,0.4107,0.1683,0.2394,0.1807,0.1848,1.1911,0.4462,0.0301,0.06,0.2979,0.1474,0.1932,0.1224,0.1091,0.2265,0.2906,0.218,0.1829,0.1311,0.7655,0.2093,0.2011,0.17,0.3109,0.3094,0.119,0.5051,0.2243
PKHD1,0.0133,0.85,0.1655,0.0579,0.4822,0.0318,0.8976,0.1021,2.9851,0.0449,0.3514,3.552,2.0112,0.4949,0.591,0.3075,0.216,0.3234,0.0512,7.8208,0.4942,2.8421,0.0259,0.2532,0.0846,0.4809,0.1303,0.1772,1.6244,0.0302,8.1916,1.867,0.3188,0.0158,1.6359,0.4532,1.274,2.9611,0.0196,0.0381,0.4844,0.0333,1.1226,0.879,0.0873,0.0602,0.023,0.9458,0.0933,0.1548,0.9284,0.1985,1.1181,1.2336,3.3867,0.0467,0.5182,3.4445,2.0919,0.0056,0.0135,0.0104,1.1626,0.1079,0.04,0.0538,0.0811,0.0822,0.055,0.5371,0.0,0.0057,0.041,0.9321,0.5046,0.0079,0.2631,0.4851,0.3661,0.0604,1.6339,0.3233,0.09,0.1013,0.0423,0.6055,1.0468,0.0371,0.0564,0.0189,0.0107,0.7322,0.0876,0.3424,0.7042,0.047,0.0783,1.0037,0.0938,0.0571,0.8052,0.2467,0.0067,0.0314,0.0343,0.0,0.1,0.5374,0.1711,4.2786,4.7402,0.0894,0.3496,0.9587,1.3394,0.187,0.7856,0.4141,0.3821,0.0319
PKHD1L1,0.23,0.3315,0.1964,0.5103,0.0343,0.1105,0.1898,0.6011,0.0567,0.1829,0.4183,0.284,0.1084,1.0318,0.7025,0.1004,0.1279,0.9738,0.4098,1.8793,0.0674,0.3172,0.0,0.967,0.7237,0.127,0.0606,0.1903,0.2279,0.6516,0.1071,0.0929,0.2481,0.1336,0.4612,0.7985,0.1533,1.2576,0.1287,0.7967,0.6095,0.3526,0.1857,0.3445,0.3047,0.5816,0.2335,0.361,1.2516,1.088,0.27,0.1376,0.2588,1.5597,0.583,0.0277,1.1327,0.7422,0.0335,0.0669,0.1661,0.0328,2.7171,0.0627,0.1467,141.4019,0.0769,0.452,0.1951,0.1502,0.1616,1.6567,0.3137,0.4604,0.7577,0.0466,0.2205,0.2293,0.0961,0.5224,0.5451,3.3868,0.4344,0.1078,0.7431,0.6394,0.1042,0.4502,0.1042,0.2265,0.1265,0.2385,0.5984,0.492,0.0284,0.1568,0.0846,0.1231,1.069,0.2016,0.003,0.1977,0.6435,0.1426,0.641,0.1234,0.4862,0.0248,0.1616,0.6243,0.7567,0.9044,0.1535,1.3704,0.1974,0.5226,0.2836,0.8437,0.2574,0.4465
PLCB1,1.8136,16.8486,4.9469,3.0117,3.3492,2.2999,3.5591,2.0048,1.4464,3.2714,0.6975,1.0849,2.6996,3.7416,5.4508,2.0917,4.9366,9.3271,4.9377,4.8019,0.4366,4.9975,4.771,2.0867,3.0049,3.7034,2.8137,0.7238,4.2137,3.0604,15.3068,4.6495,2.3637,3.798,5.0056,2.2483,0.5551,2.4976,3.2843,6.5972,3.0584,10.5281,0.2799,0.9346,7.3735,14.4997,7.4067,3.2822,1.8676,2.2748,7.6228,8.0744,3.2393,13.5808,0.85,6.6419,2.4462,1.2604,5.1399,2.4204,4.9349,1.2395,4.3667,0.8713,4.2089,9.0227,0.3967,4.7422,2.2505,1.9379,2.0992,11.6644,1.4103,10.9732,2.4589,0.9391,1.0814,0.8494,0.4173,4.6556,13.0025,1.3301,5.3935,6.9736,10.9479,3.3455,0.5058,0.7108,2.1176,4.4208,5.6199,6.3228,1.1648,6.2648,4.4679,8.3549,2.8718,1.9486,1.6079,0.1835,2.7596,1.3462,1.581,4.7015,2.281,0.9763,2.7203,1.9184,10.5729,2.1104,2.2765,0.5304,1.1022,7.3549,1.1413,4.821,2.4568,7.9354,6.4005,3.7697
PLEC,6.5693,57.7128,46.0582,307.2735,144.6169,498.4794,191.8079,102.581,119.004,56.3171,56.4828,246.096,120.9384,100.955,111.5491,57.2687,92.4452,156.151,61.9315,23.7009,290.6856,40.0424,111.4021,78.8079,60.5726,36.633,171.2416,41.3123,74.0483,166.1907,59.2012,235.1182,108.1572,102.8418,63.1449,65.9164,10.59,65.4872,92.8532,97.1648,133.079,54.5349,25.0559,54.0435,118.3023,49.5587,91.219,80.1397,38.5869,57.1918,155.1235,120.9682,157.4952,38.9901,89.0876,334.8771,85.6892,103.4098,59.4814,59.648,27.4808,108.402,25.6185,61.5987,134.8568,101.3681,61.6162,50.9449,238.1846,98.6852,137.0225,73.1093,113.4713,12.6893,81.4304,265.6911,72.7365,140.3147,10.9765,61.5733,49.8183,97.8473,200.5685,55.3483,44.961,87.3694,45.0638,118.9235,59.8732,97.1363,58.6403,115.3814,74.7193,54.499,138.9941,258.6779,194.7663,46.3033,78.6706,35.7641,120.6301,75.899,37.0434,170.4402,28.3479,244.4315,17.016,140.7113,65.2158,147.0595,62.905,107.1682,28.1494,64.7314,113.48,133.3374,174.2218,85.238,128.2623,65.9941
PLPPR4,1.7957,0.5685,1.6556,1.1805,0.1914,1.1566,1.1069,3.5362,1.1317,2.944,0.5122,8.1832,0.8588,4.8963,1.556,1.308,6.6162,4.7457,2.3322,12.1456,1.4725,1.249,2.2442,2.9349,1.159,2.8198,6.258,0.7082,0.8565,3.2102,1.9607,2.0897,1.3854,1.604,0.5613,2.7163,5.2668,1.0301,0.9426,0.5163,1.397,1.2249,0.2042,0.6412,0.5223,0.3794,0.2318,21.3876,0.5669,2.6999,2.0879,5.2526,2.6402,2.9846,6.6267,3.5454,2.0102,6.7355,0.8982,0.551,1.8655,0.3912,1.5659,0.8916,3.4226,15.8123,1.6045,0.7909,0.8996,1.9203,0.6075,0.3396,1.0065,5.1013,0.7205,1.7361,6.8207,2.2655,1.2918,2.6879,0.9709,3.6281,1.7502,1.3311,1.0831,4.6062,3.4705,2.2211,1.2439,0.7339,1.0871,1.1588,2.095,0.2727,1.2459,2.6773,1.1642,1.1688,1.346,0.2977,0.1112,3.9041,2.3322,0.4074,2.235,0.4226,0.7343,0.3845,0.5745,3.038,1.9587,0.5521,0.566,2.9325,7.0518,0.9342,3.2877,0.8999,4.8788,1.8898
PLXNA4,0.1484,6.2263,1.129,0.7553,0.2116,0.7978,3.0282,2.1713,0.1428,2.0552,0.3189,2.2556,0.2696,1.19,1.433,0.3277,2.5873,1.6343,1.5784,4.5521,0.5209,1.0943,0.6075,3.5884,0.1802,0.7102,2.5272,0.1271,0.3093,1.4645,0.6581,0.2493,0.5571,0.1262,0.1061,3.6932,0.8056,0.7611,0.115,0.3169,1.1059,1.2494,0.0532,0.0983,0.9256,0.2039,0.25,0.7932,0.7917,1.9667,1.425,4.2011,1.6269,8.3147,1.5554,14.0628,0.8083,1.5645,0.287,0.0601,1.9046,0.3751,0.459,1.3074,1.8758,31.7479,1.4421,1.3284,0.7541,0.6013,0.6907,0.7561,0.9257,0.14,0.2584,1.4099,1.2313,3.3096,0.3094,1.7957,0.4119,0.7733,1.4552,0.3548,0.5864,2.4161,0.4068,0.6813,0.4646,1.5437,1.3956,0.4693,0.4104,1.2877,1.1575,0.8111,0.6303,1.0757,1.0987,0.7829,0.3311,0.5568,0.6328,2.8907,0.8293,0.9761,0.3195,0.1613,0.0729,0.6881,0.849,0.4029,0.4611,1.0149,3.0612,0.9787,1.2197,0.4226,3.9049,0.6259
POM121L12,0.0,0.0,0.0,0.0,0.0,0.0,0.0,0.0,0.0,0.0,0.0,0.0,0.0,0.0,0.0,0.0,0.0,0.0,0.0,0.0,0.0,0.0,0.0,0.0,0.0,0.0,0.0,0.0,0.0,0.0,0.0,0.0,0.0,0.0,0.0,0.0,0.0,0.0,0.0,0.0,0.0,0.0,0.0,0.0,0.0,0.0,0.0,0.0,0.0,0.0,0.0,0.0,0.0,0.0,0.0,0.0,0.0,0.0,0.0,0.0762,0.0,0.0,0.0,0.0,0.0,0.0,0.0,0.0,0.0,0.0,0.0,0.0,0.0,0.0,0.0,0.0,0.0,0.0,0.0,0.0,0.0,0.0,0.0,0.0,0.0,0.0,0.0,0.0,0.0,0.0,0.0,0.0,0.0,0.0,0.0,0.0,0.0,0.0,0.0,0.0,0.0,0.0,0.0,0.0,0.0,0.0,0.0,0.0,0.0,0.0,0.0,0.0,0.0,0.0,0.0,0.0,0.0,0.0,0.0,0.0287
PPP1R3A,0.0,0.0,0.0,0.0,0.0,0.0,0.0,0.0154,0.0,0.0,0.0,0.0,0.0,0.0,0.0,0.0,0.0,0.0,0.0,0.0,0.0,0.0205,0.0,0.0,0.0,0.0,0.0,0.0,0.0,0.0,0.0,0.0,0.0,0.0,0.0,0.0,0.0,0.0,0.0,0.0144,0.0154,0.0,0.0,0.0066,0.0,0.0,0.0,0.0549,0.0,0.0,0.0,0.0,0.0,0.441,0.0,0.0,0.0,0.0,0.0149,0.0,0.0,0.0,0.0,0.0,0.0,0.0,0.0,0.0086,0.0,0.0,0.0,0.0,0.0,0.2124,0.0074,0.0,0.0,0.0,0.0238,0.0104,0.0,0.0,0.0,0.0,0.0,0.0,0.0,0.0,0.0,0.0,0.0,0.0,0.0,0.0,0.0,0.0,0.0,0.0,0.0,0.0,0.0,0.0,0.0126,0.0,0.0,0.0,0.0,0.0,0.0,0.0,0.0,0.0,0.0,0.0,0.0,0.0153,0.0181,0.0,0.0,0.0
PRDM9,0.0,0.0,0.0,0.0,0.0,0.0501,0.0354,0.0,0.1441,0.0133,0.0,0.0,0.0,0.0,0.0,0.0,0.0,0.0,0.0,0.0,0.0,0.0,0.0,0.0,0.0706,0.0,0.0,0.0,0.0,0.0,0.1677,1.3332,0.0,0.0187,0.0,0.0,0.0,0.0392,0.0,0.0902,1.0402,0.0,0.0944,0.4201,0.0,0.0,0.0,0.0,0.0387,0.0,0.0213,0.0,0.0,0.3687,0.0,0.995,0.0,0.0,0.0,1.3891,0.0,0.0122,0.0,0.0319,0.0,0.0,0.0,0.0108,0.0,0.0,0.0274,0.0,0.2909,0.0,0.0093,0.0,0.0,0.0096,0.0,0.0,0.0436,0.0,0.0,0.0,0.0,0.0,0.0,0.0,0.0,0.0,0.0,0.0371,0.0,0.0,0.0,0.0,0.0206,0.0,0.0,0.0,0.0,0.0,0.0,0.1113,0.0,0.0,0.1183,0.0,0.0,0.0,0.0,0.0,0.0079,0.0144,0.0,0.25,0.0,0.0,1.2723,0.0
PRKDC,27.5878,78.7022,41.574,24.0149,56.1259,85.4663,85.9225,26.9437,26.0818,27.4532,34.5752,40.6132,48.3653,26.9629,127.5361,16.8874,29.9452,56.6743,52.2092,87.8686,26.1393,40.3975,66.6092,41.7346,79.5384,17.8941,62.4749,10.9609,32.8298,63.325,113.5906,89.0457,33.7766,52.461,31.2607,35.4329,8.6295,39.4102,29.8676,26.4176,95.4037,125.0057,14.5831,92.9695,26.6491,169.7229,51.144,39.8914,35.651,29.9428,39.0936,41.119,62.1139,144.5534,49.6127,97.3142,25.9707,80.7628,81.9441,56.1328,12.5593,41.2624,146.7599,39.8174,33.473,60.0846,76.5037,55.4135,81.6867,75.9976,36.829,74.3349,92.0793,72.0959,50.3189,62.2496,20.0494,31.9593,10.7108,36.1012,30.589,24.3125,61.0778,40.5901,25.3591,45.7523,15.5862,39.3021,36.1309,70.0648,30.4908,25.1948,57.0155,81.8254,16.9907,29.5373,81.1808,22.2508,21.4547,10.4299,126.3943,36.138,58.2612,51.3337,25.6082,31.3915,61.0729,27.5837,41.1891,48.96,42.9043,55.3139,42.6841,75.0973,44.8436,44.966,47.2384,33.5568,58.8935,31.2635
PRUNE2,0.1654,5.8229,0.4883,1.3403,0.5247,0.3147,0.622,14.8415,0.2099,2.0515,4.1897,0.4503,0.4373,6.2298,1.2771,0.3589,5.2822,12.4741,1.1899,7.1446,0.5493,9.8257,1.4857,25.0913,22.2314,1.6926,1.9432,1.5345,0.3698,3.683,1.7983,0.4765,1.8182,0.8492,2.2672,2.1946,1.7472,0.4575,4.0113,0.6297,1.7457,1.776,1.6063,0.1613,0.7624,3.5114,1.678,1.6018,2.7903,2.7589,7.1035,1.7067,2.6809,8.2221,1.435,0.1554,1.8321,1.5808,0.3718,1.7302,2.554,0.3167,0.8806,10.7409,1.0537,4.9554,0.5244,0.7677,0.3799,0.6867,0.7083,18.1554,2.6998,3.6861,2.3443,0.8609,0.888,6.9302,1.0648,6.9068,0.5577,4.0372,0.7547,4.2828,2.4142,1.3448,0.8851,2.2397,1.3836,3.2368,1.4378,1.2256,6.486,0.2744,2.3424,0.8046,1.1317,2.4307,1.1182,2.0688,0.4615,1.2957,2.9491,2.1333,1.0062,0.6586,0.5838,1.9151,4.8499,0.2649,3.7684,1.4662,4.2989,33.1107,2.6739,13.0081,23.6034,1.7116,0.9078,4.4349
PTPRB,1.8539,6.4094,7.0362,3.0018,3.7487,4.2929,6.0755,15.4158,2.9165,7.4084,3.3258,14.4939,5.0076,5.6462,19.304,6.5835,6.2605,8.0952,5.9026,14.6466,6.6633,8.2284,2.62,18.76,2.274,5.1651,8.3271,3.2796,20.1618,4.7437,12.0882,0.9568,3.8868,2.9804,14.494,6.083,4.2066,5.2174,9.0684,3.3582,8.1124,11.4758,1.8318,1.558,7.5427,6.0722,2.7325,21.276,8.4113,16.2518,4.9438,7.1529,12.9948,14.7699,6.4598,6.0769,38.1812,6.2036,4.7822,1.165,3.2335,4.1772,16.9403,8.4616,3.2406,11.7755,2.103,5.2303,9.3443,4.2159,3.5445,10.3398,4.2486,3.7904,4.5149,4.1964,5.2072,3.6733,9.7394,5.5232,6.798,14.5725,5.6785,5.1906,7.0101,15.6982,6.1987,6.5683,5.8788,2.8042,4.0061,2.7411,12.7401,2.8607,4.2165,4.597,2.286,6.7627,32.8862,1.7136,1.0085,5.8419,2.39,9.2485,3.2216,1.7714,6.0264,2.6845,2.8151,7.2598,9.0925,6.4019,2.6322,49.5481,5.8146,4.7402,11.4769,3.7163,7.4366,6.6319
PTPRC,18.1055,49.6031,39.2669,39.1306,4.6183,9.8784,27.266,24.1423,4.787,28.3998,18.7929,10.3534,12.3863,30.1945,51.0442,3.8084,31.0387,28.4737,28.9575,131.2093,11.2134,23.6974,22.3511,34.7842,22.4493,29.7316,18.6599,2.6846,7.5748,86.7325,14.0153,12.5279,13.1763,28.7774,11.003,40.9215,38.9693,37.2814,143.1101,40.3817,13.3753,33.297,10.3471,32.5039,11.454,8.9816,11.5109,39.3718,58.3224,45.4542,25.5331,68.4124,8.8504,168.2955,26.5287,2.8002,86.5347,88.0727,13.885,38.3543,19.1893,4.1861,134.5247,16.1758,30.6673,62.3635,6.2868,24.6209,23.1566,31.7122,7.7095,5.2278,24.9761,28.5172,59.2731,58.9145,6.849,55.7822,24.0788,52.5137,54.0655,42.7019,72.4593,41.3526,36.2987,52.5554,7.3223,45.4766,36.8889,55.3804,16.6196,19.8525,12.1934,22.5327,5.6527,17.4386,21.3943,17.5434,42.8378,2.4663,3.279,39.741,37.0421,6.6988,77.7826,18.1088,55.0559,2.0541,7.3768,68.5607,26.3813,20.6436,7.1003,13.7665,22.4694,49.6777,21.2158,37.9441,14.3906,43.0133
PTPRD,0.5165,1.0633,1.4137,1.1893,0.2272,0.154,2.4816,3.9697,0.4935,3.674,7.1153,1.9399,0.5733,3.4966,2.8569,0.5463,8.1326,5.3473,6.669,13.374,0.6871,1.2782,2.3517,3.4597,5.1528,1.502,2.4971,0.3504,1.1857,1.547,1.0804,0.3793,1.4801,0.609,1.0862,1.2903,3.0816,1.0257,1.0397,1.0395,1.452,2.6144,0.7072,0.0841,1.0438,0.5079,0.3368,21.5739,1.4405,1.5212,2.0029,7.491,2.2962,15.595,3.5266,0.7496,6.4706,2.694,1.9255,2.4358,1.2446,0.254,1.3965,1.5123,4.2487,2.7567,0.6067,0.9213,0.8616,0.8224,1.6621,1.3795,1.4779,1.0232,0.6489,1.6688,0.3141,1.4637,2.8514,3.4036,1.0467,3.1773,1.2782,0.5638,0.643,3.5852,0.5467,4.0484,0.4316,3.4051,0.7818,1.0368,1.5111,0.8546,1.5043,1.4824,6.3897,0.9205,4.2759,0.2056,20.9374,3.1601,1.6996,0.8062,1.282,1.2635,1.8295,0.799,0.1199,0.485,12.3811,0.6373,1.6283,7.4856,3.6792,0.899,2.3354,1.3447,3.3725,1.419
PTPRT,0.0179,0.0059,0.4676,0.689,0.0382,0.1238,0.121,29.1381,0.0821,3.5685,2.9114,0.1313,0.031,4.6617,1.4487,0.0582,0.7735,0.4598,0.1444,3.1697,1.06,0.0293,0.2707,0.7496,0.1207,0.0823,0.808,0.0092,0.0071,0.5038,0.0205,0.0,0.9625,0.3619,0.0141,0.5729,0.0489,0.0558,0.0265,0.036,0.0658,0.0075,3.5032,0.0023,0.3707,1.6478,0.0496,0.0556,0.1257,0.1124,0.0273,0.7655,2.4545,0.7875,19.2956,0.0,0.4637,4.0704,3.4546,0.0,2.8608,0.1116,0.1195,0.0636,0.0629,7.16,0.5643,0.0646,0.0247,0.1411,0.0208,0.0153,0.0663,9.4254,0.0132,0.0,0.2088,1.4147,0.0,3.0039,0.0682,0.9457,0.3068,0.0078,0.0927,0.0963,0.2324,6.7328,0.0138,0.0297,0.0576,0.1557,0.0661,0.0778,0.1446,0.513,0.0,2.3813,0.1011,0.008,1.1994,1.6054,0.0135,0.0845,0.2218,0.0,2.2564,0.0198,0.0154,0.0466,3.5337,0.3058,0.166,1.2307,0.397,0.0055,0.1678,0.794,0.0286,0.2954
PTPRZ1,56.359,24.4238,0.3077,0.9501,0.3765,0.158,0.0644,8.8898,0.0524,0.7296,1.0973,0.3634,14.0806,4.0162,16.0604,0.3249,0.6212,9.7463,0.1683,1.9605,0.3932,4.61,0.3456,1.6238,0.0,0.7661,0.6055,0.0938,0.0225,0.3249,0.1742,0.0329,0.6255,0.2175,0.0812,1.5974,0.5169,0.1746,0.0,0.0525,0.4273,4.0643,0.2232,0.0539,0.1878,0.2317,2.5175,0.2921,0.4422,1.1066,1.7638,4.4602,0.5569,1.1619,4.0296,0.4744,0.4566,0.6177,60.9069,0.1651,10.1601,20.11,0.0872,0.5105,0.1836,10.0623,0.0279,0.554,0.009,3.6262,0.0432,0.1172,0.0458,0.2906,0.2423,0.0678,0.0423,2.3605,0.076,1.6957,0.301,1.385,1.5941,0.1096,10.8094,0.3365,1.9496,53.7579,0.821,0.3252,0.1715,1.7281,0.3917,3.4923,2.7004,0.319,2.6947,0.8891,0.1549,0.0373,0.8933,0.1452,2.7214,0.027,10.4323,0.0402,2.3936,0.1177,2.9189,8.3148,33.874,0.1124,0.0286,11.6988,0.8129,0.7693,0.4451,3.0312,0.0609,0.2344
PXDNL,0.2208,0.2346,0.311,0.227,0.1079,0.1529,0.6973,1.047,1.7444,1.7015,0.0217,0.2884,0.4048,0.2611,1.1874,0.5389,1.1506,0.9582,0.3102,0.9484,0.6724,0.1267,0.1294,1.5199,0.3478,0.4066,2.3867,0.2043,1.2106,0.7166,0.4046,0.3657,0.4459,0.1972,0.2968,0.5099,0.1207,0.7997,0.2614,0.4571,0.7048,1.2768,0.0332,0.2376,0.1308,0.177,0.2451,0.9043,0.2561,0.793,1.4819,0.7069,0.5094,3.5452,0.5058,0.0622,0.4693,0.3501,0.2638,0.2631,0.4283,0.0689,0.2215,2.1326,1.6209,0.3944,0.2378,0.4182,0.4451,0.2728,0.8159,0.567,0.3411,0.4582,0.7488,0.3147,2.7917,0.19,0.3573,0.7677,0.2145,0.1832,1.1104,0.0193,0.4581,3.3432,0.123,0.7417,0.9908,1.7933,0.5333,0.3976,0.2915,0.4807,0.5136,0.4033,0.3041,0.3955,0.7491,0.0525,0.9289,1.0051,1.5997,0.1697,1.3472,0.2914,0.0832,0.2928,0.9207,0.9215,0.2054,1.9345,0.3214,0.2828,1.0547,1.1638,0.5901,0.0777,1.0601,0.5102
RELN,0.0995,0.5769,0.1493,0.4325,0.6303,2.0144,15.8593,0.7857,0.0249,0.5096,0.8612,1.3963,0.5112,0.7823,2.7806,131.2654,1.6757,2.7933,0.267,1.2992,0.0798,0.8527,0.0354,0.7956,0.129,0.4027,1.2004,0.0791,1.5347,0.4534,0.1589,0.0261,0.2001,0.1778,0.2575,1.6462,0.5229,0.4747,0.0067,0.2133,0.7776,1.7668,0.1089,0.1567,0.2144,0.1402,0.1569,3.4777,0.3752,0.8937,0.5276,0.4929,1.0478,1.3111,0.5207,0.0701,0.7749,0.94,0.6271,0.1926,0.6236,0.0177,1.4653,0.5152,0.3276,3.0906,0.1594,3.0908,0.9621,0.3354,0.4739,0.2324,0.2433,0.606,0.1468,0.3654,0.718,0.5896,0.3273,1.0487,21.955,1.0231,0.6068,0.0869,0.6643,2.5862,0.1764,0.3152,1.6241,0.202,0.1117,0.203,0.0621,0.3433,0.2379,0.3238,0.3977,0.1256,0.6652,0.1398,3.3875,0.2082,1.2793,0.3263,0.3182,0.2946,0.7387,0.2666,0.0428,0.2413,0.954,0.455,1.7215,0.3312,0.4777,0.4991,0.8039,0.4855,0.9075,0.7492
RIMS2,6.2302,5.3644,0.0133,0.1959,0.5367,0.0132,3.4294,0.4184,0.0076,0.0877,0.0,0.0068,0.0082,0.2298,1.2984,0.0,0.2043,1.7125,0.0582,0.1423,0.0133,0.4617,0.0324,0.2588,11.0247,0.0223,1.0177,0.0043,0.0065,0.0377,1.9291,0.4951,0.1195,0.0641,0.0,0.0312,0.0194,0.0155,0.0061,0.2191,2.6648,0.0278,0.0187,2.1267,0.0109,0.1373,2.121,0.0091,0.0245,0.0446,0.0421,0.1964,0.0221,0.9734,0.0185,3.0704,0.0673,0.0815,0.0,1.1355,0.0973,0.0097,0.0633,0.0,0.0083,0.3005,0.0649,0.3281,0.0131,5.8228,0.0217,6.4683,0.169,6.1038,0.0073,0.3543,0.1106,0.5195,0.0079,0.0206,0.0,0.0301,0.0265,0.0,9.0183,0.0141,0.0539,0.0567,0.0256,0.0905,0.0133,0.0538,0.0131,0.0052,0.0503,0.0124,0.3043,0.1187,0.0375,0.0148,0.6177,0.0162,0.0125,3.8697,0.0386,0.0,2.2478,0.0549,0.0178,0.0192,0.0193,3.0109,6.9332,1.5312,0.0139,4.6564,0.2513,0.0073,1.2994,0.016
ROBO2,0.2013,0.0599,1.752,0.3176,0.0679,0.0296,0.415,1.2569,0.7015,1.0023,8.0376,7.4365,0.6192,4.125,2.0693,0.4405,2.2094,1.6461,0.5072,29.0078,0.3394,3.4132,0.719,2.9193,0.4374,1.8723,0.3616,0.7457,0.5915,0.6009,0.2173,0.005,0.3338,1.4552,1.2788,1.7375,4.1798,0.3577,0.3391,0.1836,0.9502,0.2676,0.2559,0.1075,0.441,0.3933,0.2408,7.9942,0.257,1.1636,1.506,5.698,2.1499,1.7671,3.9797,0.0293,4.5307,9.4129,1.5677,0.1418,0.886,0.2547,1.2469,0.8611,0.8656,0.3157,3.6323,0.3586,0.1893,4.0452,0.402,2.6208,0.2016,1.0478,0.2498,0.0165,1.6525,1.8777,4.5394,0.7931,0.4384,2.6249,0.8978,0.6881,0.5928,0.7756,2.2045,1.4726,1.2675,0.3429,0.4211,1.3054,3.3654,0.3368,1.9236,2.1451,0.6739,3.4941,2.5948,0.2866,0.4732,1.4781,0.2375,1.0384,0.4702,0.0183,0.7324,0.3017,0.0388,4.6559,4.7899,0.3563,0.3781,4.0142,24.0447,0.3744,2.9483,0.5007,1.6813,0.9937
RP1,0.9208,0.1468,0.8688,1.329,0.018,0.0471,0.3905,13.7414,0.9136,1.0761,2.4141,0.3849,0.0365,3.533,0.2433,0.2937,0.4867,0.8404,0.0673,9.3474,0.7792,2.5232,0.2519,0.6264,0.0497,0.3533,0.5863,0.3672,3.2398,0.6082,0.0281,0.0265,0.595,0.4211,0.9144,0.3576,0.046,0.4646,0.6269,0.0297,0.303,0.0679,1.1084,0.0116,0.0994,0.4763,0.0307,1.5059,0.1073,0.1632,2.6144,0.1991,1.1472,6.9236,0.0823,2.5743,1.248,3.0811,0.198,0.2885,0.1166,0.3997,9.719,0.0374,0.3037,0.1755,0.5877,0.0888,0.0175,1.4965,0.0129,0.1261,0.0546,0.0556,0.3476,0.1313,0.0328,0.6883,0.021,1.238,0.0665,1.9563,0.1823,0.6883,0.1235,0.2799,0.5062,1.9063,0.0228,0.7768,0.17,0.1631,0.1323,0.0871,0.3129,0.4585,1.3771,2.032,0.8789,0.5339,0.0667,0.512,0.0185,0.0087,0.3238,1.2576,0.1388,0.0488,0.2343,0.4526,2.1302,0.9433,0.135,0.2325,1.105,0.4966,6.0816,0.9914,0.4873,0.182
RP1L1,0.0,0.043,0.0731,0.0267,0.1347,0.3384,0.3071,0.1038,0.0,0.022,0.0509,2.1807,0.045,0.0582,0.2391,0.1899,0.0241,0.0696,0.0,0.0159,0.3948,0.0319,0.0127,0.09,0.0875,0.0199,0.3567,0.0,0.0511,0.0443,0.0,0.0093,0.5112,0.0386,0.0205,0.11,0.0405,0.1862,0.0288,0.0298,0.008,0.0326,0.0,0.0136,0.0171,0.0208,0.054,0.0569,0.0064,0.2484,0.0352,0.2156,0.0518,0.3046,0.0797,0.0091,0.1945,0.0709,0.0,0.011,0.0132,0.0202,0.0,0.0264,0.0391,0.0561,0.165,0.8438,0.2665,0.2759,0.0302,0.1443,0.3566,0.0122,0.0421,1.0164,0.0048,0.4065,0.0,0.161,0.126,0.0471,0.0103,0.0057,0.0,0.0735,0.012,0.0484,0.01,0.0308,0.0,0.0153,0.089,0.0403,0.0,0.0338,0.051,0.029,0.2053,0.0039,0.145,0.0635,0.0261,0.0843,0.0335,0.3195,0.0,0.0287,0.0223,0.4509,0.0603,0.0807,0.0228,0.0297,0.0543,0.0874,0.0936,0.0342,0.083,0.0374
RYR1,1.9698,3.4915,8.1355,0.9827,1.6595,0.162,3.6593,0.8608,1.264,2.867,2.2454,0.2602,6.1799,6.0014,4.2561,0.6894,2.5542,10.4817,6.4967,0.6488,0.1451,3.7327,4.0758,1.2693,0.9615,1.9838,2.2203,0.1898,0.8684,4.132,7.1708,26.1344,8.9138,4.1703,0.8302,3.9527,1.9568,0.2465,1.8812,2.7858,11.2777,1.5537,10.957,0.4904,3.0702,0.0813,3.5873,4.0149,0.5791,2.6401,3.1986,1.5628,0.6715,0.7232,8.9142,1.796,2.0373,0.8671,2.9118,4.2906,0.8762,4.9976,0.5708,1.0897,6.8675,0.7644,2.0559,0.6808,0.8015,10.254,7.0147,0.0744,0.2685,2.1997,3.3361,0.3699,1.8098,7.6927,11.6423,0.5246,6.5391,2.3627,0.7111,3.7535,15.1359,0.4846,0.0807,0.7253,4.8464,0.7843,0.4626,0.5665,0.4742,18.1585,1.8456,14.204,0.589,4.5693,5.9216,1.0886,0.0193,3.9346,1.4611,0.1456,3.2879,0.3059,9.0962,0.5922,0.4763,0.4954,6.4397,0.5556,0.4381,6.5465,6.9551,9.5696,8.3744,0.5223,1.0276,12.386
RYR2,0.0583,0.4388,0.6545,0.4895,0.0911,11.3625,0.2631,1.6598,0.0893,0.4115,0.2924,0.8781,1.3067,1.757,0.8163,0.2583,0.4431,2.1913,7.2,17.9839,0.2388,0.5574,0.5507,1.8887,0.1895,0.5021,0.5475,0.5494,0.2172,1.092,0.277,0.056,0.5607,0.3665,0.3585,1.0321,0.6476,0.4936,0.2158,0.4619,0.4852,0.228,0.0877,0.068,0.725,0.3601,0.1618,3.6154,0.7931,0.7369,2.3278,0.827,0.3622,10.3642,1.2525,0.0365,3.0902,2.7345,1.2386,0.0441,0.1488,0.091,2.3489,64.6548,1.3616,1.529,0.352,0.4529,0.6197,0.3424,0.2074,0.5491,0.1481,0.0794,0.449,0.4694,0.4108,0.7069,0.185,0.6114,0.2338,1.5054,0.5275,0.2037,0.2895,1.6386,0.2166,0.7899,0.9924,0.3077,3.1193,0.3194,0.5987,0.4473,0.2162,0.5747,0.2932,0.3539,1.8281,0.0616,0.0345,0.4281,0.7139,0.2145,0.1876,0.2508,0.4964,0.0573,0.117,0.4807,4.2843,0.5072,1.3172,2.0361,1.0642,0.3296,0.992,0.3875,0.5184,0.5198
RYR3,0.0171,0.3472,0.3523,0.2103,0.4202,0.6084,0.1474,1.2985,0.0365,0.1083,0.5688,0.2459,0.2816,1.0639,0.1135,0.185,0.2168,0.7552,0.3154,3.1735,0.1822,0.1863,0.1888,0.2992,0.0895,0.1112,0.0894,0.0701,0.1143,0.3722,0.1996,0.8962,0.2295,0.1625,0.8538,0.292,0.0621,0.1757,0.0631,0.2876,0.3279,0.1238,0.2352,0.094,0.1946,0.2248,0.1814,0.2473,0.1697,0.0783,0.2948,0.1961,0.2976,3.5055,0.308,0.1241,0.4974,0.3698,0.309,0.0677,0.1335,0.091,0.2823,0.0289,0.0972,1.5629,0.2587,0.0607,0.6088,0.2262,0.0463,0.4865,0.1019,0.2037,0.1659,0.0608,0.1243,0.3162,0.092,0.1388,0.0316,0.734,0.0771,0.1117,0.1814,0.3513,0.0792,0.502,0.4133,0.1377,0.1403,0.0503,0.1441,0.2121,0.1265,0.2733,0.2274,0.5268,0.3021,0.1638,0.0817,0.0918,0.2659,0.4939,0.0382,0.11,0.1499,0.2973,0.1295,0.1219,0.1498,0.3388,0.5378,0.429,0.1572,0.2055,0.3243,0.175,0.194,0.1186
SACS,0.4869,3.243,2.1352,2.2709,3.2061,5.6121,7.2454,3.3162,1.1349,1.9231,2.0464,2.5988,2.3624,2.8866,11.2717,0.9933,3.8749,6.7464,3.599,21.0908,2.4168,1.2386,1.626,3.0476,1.281,1.9739,5.32,0.6872,1.1466,4.1835,2.6796,6.1899,2.1104,3.6005,1.5972,2.0894,0.6242,2.2555,2.6245,1.9472,6.1735,4.7685,0.7709,3.3341,1.9494,2.9865,3.4233,2.6468,3.3971,3.5759,3.3107,4.3421,3.5015,24.8302,2.5418,5.9955,3.5162,9.7899,3.9855,2.0166,3.5282,0.936,5.9776,1.9431,2.47,6.1798,1.2093,1.679,2.209,3.3367,3.9455,3.0421,2.753,2.9888,2.2932,3.5132,1.3877,2.9684,0.9822,3.4712,1.2912,2.8156,2.9296,1.7706,5.2657,4.6816,0.668,2.423,4.1548,2.6163,3.0776,2.4606,2.3601,4.0909,2.4032,1.8094,4.7525,1.7703,2.8848,0.721,14.5859,1.7144,4.212,7.7765,2.0592,5.864,3.0669,1.895,5.6389,2.8224,2.0958,3.8653,1.7784,5.9308,2.7101,3.483,1.9578,2.2819,3.6131,2.1177
SALL1,0.7357,23.9818,0.0082,0.105,0.0375,0.0435,17.4725,0.0629,0.0375,0.0692,24.6251,0.0,1.4989,0.2,5.4639,0.0,1.2457,0.0,0.0861,0.0251,0.0328,0.0167,0.0599,0.0,6.9292,0.1725,0.2008,0.0,0.0081,0.0,3.1673,0.0147,0.0197,0.0365,0.0,3.3619,0.016,0.0,0.1664,0.0,0.2258,0.3597,0.0154,0.0,0.0067,10.0702,0.0,0.0,0.0504,3.6091,12.8855,0.5524,0.0091,0.7203,0.0,0.1296,0.0383,0.0,0.0977,0.0174,0.5426,0.008,0.0195,6.1919,0.0,0.1106,0.04,0.1267,0.0081,0.0,0.0059,0.0175,0.0695,1.6387,0.0,0.2913,0.0985,2.3807,10.3683,0.0,0.1844,0.0212,0.0,0.2409,0.2446,0.058,0.6262,0.0127,0.253,0.0291,1.9088,0.0603,0.054,1.6908,0.0413,0.4114,0.0,0.0092,0.0347,0.0,0.6639,0.3801,0.0514,0.0604,0.0,0.0899,0.0,0.0151,0.0176,0.1422,1.2517,3.9308,2.5187,0.0561,0.0,0.0125,0.0148,0.0,0.5451,0.0787
SCN10A,0.0172,0.0,0.0,0.0088,0.0,0.0,0.0,0.0212,0.0,0.0,0.0,0.0,0.0,0.0,0.066,0.0,0.0,0.0538,0.0121,0.0211,0.0,0.0,0.0168,0.0596,0.0258,0.0198,0.0338,0.0,0.0,0.0196,0.0,0.0124,0.0,0.0307,0.0,0.0,0.0,0.0054,0.0127,0.0099,0.0,0.0,0.0,0.0,0.0,0.0367,0.0,0.0,0.0042,0.0103,0.0466,0.0429,0.0,0.5045,0.0,0.0,0.0752,0.0,0.0,0.0,0.0,0.0,0.0903,0.1572,0.0173,0.0093,0.0,0.0059,0.0,0.0118,0.0,0.0294,0.0106,0.0162,0.0101,0.0,0.0,0.0106,0.0491,0.0,0.0,0.0089,0.0274,0.0,0.0,0.0,0.016,0.0,0.0133,0.0,0.0277,0.0101,0.0,0.0,0.0,0.0,0.0,0.0,0.0097,0.0,0.0,0.0,0.0,0.0203,0.0266,0.0,0.0,0.0,0.0,0.0398,0.0,0.0,0.0086,0.0079,0.072,0.0105,0.0372,0.0151,0.0,0.011
SCN2A,0.0,0.0223,0.0155,0.0222,0.0088,0.0205,0.0,0.0976,0.0,0.0285,0.0283,0.0274,0.0405,0.1645,0.1291,0.0781,0.1989,0.1311,0.0202,0.165,0.0038,0.0512,0.0375,0.0361,4.4921,0.0534,0.0944,0.0691,0.5152,0.0328,0.0,0.0553,0.1524,0.3203,0.0835,0.0226,0.0188,0.0195,0.0462,0.0083,0.0796,0.0121,0.0253,0.4739,0.0221,18.1759,1.8125,0.0702,0.0142,0.0719,0.1888,0.1997,0.032,1.2225,0.0939,0.0034,0.1201,0.0236,0.0258,0.4906,0.0368,0.0056,0.0803,1.0742,0.0145,1.6559,6.5369,0.4614,0.0626,0.0132,0.014,0.5468,0.0163,0.1268,3.6881,0.0,0.5217,0.0162,0.0457,0.0437,0.18,0.0498,0.0268,0.1174,1.3222,0.0082,0.0268,0.006,0.0743,0.0776,0.0696,0.0751,0.0178,0.0299,0.034,0.0161,0.0378,0.028,0.0299,0.0243,0.0026,0.0447,0.1401,1.6411,0.0323,0.0211,0.0362,0.0177,0.4769,0.0195,0.041,0.0747,1.8539,0.1252,0.1087,0.1325,0.0312,0.0084,0.0154,0.0293
SCN3A,0.02,0.5978,0.0362,0.1542,0.11,0.1651,0.1466,0.1848,0.0184,0.1313,0.0491,0.098,0.228,0.3018,0.2382,0.0814,0.3397,0.1163,0.1054,0.7241,0.0401,0.0902,0.0098,0.0926,48.1631,0.3837,0.2457,0.0411,0.1223,0.2335,0.0305,0.1728,0.0577,0.2025,0.0395,0.1508,0.125,0.6652,0.0666,0.0518,0.1412,0.5029,0.0451,0.063,0.0691,75.128,0.3053,0.3548,0.3481,0.1197,1.5663,0.2786,0.1198,2.2521,0.3297,0.0,0.3064,0.2187,0.1613,0.1447,0.1021,0.0117,0.4252,3.7419,0.1609,0.785,1.8602,2.7,0.166,0.0892,0.064,42.7917,0.0278,0.7264,0.9793,0.0238,0.0964,0.2644,0.019,1.3082,0.1111,0.1504,0.1277,0.0349,0.1916,0.2722,0.0929,0.1182,0.031,0.038,0.0752,0.0768,0.0211,0.168,0.0809,0.0336,1.2793,0.0403,0.5373,0.0119,0.0107,0.5042,0.3673,2.7023,0.1241,0.044,0.1382,0.0442,35.7463,0.2261,0.062,0.0674,6.0449,0.7229,0.0335,0.9685,0.0506,0.1583,0.032,0.0706
SCN5A,0.0,0.1762,0.0279,0.1008,0.0423,0.086,0.1041,0.1918,0.0212,0.083,0.0792,0.2826,0.0457,0.9268,0.7355,0.0,0.3596,0.5987,0.0648,0.1557,0.0555,0.0189,0.0676,0.0534,0.1817,0.0841,0.3061,0.0119,0.1638,0.1314,0.0528,0.3987,0.1553,0.0343,0.0,0.1849,0.009,0.0468,0.0256,0.0265,0.1275,0.0677,0.026,0.0817,0.057,0.0185,0.1841,0.1308,0.0199,0.3107,0.0743,1.1655,0.1126,0.4517,0.4318,0.0325,0.0649,0.0631,0.0482,0.0884,0.2415,0.0135,0.0331,0.0235,0.0696,0.1686,0.9711,0.2145,0.041,0.0871,0.0772,0.0592,0.0321,4.3852,0.4355,0.0,0.0556,0.1702,0.0988,0.0573,0.04,0.0538,0.1381,0.0604,0.9113,0.1897,0.4391,0.0359,0.0625,0.0438,0.0124,0.2384,0.0914,0.0933,1.5049,0.2021,0.0454,0.093,0.1044,0.0206,2.5125,0.271,0.0522,0.3751,0.0358,0.0305,0.058,0.0255,0.0496,0.3009,0.1789,1.4113,0.0232,0.1478,0.1837,0.3818,0.1416,0.0304,0.1723,0.0481
SDK1,3.4443,49.3318,13.993,2.7792,0.5651,0.3166,4.2148,18.6319,4.872,4.0436,14.1944,0.6703,33.759,14.228,13.6802,29.1977,4.9924,30.4832,8.154,20.6135,2.4427,12.0788,1.337,3.7828,23.3379,5.2605,3.6629,2.3279,14.9784,10.4461,2.5071,15.9675,5.8802,0.8991,6.7372,12.0271,0.7812,5.0062,0.2235,2.8867,9.4186,107.8464,2.208,0.5722,4.2461,7.5093,2.9068,40.7867,13.1458,12.4167,7.242,21.9971,8.7589,7.7422,16.9413,0.5385,5.1737,18.6877,12.3806,4.2736,7.2121,1.5175,1.4786,1.6694,8.1991,1.5069,2.7667,94.7954,14.8014,29.3919,13.6079,8.3692,1.321,4.6378,15.524,6.9497,7.6908,3.4226,1.3473,29.2842,3.3992,11.0276,9.6801,16.4161,45.7872,9.1779,1.2968,4.9781,10.4913,4.4912,0.9269,17.9403,15.6131,2.5828,5.7356,5.7967,8.7403,17.0384,5.4484,7.8015,21.3582,2.7483,12.1738,12.0456,7.0852,5.6717,5.1679,43.1691,19.8865,1.0229,6.7746,1.6878,8.925,2.4651,11.9337,7.143,40.7463,3.5775,2.3359,9.2768
SEMA5A,0.7707,1.3419,5.2431,2.1496,0.6662,1.5167,9.6462,9.1797,7.4855,9.4789,8.4286,6.254,1.36,7.1752,8.8087,1.2464,23.4175,26.4824,19.642,14.5323,1.5289,15.5955,25.0055,9.9976,1.269,1.363,9.2632,1.0626,10.2466,4.8005,4.9006,1.7121,2.2955,2.6137,6.5463,3.7786,1.6807,1.03,2.1145,1.6429,3.796,5.4346,2.8284,0.7918,2.7099,0.9192,1.278,14.9094,2.0529,5.5136,11.0579,20.5361,5.5125,9.9559,4.4741,1.5627,25.8455,5.5959,10.6964,0.944,5.3308,2.0653,4.5882,3.6692,8.0051,52.9348,3.0223,2.2039,1.3634,3.6639,7.0334,4.1757,1.5102,4.7431,1.0256,2.6458,5.3457,2.3023,1.977,7.1775,1.4872,6.5419,3.4587,1.227,1.9951,5.6283,2.5133,8.6236,2.6176,2.2856,1.5538,2.1557,7.7376,5.8987,3.5453,4.2914,37.4517,3.712,16.7305,0.7566,5.2853,3.6894,2.0144,0.9279,4.5634,1.4804,57.1828,0.9693,0.8808,3.6774,6.5139,1.1255,2.0806,12.4816,10.6959,2.3156,13.5563,1.3557,9.6364,5.2183
SEMA6D,0.475,1.0906,1.3712,0.6836,0.3898,0.5638,1.1481,3.1093,1.172,2.2067,0.4528,2.1055,0.3834,2.9225,4.6712,1.0048,2.6902,5.9872,4.4621,13.1579,0.7178,1.0788,0.9018,3.996,0.4887,1.2601,1.0136,2.0507,3.378,1.4993,1.0051,32.0237,0.8614,0.687,2.3714,1.1643,1.6746,0.356,0.3315,0.7336,0.7664,1.6947,0.5208,0.1603,0.755,1.0662,0.5838,7.1967,1.0351,2.9492,1.67,3.6851,1.4332,3.0296,3.6021,0.2582,16.1206,2.9534,0.5433,0.1271,1.947,0.8158,1.6467,1.4213,2.4021,46.1154,126.3827,0.9721,0.456,1.388,0.5529,0.639,0.4068,1.2291,0.7005,0.6771,0.936,1.3599,0.7751,1.7921,0.6029,4.2167,1.7227,0.4385,0.5632,2.1628,0.857,2.1192,0.336,0.8445,0.5099,1.1899,1.6771,3.0983,0.8784,1.4873,1.2197,0.9238,6.1168,0.3145,1.9949,1.116,0.8604,0.5135,0.6948,0.4061,2.1309,1.0198,0.1517,0.7946,4.7244,0.4011,1.0867,7.488,4.4586,0.6655,21.4686,0.5491,2.8671,0.6795
SETBP1,0.379,8.7454,2.0644,1.5336,0.5914,0.6743,3.0743,5.5574,0.6297,2.2365,2.089,1.1457,1.0111,5.0878,7.6575,1.8436,4.3001,4.2755,2.9119,16.824,1.9582,10.1107,1.7572,3.3447,4.4038,2.3421,3.5264,1.7863,7.8029,2.7782,3.0475,0.9813,1.9154,1.0469,8.4608,4.6411,1.058,1.468,0.9967,1.4236,2.0295,4.8795,0.5097,0.7895,5.553,7.0723,0.5986,10.3424,1.7814,3.9924,2.6106,4.7917,8.2186,9.1744,2.5504,1.767,6.0345,3.3289,1.2286,0.1991,2.3262,0.6327,3.0818,1.5988,2.6762,4.5792,3.1656,5.1455,1.2528,1.5664,0.9151,4.7635,0.9768,10.9848,1.9383,1.3602,5.8936,2.0102,1.2205,9.0862,1.0187,3.4006,2.5622,1.5987,1.6346,3.7044,0.7638,2.2123,0.8111,1.3023,0.8051,1.8521,5.5576,1.4597,2.5038,2.7564,0.8464,2.2426,4.6834,1.6362,10.2684,2.3723,2.1221,0.9107,1.6555,0.7451,2.2082,3.8495,3.9383,3.0292,8.2339,1.4716,3.18,2.1619,9.5495,1.6953,11.9292,2.0429,4.6032,2.5649
SI,0.0,0.025,0.0,0.0,0.0,0.0,0.0,0.0,0.0,0.0,0.0185,0.0,0.0,0.0154,0.0,0.2453,0.0,0.0,0.0132,0.0,0.0,0.0,0.0,0.3815,0.0,0.0,0.0,0.0,0.0,0.0,0.0,0.0,0.0,0.0,0.0,0.0,0.0294,0.0,0.0,0.0108,0.0347,0.0,0.0,0.0247,0.0,0.1007,0.0,0.0,0.0,0.0,0.0192,0.0,0.0,1.402,0.0,0.0133,0.0,0.0,0.0,0.0802,0.0,0.0,0.0,0.2299,0.0,0.0,0.0,0.0,0.0,0.0,0.0,0.0,0.0,0.1066,0.0,0.0,0.0,0.0174,0.0,0.0,0.0,0.0,0.0,0.0,0.0,0.0,0.0,0.0117,0.0,0.0,0.0,0.0056,0.0,0.0,0.0762,0.007,0.0,0.0,0.0,0.0,0.0,0.0277,0.0,0.0,0.0,0.0,0.0,0.0,0.0,0.0,0.0,0.0,0.1088,0.0,0.0158,0.0346,0.0,0.0,0.0,0.006
SIPA1L2,4.193,21.3333,21.5921,5.9927,9.2408,68.8849,15.0727,15.3189,2.5473,9.003,17.1604,18.4985,45.0101,45.2113,53.6714,17.5413,21.883,19.329,25.6176,30.1605,10.1241,6.7279,6.6213,48.2278,14.0218,17.2443,10.3143,2.0716,19.1698,8.2182,11.7927,12.9628,53.6269,37.0284,6.5768,30.5062,6.2955,2.8086,8.2785,3.9199,22.5252,45.8066,3.806,18.3758,17.2565,11.6959,23.1129,41.2135,11.6246,28.2345,24.1444,35.0334,12.7046,63.6442,49.0494,26.0262,22.5345,20.2929,14.5699,33.0455,10.448,27.2161,9.7952,21.2327,11.657,29.4191,13.5918,30.2881,10.6131,27.86,3.8057,22.811,3.2894,3.7512,12.2625,9.0455,9.6795,12.2228,2.9869,25.721,4.0367,13.1124,24.4136,13.4836,35.3188,25.3669,25.4332,22.2389,114.7974,19.2994,58.9969,14.4825,7.7716,42.0264,23.7333,8.1676,6.3083,9.1885,14.2268,1.4144,37.4208,101.4341,11.0998,5.358,13.5338,4.0945,42.8476,7.1243,3.2563,16.5283,14.2719,4.6631,5.3506,7.1594,21.9568,15.6518,13.4041,3.7953,16.2065,4.0676
SLC39A12,0.0412,0.2189,0.0663,0.0423,0.0252,0.0219,0.0465,0.0,0.0,0.0,0.0808,0.0,0.0,0.0336,0.0633,0.067,0.0575,0.0737,0.0579,0.3033,0.0,0.0,0.0805,0.143,0.0618,0.0158,0.0,0.1059,0.0,0.2815,0.0943,0.089,0.0396,0.0245,0.0,0.0194,0.0322,0.0386,0.1829,0.0,0.2782,0.1036,0.0,0.0324,0.0271,0.044,0.0857,0.0603,0.0508,0.074,0.0419,0.1713,0.0,1.4519,0.046,0.0,0.6438,0.0901,0.0246,0.0,0.1262,0.0,0.059,0.0,0.1243,0.0892,0.0,0.2128,0.0651,0.0283,0.012,0.0,0.0,0.0777,0.0243,0.0979,0.0305,0.076,0.0784,0.0,0.0572,0.3846,0.0329,0.018,0.0986,0.0467,0.0383,0.0513,0.0637,0.0587,0.0,0.0243,0.0,0.0256,0.0,0.0461,0.054,0.0553,0.0932,0.0,0.0,0.1008,0.1451,0.0,0.0426,0.0,0.0,0.0,0.0177,0.0478,0.0319,0.0214,0.0517,0.0,0.0,0.0757,0.119,0.0,0.0,0.0
SLC8A1,0.6807,3.1537,2.349,1.8334,0.2805,0.8038,1.345,1.979,0.3005,2.1806,0.8439,1.8698,0.9309,2.1584,3.5268,0.2705,3.9087,2.3868,1.8571,14.9713,0.2706,1.2539,4.6247,1.6696,1.2389,1.9698,3.2045,0.2983,1.278,3.9001,0.6365,2.2834,0.9133,1.0904,2.3821,2.0941,1.8584,1.1912,7.3924,1.0134,1.1174,1.8219,0.798,0.8351,1.2523,0.8065,0.7322,2.8347,2.3352,2.3438,2.0069,6.082,1.1565,23.5471,1.1941,2.5875,4.5588,8.8627,0.8291,3.0903,2.5592,0.657,12.7013,2.9291,2.9185,10.4141,0.4107,2.4038,1.702,2.0824,0.5681,1.5449,1.3338,1.1548,2.6393,3.5037,0.5048,2.7782,1.3109,1.8784,1.8531,2.7588,3.3403,3.7256,2.0423,2.9056,0.7006,2.8131,2.5311,4.7645,1.5323,2.3023,1.4685,0.8238,1.1046,1.2627,1.7756,1.7556,1.7575,0.1505,0.2754,3.4971,1.0699,0.7051,2.9468,1.2769,1.6835,0.1322,0.5149,2.5388,2.1763,1.0696,1.4556,2.0567,3.0645,2.7684,1.6236,1.7637,1.2836,1.6444
SLIT2,2.08,2.3392,5.6711,4.1205,0.8559,14.0787,12.508,14.8244,2.1988,12.8166,4.3484,4.3354,4.7705,15.0558,26.5549,2.0239,16.5355,11.0363,6.021,26.0001,2.1192,7.0919,7.5064,17.2373,4.124,5.2612,14.2974,2.0574,6.3781,8.4456,3.2637,1.6707,4.2616,1.3445,6.9168,12.5874,5.477,8.4236,2.6301,2.2238,5.8064,4.152,1.8166,1.7229,5.2087,2.994,2.48,70.2123,3.168,15.1607,9.4811,11.2869,10.4991,25.9719,8.8362,0.8763,38.264,8.1778,13.1635,0.5694,3.5699,0.922,9.9508,5.122,15.6088,46.9834,2.778,18.2223,3.2185,4.9284,5.0819,2.2191,3.9501,14.7206,2.9901,13.5329,7.4566,7.8549,5.5315,7.6016,4.0189,15.104,11.6898,3.5051,3.8286,11.0666,1.8926,6.4761,3.9867,8.5291,1.4531,6.5907,10.9622,3.1338,5.7609,13.3087,3.6475,6.7868,23.1104,1.2606,21.6862,5.336,3.655,3.578,7.637,2.4926,4.7132,0.7546,0.7504,5.4833,25.1444,4.3187,10.5203,4.753,25.6477,8.6804,14.7443,5.0473,7.4606,11.7378
SLIT3,5.0906,1.3781,6.0459,3.8081,0.3368,2.6465,1.856,25.2104,0.9606,9.6687,2.6327,1.8731,1.3417,14.4005,26.6165,1.352,13.8009,19.2001,9.9598,11.052,1.5591,4.1848,2.1623,20.5284,5.1441,5.7628,4.9626,2.3122,4.4157,8.4193,2.9767,0.5078,2.7516,1.8006,7.0627,16.5019,3.1335,2.1439,2.7296,1.7806,6.9611,1.8614,1.0734,1.2808,3.8288,0.6152,1.2935,48.684,4.0315,11.8257,4.0859,13.7656,14.5084,4.2856,11.4682,0.4512,33.253,4.8442,1.419,0.5658,2.4375,2.7242,3.2836,3.1647,8.7876,92.3052,2.4996,2.2163,1.3169,3.4828,3.7879,1.4434,4.7342,0.7417,2.1349,3.3123,5.6867,5.3643,3.04,7.5093,2.9312,16.7676,6.2575,2.7927,10.7838,11.0972,1.3925,8.2246,1.7874,1.3052,3.4417,2.1872,6.8964,2.9447,2.6889,4.8404,4.3176,3.8187,29.2637,0.8862,0.177,6.88,2.6796,13.0406,3.718,2.197,2.6676,1.1764,5.053,2.8664,19.1989,2.0172,1.3368,3.8679,22.6354,1.411,14.6141,5.4617,14.1839,6.7252
SLITRK1,1.8218,0.0583,0.0088,0.0,0.0,0.0,0.0,0.0135,0.0,0.0,0.0,0.0,0.0,0.009,0.0169,0.0,0.0102,0.0,0.0154,0.1347,0.0,0.0,0.0,0.0127,0.0165,0.0,0.0,0.0,0.0,0.0,0.0,0.0474,0.0,0.0,0.0521,0.0621,0.0171,0.0617,0.0,0.0,0.0135,0.0,0.0,0.0,0.0,0.0,0.0,0.0401,0.0,0.0,0.0074,0.0,0.0,0.2149,0.0,0.0,0.0,0.0,0.0,0.0,0.0,0.0086,0.0,0.0,0.0221,0.2258,0.0,0.0076,0.0174,0.0,0.1469,0.0,2.0416,6.7086,0.0518,0.0,0.0081,0.0,0.0,0.0091,0.0,0.0,0.0,0.0288,0.0,0.0,0.0204,0.0,0.0,0.1772,0.0,0.81,0.6491,0.0,0.0222,0.0,0.0864,0.0197,0.0,0.0,0.0,0.0107,0.0331,0.0,0.0,0.0,0.0,0.0,0.0,0.0,0.0,0.0,0.1267,0.0,0.0,0.0269,0.0159,0.0193,0.0,0.0141
SLITRK2,0.0,0.0646,0.0588,0.015,0.0,0.0622,0.0329,0.1619,0.0,0.0865,0.0191,0.0397,0.0096,0.0595,0.0823,0.0,0.0408,0.0261,0.1094,0.1195,0.0156,0.1276,0.019,0.3435,0.0146,0.0075,0.1435,0.005,0.1651,0.0499,0.0297,0.0981,0.0374,0.0,0.0231,0.0,0.228,0.0122,0.0216,0.0,0.0896,0.2773,0.0146,0.0179,0.0673,0.0364,0.0068,0.178,0.1033,0.0816,0.0429,0.0202,0.0259,0.8196,0.0381,0.1303,0.858,0.0053,0.0116,0.0083,0.0944,0.0,0.0186,2.9688,0.0098,6.7653,0.0191,0.2681,0.0346,0.0134,0.0283,0.125,0.0571,0.0275,0.0144,0.0347,0.0108,0.0269,0.0741,0.0604,0.0135,0.0909,0.0389,0.0213,0.0155,0.0662,0.0271,0.115,1.8299,0.0231,0.1306,0.0172,0.0411,0.0424,0.0098,0.0581,0.0064,0.0349,0.2972,0.0202,0.197,0.0381,0.1028,0.0058,0.0201,0.0857,0.0611,0.0,0.0042,0.0282,0.0528,0.0101,0.0195,0.0802,0.0,0.1014,1.3217,0.0086,0.0519,0.0656
SLITRK3,0.0658,0.4515,0.053,0.1353,0.0,0.0,0.0247,1.1346,0.0,0.1857,0.1506,0.0179,0.1087,1.8158,0.1011,0.0357,0.8266,0.3238,0.3236,1.0228,0.0,0.018,0.0429,0.1015,0.0329,0.101,0.1509,0.0225,0.0,0.0125,0.0,0.1421,0.2531,0.1698,0.0173,0.2895,0.0685,0.0548,0.0,0.0126,0.0673,0.0368,0.0825,0.0403,0.0289,0.0469,0.0,0.0241,0.0325,0.1838,0.0669,1.0306,0.0876,0.3006,0.1716,0.0,0.2057,0.1799,0.0131,23.5997,0.056,0.0,0.0314,0.0,0.0221,0.0831,0.0429,0.0755,0.104,0.0151,0.0638,0.0,0.0136,1.1793,0.0323,0.0261,0.0732,0.1618,0.1044,0.1725,0.0152,0.2503,0.07,0.0287,0.0175,0.0746,0.0,0.2319,0.017,0.0104,0.0118,1.023,0.0695,0.0,0.3993,0.0327,0.0719,0.2259,0.1116,0.0326,0.0,0.0429,0.0,0.0,0.3516,0.0,0.0826,0.1293,0.0,0.0381,0.4421,0.0341,0.033,0.01,0.3309,0.3764,0.2693,0.1929,0.0,0.1689
SLITRK4,0.1127,5.3634,0.1663,0.4376,0.0306,5.3686,0.7768,0.2622,0.0345,0.4029,0.2089,0.0307,0.0558,0.3524,1.0485,0.1019,2.6859,0.5322,0.8621,0.5839,0.301,0.0923,1.0767,0.0797,0.1503,0.3027,0.2215,0.0193,0.0395,0.4492,0.1338,0.8565,0.2408,0.4325,0.0792,0.1594,0.4889,0.3793,0.2595,0.1296,0.4227,2.7808,0.2826,0.0329,0.0412,0.2342,0.139,0.0641,0.1267,2.3087,0.8362,0.7758,0.1333,2.2557,0.2869,0.0882,0.227,0.1643,0.187,0.3411,1.3616,0.0733,0.5204,0.14,0.5037,3.4636,0.9316,0.3967,0.1336,0.1633,0.2441,0.0643,0.1973,0.1536,0.2585,2.0972,0.0929,0.4772,2.3122,0.3835,0.139,0.4676,0.7597,0.1094,0.7694,0.2556,0.0698,0.9192,0.4553,0.684,0.0538,0.2366,0.1455,1.3631,0.1773,0.1027,0.1807,0.1121,0.1983,0.026,0.2467,0.0858,0.3843,0.1185,0.6345,1.9283,0.2202,0.1384,0.0215,0.1669,0.6892,0.2142,0.1571,0.3208,0.4197,0.5679,0.1085,0.2203,0.3073,0.3054
SMARCA4,2.052,27.936,65.4587,26.8003,7.4561,35.0247,15.2105,30.5936,60.0932,31.7417,45.2595,11.7042,54.6421,24.4621,42.185,16.8332,15.2632,55.1125,30.1744,20.8254,28.311,32.4757,55.3477,43.3084,76.1378,25.5641,35.9994,16.3049,22.9929,29.2543,41.6786,7.7597,46.7621,31.0339,21.6573,34.938,11.1368,14.3269,15.9133,30.6236,37.5026,36.7386,19.0209,6.7713,21.354,32.0713,53.0901,35.3266,21.2924,32.7606,27.5583,44.7223,41.0422,20.6542,47.2531,37.3356,31.9737,22.3906,59.4152,9.0985,22.7616,55.713,5.5218,75.2114,43.3426,27.7699,77.0637,40.5863,26.902,51.4071,30.2318,32.6061,72.7553,47.9683,37.1539,31.3892,32.5669,23.727,15.0423,44.0498,21.6963,22.3746,35.1961,37.6811,7.5518,31.1944,14.0576,44.7567,69.2662,35.1269,59.348,29.0096,38.0882,40.3917,29.7555,64.8444,40.8608,36.2278,23.183,9.3565,89.5,54.6069,16.5975,10.2426,15.9165,29.9703,27.3881,6.0357,25.602,17.4192,30.7075,29.3547,15.9004,15.5538,39.5904,11.5682,85.481,35.1838,8.8285,63.0617
SNTG1,0.0109,0.0,0.0044,0.0,0.0067,0.0,0.0,0.0,0.0,0.0046,0.0,0.0,0.0,0.0223,0.0084,0.0,0.0102,0.0098,0.0077,0.0,0.0,0.0,0.0,0.0,0.0164,0.0,0.0,0.0,0.0,0.0,0.0,0.0157,0.021,0.0,0.0,0.0,0.0,0.0,0.0,0.0,0.0067,0.0091,0.0,0.0,0.0036,0.0,0.0,0.0,0.0,0.0,0.0,0.0,0.0,0.5342,1.7195,0.0077,0.0068,0.0,0.0261,0.0,0.0056,0.0,0.0,0.0,0.0,0.0295,0.0107,0.0038,0.0129,0.0,0.0032,0.0467,0.0,0.1029,0.0,0.0,0.0,0.0,0.0,0.0,0.0,0.0,0.0,0.0,0.0,0.0,0.0101,0.0339,0.0507,0.0,0.0059,0.0064,0.0,0.0,0.0,0.0081,0.0,0.0,0.0,0.0065,0.4765,0.0,0.0,0.0,0.0113,0.0,0.0,0.0,0.0,0.0,0.0085,0.0057,0.0,0.0,0.0,0.0,0.0394,0.0,0.0,0.0035
SORCS1,0.0,17.1229,0.028,0.0656,0.0071,0.1113,0.0,0.4075,0.0,0.0836,0.0797,0.0095,0.0,0.3219,0.0357,0.0094,0.054,0.0571,0.0163,0.1425,0.0651,0.0761,0.0,1.511,1.0276,0.1069,0.0,0.0119,0.0824,0.1719,0.0089,0.0,0.1563,0.0346,0.0826,0.2408,0.0363,0.0,0.0172,0.1802,0.0071,0.0389,0.3668,0.0122,0.0306,0.1613,0.0081,0.0297,0.0401,0.0139,0.0236,0.14,0.0876,0.5228,0.1168,0.0,0.1742,0.1206,0.1457,0.0,0.0296,0.0,0.0111,0.0826,0.0233,0.2262,0.017,0.04,0.0229,0.0398,0.0236,0.0,0.0251,0.011,0.0171,0.0414,0.1076,0.0892,0.011,0.2595,0.0403,0.2047,0.0927,0.0355,1.1951,0.0,0.0,0.0144,0.2066,0.0221,0.0,0.048,0.0245,0.0144,0.0,0.0173,0.0076,0.0988,0.1379,0.0103,0.272,0.0455,0.0,0.0343,0.096,0.0204,0.0437,0.0171,0.02,0.0202,30.781,0.0,0.0525,0.2178,0.107,0.0213,0.1342,0.0715,0.0,0.0857
SORCS3,0.0,0.0,0.0,0.0,0.0,0.011,0.0,0.0128,0.0,0.0614,0.0,0.0,0.0103,0.0592,0.0159,0.0,0.3568,0.0556,0.4367,0.0509,0.0,0.0,0.0,0.0,0.0311,0.5088,0.1629,0.0,0.0082,0.0472,0.0,0.0,0.1196,0.0864,0.1802,0.0195,0.0,0.0582,0.0,0.0,0.0,0.0,0.0,0.0054,0.1364,0.0,0.0,0.0076,0.0051,0.0744,0.0913,0.2844,0.0827,0.3246,0.0116,0.0,0.013,0.0113,0.0124,0.0,0.0106,0.0162,0.0,0.0,0.521,0.0224,0.0101,0.0,0.0082,0.0,0.0241,0.0,0.0704,0.0391,0.0061,0.0,0.0,0.0318,0.0592,0.0,0.0,0.0,0.0331,0.0,0.0827,0.0,0.0,0.0,0.0,0.0098,0.0,0.0061,0.0,1.7144,0.0629,0.0232,0.1223,0.0,0.0117,0.1477,0.011,0.0101,0.0,0.0,0.075,0.0182,0.0,0.0,0.0,0.024,0.0,0.0107,0.0,0.0379,0.0,0.0,0.0449,0.0,0.0221,0.02
SPATA31A1,0.0,0.0,0.0,0.0,0.0,0.0,0.0,0.0,0.0,0.0,0.0,0.0,0.0,0.0,0.0,0.0,0.0,0.0,0.0,0.0,0.0,0.0,0.0,0.0,0.0,0.0,0.0,0.0,0.0,0.0,0.0,0.0765,0.0,0.0,0.0,0.0,0.0,0.0,0.0,0.0,0.0163,0.0,0.0,0.0,0.0,0.0,0.0,0.0,0.0,0.0,0.009,0.0,0.0,0.0,0.0,0.0,0.0,0.0,0.0,0.0,0.0,0.0,0.0,0.0,0.0,0.0,0.0,0.0,0.0,0.0,0.0,0.0,0.0,0.0,0.0,0.0,0.0,0.0,0.0,0.0,0.0,0.0,0.0,0.0,0.0,0.0,0.0,0.0,0.0,0.0,0.0,0.0,0.0,0.0,0.0,0.0,0.0,0.0,0.0,0.0,0.0,0.0,0.0,0.1099,0.0,0.0,0.0,0.0,0.0,0.0,0.0,0.0,0.0,0.0,0.0,0.0,0.0,0.0,0.0,0.0
SPATA31D1,0.0,0.0,0.0,0.0,0.0,0.012,0.0,0.0,0.0,0.0,0.022,0.0,0.0,0.0,0.0,0.0,0.0,0.0,0.0,0.0,0.0,0.0,0.0,0.013,0.8753,0.0,0.0,0.0,0.0,0.0256,0.0,0.0,0.0,0.0,0.0,0.0,0.0,0.049,0.0,0.0,0.0,0.0,0.0,0.0,0.0,0.0,0.0,0.0,0.0,0.0,0.0,0.0,0.0,0.5273,0.0,0.0,0.0,0.0,0.0,0.0,0.0115,0.0,0.0,0.0,0.0,0.0,0.0,0.0,0.0,0.0,0.0,0.0,0.0,0.0,0.0,0.0,0.0,0.0,0.0,0.0,0.0,0.0,0.0,0.0,0.0,0.0,0.0,0.0,0.0174,0.0,0.0241,0.2451,0.0119,0.0,0.0,0.0,0.0,0.0,0.0,0.0,0.0,0.0,0.0,0.0,0.0,0.0,0.0,0.0,0.0,0.0,0.0,0.0,0.0,0.0,0.0,0.0,0.0,0.0,0.0,0.0072
SPEF2,0.5518,2.2845,2.0828,1.3003,1.0248,1.6414,1.6733,18.2642,0.2699,2.7342,7.9253,0.3453,1.9072,4.5947,1.3269,0.4432,0.8804,2.5524,1.2587,16.3591,0.9764,3.0011,0.2451,1.6873,1.6988,1.1274,0.9789,0.7146,2.092,1.057,6.0132,0.3303,2.674,0.8835,2.2949,2.0471,0.75,1.1167,0.9707,1.0344,0.5807,0.6787,3.0034,0.681,0.6369,1.0533,0.7309,2.254,0.9322,1.3944,4.3559,2.7804,1.3514,3.2418,0.8129,0.8079,4.0861,6.399,2.5991,1.2995,1.9722,0.8392,0.8525,2.2297,0.8865,1.7574,2.0171,0.4097,1.527,8.9083,0.1335,0.7853,0.4341,2.2716,1.6783,0.2299,0.8557,1.2865,1.5826,1.6613,1.5669,2.6802,0.4234,1.7806,0.6978,0.8535,0.539,3.3126,2.3566,0.8647,0.477,1.5085,0.2914,1.6049,0.4059,1.0071,1.4292,1.9513,1.5928,0.7324,2.3931,1.2594,1.0457,0.6907,0.5818,0.3153,3.4298,0.8078,1.3526,2.1271,3.4116,2.0733,0.1205,1.0361,1.2913,2.618,3.7117,1.4247,0.2141,1.1869
SPEG,0.4541,1.4224,2.1798,0.9859,0.8781,0.1877,0.2293,6.7498,0.0623,1.5211,1.789,0.3321,4.4909,7.0572,1.3226,0.4798,2.3054,1.9742,0.9428,1.6054,0.2281,0.3388,10.782,3.266,5.9486,0.8686,2.3579,0.8186,0.4144,0.7063,0.3001,1.591,5.3968,1.0293,0.075,1.8977,0.9422,0.1735,3.4261,0.1364,0.6158,0.5169,0.3927,0.0552,0.8009,0.6774,0.1364,1.0535,0.1405,0.7588,4.8594,1.2598,0.2977,0.3716,11.589,0.0955,2.8178,0.6078,0.2835,0.0404,1.6991,0.1667,0.0421,0.5789,1.3769,13.2453,0.7465,2.3783,0.3322,1.9353,1.3865,0.354,3.9649,0.0703,0.1939,0.2657,0.2111,2.7646,0.1548,0.9343,0.3434,1.7789,0.2651,1.6929,1.0818,0.6073,0.3713,0.5819,3.6708,0.1674,2.0592,0.8144,0.9307,1.1342,2.6734,10.4697,2.0452,0.7011,2.3036,0.1208,10.7856,1.0484,0.8526,0.2925,0.1998,2.7914,1.1323,0.3395,0.8421,0.2122,0.6411,5.5906,0.9834,0.6512,0.9884,0.457,3.9362,2.3788,0.1229,0.8267
SPHKAP,0.0,6.6286,0.0,0.0084,0.0903,0.0,0.0,0.1415,0.0302,0.0278,0.0,0.0268,0.0,0.0201,0.1513,0.0,0.0153,0.0294,0.0577,1.1081,0.0,0.0,0.0,0.038,0.4556,0.0126,0.0645,0.0422,0.0065,0.0,0.0251,0.0236,0.0158,0.0098,0.0649,0.0929,0.0,0.0103,0.0,0.0,0.0,0.0,0.0124,0.0,0.0973,0.0,0.0,0.03,0.0,0.0491,0.0,0.0137,0.0728,0.3215,0.0,0.0,0.2463,0.2783,0.0,0.014,0.0084,0.0064,0.0,0.0167,0.0165,0.0089,0.0161,0.0226,0.0,0.0113,0.0096,0.0,0.0,5.8694,0.0,0.0195,0.0,0.0353,0.0156,0.0136,0.0,0.0085,0.0,0.0,7.3237,0.0,0.0,0.0817,0.0,0.0,0.0,0.0145,0.052,0.0102,0.0166,0.0122,0.0,0.0,0.2878,0.0049,0.0,0.0,0.0413,0.0,0.0085,0.0,0.0,0.0,0.0,0.0,0.1018,0.017,1.6359,0.0451,0.1926,0.0,0.0,0.0,0.0175,0.0053
SPTA1,0.0114,0.0152,0.0184,0.1176,0.007,0.512,0.0258,0.0493,0.0,0.0485,0.0,0.028,0.0057,0.0047,0.0528,0.0093,0.0319,0.0358,0.008,0.0421,0.0,0.0,0.0447,0.0066,0.0343,0.0176,0.0562,0.0294,0.0135,0.0652,0.0,0.0989,0.011,0.0,0.1086,0.0378,0.0,0.0143,0.0593,0.0,0.0,0.0671,0.0,0.015,0.0113,0.0122,0.0159,0.0879,0.0113,0.0274,0.2328,0.0523,0.0102,0.8963,0.0128,0.0564,0.0429,0.0063,0.0,0.0487,0.0584,0.0134,0.1093,0.0116,0.0115,0.3345,0.0056,0.0276,0.104,0.0079,0.01,0.0,0.0106,0.0324,0.0304,0.1631,0.0042,0.0668,0.0109,0.0805,0.0238,0.0653,0.0548,0.015,0.0274,0.0584,0.0,0.0142,0.0266,0.038,0.0246,0.0034,0.0363,0.0214,0.0,0.1962,0.015,0.0051,0.0388,0.0102,0.0,0.0224,0.0403,0.0135,0.0592,0.0403,0.0,0.0084,0.0049,0.0265,0.0177,0.1127,0.0603,0.0105,0.0192,0.014,0.0083,0.0302,0.1099,0.0441
SRCAP,0.1865,1.599,1.0988,0.7451,0.7408,1.9823,1.377,1.1434,0.3115,0.6246,1.5972,0.4292,1.0882,1.9466,1.0942,0.469,0.3432,0.8876,1.0601,6.4714,0.5979,1.9105,2.1538,1.4124,1.1383,0.6798,1.3663,0.5185,1.0501,1.2311,1.6311,0.8363,1.1984,0.7018,2.1584,1.1788,0.2516,1.4666,0.778,0.8044,0.994,1.4992,0.3636,1.2795,0.9041,0.8654,0.9999,1.6804,0.6466,0.9085,1.2214,1.0399,0.6996,5.4949,1.3501,2.1325,1.2243,0.9039,1.3423,0.5774,0.7748,0.589,0.5103,0.793,0.5201,1.7302,1.6308,1.048,1.9169,1.2569,1.1347,1.3209,0.9824,0.6238,0.9251,1.4401,0.9965,1.0449,0.3873,0.8879,0.5119,1.2489,0.8189,0.8922,0.6901,0.9183,0.37,0.9546,1.4627,1.3853,0.7054,0.8234,1.2178,0.4377,1.4833,1.1534,0.9176,0.6188,0.9109,0.4231,0.6276,2.2326,0.546,1.3233,0.377,0.4476,1.2033,0.7869,0.5248,1.0615,1.2488,3.4107,0.5129,0.6167,0.8029,1.2315,1.5309,0.962,1.0945,0.985
SSPOP,0.011,0.1857,0.7018,0.8286,0.2111,0.3271,0.0495,0.7159,0.0756,0.0488,0.2206,0.0851,2.9944,0.6217,0.0506,0.0669,0.023,0.3729,0.1117,0.3903,0.0264,0.2651,0.4822,0.9896,0.0864,0.2125,0.0269,0.2931,0.0627,0.3122,0.1591,0.5488,1.0387,0.1992,0.1734,0.1732,0.2013,0.0582,0.0446,0.4509,0.0808,0.0643,0.0743,1.3903,0.1408,0.0586,0.0761,0.5615,0.0474,0.0689,0.3178,0.1231,0.0778,0.612,0.6924,0.6683,0.9495,0.1829,0.9107,0.0887,0.9798,0.1306,0.1231,0.0613,0.0331,0.6916,0.5421,0.1284,0.0759,0.2484,0.0447,0.1784,0.0322,0.3207,0.1326,0.0391,0.0834,0.5107,0.0261,0.084,0.0685,0.9727,0.0569,0.0455,0.3588,0.1866,0.0509,0.6344,1.4127,0.1615,0.4385,0.1295,0.3417,0.2729,0.244,1.3653,0.223,0.0859,0.924,0.0195,0.2102,0.2308,0.5959,0.8818,0.0113,0.2075,0.0689,0.0808,0.2994,0.054,0.6079,8.6644,0.1142,0.3035,0.0551,0.0672,0.9584,0.0916,0.0585,0.0739
ST18,0.1045,1.2006,0.11,0.0661,0.0737,1.4337,0.1178,0.0891,0.0,0.0476,0.1025,0.0197,0.0557,0.0885,0.1111,0.0131,0.0523,0.2912,0.1581,1.3608,0.0322,0.0066,0.0471,0.2231,27.406,0.1048,0.079,0.0413,0.019,0.0778,0.1718,0.3413,0.1391,0.0431,0.0064,0.0379,0.0565,0.0452,0.0654,0.0832,0.1677,0.1077,0.0302,0.0127,0.0555,0.2877,0.0502,0.0294,0.1884,0.0529,0.0708,0.1437,0.0463,3.603,0.0494,0.0283,0.3315,0.2416,0.048,0.1642,0.0492,0.0376,0.5834,0.0735,0.0727,0.0565,0.0157,0.1466,0.0889,0.0993,0.0351,38.7819,0.2111,4.8889,0.1374,0.105,0.0119,0.1902,0.1071,0.0832,0.0669,0.1084,0.2117,0.0491,0.1795,0.0638,0.0298,0.2149,0.1243,0.3244,0.0431,0.0427,0.0339,0.075,0.0325,0.0869,0.2003,0.0648,0.0591,0.0072,0.0385,0.1141,0.3598,1.3397,0.133,0.0566,0.0908,0.0059,0.0345,0.0652,0.0436,0.0417,2.2185,0.0698,0.0269,0.1034,0.0638,0.0565,0.0171,0.0387
ST6GAL2,0.045,0.0498,0.1329,0.7636,0.0275,0.5275,0.2031,3.3549,0.0551,0.7816,0.6479,0.2573,0.2157,2.2094,0.6341,3.7239,4.2036,0.4297,0.8118,0.5893,0.1563,31.0637,1.1877,0.5035,0.1576,0.5642,1.4747,0.2622,6.2806,0.8033,0.2177,0.0324,0.8947,0.563,3.3934,0.2264,0.1055,0.0609,0.2888,0.069,0.8106,0.7546,0.1242,0.0197,0.2075,6.9936,0.0833,1.7068,0.0556,0.9702,0.9513,2.6458,1.3916,0.7934,0.9895,1.364,0.8537,0.1477,0.3138,0.1405,1.2335,0.0293,0.2652,0.5645,2.1732,3.0382,1.3442,0.9405,0.0356,0.0618,0.3275,4.9204,0.0603,0.1699,0.1593,0.8556,1.9587,0.1753,0.2714,4.7148,0.0208,1.4478,0.1557,0.0917,0.7305,0.3489,0.6131,0.3641,0.2787,0.1639,0.0967,0.5626,0.1823,0.5508,0.6526,0.6489,1.2797,0.2688,0.5262,3.4505,7.0809,0.1249,0.0529,0.1863,0.7605,0.2773,0.0565,2.808,0.0968,0.1566,0.6632,0.2334,0.6027,0.1854,0.6288,0.092,4.8344,0.528,3.5386,0.2553
STAB2,0.0499,0.3477,0.0953,0.3844,0.5941,0.2788,1.9261,0.9826,0.2748,0.3853,0.1345,0.4885,0.0803,0.3406,1.5418,0.4158,1.1542,2.5375,0.2364,0.566,0.1099,0.7048,0.0609,1.4781,0.2712,0.2726,0.6492,0.1794,0.3196,0.8021,0.1142,0.1705,0.1558,0.0891,0.2464,0.9107,0.2239,0.362,0.0461,0.4874,0.6886,0.773,0.1125,0.229,0.2831,0.2465,0.1384,2.7259,0.2154,0.5447,0.1606,0.114,0.9789,1.3668,0.5433,0.0351,1.0364,0.5861,0.2532,0.0318,0.1909,0.0438,0.6252,0.3042,0.2758,2.3549,0.2196,0.3305,0.3301,0.2481,0.1668,0.2027,0.5007,0.1881,0.2647,0.0,0.5084,0.7624,0.0949,0.387,0.5537,0.4849,0.3781,0.0435,0.3581,0.1697,0.1736,0.5661,0.1832,0.1303,0.1539,0.1693,0.362,0.1783,0.1135,0.1812,0.7114,0.2177,0.3101,0.0407,0.0996,0.2257,0.0815,0.28,0.1998,0.0329,0.2505,0.0184,0.1876,0.2818,0.4639,0.2843,0.3504,0.2623,0.5328,0.7945,0.3511,0.1535,1.1171,0.5681
STK11,5.6189,17.2886,29.0318,19.4471,25.5195,4.2163,12.9416,23.1478,23.735,20.1061,27.6826,5.7777,18.8931,17.6579,11.034,19.5144,16.6888,16.0295,10.6615,6.4928,19.8425,15.6853,42.1006,26.1237,34.7724,14.773,19.3257,7.6108,3.366,20.7227,7.3367,2.7508,24.9964,10.3512,5.4701,22.1777,13.3281,10.937,18.4994,13.7619,8.6147,5.2701,14.5,4.0351,7.4326,8.2299,21.7413,11.556,8.5675,15.8753,14.8636,17.4358,5.0093,8.2262,32.1516,21.1912,30.3748,20.7228,28.0951,18.2722,16.5619,19.7339,5.6442,18.8734,15.6843,14.5046,21.3531,7.4907,10.8201,24.6442,16.166,19.5893,37.4932,21.6105,16.4167,4.8654,7.8129,14.0425,11.3838,11.8412,7.6448,21.4636,15.4375,14.1994,11.6399,13.0588,12.1295,29.7848,40.8618,27.3187,31.5346,12.6422,7.4183,15.5896,13.994,28.2552,24.2074,12.5516,22.6802,7.4801,23.6312,26.8799,11.15,3.3997,9.9725,8.0176,8.1956,7.3114,15.8255,10.2358,17.15,15.6676,8.0273,17.3633,11.5634,14.4917,6.8464,16.4324,6.7935,20.6168
STYXL2,0.0,0.018,0.0545,0.0835,0.0165,0.0288,0.0,1.9668,0.0497,0.0802,0.0266,0.6629,0.0268,0.4525,0.2495,0.0,0.4785,0.2785,0.019,0.0332,0.0217,0.1109,0.476,0.3444,0.0203,0.2181,0.0,0.0139,0.0534,0.0154,0.0207,0.2728,0.3904,0.0484,0.0,0.0383,0.1902,10.8087,0.0,0.0311,10.948,0.0,0.1425,0.0142,0.0089,0.188,0.0188,0.0297,0.0,0.1134,0.1009,0.2813,0.036,0.159,0.2117,0.0381,0.0508,0.0592,0.1455,0.0461,0.1244,0.1479,0.0776,0.1376,0.0272,0.0733,0.1192,0.0,0.0214,0.0557,0.1496,0.0,0.0084,0.0,0.008,0.0,0.01,0.0499,0.0515,0.0224,0.0,1.0388,0.0216,0.0591,0.0432,0.0614,0.0754,0.2357,51.1543,0.0129,0.0145,0.1119,0.5288,0.0,0.1916,0.0404,0.071,0.1091,0.199,0.0322,0.0144,0.1457,0.0,0.0,0.056,0.0,0.0,0.0598,0.0116,0.0628,0.2728,0.014,0.0068,0.0619,0.8846,0.0166,0.2541,0.0714,0.0289,0.0087
SVEP1,0.7743,1.1961,5.4193,5.0855,1.016,1.528,3.4563,14.4303,1.8643,5.8113,2.8069,5.9957,1.2682,8.961,27.506,0.6299,14.6987,13.8455,10.8269,16.1429,1.1887,4.5148,1.2343,10.8007,1.1493,2.6297,10.4917,1.9938,3.0637,6.9428,3.5964,9.1428,2.0769,1.3201,4.4268,11.0673,1.7439,10.8869,0.5308,2.123,5.7632,2.8004,0.7236,1.399,2.0764,0.27,2.2391,13.9843,1.8265,10.7043,5.8044,13.071,10.9313,8.2347,6.1386,1.3667,23.6408,11.2338,1.1004,0.8117,2.2927,0.4326,8.4093,2.5604,10.417,118.8089,1.2327,1.7737,2.0844,2.8808,2.26,1.1024,3.9716,1.6991,3.1584,4.5597,2.4115,3.8503,2.0635,5.4348,1.7875,12.1451,7.404,5.4271,3.2976,6.9144,0.7795,3.6149,1.0656,3.3369,0.6562,3.1855,4.5924,1.4905,3.3546,2.7614,6.1587,2.9854,14.1951,0.8038,2.2222,3.3909,2.8582,0.9348,4.6695,4.3462,4.3815,0.4083,0.5466,4.8189,15.0823,1.9563,3.582,5.3914,30.408,3.4967,9.9663,5.0755,13.5392,5.1504
SYNE1,0.503,2.45,13.7427,6.6693,0.7586,1.0016,5.2342,20.8133,1.0379,3.8638,10.3299,6.2674,5.5658,9.0963,5.0043,2.1509,4.3279,8.6068,12.0136,65.179,1.799,9.0209,8.1078,9.8119,1.6504,6.1504,3.9224,5.3024,8.6093,14.3275,2.5366,1.4076,7.9269,13.7665,17.2936,11.5792,3.8873,2.9275,11.5175,3.0774,3.8174,5.0769,2.7794,2.016,9.727,3.1647,1.5419,11.9187,7.4768,6.9415,8.7373,10.2315,9.3156,24.2677,14.0713,1.1085,20.8889,36.3017,2.5949,1.6578,2.4022,2.3288,39.7101,4.4587,3.6179,9.7574,0.9508,5.032,19.0632,12.7288,4.8439,3.9855,1.8429,1.7272,9.1385,3.932,11.1108,5.6264,3.5187,4.7937,2.6534,9.8867,6.2344,15.7534,2.2007,8.9408,0.7408,5.296,6.3776,3.4317,7.6818,3.2907,10.3643,5.16,4.4101,3.8364,8.0939,9.1692,9.6173,6.8959,0.2784,6.8982,4.5029,1.2994,2.8674,2.5248,10.8334,4.6361,1.2345,4.181,16.8366,2.998,1.7849,41.5406,9.589,3.2392,14.6231,9.6808,3.434,16.3679
SYNE2,3.8871,48.7214,13.4501,12.509,9.7612,15.4912,15.0869,30.2405,41.5647,6.0223,18.3517,24.4746,18.2609,15.0834,19.1145,13.5425,4.6131,25.6763,10.4109,84.0673,11.6186,29.8712,19.9401,21.8279,15.2114,3.5844,12.2739,8.2738,18.1837,19.1826,24.6982,43.2742,20.1428,24.9951,27.2754,14.0427,1.8414,9.0105,5.55,10.7485,15.0071,12.4586,4.8572,4.0717,8.3224,8.8766,10.0287,14.7181,8.6075,11.2092,9.278,30.1543,14.3567,40.6385,24.3825,19.4027,25.4706,35.0029,13.1399,30.3767,2.4952,14.7946,36.0958,20.403,10.8791,14.0948,39.8742,8.7839,11.2472,18.9967,10.2759,10.7476,4.5044,10.7038,18.3477,33.5898,12.0325,10.7639,3.6455,16.8724,3.4517,14.2987,17.4747,16.2056,17.6345,12.8699,4.5184,11.855,11.5789,5.1452,8.3037,14.2204,22.2107,30.951,14.9911,8.2473,9.2617,10.2201,14.9707,12.1533,33.3439,11.7778,9.592,15.3417,5.2393,5.6213,13.382,13.2567,21.3692,23.7652,22.142,6.8272,10.189,31.29,26.3004,17.3581,75.4119,13.9655,13.3149,10.4839
TAF1L,0.0186,0.0124,0.0749,0.0096,0.0114,0.0099,0.0,0.0,0.0,0.0158,0.073,0.0304,0.0,0.0076,0.0572,0.0,0.0087,0.1499,0.0392,0.1142,0.0298,0.549,0.0182,0.0108,0.014,0.0143,0.0549,0.3156,0.022,0.0636,0.0568,0.0134,0.0716,0.0332,0.1471,0.0088,0.0145,0.0697,0.179,0.0749,0.0228,0.0468,0.0,0.0147,0.6248,0.0199,0.0,0.6193,0.0184,0.0223,0.0063,0.2631,0.0743,0.5101,0.0416,0.0,0.0233,0.1017,0.0111,0.0158,0.0,0.0291,0.0,0.0189,0.0,0.0201,0.0091,0.0192,0.0588,0.0639,0.065,0.0956,0.115,0.0176,0.0,0.0221,0.0276,0.0114,0.0,0.8704,0.0,0.0097,0.0,0.0244,0.0149,0.0,0.0,0.0116,0.0,0.053,0.0,0.011,6.9479,0.0116,0.0188,0.0069,0.0,0.0083,0.0105,0.0276,0.0396,0.0091,0.8708,0.022,0.0096,0.0328,0.0467,0.0274,0.016,0.0539,0.0,0.1447,0.0374,0.0426,0.0,0.0114,0.0538,0.0491,0.0,0.0538
TENM1,0.1256,8.2322,0.2094,0.272,1.5786,0.0191,0.0304,0.4254,0.1483,0.3114,15.138,0.3369,0.0845,0.6548,0.1792,4.4808,0.3923,0.7946,0.6553,6.6266,0.0431,18.1847,0.2191,0.4929,0.2489,0.2753,0.0705,2.4064,19.5057,0.3729,0.137,0.8848,0.276,0.5983,0.1277,0.8921,0.1261,7.7414,0.1261,0.2785,0.2973,1.0524,0.135,6.512,7.201,16.3129,3.7027,1.2399,3.3452,0.2416,0.2341,3.9647,2.2645,2.8453,0.2907,0.0885,2.4056,0.8288,0.1018,1.6187,0.5724,0.014,0.7798,0.0182,0.2886,0.5244,0.1932,1.498,0.0674,0.2032,0.1227,15.8566,0.7706,5.3645,2.8226,0.0533,0.1364,0.2178,0.2732,10.177,0.0809,1.0422,0.2005,0.2702,0.1217,0.1882,0.0167,0.2734,0.1527,0.3153,0.053,0.4184,0.1753,0.1172,0.6531,0.3945,0.3236,0.1085,0.6848,0.0053,0.1385,0.202,0.1309,0.5356,0.0696,0.0395,0.2929,2.2796,0.027,0.13,0.1808,0.1395,0.5381,0.755,0.2631,0.4563,0.298,0.1657,0.1148,0.3109
TENM2,0.0943,0.0557,0.2488,0.3177,0.0576,0.1562,0.5671,0.5419,0.0096,0.1641,0.0617,0.325,0.0415,0.5041,0.1368,0.0597,0.9749,0.0562,0.103,0.7071,0.0252,0.0687,0.0205,0.1939,0.0786,0.0563,0.9162,0.0162,0.0289,0.0656,0.024,0.1207,0.1511,0.0561,0.0414,0.1975,0.3272,0.036,0.031,0.0301,0.1801,0.1141,0.0079,0.0742,0.0552,0.2015,0.0436,0.7968,0.0905,0.1505,0.1918,4.8613,0.1069,0.9641,0.0878,0.0,1.2967,0.3437,0.0563,0.0268,0.0802,0.0286,0.0801,0.0639,1.0324,2.1549,0.2307,0.6637,0.0124,0.0935,0.0213,0.0359,0.0324,10.89,0.0247,0.0871,0.5088,0.1546,0.0199,0.1951,0.0291,0.2391,0.1004,0.0366,0.0334,0.1545,0.1362,0.2867,0.1216,0.0796,0.0112,0.6587,0.2213,0.0717,0.0636,0.0898,1.821,0.0751,0.0474,0.0156,0.0614,0.082,0.0158,0.031,0.0325,0.0,0.1053,0.0309,0.009,0.164,0.1706,0.0869,0.05,0.2205,0.2634,0.199,0.2043,0.0829,0.0559,0.0672
TENM3,0.3949,0.7739,0.4613,1.4554,0.3649,0.7182,2.1075,0.7533,3.8224,1.46,0.3875,0.1887,0.1336,0.8367,1.5539,1.4105,4.2978,2.7364,2.7403,3.8414,1.4742,0.6077,1.581,0.6574,11.1983,0.728,4.3443,0.0693,0.3115,1.7386,0.6397,29.9452,0.8799,1.1873,0.0533,0.967,0.0677,1.6511,0.0784,0.7587,1.1765,3.3982,0.1087,0.2579,0.2251,5.7547,0.4143,1.504,1.1435,2.6638,1.4561,6.7963,0.6666,8.3547,2.3087,0.984,0.7105,1.7905,0.4258,0.4345,0.5606,0.1541,1.914,0.8421,8.4459,12.6275,0.2404,3.1109,1.6485,0.1388,1.177,0.5359,0.4911,0.3907,1.7839,2.5398,4.1248,3.9432,0.2475,2.8426,1.103,1.194,3.4984,0.3238,0.8762,3.0806,0.5903,0.701,0.3279,2.69,0.4498,0.8473,0.2187,0.8148,0.5747,0.7647,5.2565,0.3062,1.1492,0.0687,6.4423,1.2446,1.5847,1.099,1.8129,2.1528,1.1856,0.5179,0.3602,1.5689,0.8662,0.8089,2.9639,1.1985,0.5166,3.1405,0.5983,0.8811,1.9525,1.1437
TEX15,0.0,1.6245,0.0039,0.0,0.0357,0.2076,0.044,0.012,0.0,0.0165,0.0,0.0398,0.0,0.0079,0.015,0.0,0.0136,1.9535,0.0274,0.1196,0.0156,0.016,0.019,0.0056,0.9357,0.3066,0.0862,0.0,0.0115,0.6993,1.3095,0.7158,0.075,0.0174,0.0,0.0,0.0,0.003,0.0144,0.7117,1.017,0.0,0.0147,0.5602,0.0,0.3229,2.0555,0.0071,0.0024,0.2567,0.0958,0.0729,0.0,2.9007,0.0109,1.0849,0.0244,0.0107,0.0116,0.0,0.0348,0.0076,0.014,0.0,0.0,0.0106,0.0,0.8222,0.158,0.0067,0.1106,0.0,0.003,0.0092,0.0374,0.0463,0.0145,0.0419,0.0093,0.0081,0.0203,0.0,0.0078,0.0,0.6922,0.1879,0.0543,0.0182,0.1282,0.699,0.0,0.0058,0.0,0.0,0.0394,0.0036,0.4091,0.0,0.0,0.0029,0.0052,0.0048,0.0,0.023,0.0101,1.2607,0.0612,0.2369,0.0084,0.1073,0.0076,0.1415,0.1688,0.3255,0.0653,2.6999,3.9421,0.0171,0.5199,0.6725
TG,0.4364,0.1656,0.1757,0.251,0.1841,1.9038,0.1641,0.3584,0.0382,0.2684,0.1529,0.0848,0.3811,0.161,0.1676,0.0338,0.2756,0.3394,0.146,1.7088,0.1166,0.0596,0.1117,0.1683,0.1637,0.2671,0.4493,0.0,0.0697,0.497,0.1031,0.1122,0.1799,0.2475,0.0493,0.0784,0.0081,0.3731,0.0923,0.4063,0.1467,0.1916,0.0704,0.1064,0.106,0.0722,0.137,0.3154,0.3514,0.2488,3.554,0.3975,0.1199,1.3022,1.5676,0.0805,0.2209,1.2669,0.0621,0.7076,0.1645,0.0608,0.1539,0.3275,0.2717,0.2362,1.2308,0.2576,0.2054,0.4707,0.0998,0.0712,0.0963,0.1666,0.4168,0.0617,0.0963,0.5142,0.1879,0.1936,0.2236,0.3126,0.1825,0.2087,0.2819,0.6659,0.0289,0.1745,0.2331,0.153,0.0558,0.3405,0.022,0.0711,0.3993,0.3757,0.3885,1.2145,0.1645,0.0309,0.6364,0.7273,0.2666,0.1229,0.1451,0.2195,0.5221,0.4899,0.0625,0.1446,0.2256,0.5926,0.0913,0.1901,0.1132,1.2738,0.1276,0.128,0.122,0.1167
THBS2,9.0488,18.3265,20.1584,58.8516,7.0323,10.5977,121.9288,29.8236,8.8591,84.5434,8.0429,9.4618,12.9111,14.2436,66.8632,2.7461,380.6135,48.6042,115.5527,9.3295,10.4588,19.3346,25.347,14.3827,14.3951,56.7186,153.4085,0.2809,4.9197,99.3564,18.2585,32.9592,23.2452,10.6817,1.2707,20.2877,3.6776,42.8391,7.4106,10.4619,66.9693,203.2429,0.5683,5.1973,8.7555,9.6804,17.0273,26.6906,18.0421,93.8294,110.9797,281.5606,52.9697,93.1249,45.3699,16.2388,3.9186,20.1766,17.9852,10.5077,62.9288,3.005,37.0449,63.1737,217.9903,41.8572,16.7801,32.537,39.7717,7.5565,68.8441,13.4565,13.827,17.8906,28.3366,71.6889,17.0502,36.0383,10.4028,48.4401,22.8681,3.1262,61.9718,15.6292,43.5589,107.956,37.8628,15.0777,27.9909,83.5633,10.8271,58.9864,25.6332,21.2952,49.9502,33.5133,141.8128,20.7141,9.6342,0.1098,13.8406,28.1877,38.0323,25.2009,87.424,50.1954,4.3203,5.9673,5.1477,64.4546,21.3076,21.531,47.7455,10.9337,85.8823,106.686,58.7074,19.5096,171.0904,19.7569
THSD7A,0.1377,0.7948,1.0061,0.6478,0.2848,1.6924,2.1265,2.2505,4.2132,1.5966,0.634,1.5048,2.0996,2.0907,1.9285,5.1877,2.134,4.1466,1.4733,7.2921,0.9337,0.6249,0.3829,1.6298,0.9772,0.9997,4.7567,0.1579,0.94,0.9831,1.4636,9.5484,1.4361,0.4605,0.8626,1.5177,0.2151,1.1807,0.8858,0.268,2.1911,1.7842,0.2072,0.3864,0.8054,0.3906,2.6454,3.3621,0.9359,3.0372,2.98,3.4001,1.2876,31.753,1.3434,11.7313,3.761,2.8666,0.5885,6.5189,0.73,2.216,3.39,0.56,0.7669,2.8438,0.6636,0.8133,0.9546,1.0468,0.8568,0.6257,0.671,0.3997,1.6494,1.6104,1.2332,0.9897,0.6856,1.859,1.3012,0.9395,1.4966,9.6014,2.781,5.6343,0.3442,0.5008,0.4425,3.3909,1.6203,1.4039,1.9633,0.4678,0.9962,0.7896,1.2228,2.8601,2.5156,0.1196,3.5085,0.5496,2.6753,0.5448,0.6134,0.4754,1.1442,0.476,14.6576,0.7061,1.864,0.4997,1.2309,1.3132,2.8139,3.7523,2.4329,0.5497,6.2042,1.166
THSD7B,0.3079,0.8179,0.3718,0.4924,0.0105,0.0273,0.1736,1.4328,0.44,0.3332,0.6378,2.151,0.6188,0.879,0.4731,0.4732,3.351,0.222,0.4567,5.5842,0.1097,1.9064,0.2842,0.2771,0.3721,0.6169,0.1177,0.2725,0.3576,0.4091,0.222,0.1109,0.6415,0.2751,0.1082,0.895,1.4695,0.1229,0.1646,0.0984,0.4935,0.2867,0.0644,0.0045,0.1126,0.3291,0.0237,0.6631,0.152,0.85,0.9626,0.7611,0.8121,1.7083,0.8316,0.0241,0.2353,3.788,0.2248,0.0146,0.3231,0.2738,0.3514,0.3304,0.3441,0.4723,0.201,0.4595,0.1758,0.5166,0.3434,0.6444,0.0476,0.1936,0.0555,0.2032,0.2918,1.5826,0.2605,3.9582,0.1306,0.142,0.2048,0.4556,3.9999,0.3201,0.3177,0.0851,0.45,0.2763,0.0643,0.8484,0.3343,0.2235,0.6574,1.2179,0.2805,1.1797,0.1064,0.2236,0.0091,0.7201,0.198,0.091,0.3008,0.2409,0.3868,0.0126,0.1765,1.8246,2.175,0.3991,3.9331,2.1208,4.7166,0.2307,1.4456,0.1505,0.219,0.3953
TIAM1,1.6944,7.3517,6.9516,6.019,2.0555,1.3637,5.0681,4.8853,0.9224,4.1187,2.2291,4.5707,1.6732,6.547,10.8384,0.9395,6.0738,5.947,3.3066,15.4493,3.6915,1.7279,3.7773,6.1205,2.5232,5.6534,5.094,0.6322,0.9951,9.2842,1.2649,19.2769,9.1488,3.9615,0.9527,5.0582,4.0384,1.0739,7.0504,3.0096,6.9571,6.4795,2.3703,1.298,1.8467,1.1001,1.82,4.3054,3.9685,6.289,6.6713,12.0768,2.3556,13.886,10.4426,3.7053,11.9032,11.4742,3.2469,8.1203,1.2047,1.6118,8.8736,3.8921,8.8607,19.8869,0.8232,2.2518,1.4934,14.5071,3.3051,0.2901,6.2251,10.2653,5.4711,3.8615,2.206,7.0792,1.6606,3.616,2.4043,7.8904,5.4307,4.0337,2.7245,3.9718,0.5245,4.841,5.2729,4.5547,6.5014,2.6974,2.1078,1.8894,2.6276,7.7148,5.1128,3.3668,4.8974,0.2237,37.5387,7.5259,1.7367,2.4934,3.2062,1.9771,9.144,0.2959,1.1925,4.9621,4.5929,3.9107,1.4083,8.2398,3.6185,3.1695,2.5656,2.8153,7.968,4.0082
TLR4,2.3523,4.6518,4.7517,5.4408,0.953,2.0464,6.5248,6.3582,0.6323,9.1597,2.4022,2.2052,1.917,4.5374,11.4054,1.524,13.2886,8.8524,5.9981,24.9333,3.875,1.3922,6.2569,8.0534,3.6401,6.6518,11.1213,1.0791,2.519,9.6295,2.5475,1.7816,1.9688,5.8473,2.3833,4.8827,11.2535,3.2645,28.6027,4.4637,3.2141,5.3519,4.5688,3.1603,2.9222,2.0999,1.9463,7.4841,7.5522,9.5913,5.502,10.4406,2.6286,28.1315,3.7387,0.7734,17.6304,9.6271,2.3007,7.639,7.9085,2.5913,17.3964,6.5193,6.4922,19.9634,1.5352,5.2201,3.4749,3.6895,2.0939,1.2083,8.2005,4.5942,6.3235,15.1301,2.0126,11.1775,7.281,6.0514,9.8987,7.967,8.812,3.6977,8.1835,9.4419,6.116,6.7151,5.7227,9.6337,3.0023,5.63,3.2207,2.7639,1.8239,4.6017,4.5834,3.6362,7.2029,0.4503,6.1802,5.966,3.8137,1.5144,12.5153,4.301,6.8177,0.5006,0.854,6.2827,3.3097,4.6025,1.592,3.4078,4.9723,5.9379,3.8701,5.6862,4.0901,7.4799
TMEM132B,0.0295,0.0098,0.0237,0.0719,0.099,3.0759,0.3573,0.186,0.0,0.1497,0.0578,0.0481,0.073,0.1652,0.1245,0.1438,0.4936,0.0659,0.2743,0.3164,0.0295,0.0302,0.3239,0.1491,0.0276,0.0933,0.1086,0.0151,0.0203,0.0839,0.1069,0.0477,0.2338,0.0395,0.0058,0.0417,0.2013,0.0345,0.0055,0.1567,0.0633,0.0432,0.0,0.0019,0.0242,0.0079,0.0409,0.062,0.0236,0.075,0.1498,0.1991,0.036,0.5193,0.07,0.026,0.0599,0.141,0.2288,0.0314,0.1316,0.023,0.0669,0.3969,0.1926,0.5702,0.2957,0.0533,0.0874,0.0354,0.0514,0.1829,0.0455,0.0486,0.0239,0.1488,0.1639,0.1789,0.0,0.064,0.0051,0.1146,0.0235,0.1737,0.5879,0.0251,0.0616,0.0183,0.2622,0.0245,0.0237,0.0348,0.1362,8.39,0.1117,0.0439,0.0676,0.1254,0.0458,0.0,0.0118,0.375,0.0185,0.0218,0.0762,0.013,0.0093,0.0109,2.5524,0.0214,0.1142,0.0306,0.1516,1.9377,0.1296,0.1219,0.3299,0.0583,0.3065,0.0236
TMEM132D,0.0467,0.0413,0.7516,0.3599,0.038,0.0,0.1755,0.0192,0.0143,1.5022,36.8409,0.1906,0.1388,0.7869,0.5858,0.2152,0.1376,0.3968,0.3389,3.6472,0.0499,0.255,0.2433,0.117,0.782,0.0776,0.0306,3.1348,11.9808,0.3101,0.0356,0.0,3.8903,0.3799,3.5431,8.273,0.0851,0.0049,0.0115,0.1342,0.2579,0.0522,0.0702,0.0286,0.1229,0.6819,0.0972,0.7966,0.0384,0.3726,0.4536,2.0057,0.1105,0.6398,0.4608,0.0,0.0097,5.113,0.7809,0.0132,0.2542,0.079,0.1561,0.2373,0.3755,0.3959,0.0609,2.4057,0.0369,0.0427,0.0091,0.0533,0.0769,0.8954,5.4197,0.0,0.0288,0.0622,0.2073,1.4234,0.0216,0.1776,0.1491,5.2792,0.0745,1.9766,0.0,0.0097,0.1565,0.0813,1.6036,0.023,5.1604,5.5364,0.0,0.2436,0.0,0.3623,0.3872,0.2589,0.0,13.6179,0.0078,0.0736,0.0805,0.0,1.2509,0.0688,0.0067,0.0271,1.1581,0.4114,0.1601,0.0356,0.013,0.0286,4.9227,0.0547,0.0,7.5859
TMPRSS15,0.9016,1.1095,0.0107,0.0273,0.3403,0.0282,0.0,0.0,0.0,0.0,0.026,0.0,0.1183,0.0,0.0407,0.0,0.0247,0.0,0.0373,0.0325,0.0,0.0,0.0259,0.0,0.0995,0.0,0.0,0.0409,0.0,0.0151,0.1012,0.1909,0.0,0.0,0.0,0.0125,0.0,0.149,0.0196,0.0,0.0977,0.0,0.0,0.0487,0.0,0.0709,0.0,0.0,0.1047,0.0,0.8,0.8932,0.0235,1.8174,0.0,0.0187,0.0,0.0145,0.0,3.0927,0.0,0.0,0.0,0.0,0.0,0.0144,0.013,0.0091,0.021,0.0546,0.0,0.0,0.0,2.0012,1.1106,0.0315,0.0,0.0163,0.0,0.011,0.0,0.0,0.0212,0.0463,0.0,0.0,0.0,0.0,1.0464,0.0252,0.0,0.1409,0.2941,0.1485,0.295,0.0,0.1218,0.0,0.0,0.0,0.0,0.0,2.0815,1.0348,0.0,0.0,0.0,0.0781,0.4104,0.0307,0.0,0.0,0.1331,0.0243,0.0,0.0325,0.0,0.0,0.0283,0.0085
TMTC1,0.6697,19.9148,0.907,1.3243,19.134,0.684,3.377,4.6729,0.2968,2.4254,1.1829,0.9264,0.5076,3.4768,6.4769,1.9359,4.9567,1.3678,1.8211,2.8331,0.7198,1.1364,1.1471,2.2834,12.7898,0.9129,3.3758,1.2594,2.5796,1.9607,40.0679,1.2708,1.0304,0.8962,2.4171,1.7603,0.9291,4.7901,1.2887,0.3851,4.9671,1.8489,0.7232,0.5067,30.6652,2.7539,0.4537,2.1639,10.9256,2.4857,1.063,7.5092,4.1845,5.801,2.1969,0.3386,2.4333,0.9176,0.5743,0.3488,1.1907,1.1287,1.897,2.2911,1.5451,12.8337,0.4512,8.4134,0.7568,0.292,1.1325,4.8902,1.3489,12.0854,0.7204,27.6283,4.4144,5.2383,0.72,18.2934,1.0554,2.7463,7.4409,0.5574,6.8286,3.0831,1.3608,1.8675,1.0363,0.5202,1.015,0.8932,1.1193,0.7303,0.765,0.7489,1.7056,1.6336,5.0927,0.3441,0.5832,1.0451,1.5184,0.7826,1.9353,3.3697,1.0095,6.4833,0.481,1.5621,1.6249,1.3153,3.3779,1.3589,0.7858,1.4584,9.1513,1.1435,2.5052,1.5906
TNN,0.0459,0.8075,0.2863,0.4363,0.014,0.0855,0.1811,0.4239,0.1475,0.5148,0.5628,0.3746,3.9337,2.2268,0.2996,0.0747,1.2383,0.3285,0.3546,0.9291,0.1655,1.0904,0.4259,0.5308,0.2065,0.2289,1.1723,0.283,1.2669,0.2743,0.2277,0.3634,0.6398,1.6258,0.653,3.2008,0.1075,0.1863,0.0849,0.9103,0.2535,0.1346,0.0,0.0542,0.1208,0.1594,0.1114,0.4027,0.1133,0.3159,0.8632,3.6823,2.4531,0.7637,0.3205,0.1778,0.4446,0.6648,0.6168,0.1367,0.246,0.0627,0.1644,0.7231,0.6691,14.1203,0.1909,0.2133,0.1632,0.1575,0.534,0.1571,0.0354,6.103,1.2923,0.0545,0.4594,0.959,0.6114,0.4653,0.0478,0.2023,0.0549,0.1903,0.1648,0.5985,0.4687,0.2141,0.8165,0.2397,0.0246,0.4944,0.8966,0.3568,0.6961,0.5473,1.7156,0.6267,0.973,0.0273,0.0733,0.3593,0.1385,0.0814,0.2966,0.2625,0.1153,0.2535,0.2367,0.4788,0.747,0.1784,0.5068,0.0105,2.9994,0.1406,1.16,0.3229,1.1994,0.3313
TNR,0.009,0.072,0.1927,0.0232,0.0221,0.0241,0.0306,0.5007,0.0498,0.0459,0.1241,0.1328,0.0179,0.3647,0.0486,0.0,0.042,0.0566,0.1142,0.4656,0.0724,0.0666,0.0177,0.3814,8.7202,0.0277,0.0888,0.0279,0.0748,0.2417,0.0276,0.065,0.1563,0.0538,0.0428,0.3193,0.1552,0.0423,0.0,0.0883,0.1275,0.0,0.0476,0.0237,0.1814,0.029,0.0439,0.2411,0.214,0.0865,0.0796,0.0826,0.1042,0.2653,0.3079,0.0064,2.5524,0.1877,0.0054,0.0,0.0692,0.0035,0.082,0.0276,0.0273,0.0733,0.0398,0.0404,0.0286,0.1302,0.0315,0.0387,0.0307,0.0085,0.0613,0.0215,0.0067,0.0528,0.0172,0.4786,0.0251,0.3654,0.137,0.071,0.0288,0.1588,0.0,0.4046,0.0559,0.0215,0.0097,0.072,0.0095,0.0506,0.0548,0.1683,0.0119,0.0849,1.1953,0.0134,0.0144,0.0796,0.0136,0.016,0.056,0.0159,0.1702,0.0,0.0272,0.0524,0.063,0.0281,0.2562,0.0579,0.0076,0.0554,0.1827,0.0874,0.1831,0.1826
TP53,38.8431,60.5502,35.74,22.9607,34.0728,36.8502,44.9371,22.2023,8.5184,45.0867,37.3734,20.7166,22.592,32.3892,73.3982,32.1165,35.389,13.4855,15.5337,21.9835,27.7642,36.8571,62.6855,24.8856,39.4708,41.4006,59.9193,28.4993,41.7771,39.8158,66.2952,8.4962,42.3496,8.8838,66.9805,33.8891,24.541,25.8676,47.4345,12.5974,31.4116,59.3156,21.6654,10.527,45.2254,64.8143,21.9718,40.513,24.2853,30.9022,14.7834,48.3189,55.3281,13.5279,58.1996,21.4088,29.8885,28.7812,132.981,37.3855,75.9318,6.2842,8.012,42.9312,35.5369,51.8051,63.5109,47.9858,9.0144,70.7207,44.8054,45.814,62.4399,160.2737,45.2461,58.5581,50.6059,71.7473,20.1349,71.9484,10.1557,29.2065,18.2211,41.023,29.3396,37.4111,27.4201,39.9729,68.7444,38.0419,33.1233,10.2395,80.1362,18.2674,14.4272,69.5748,65.5439,39.9541,21.8157,38.1404,75.8196,78.2456,16.1293,72.523,16.2393,27.5281,17.0227,59.3452,53.0314,20.473,45.4714,27.4591,7.4735,19.8958,12.4677,43.3803,47.5457,40.5122,21.4611,38.1784
TPTE,0.0,0.0,0.0,0.0,0.1089,0.0,0.0,0.0,0.0,0.0,0.0437,0.0,0.0,0.0,0.1027,0.0,0.0,0.0,0.0,0.0,0.0,0.0,0.0,0.0,0.1337,0.0,0.0,0.0,0.0,0.0,0.0,0.0,0.0,0.0,0.0,0.0,0.0,0.1391,0.0,0.0,0.0,0.0,0.0,0.0,0.0,0.0,0.0,0.0,0.0,0.0,0.0151,0.0,0.0,0.0873,0.0,0.0,0.0,0.0,0.0,0.0,0.0,0.0,0.0,0.0,0.0,0.0,0.0,0.0,0.0,0.0,0.0,0.0,0.0,0.0,0.0,0.0,0.0,0.0,0.0,0.0,0.0,0.0,0.0,0.0,0.0,0.0,0.0,0.0,0.0,0.0,0.0,0.0,0.1882,0.0,0.0,0.0,0.0,0.0,0.0,0.0,0.0,0.0,0.0,0.0,0.0,0.0,0.0,0.0,0.0,0.0,0.0,0.0,0.0,0.0,0.0,0.0,0.0,0.0,0.0,0.0
TRPA1,0.0912,0.4843,0.0294,0.3654,0.0557,15.3998,0.4729,0.0898,0.0335,0.3088,0.0179,0.2084,0.009,0.1413,0.098,0.0,0.8652,0.0897,0.5891,4.9444,0.0877,0.0149,0.0713,0.116,0.041,0.1399,1.1286,0.0,0.0144,0.2907,0.1809,1.142,0.1402,0.076,0.0288,0.0344,0.0285,0.6319,0.4318,0.4298,0.8169,0.3667,0.0,0.067,0.018,0.0682,0.1138,0.1533,0.1305,0.2401,0.2225,0.5458,0.0404,8.7103,0.0815,0.167,0.1596,0.1894,0.0218,0.2949,0.2048,0.0071,0.7664,0.0371,1.8517,9.9574,0.1071,0.2134,1.7512,0.0125,0.0584,0.0624,0.3267,11.5567,0.3172,1.4942,0.0744,0.4371,0.0521,0.0528,0.1265,0.0946,0.4512,0.0478,0.3783,0.672,0.1016,0.2155,0.1128,0.3117,0.0196,0.07,0.0385,0.0794,0.0737,0.1359,1.9971,0.0816,0.1134,0.0,0.0388,0.0446,0.266,0.1293,0.4619,0.3048,0.1374,0.0403,0.0313,0.4861,0.0707,0.2079,0.1144,0.3753,0.0,1.2962,0.0132,0.0481,0.3112,0.1112
TRPC4,0.4113,0.2072,0.3254,0.1677,0.3727,0.3626,0.496,0.463,0.5473,0.9249,0.0557,0.1506,0.1336,0.295,1.1006,0.3808,0.7986,0.514,0.7772,0.8529,0.2273,0.2673,0.5821,0.3364,0.2447,0.4136,0.9339,0.1093,0.2686,0.4119,0.3898,0.1328,0.491,0.1436,0.1906,0.1471,0.0554,0.1063,0.5564,0.0653,0.7227,0.2853,0.0213,1.9323,0.3222,0.2274,0.1476,2.0749,0.2871,0.518,0.4327,0.3539,0.6042,3.3052,0.8163,0.06,0.8956,0.2094,0.1102,0.0483,0.5793,0.2768,0.5827,0.2452,0.6562,0.0845,0.0764,0.3028,0.2131,0.1947,0.3591,0.2307,0.3419,2.2479,0.0669,0.2864,0.3313,0.2354,0.108,0.3875,0.3544,0.3016,0.2944,0.0681,0.3056,1.2871,0.2502,0.2294,0.1536,0.3369,0.3655,0.1926,0.6891,0.2735,0.1578,0.2538,0.2326,0.3811,0.6738,0.0632,0.1284,0.2916,1.0491,0.1929,0.4181,0.1623,0.3029,0.1672,0.1951,0.3207,0.3079,0.1618,0.3311,0.318,0.2615,0.6955,0.5225,0.1372,0.8021,0.214
TRPM6,0.0377,0.1421,0.1367,0.9701,0.0308,0.3083,0.0852,0.8912,0.0,0.1385,0.0864,0.1027,0.4053,0.5491,0.1257,0.1331,0.123,0.1295,0.3005,0.6949,0.0605,0.1134,0.1721,0.2184,0.1038,0.1352,0.2102,0.0517,0.2531,0.0931,0.1441,0.8969,0.121,0.0525,0.0497,0.0712,0.0197,0.0196,0.1769,0.0217,0.6951,0.0422,0.1325,1.1989,0.1864,4.1356,0.1048,0.1058,0.1025,0.1431,0.0896,0.429,0.1117,1.5522,0.1406,1.4007,0.4484,0.3646,0.2857,1.2532,0.0835,0.0196,0.1683,0.0384,0.0886,1.1307,0.0801,0.2556,0.0547,0.7254,0.0183,4.9658,0.6766,0.0237,0.026,0.0897,0.196,0.2475,0.0359,0.3385,0.3319,0.2284,0.0904,0.4176,0.251,0.1427,0.0117,0.1879,0.1071,0.2152,0.1216,0.286,0.0598,0.047,0.3309,0.2204,0.8336,0.1352,0.1067,0.0449,0.4624,0.0739,0.5318,0.0298,0.0651,0.0,0.1739,0.0927,0.1569,0.0219,0.3414,0.0457,0.2464,0.8635,0.0844,2.7301,0.9361,0.0996,0.1208,0.0363
TRPS1,2.2515,8.4982,2.2129,8.6711,0.8383,4.5791,4.2757,5.4431,0.7985,4.1148,2.6305,5.9767,0.9912,3.9462,7.7797,2.0703,8.2201,7.9369,7.776,32.745,7.4355,4.5739,1.7599,2.9864,1.2254,2.1334,5.8862,0.3014,1.2186,6.8993,2.1426,2.4581,2.9002,2.1266,1.3827,3.1935,1.4311,5.1076,6.7194,3.1854,4.7118,2.7908,1.3394,3.9223,1.72,7.6337,3.9959,5.0742,5.8156,5.7047,5.1685,12.5145,2.9875,54.9544,2.832,9.4589,5.6235,8.6571,1.1199,11.5442,12.7724,3.6829,11.8557,2.5552,7.5296,12.284,3.2958,4.4317,4.4541,5.8434,1.5814,1.0578,2.0937,17.4454,3.422,13.5835,2.3026,5.0566,1.2061,6.3243,2.0714,4.2313,7.5823,1.829,3.8443,18.7843,3.9673,3.4983,2.5683,7.3416,4.0246,2.637,1.3217,2.1105,4.4692,1.9946,4.2658,2.0024,3.1149,0.8928,18.5765,2.4758,3.7357,0.9411,4.4782,2.1287,6.5505,3.1243,0.5672,11.6249,2.4031,3.6808,6.5976,3.7272,5.4587,5.3273,4.4703,1.9804,8.8379,2.5174
TRRAP,3.6488,15.1389,13.7287,19.0373,14.1783,23.9902,14.7373,14.2284,11.0351,9.9418,13.2924,13.837,21.6642,11.3143,39.1162,3.8498,7.5135,34.4568,21.1658,50.2799,8.5821,16.9152,19.6034,17.331,20.1368,5.7263,14.5133,5.1168,13.6138,25.6587,21.4011,13.7536,11.2894,19.0322,16.1325,16.0411,3.5777,13.6107,9.3487,14.1775,15.2411,22.8907,3.4991,21.8011,11.0648,11.205,35.8266,15.9087,14.4226,13.3035,13.4171,20.9137,19.7432,53.6429,17.8573,10.667,16.0544,26.9485,15.4881,16.3244,5.6122,15.7819,17.9614,13.8674,9.3889,20.3976,19.9348,11.8385,20.3005,18.8664,13.2358,12.7476,10.2176,13.0852,26.2216,15.6789,8.7083,10.2255,4.0133,14.2023,12.3047,13.6207,17.4355,17.0176,9.2673,16.0386,3.77,16.462,11.3458,29.532,16.1411,14.0202,27.4022,15.2468,14.6552,14.1233,19.7064,17.9764,10.9392,4.2652,28.426,17.0805,15.2787,19.9877,6.511,10.5807,13.1894,10.9011,19.969,15.4474,16.8204,35.0617,7.6875,11.5578,19.0756,18.3101,26.2425,18.7324,16.0112,21.3956
TSHZ3,1.0338,2.3287,1.9793,3.9565,0.9049,1.4881,5.6567,5.4375,0.693,5.3533,3.0705,0.9468,1.26,4.0509,5.5166,1.0343,9.2565,5.8817,6.9681,5.7605,1.1867,1.2135,1.8974,3.6203,1.0479,2.8461,12.5065,0.7036,1.7634,4.8208,1.5145,1.9213,2.2972,1.5058,1.1377,2.7129,1.0146,2.3861,6.1725,1.3094,3.1815,5.5963,0.6201,0.902,0.9795,0.7018,1.4635,5.4716,1.8172,4.8673,5.2139,9.5616,3.2293,17.2339,3.5439,1.9686,5.5108,1.5047,1.5942,2.9731,4.7644,1.1942,1.635,2.4004,9.3987,11.1242,4.8139,2.3139,2.5513,1.4191,3.0202,26.323,1.9642,1.3837,2.3114,4.7626,2.9474,5.4362,1.0771,3.0649,1.5999,2.4275,2.5985,0.793,2.4082,6.4649,1.855,2.8071,1.5672,8.1884,1.3123,3.357,1.9698,1.5208,3.6734,4.1242,8.5225,2.0019,3.0573,0.2158,0.5208,2.7284,3.4372,1.6767,4.9701,4.5118,1.4565,0.8336,0.7928,2.1703,2.4044,6.4024,1.073,0.7861,3.4538,5.1118,3.4308,1.9661,7.8254,2.0267
TTN,0.0807,0.3086,0.2321,0.1554,0.1681,0.0197,0.1382,0.4964,0.2733,0.0457,0.0687,0.7462,1.8554,0.2835,0.1643,0.0949,0.0452,0.4493,0.2814,21.2797,0.1371,0.0653,0.4379,0.3734,0.1335,0.5558,0.1108,0.069,0.1473,0.3665,0.5715,0.3164,0.2693,0.2658,0.3144,0.2282,0.1139,0.2256,0.254,0.2164,0.0656,0.11,0.1068,0.1189,0.121,0.093,0.1167,0.4163,0.2241,0.1391,0.1681,0.3145,0.138,11.1922,0.232,0.0116,1.2381,2.2071,0.2143,0.101,0.0551,0.0376,1.6065,0.0425,0.0567,0.3589,0.2884,0.0847,0.4508,0.4351,0.0549,0.1182,0.0421,0.244,0.281,0.0543,0.1806,0.1963,0.062,0.0966,0.1356,0.588,0.1087,0.1562,0.3779,0.2553,0.0144,0.2292,0.4641,0.151,0.0506,0.0258,0.1884,0.3683,0.0629,0.1595,0.1518,0.0462,0.591,0.0211,0.1087,0.1437,0.1047,0.2426,0.0508,0.0924,0.6521,0.0774,0.2244,0.1753,0.0603,0.129,1.2839,1.9833,0.1279,0.2842,0.2458,0.0821,0.1214,0.2986
UBR4,5.2581,28.4239,19.4859,25.8977,21.2852,31.028,31.1447,22.9738,14.9265,12.6532,25.2258,37.4711,24.781,22.2514,37.5669,7.8118,8.1801,28.4047,20.9802,65.8689,18.7422,19.1993,30.1617,20.0564,20.5091,15.7608,20.6682,5.3083,32.8206,29.1428,33.074,47.7187,17.8707,21.0251,19.9147,20.5346,7.5092,16.9545,11.9277,14.33,31.3806,27.2414,5.0077,27.1135,17.5868,17.9785,22.6103,30.8982,13.4239,18.1392,29.065,30.6894,26.5384,81.9545,31.972,37.84,24.86,38.2456,24.8567,11.5514,10.2948,13.8138,37.3492,14.4306,12.1698,31.1189,14.0047,19.0992,36.6135,27.6866,19.8934,42.2065,14.4263,8.9733,27.7694,44.6845,11.9484,15.7998,8.6614,17.2529,13.1913,19.6338,20.8828,19.3364,21.3141,23.9963,7.7048,22.538,21.0008,21.9362,16.0505,19.0422,25.6252,19.4028,13.2538,20.3092,18.504,15.4679,15.7159,4.8853,41.491,21.0374,11.314,33.187,6.8665,10.9712,21.6106,14.039,17.4284,24.784,29.939,31.7168,18.5915,19.4242,32.9256,38.8051,43.5152,18.4053,19.5478,22.1945
UNC13C,0.0,0.0532,0.0806,0.0288,0.0,0.0,0.0361,0.074,0.0,0.0373,0.055,0.1112,0.2858,0.0294,0.0,0.0,0.0037,0.0538,0.0056,2.2217,0.0128,0.0525,0.0,0.0324,0.0,0.043,0.0157,0.0453,0.019,0.187,0.0367,0.0808,0.0385,0.0429,0.1013,0.0,1.0572,0.0025,0.0119,0.0184,0.0492,0.0,0.0362,0.1682,0.0343,0.0428,0.0056,0.1055,0.0059,0.0,0.0136,0.0933,0.0178,0.5019,0.0269,0.0,0.0451,0.6219,0.0048,0.0,0.0654,0.0782,0.2028,0.0163,0.0081,0.2168,0.051,0.0359,0.0728,0.0275,0.0023,0.0069,0.0099,1.0806,0.0307,0.019,0.0119,0.0271,0.0076,0.0133,0.0111,0.0249,0.0192,0.5597,0.0447,0.0227,0.0149,0.0199,0.1611,0.0114,0.0946,0.026,0.0846,0.0,0.0162,0.1792,0.0263,0.0789,0.0544,0.0524,0.0128,0.0353,0.0,0.0047,0.0083,0.007,0.0201,0.0236,0.1791,0.0046,0.826,0.0166,0.0261,0.1246,0.0873,0.0,0.0116,0.1127,0.0,0.0309
UNC5D,0.0,0.1494,0.0086,0.0,0.0131,0.7988,24.745,0.2573,0.0,0.0635,0.021,0.0175,0.0106,0.0743,0.2469,0.0,0.015,0.0192,0.0,0.0394,0.0,0.0176,0.0314,0.0186,0.0,0.0,0.0211,0.0275,0.0127,0.0122,0.9405,0.0,0.0103,0.0064,0.0,0.005,0.0335,0.0301,0.0079,0.0,0.3682,0.009,0.0,0.0,0.134,0.395,0.0074,0.0,0.0212,0.0064,0.0254,0.0757,0.0618,0.4405,0.0,0.0151,0.2746,0.0059,0.0128,0.0,0.2024,0.0042,0.0,0.0109,0.0108,0.0058,0.0157,0.2545,0.2117,0.0147,0.0031,0.0,0.0066,1.6977,0.0,0.0127,0.0,0.0,0.0,0.0177,0.0074,0.0167,0.0086,0.0,0.0,0.0,0.0099,0.0333,0.0,0.0102,0.0115,0.0443,0.0057,0.0067,0.0542,0.0,0.007,0.0,0.2363,0.0127,0.0,0.0052,0.1132,0.0,0.0,0.0377,0.0,0.1105,0.0046,0.0,0.0,0.0333,1.487,0.0294,0.0269,0.0,0.0077,0.0094,0.0914,0.0
UNC79,2.764,0.0859,0.0707,0.0903,0.0847,0.1822,0.073,0.649,0.1444,0.2544,0.1088,0.0453,0.1374,0.2941,0.4048,0.0827,0.1807,2.1383,0.1234,0.3176,0.0519,0.0985,0.8581,0.123,6.858,0.0497,0.1272,0.0238,0.051,0.2106,0.0706,0.233,0.1778,0.0495,0.1827,0.0959,0.0722,0.0404,0.0684,0.0797,0.1192,0.1085,0.1182,0.0534,0.0791,0.0395,0.077,0.1623,0.1027,0.0166,0.1441,0.1691,0.1395,0.6335,0.2169,0.0065,0.1156,0.096,0.0828,0.0708,0.0472,0.1552,0.1192,0.1034,0.1023,0.1952,0.1493,0.0891,0.0731,0.0254,0.0565,0.1662,0.06,0.2791,0.0573,0.1647,0.1165,0.1449,0.044,0.2181,0.0642,0.1343,0.1181,0.0928,0.1697,0.0944,0.0687,0.1208,0.2003,0.0703,0.0496,0.1419,0.1172,0.0978,0.0748,0.1275,0.0728,0.1449,0.0941,0.0549,0.1477,0.0814,0.0744,0.2623,0.0526,0.1139,0.1393,0.109,0.0437,0.0804,0.2222,0.1102,3.1394,0.0507,0.1937,0.1473,0.4073,0.1545,0.1479,0.0475
USH2A,0.0,0.0112,0.0406,0.0115,0.0171,0.0209,0.0063,0.1001,0.0361,0.0095,0.022,0.0504,0.0861,0.032,0.0517,0.0137,0.0417,0.0251,0.0118,0.8325,0.0225,0.0046,0.0055,0.0195,0.0168,0.0473,0.011,0.0259,0.0487,0.0319,0.0171,0.0404,0.0216,0.0134,0.2216,0.0317,0.0044,0.1103,0.0041,0.0193,0.1686,0.0188,0.0042,0.0294,0.0055,0.0599,0.0117,0.0267,0.0249,0.0067,0.0532,0.0606,0.005,1.5039,0.0376,0.0079,0.0315,0.1502,0.0536,0.0048,0.0114,0.0088,0.1232,0.0342,0.0451,0.0303,0.011,0.0116,0.031,0.0577,0.013,0.0096,0.1195,0.0212,0.0116,0.0067,0.0146,0.0258,0.0053,0.0139,0.0195,0.0291,0.0045,0.0171,0.0224,0.0095,0.0156,0.0628,0.0217,0.0266,0.003,0.048,0.0089,0.0,0.0397,0.0125,0.0037,0.0151,0.0222,0.015,0.0239,0.0137,0.0423,0.0033,0.0029,0.0049,0.0211,0.0289,0.0072,0.0877,0.0522,0.0174,0.0127,0.0872,0.0235,0.0172,0.0081,0.0099,0.012,0.0072
VCAN,15.5566,22.8339,12.9738,58.041,12.4006,13.6582,123.2229,20.8939,10.9248,120.0101,8.6064,13.3969,11.3998,25.7956,78.7742,11.0666,268.4447,39.4095,155.6198,56.3062,7.7303,21.2079,108.5358,14.7244,13.8447,41.4558,159.8263,1.4581,6.7021,64.8587,76.5423,10.6168,22.7576,24.6388,6.7666,11.6303,7.8284,40.3197,31.0402,10.2957,59.9266,138.1991,7.4827,3.3179,11.9921,21.7155,11.028,72.5827,34.4251,72.2562,100.324,220.2152,80.0571,843.99,45.4564,39.8171,9.7449,26.7708,63.9386,21.179,57.5067,6.6259,84.9777,43.6432,144.3642,45.565,14.9395,41.7093,31.7126,8.4705,68.9223,26.3181,27.7351,15.0392,25.7175,84.4839,29.1159,26.9042,11.2442,42.2867,46.6563,6.3849,48.5553,10.2718,41.628,77.7468,21.6532,49.4368,26.486,223.7732,18.4772,43.3443,14.7245,33.6876,43.6199,31.026,109.541,16.0185,10.9184,0.5759,79.0527,100.9219,80.0132,33.1794,49.7247,76.6866,14.6502,12.2437,9.554,45.4961,50.9492,16.8204,26.7597,63.1001,46.8193,88.7112,28.2507,21.9465,218.3731,22.0127
VPS13B,3.3146,9.2461,10.5258,8.8456,4.4359,11.8198,10.8879,10.0789,6.3189,4.6412,9.9879,12.2099,8.1753,8.0093,10.7974,3.834,5.7764,19.3473,8.3323,80.2425,4.5307,8.143,8.0935,6.941,8.0664,3.8151,7.3441,2.486,7.883,11.3209,10.3336,7.9871,5.8625,10.9534,8.1082,9.1197,2.7236,8.2973,6.6577,5.0336,6.7708,9.0701,3.0093,4.0467,4.4006,12.9585,4.5849,11.2384,4.8046,5.783,6.84,14.597,9.2814,72.7094,7.7718,6.6308,10.9102,20.6731,12.1175,4.2943,4.886,6.4933,28.21,5.0585,6.3396,15.8938,44.8345,5.3614,6.0999,11.1234,5.1565,7.4879,6.306,14.113,8.3022,11.2447,4.1387,5.2536,3.1616,5.3965,4.9949,8.862,10.5401,7.0887,9.5538,8.1195,3.277,7.3397,13.4005,6.3995,5.1519,6.582,10.9742,12.4271,4.101,6.6419,10.7852,4.6823,6.5663,2.5285,17.7296,13.0439,6.1035,6.7957,5.2028,5.1212,11.9166,5.6176,3.8108,9.3706,10.7994,7.2252,5.7128,16.5411,8.7975,15.8624,16.1644,6.9694,6.2683,9.3813
WDFY3,2.0617,7.7766,15.4177,10.417,7.7282,7.7944,10.928,11.0003,7.6567,7.0723,16.5675,16.053,12.0871,13.3106,20.2704,4.665,9.0228,22.8021,11.5683,62.1301,6.4255,6.7912,11.1129,9.5371,8.8952,6.6073,8.7928,3.8645,13.3736,8.9587,12.294,13.1085,10.9821,12.5188,13.7812,14.7516,5.2775,4.1257,10.4068,5.8076,10.7119,9.0289,4.7702,4.0109,7.7134,6.5895,7.0445,14.4882,4.259,10.3418,8.6219,20.6313,13.9188,71.943,9.3629,13.2067,14.4896,26.7451,15.7595,13.0083,10.3506,7.6373,29.1795,10.2,10.5701,17.8935,17.248,8.3013,6.5332,17.2585,8.0301,6.887,4.618,7.4491,7.7855,13.8939,7.9071,10.4024,8.2602,8.8634,5.3731,8.3735,8.181,7.5669,9.3883,12.5024,4.2105,5.3315,10.165,13.3005,6.9258,10.6891,9.9914,18.131,6.4257,12.2384,10.7752,8.7228,6.3553,4.6896,10.255,14.5935,4.5122,10.0426,4.0764,4.5536,17.3155,7.4898,4.8199,11.7016,25.5539,12.313,4.2229,20.5997,14.06,8.8581,20.0993,7.5089,13.0908,8.7494
XIRP2,0.0,0.0,0.0175,0.0089,0.0,0.0,0.0098,0.0641,0.0,0.0331,0.0085,0.0142,0.0,0.0106,0.0999,0.0,0.0121,0.0504,0.0122,0.0745,0.007,0.0,0.0085,0.0602,0.0065,0.0,0.0511,0.0,0.0,0.0,0.0066,0.0,0.0,0.0,0.0,0.0,0.0,0.0054,0.0,0.015,0.0,0.0073,0.0065,0.0023,0.0114,0.0046,0.0,0.0,0.0557,0.1194,0.0,0.0397,0.0077,0.8491,0.0,0.0,0.038,0.0,0.0,0.192,0.0,0.0,0.0041,0.0,0.0523,0.0094,0.0085,0.1015,0.0069,0.0298,0.0,0.0,0.0027,0.0409,0.0026,0.0,0.0064,0.0267,0.0,0.0036,0.0,0.0045,0.0,0.0038,0.0,0.0049,0.0,0.0162,0.0,0.0536,0.0326,0.0051,0.0229,0.0,0.0175,0.0,0.0,0.0,0.0343,0.0129,0.0046,0.034,0.0,0.0,0.0,0.0,0.0218,0.0,0.0,0.0,0.0,0.0,0.0044,0.0317,0.0073,0.0,0.0125,0.0,0.0,0.0
XYLT1,0.7202,2.7447,2.8399,4.3023,2.3215,1.5787,7.5928,3.5802,0.5945,7.6497,2.0379,8.002,3.4602,3.0009,11.8591,1.9955,14.2729,4.5949,10.045,6.8269,8.7322,6.8165,3.8651,3.9424,1.3857,2.8751,6.8717,0.3701,1.0622,7.0367,1.243,0.496,3.4425,1.846,0.4704,7.3743,1.5975,2.1542,1.2204,2.1005,7.7584,16.9251,0.746,0.704,1.1406,8.6066,1.0789,5.8245,3.7817,5.392,21.0753,15.8708,4.9456,11.322,6.0825,1.7943,4.476,3.2584,3.8473,1.1994,6.6393,1.0144,4.0434,5.8681,8.806,10.147,2.0894,11.116,5.2643,2.6075,5.4937,30.6198,0.9805,1.6737,4.7157,4.9962,1.9892,6.3999,1.4504,7.5993,2.0862,5.1483,4.6992,1.6452,2.9569,7.8781,5.1074,2.5322,3.1492,5.473,1.3333,4.7418,4.5307,3.2267,7.3042,6.707,10.8514,3.0754,4.5918,0.2387,2.5679,12.7001,8.8485,4.048,4.3284,8.7436,1.7043,3.1754,0.5833,6.1349,4.9278,4.096,1.6033,2.1009,10.5224,6.6081,6.536,3.1856,14.0088,3.9661
ZAN,0.0,0.0087,0.0052,0.0067,0.008,0.0139,0.0,0.008,0.0359,0.0,0.0128,0.0,0.0,0.0,0.0,0.0106,0.0,0.0117,0.0,0.016,0.1358,0.0107,0.0,0.0,0.0098,0.01,0.0128,0.0134,0.0051,0.0371,0.0,0.0376,0.0376,0.0932,0.0,0.0061,0.0,0.0081,0.0,0.2999,0.008,0.0,0.0098,0.0137,0.0043,0.007,0.0,0.0,0.0064,0.0,0.0486,0.0054,0.0231,0.4085,0.0073,0.0,0.0082,0.0071,0.0,0.0777,0.0,0.0,0.0125,0.0133,0.0262,0.0071,0.0893,0.0584,0.0052,0.0179,0.0,0.0223,0.0282,0.0246,0.0115,0.0,0.0,0.012,0.0,0.0054,0.0543,0.0406,0.0104,0.0,0.0104,0.0148,0.0,0.0162,0.0303,0.0372,0.007,0.0,0.0069,0.0243,0.0132,0.0243,0.0,0.0,0.0,0.0,0.0139,0.0,0.0066,0.0,0.0,0.0115,0.0328,0.0096,0.0112,0.0,0.0,0.0879,0.0,0.0298,0.0109,0.0,0.0,0.0,0.0,0.0042
ZEB2,2.2682,6.2487,5.2728,5.2804,0.9367,4.4123,7.5849,7.1399,1.5668,7.6269,2.9689,3.2735,2.4039,6.7788,11.946,1.6363,11.8732,9.3831,8.4122,61.7435,1.871,3.5286,4.6706,10.7424,3.0539,6.0423,8.2235,1.8806,5.2284,11.1122,3.7711,2.3987,2.4112,4.2501,3.7723,6.7905,5.4454,3.4762,17.3112,4.1267,3.5297,7.1134,2.5065,2.4558,2.2587,1.6526,2.7569,13.8792,6.9652,7.9878,7.7803,12.2867,5.1635,123.7777,5.0719,1.6792,21.8981,10.006,2.5488,6.6448,4.3674,2.267,12.7036,4.7383,7.8319,17.1103,1.7195,4.0776,4.3709,4.5122,2.957,1.4373,4.3519,3.5605,5.6325,6.2568,2.8483,8.9951,3.9131,5.3949,5.1317,10.5608,8.2896,3.8204,5.6849,11.5391,2.3201,7.6283,3.8627,12.4864,3.0842,4.6492,4.9808,3.5907,2.6344,4.5014,6.7796,4.0212,11.5037,0.6225,0.5662,5.421,5.4632,2.4752,8.2308,4.5416,5.4643,0.7571,1.6798,6.8849,6.5119,3.4312,1.7614,4.4161,10.5996,8.3955,7.974,4.6293,7.4492,6.62
ZFHX4,0.073,0.1163,0.0617,0.1913,0.0401,0.1011,0.1646,0.2472,1.8838,0.7848,0.0573,0.0953,0.2134,0.1994,0.6559,0.0297,0.9643,3.2977,1.4713,0.8597,2.8305,0.2272,0.2995,0.1055,1.3138,0.7195,1.4629,0.3075,0.1957,0.428,0.0501,0.9038,1.0526,0.0956,0.4212,0.0998,0.1539,1.6338,0.0594,0.5833,0.215,0.6727,0.022,2.5705,0.1513,0.3315,0.0304,0.6965,0.1423,0.9742,0.3562,1.1076,0.3788,4.0296,0.1998,2.4577,0.1962,0.1396,0.6845,2.168,0.1639,0.0598,0.3939,1.3132,1.1155,16.3463,9.1191,0.0804,0.1875,0.1402,0.1805,2.7488,0.1421,4.2061,0.6823,0.8495,0.5168,0.092,0.0695,0.4018,0.4052,0.193,0.1631,1.0484,2.4402,0.8194,0.0678,0.4585,0.1129,0.312,1.2966,0.7475,0.0655,0.1407,0.369,0.5794,0.5984,0.0523,0.1857,0.2081,3.5793,1.2859,1.2631,0.2761,0.3358,0.899,1.9616,0.1451,0.0627,0.2115,2.0933,0.3972,1.6009,0.1168,0.3241,1.4447,0.2477,0.0899,0.4516,0.356
ZFPM2,1.5546,1.8736,1.6571,2.5229,1.2842,0.874,2.3217,2.2694,1.0314,3.535,1.0452,1.7512,2.4467,3.3286,3.019,0.5387,8.7808,7.3483,3.0842,15.2271,0.5652,3.3264,1.519,2.9309,0.6371,2.2146,3.9748,0.7694,2.3961,3.0901,1.077,1.0779,1.3704,1.2172,1.9689,2.5171,1.1354,1.7754,0.8096,0.7036,2.1913,2.8228,0.2166,0.3098,1.1087,0.5385,0.719,4.2481,0.6821,3.9207,3.801,9.1636,2.2034,23.4225,2.5416,1.5213,3.7884,2.5893,0.8428,1.0293,3.2556,0.5506,3.5687,2.2977,4.2992,29.4926,2.7196,1.0161,1.8151,2.0451,1.5664,1.7375,0.8852,0.7061,1.3967,2.0005,0.8486,2.2962,2.2607,2.0437,1.069,1.2842,1.7122,2.621,2.1596,2.9224,2.0851,6.8323,1.1359,2.5092,0.8885,2.3711,4.2493,0.8148,2.8678,1.2394,2.7099,2.2367,3.3618,0.1668,0.3296,1.6698,1.492,4.9956,2.9922,2.774,1.6453,0.615,2.3268,2.4198,4.0733,0.7388,0.5853,1.9361,5.5733,1.1646,3.3998,1.2155,3.8395,1.7417
ZNF208,0.0486,0.1355,0.2933,0.0699,1.9116,0.0517,0.0548,0.2872,0.0178,0.3414,0.1239,0.0476,0.0433,0.7013,0.097,0.079,0.3616,4.5508,0.1297,1.3233,0.0467,0.1035,5.6574,0.0899,0.1895,0.0671,0.21,0.0349,0.0345,0.1604,0.089,0.6156,0.1121,0.1157,0.0461,0.1557,0.0683,0.6128,0.0359,0.6145,0.1133,0.1547,0.0073,1.2035,0.0448,0.1246,3.0869,0.0995,0.0671,0.0872,1.6136,0.2222,0.0776,2.3208,0.1628,0.0548,0.4069,0.4568,0.0406,1.348,0.0744,0.0683,0.6497,0.0198,0.0293,2.8765,0.0428,0.107,0.0346,0.0867,0.0254,0.9065,1.1348,3.2991,0.0602,0.0231,0.1009,1.0272,0.0462,0.193,0.0472,0.2419,0.1163,0.0594,0.1318,0.303,0.0902,0.0725,0.1127,0.0923,0.0469,0.5191,0.5387,0.0363,0.1179,0.0217,0.051,0.0957,0.4889,0.0058,0.0155,0.1189,0.7674,0.1034,0.1055,0.0769,0.1342,0.0286,0.0251,0.3154,0.113,7.9374,0.2634,3.6844,0.0163,0.0715,0.1754,0.0598,0.2488,2.3883
ZNF423,0.232,0.351,0.965,1.3449,0.2678,1.3593,1.7155,4.3184,0.4973,1.8829,0.6703,0.7157,0.8496,3.275,1.6637,0.8495,5.4279,1.5456,1.8835,2.5626,0.6508,0.4648,1.5995,2.2741,0.6575,1.1325,2.7867,0.4571,1.3474,1.6148,0.8561,0.2877,1.2023,0.783,0.7847,2.2297,0.755,0.4226,0.5151,0.4521,1.2264,1.3395,0.3006,0.1996,0.8486,0.3169,0.3309,3.0074,0.7381,2.1143,1.9269,2.8728,2.2419,1.6658,3.3347,1.4349,4.5931,1.1769,0.4467,0.2524,1.0661,0.7195,0.4987,0.7863,2.7092,6.8868,0.9401,0.7013,0.5503,0.5927,1.2152,0.5186,0.3505,0.6444,0.5208,2.0211,1.7827,1.6719,0.7361,2.0275,0.8409,1.7918,1.2348,0.4728,0.7304,3.0556,0.5386,1.6037,0.9374,0.9061,0.7126,0.879,1.1504,0.9141,1.6947,1.057,1.4543,1.241,2.9958,0.157,0.1922,1.041,1.362,0.9755,1.6863,1.0549,0.3886,1.1015,0.266,0.8593,1.8487,0.5947,0.4335,0.3715,1.5772,0.9954,2.5045,0.7483,2.448,1.1625
ZNF479,0.0,0.0,0.0,0.0287,0.0,0.0,0.0,0.0,0.0,0.0,0.0,0.0,0.0,0.0,0.0,0.0,0.0,0.0249,0.0392,0.0,0.0,0.0,0.1089,0.0,0.0,0.0,0.0,0.0,0.0,0.0,0.0,0.0,0.0,0.0,0.0,0.0,0.0,0.0522,0.0,0.577,0.0,0.0,0.0,0.0,0.0,0.0,0.0,0.0,0.0,0.0,0.0189,0.0,0.0,0.2183,0.0,0.0,0.0,0.0,0.0,0.0,0.0285,0.0218,0.0,0.0567,0.0,0.0,0.0,0.0,0.0,0.0,0.0,0.0,0.0689,0.0526,0.0,0.0,0.0,0.0,0.0,0.0,0.0,0.0,0.0,0.0,0.0,0.0,0.0,0.0,0.0,0.0,0.0,0.0,0.0,0.0,0.0,0.0,0.0,0.025,0.0,0.0166,0.0,0.0,0.0,0.0,0.0,0.0,0.0,0.0,0.0,0.0,0.0,0.0289,0.0,0.0,0.0,0.0,0.0,0.0,0.0595,0.0
ZNF521,1.4122,1.7523,3.9641,4.7182,0.863,2.0289,6.8115,5.4015,1.8266,8.9223,1.8415,2.8524,2.5139,7.7754,6.0244,1.2246,17.673,9.0788,8.9551,23.4653,1.7572,2.878,3.94,5.3529,0.906,5.7034,8.418,1.8432,3.1371,5.7985,2.9508,0.9767,4.6995,2.9657,2.6739,8.0404,2.583,3.4117,1.1414,2.2225,3.1139,3.3326,0.6431,0.5072,2.1224,1.2116,1.5728,9.8126,2.4584,9.8002,5.4423,20.9161,7.2222,16.4464,7.3407,0.8903,7.9574,6.8173,2.0538,1.0756,4.6391,1.3926,6.5509,4.4208,14.0711,22.22,2.3739,2.7386,2.8059,2.3085,4.1903,1.209,2.4461,1.7003,3.4745,3.5095,5.0298,4.9233,3.4136,6.4457,2.631,5.9854,5.5479,2.8642,2.3134,12.4981,2.5537,4.1846,3.0478,4.0424,2.8427,4.4159,4.3963,3.6526,4.4726,4.1004,8.4958,3.9027,6.0421,0.414,1.5537,4.5932,2.8984,1.8897,5.035,3.0251,2.4974,1.7111,0.5911,2.9838,10.6606,2.2639,3.3909,3.0774,14.3737,7.6763,5.4895,2.893,11.3009,3.9779
ZNF536,0.0,0.0,0.0269,0.0206,0.0,0.0,0.0151,0.0658,0.0,0.0396,0.0,0.6544,0.0066,0.0708,0.0103,0.0,0.0622,0.0239,0.0188,1.4427,0.0,0.0547,0.0131,0.1236,0.0,0.0461,0.0,0.0137,0.0316,0.0076,0.0,0.0,0.0385,0.0239,0.0422,0.0126,0.4277,0.0,0.0099,0.0,0.0082,0.0,0.0101,0.007,0.0044,0.0,0.0,0.0098,0.0231,0.048,0.0362,0.0222,0.0119,0.497,0.0,0.0,0.1503,0.6135,0.2953,0.0227,0.0205,0.0,0.0128,0.0,0.0134,0.0362,0.0327,0.0,0.0,0.1192,0.0039,0.0114,0.0083,0.0,0.0118,0.0159,0.0198,0.0985,0.0,0.0276,0.0185,0.0831,0.0107,0.0117,0.0,0.0227,0.0,0.0665,0.093,0.0063,0.0072,0.0079,0.0282,0.0,0.0676,0.0299,0.0175,0.1256,0.0604,0.0,0.0,0.0196,0.0,0.0079,0.0,0.0118,0.0,0.0394,0.0,0.0155,0.0104,0.0485,0.0168,0.1345,0.3806,0.0246,0.0675,0.0235,0.0,0.03
ZNF804A,0.1789,0.3903,0.3188,0.4465,0.0156,0.2586,0.2882,0.3934,0.0469,0.2813,0.1755,0.0417,0.2026,0.4377,0.746,0.0624,0.2853,0.4344,0.2154,1.0348,0.1433,0.2303,0.2746,0.3252,2.2234,0.3529,0.452,0.0394,0.0403,1.0622,0.2146,0.1656,0.1966,0.1978,0.1414,0.5901,0.5188,0.7261,1.2859,0.3379,0.1412,0.2784,0.1922,0.9188,0.1766,0.4233,0.2127,0.4205,0.5361,0.4436,0.2945,0.7544,0.1247,3.8026,0.1713,0.054,1.5015,0.5309,0.4732,0.9136,0.2087,0.1596,0.6347,0.5196,0.4882,0.5671,0.1376,0.4663,1.2424,0.4735,0.0669,1.575,0.2369,4.8448,0.4597,0.4553,0.199,0.644,0.2432,0.349,0.3192,0.888,0.51,0.4574,0.4282,0.8405,0.0949,0.604,0.9489,0.5219,0.5349,0.2866,0.5128,0.2225,0.0775,0.2381,0.2179,0.389,0.4479,0.0,0.0816,0.4628,0.0771,0.0755,0.7796,0.2024,0.4814,0.0188,0.0769,1.3331,0.3566,0.159,0.5003,0.0701,0.5353,0.2819,0.3507,0.3371,0.1091,0.4428
ZNF804B,0.0,0.0,0.008,0.0,0.0,0.0,0.0896,0.0,0.0182,0.0,0.0,0.0,0.0,0.0162,0.0,0.0,0.0092,0.0,0.0,0.0244,0.0,0.0,0.0,0.0,0.0,0.0,0.0,0.0,0.0,0.0,0.0,0.0,0.0,0.0,0.0,0.0,0.0,0.0,0.0,0.0114,0.0,0.0,0.0,0.0,0.0,0.0531,0.0,0.0,0.0049,0.0,0.0,0.0,0.0,0.4278,0.0111,0.0,0.0,0.0217,0.0,0.0169,0.0,0.0,0.0,0.0,0.0,0.0,0.0,0.0,0.0157,0.0,0.0,0.0,0.0,1.4239,0.0,0.0,0.0147,0.0122,0.0,0.0082,0.0,0.0103,0.0,0.0087,0.0,0.0,0.0,0.0,0.0,0.0,0.0,0.0,0.0,0.0,0.0,0.0,0.0,0.0,0.0,0.0,0.0,0.0097,0.0,0.0,0.0103,0.0,0.0,0.0,0.0,0.0,0.0,0.0,0.0,0.0,0.0,0.0,0.0,0.0,0.0212,0.0
ZNF831,0.1495,1.3437,1.2518,1.747,0.1888,0.1699,0.7308,0.9392,0.119,0.6626,0.489,0.3988,0.3507,1.0894,1.0185,0.0973,0.3386,0.4995,0.7142,6.6421,0.3674,1.2334,0.1266,1.2685,1.0767,0.4168,0.2057,0.1691,0.2123,3.5304,0.2739,0.323,0.5272,1.0803,0.4177,1.8323,0.3114,0.8435,3.2753,2.4359,0.4283,0.3508,0.2775,1.2479,0.4593,0.2717,0.2835,1.8335,1.7763,2.0526,0.3581,0.8248,0.2255,3.0838,1.4202,0.1405,3.6515,4.3871,0.262,0.263,0.2392,0.0233,2.0665,0.2128,0.4611,0.9712,0.1073,0.5938,0.5831,0.821,0.3451,0.1792,0.462,0.3949,2.6134,0.8406,0.2107,1.2868,0.37,1.4358,1.1622,1.3597,1.8222,1.5146,0.7318,1.8315,0.074,1.5564,1.4575,0.5823,0.4441,0.2795,0.3158,0.713,0.2117,0.405,0.5165,0.6204,2.0686,0.1066,0.0425,0.6586,1.8606,0.2947,1.603,0.6052,1.6276,0.1615,0.3171,2.6117,0.9119,0.9405,0.1751,0.4013,0.259,1.2341,0.5256,1.2625,0.4573,1.8587
ZNF99,0.0,2.6746,0.0,0.0075,0.2229,0.0,0.0329,0.0449,1.3674,0.0062,0.0143,0.0357,0.0,0.0238,0.0224,0.0356,0.0,1.7105,0.0103,0.2686,0.0117,0.012,0.0713,0.0084,0.4159,0.0,0.0143,0.0225,0.0,0.0166,0.1337,0.0,0.0421,0.0,0.0115,0.0138,0.0,0.0957,0.0108,0.042,0.0269,0.0122,0.0,0.1111,0.0,0.1248,0.0304,0.0587,0.0144,0.0349,0.0247,0.0607,0.0,0.5143,0.0245,0.0103,0.0365,0.016,0.0,0.5093,0.0074,0.0057,0.0836,0.0148,0.0,0.3239,0.0143,0.0151,0.0115,0.02,0.0042,1.2617,0.4239,1.3628,0.0129,0.0,0.0,0.148,0.0,0.0302,0.0,0.0,0.0,0.0064,0.163,0.0331,0.0,0.0272,0.0113,0.0069,0.0157,0.0388,0.0077,0.0272,0.0148,0.0,0.0,0.0,0.033,0.0043,0.0078,0.0357,0.0147,0.0,0.0453,0.0257,0.0,0.0107,0.0063,0.0169,0.0,1.6794,0.0,0.1936,0.0245,0.0089,0.0316,0.1155,0.0,0.2576
ZP4,0.0,0.0,0.0188,0.0,0.0,0.0,0.0,0.0,0.0,0.0,0.0,0.0,0.0,0.0191,0.0,0.0,0.0,0.0,0.0,0.0,0.0,0.0,0.0,0.0,0.0,0.0,0.0919,0.0,0.0,0.0,0.0,0.0,0.0,0.0,0.0,0.0,0.0,0.0,0.0,0.0,0.0,0.0,0.0,0.0,0.0,0.0,0.0,0.0,0.0,0.0,0.0,0.2139,0.0,0.6409,0.0,0.0,0.0,0.0,0.0,0.0,0.0,0.0,0.0,0.0,0.0,0.0,0.0,0.0,0.0,0.0,0.0,0.0,0.0,0.0441,0.0,0.0,0.0,0.0,0.0,0.0,0.0,0.0,0.0,0.0,0.0373,0.0,0.0,0.0,0.0,0.0,0.0,0.0,0.0,0.0,0.0,0.0,0.0,0.0,0.0,0.0,0.0,0.0,0.0,0.0,0.0,0.0,0.0,0.0,0.0,0.0,0.0,0.0,0.0,0.0,0.0,0.0,0.0,0.0,0.0499,0.015
