gene_name,in_ncg,in_civic,external_source_count,external_sources,max_external_evidence_score,consensus_label,consensus_confidence,high_confidence_label
TP53,True,True,2,NCG;CIViC,1.0,1,high_confidence_positive,1.0
KRAS,True,True,2,NCG;CIViC,1.0,1,high_confidence_positive,1.0
EGFR,True,True,2,NCG;CIViC,1.0,1,high_confidence_positive,1.0
RET,True,True,2,NCG;CIViC,1.0,1,high_confidence_positive,1.0
KEAP1,True,True,2,NCG;CIViC,1.0,1,high_confidence_positive,1.0
ALK,True,True,2,NCG;CIViC,1.0,1,high_confidence_positive,1.0
BRAF,True,True,2,NCG;CIViC,1.0,1,high_confidence_positive,1.0
ROS1,True,True,2,NCG;CIViC,1.0,1,high_confidence_positive,1.0
MET,True,True,2,NCG;CIViC,1.0,1,high_confidence_positive,1.0
ATM,True,True,2,NCG;CIViC,1.0,1,high_confidence_positive,1.0
CDKN2A,True,True,2,NCG;CIViC,1.0,1,high_confidence_positive,1.0
ERBB2,True,True,2,NCG;CIViC,1.0,1,high_confidence_positive,1.0
STK11,True,True,2,NCG;CIViC,1.0,1,high_confidence_positive,1.0
COL11A1,True,False,1,NCG,1.0,1,single_source_positive,
SMARCA4,True,True,2,NCG;CIViC,1.0,1,high_confidence_positive,1.0
SETD2,True,True,2,NCG;CIViC,1.0,1,high_confidence_positive,1.0
MAP2K1,True,True,2,NCG;CIViC,1.0,1,high_confidence_positive,1.0
ARID1A,True,True,2,NCG;CIViC,1.0,1,high_confidence_positive,1.0
SOX2,True,False,1,NCG,1.0,1,single_source_positive,
PIK3CA,True,True,2,NCG;CIViC,1.0,1,high_confidence_positive,1.0
RBM10,True,False,1,NCG,1.0,1,single_source_positive,
CTNNB1,True,True,2,NCG;CIViC,1.0,1,high_confidence_positive,1.0
NFE2L2,True,True,2,NCG;CIViC,1.0,1,high_confidence_positive,1.0
NRAS,True,True,2,NCG;CIViC,1.0,1,high_confidence_positive,1.0
PCLO,False,False,0,,0.0,0,negative_candidate,0.0
RYR1,True,False,1,NCG,1.0,1,single_source_positive,
ASPM,True,False,1,NCG,1.0,1,single_source_positive,
TFF2,False,False,0,,0.0,0,negative_candidate,0.0
TFF1,False,False,0,,0.0,0,negative_candidate,0.0
VSIG1,False,False,0,,0.0,0,negative_candidate,0.0
MUC13,False,False,0,,0.0,0,negative_candidate,0.0
B3GNT3,False,False,0,,0.0,0,negative_candidate,0.0
CXCL13,False,False,0,,0.0,0,negative_candidate,0.0
CA9,False,False,0,,0.0,0,negative_candidate,0.0
SST,False,False,0,,0.0,0,negative_candidate,0.0
ERICH3,False,False,0,,0.0,0,negative_candidate,0.0
SPRR1B,False,False,0,,0.0,0,negative_candidate,0.0
FBN2,True,False,1,NCG,1.0,1,single_source_positive,
ASCL1,False,True,1,CIViC,0.9,1,single_source_positive,
KRT81,False,False,0,,0.0,0,negative_candidate,0.0
DNAH9,True,False,1,NCG,1.0,1,single_source_positive,
ABCA13,True,False,1,NCG,1.0,1,single_source_positive,
ARSL,False,False,0,,0.0,0,negative_candidate,0.0
HS6ST2,False,False,0,,0.0,0,negative_candidate,0.0
PYCARD,False,False,0,,0.0,0,negative_candidate,0.0
UCN3,False,False,0,,0.0,0,negative_candidate,0.0
FGB,True,False,1,NCG,1.0,1,single_source_positive,
FERMT1,False,False,0,,0.0,0,negative_candidate,0.0
HABP2,False,False,0,,0.0,0,negative_candidate,0.0
MUC5AC,False,False,0,,0.0,0,negative_candidate,0.0
SERPIND1,False,False,0,,0.0,0,negative_candidate,0.0
MYEOV,False,False,0,,0.0,0,negative_candidate,0.0
APOB,True,False,1,NCG,1.0,1,single_source_positive,
MUC5B,False,False,0,,0.0,0,negative_candidate,0.0
AMBP,False,False,0,,0.0,0,negative_candidate,0.0
AOC1,False,False,0,,0.0,0,negative_candidate,0.0
NMU,False,False,0,,0.0,0,negative_candidate,0.0
CYP24A1,False,False,0,,0.0,0,negative_candidate,0.0
MMP13,True,False,1,NCG,1.0,1,single_source_positive,
TMPRSS11E,False,False,0,,0.0,0,negative_candidate,0.0
MXRA5,True,False,1,NCG,1.0,1,single_source_positive,
SCG5,False,False,0,,0.0,0,negative_candidate,0.0
PITX1,False,False,0,,0.0,0,negative_candidate,0.0
NELL1,False,False,0,,0.0,0,negative_candidate,0.0
GSTA2,False,False,0,,0.0,0,negative_candidate,0.0
MEX3A,False,False,0,,0.0,0,negative_candidate,0.0
WFDC3,False,False,0,,0.0,0,negative_candidate,0.0
GJB1,False,False,0,,0.0,0,negative_candidate,0.0
BPIFA2,False,False,0,,0.0,0,negative_candidate,0.0
KLK13,False,False,0,,0.0,0,negative_candidate,0.0
FAM111B,True,False,1,NCG,1.0,1,single_source_positive,
HEPACAM2,True,False,1,NCG,1.0,1,single_source_positive,
ADAMTS12,True,False,1,NCG,1.0,1,single_source_positive,
IGFBPL1,False,False,0,,0.0,0,negative_candidate,0.0
COL10A1,False,False,0,,0.0,0,negative_candidate,0.0
IVL,False,False,0,,0.0,0,negative_candidate,0.0
VTCN1,False,False,0,,0.0,0,negative_candidate,0.0
GINS1,True,False,1,NCG,1.0,1,single_source_positive,
PLA2G2D,False,False,0,,0.0,0,negative_candidate,0.0
NAV3,True,False,1,NCG,1.0,1,single_source_positive,
RHBDL2,False,False,0,,0.0,0,negative_candidate,0.0
EPN3,False,False,0,,0.0,0,negative_candidate,0.0
ACY3,False,False,0,,0.0,0,negative_candidate,0.0
PTPRH,False,False,0,,0.0,0,negative_candidate,0.0
MSMB,False,False,0,,0.0,0,negative_candidate,0.0
PAPPA2,False,True,1,CIViC,0.9,1,single_source_positive,
RELN,True,False,1,NCG,1.0,1,single_source_positive,
IGHV1OR15-9,False,False,0,,0.0,0,negative_candidate,0.0
NXPH4,False,False,0,,0.0,0,negative_candidate,0.0
NTS,False,False,0,,0.0,0,negative_candidate,0.0
ADAMTS16,False,False,0,,0.0,0,negative_candidate,0.0
CRABP1,False,False,0,,0.0,0,negative_candidate,0.0
ARL14,False,False,0,,0.0,0,negative_candidate,0.0
MAGEC2,True,False,1,NCG,1.0,1,single_source_positive,
SAPCD2,False,False,0,,0.0,0,negative_candidate,0.0
CHGA,True,False,1,NCG,1.0,1,single_source_positive,
JSRP1,False,False,0,,0.0,0,negative_candidate,0.0
SP5,False,False,0,,0.0,0,negative_candidate,0.0
INSL4,False,False,0,,0.0,0,negative_candidate,0.0
CLGN,False,False,0,,0.0,0,negative_candidate,0.0
SKA3,False,False,0,,0.0,0,negative_candidate,0.0
CTNND2,True,False,1,NCG,1.0,1,single_source_positive,
CDH17,True,False,1,NCG,1.0,1,single_source_positive,
SERPINB3,False,False,0,,0.0,0,negative_candidate,0.0
IL37,False,False,0,,0.0,0,negative_candidate,0.0
ZNF804A,True,False,1,NCG,1.0,1,single_source_positive,
LRRIQ1,True,False,1,NCG,1.0,1,single_source_positive,
GAL,False,False,0,,0.0,0,negative_candidate,0.0
SLC44A5,True,False,1,NCG,1.0,1,single_source_positive,
PIMREG,False,False,0,,0.0,0,negative_candidate,0.0
RAD51,False,True,1,CIViC,1.0,1,single_source_positive,
ABCA12,False,False,0,,0.0,0,negative_candidate,0.0
SKA1,False,False,0,,0.0,0,negative_candidate,0.0
IGLV1-50,False,False,0,,0.0,0,negative_candidate,0.0
DKK4,False,False,0,,0.0,0,negative_candidate,0.0
CD1A,True,False,1,NCG,1.0,1,single_source_positive,
ENPP3,False,False,0,,0.0,0,negative_candidate,0.0
AKR1B15,False,False,0,,0.0,0,negative_candidate,0.0
MAP10,False,False,0,,0.0,0,negative_candidate,0.0
GNG4,False,False,0,,0.0,0,negative_candidate,0.0
H4C2,True,False,1,NCG,1.0,1,single_source_positive,
CNTNAP2,True,False,1,NCG,1.0,1,single_source_positive,
PXDNL,True,True,2,NCG;CIViC,1.0,1,high_confidence_positive,1.0
CGREF1,False,False,0,,0.0,0,negative_candidate,0.0
CST4,False,False,0,,0.0,0,negative_candidate,0.0
FABP7,False,False,0,,0.0,0,negative_candidate,0.0
CCNP,False,False,0,,0.0,0,negative_candidate,0.0
PCSK1,False,False,0,,0.0,0,negative_candidate,0.0
IGHV7-81,False,False,0,,0.0,0,negative_candidate,0.0
DDC,False,False,0,,0.0,0,negative_candidate,0.0
GPRIN1,True,False,1,NCG,1.0,1,single_source_positive,
KLB,False,False,0,,0.0,0,negative_candidate,0.0
RBBP8NL,False,False,0,,0.0,0,negative_candidate,0.0
RIMS2,True,False,1,NCG,1.0,1,single_source_positive,
HOXB8,False,False,0,,0.0,0,negative_candidate,0.0
KRT16,False,False,0,,0.0,0,negative_candidate,0.0
RIBC2,False,False,0,,0.0,0,negative_candidate,0.0
SBSN,True,False,1,NCG,1.0,1,single_source_positive,
PTHLH,False,False,0,,0.0,0,negative_candidate,0.0
CPS1,True,False,1,NCG,1.0,1,single_source_positive,
SPRR2A,False,False,0,,0.0,0,negative_candidate,0.0
SOX21,True,False,1,NCG,1.0,1,single_source_positive,
CHGB,False,False,0,,0.0,0,negative_candidate,0.0
ENTPD8,False,False,0,,0.0,0,negative_candidate,0.0
RPS6KA6,False,False,0,,0.0,0,negative_candidate,0.0
COL25A1,True,False,1,NCG,1.0,1,single_source_positive,
ANXA2R,False,False,0,,0.0,0,negative_candidate,0.0
XRCC2,False,False,0,,0.0,0,negative_candidate,0.0
PCSK2,False,False,0,,0.0,0,negative_candidate,0.0
RGS17,False,False,0,,0.0,0,negative_candidate,0.0
DLX3,False,False,0,,0.0,0,negative_candidate,0.0
TRBV3-1,False,False,0,,0.0,0,negative_candidate,0.0
SATB2,True,False,1,NCG,1.0,1,single_source_positive,
RAB26,False,False,0,,0.0,0,negative_candidate,0.0
SPTSSB,False,False,0,,0.0,0,negative_candidate,0.0
SEPTIN3,False,False,0,,0.0,0,negative_candidate,0.0
CHRNA9,False,False,0,,0.0,0,negative_candidate,0.0
B3GNT6,False,False,0,,0.0,0,negative_candidate,0.0
C1QL2,True,False,1,NCG,1.0,1,single_source_positive,
L1CAM,False,False,0,,0.0,0,negative_candidate,0.0
CENPF,True,False,1,NCG,1.0,1,single_source_positive,
PLAAT1,False,False,0,,0.0,0,negative_candidate,0.0
FGF19,True,True,2,NCG;CIViC,1.0,1,high_confidence_positive,1.0
CXXC4,True,False,1,NCG,1.0,1,single_source_positive,
FAM83A,False,False,0,,0.0,0,negative_candidate,0.0
C7ORF57,False,False,0,,0.0,0,negative_candidate,0.0
CSMD1,False,False,0,,0.0,0,negative_candidate,0.0
NF1,True,True,2,NCG;CIViC,1.0,1,high_confidence_positive,1.0
ALKAL1,False,False,0,,0.0,0,negative_candidate,0.0
IGLV5-48,False,False,0,,0.0,0,negative_candidate,0.0
GTSF1,False,False,0,,0.0,0,negative_candidate,0.0
TAC4,False,False,0,,0.0,0,negative_candidate,0.0
SPP2,False,False,0,,0.0,0,negative_candidate,0.0
SPINK13,False,False,0,,0.0,0,negative_candidate,0.0
MAGEC1,True,False,1,NCG,1.0,1,single_source_positive,
CILP2,True,False,1,NCG,1.0,1,single_source_positive,
WDR49,False,False,0,,0.0,0,negative_candidate,0.0
IGFL2,False,False,0,,0.0,0,negative_candidate,0.0
TTK,True,False,1,NCG,1.0,1,single_source_positive,
PRB4,True,False,1,NCG,1.0,1,single_source_positive,
ARHGEF4,False,False,0,,0.0,0,negative_candidate,0.0
PAGE2B,False,False,0,,0.0,0,negative_candidate,0.0
MMP10,False,False,0,,0.0,0,negative_candidate,0.0
IGLV3-22,False,False,0,,0.0,0,negative_candidate,0.0
MSTN,False,False,0,,0.0,0,negative_candidate,0.0
MT1H,True,False,1,NCG,1.0,1,single_source_positive,
H2BC10,False,False,0,,0.0,0,negative_candidate,0.0
PAGE1,False,False,0,,0.0,0,negative_candidate,0.0
RIPPLY3,False,False,0,,0.0,0,negative_candidate,0.0
ZFP69B,False,False,0,,0.0,0,negative_candidate,0.0
TNIP3,False,False,0,,0.0,0,negative_candidate,0.0
TP73,True,False,1,NCG,1.0,1,single_source_positive,
HPDL,False,False,0,,0.0,0,negative_candidate,0.0
AGMAT,False,False,0,,0.0,0,negative_candidate,0.0
MAGEB2,False,False,0,,0.0,0,negative_candidate,0.0
TRGJP2,False,False,0,,0.0,0,negative_candidate,0.0
XKR9,False,False,0,,0.0,0,negative_candidate,0.0
CLDN8,False,False,0,,0.0,0,negative_candidate,0.0
OVOL1,False,False,0,,0.0,0,negative_candidate,0.0
KLHL35,False,False,0,,0.0,0,negative_candidate,0.0
FANCM,True,False,1,NCG,1.0,1,single_source_positive,
NIPAL1,False,False,0,,0.0,0,negative_candidate,0.0
SERPINB5,False,False,0,,0.0,0,negative_candidate,0.0
MCM10,False,False,0,,0.0,0,negative_candidate,0.0
TRBV2,False,False,0,,0.0,0,negative_candidate,0.0
CP,False,False,0,,0.0,0,negative_candidate,0.0
UGT8,False,False,0,,0.0,0,negative_candidate,0.0
RP1,False,False,0,,0.0,0,negative_candidate,0.0
NALCN,True,False,1,NCG,1.0,1,single_source_positive,
SLC38A4,False,False,0,,0.0,0,negative_candidate,0.0
KISS1R,False,False,0,,0.0,0,negative_candidate,0.0
KRT17,False,False,0,,0.0,0,negative_candidate,0.0
H4C12,False,False,0,,0.0,0,negative_candidate,0.0
BNIP5,False,False,0,,0.0,0,negative_candidate,0.0
BRCA2,True,True,2,NCG;CIViC,1.0,1,high_confidence_positive,1.0
TNS4,True,False,1,NCG,1.0,1,single_source_positive,
ALDOB,False,False,0,,0.0,0,negative_candidate,0.0
SPRR2F,False,False,0,,0.0,0,negative_candidate,0.0
C5ORF46,False,False,0,,0.0,0,negative_candidate,0.0
IGKV6D-21,False,False,0,,0.0,0,negative_candidate,0.0
TRBV6-1,False,False,0,,0.0,0,negative_candidate,0.0
TRAV12-2,False,False,0,,0.0,0,negative_candidate,0.0
SPIB,True,False,1,NCG,1.0,1,single_source_positive,
CRABP2,False,True,1,CIViC,0.9,1,single_source_positive,
FGL1,False,False,0,,0.0,0,negative_candidate,0.0
ZNF683,False,False,0,,0.0,0,negative_candidate,0.0
COL22A1,True,False,1,NCG,1.0,1,single_source_positive,
PIPOX,False,False,0,,0.0,0,negative_candidate,0.0
DNER,True,False,1,NCG,1.0,1,single_source_positive,
PRELID2,False,False,0,,0.0,0,negative_candidate,0.0
ASTN1,True,False,1,NCG,1.0,1,single_source_positive,
H2AC16,True,False,1,NCG,1.0,1,single_source_positive,
GPR18,False,False,0,,0.0,0,negative_candidate,0.0
COX7B2,False,False,0,,0.0,0,negative_candidate,0.0
TRAV12-1,False,False,0,,0.0,0,negative_candidate,0.0
DMD,True,False,1,NCG,1.0,1,single_source_positive,
ASTN2,True,False,1,NCG,1.0,1,single_source_positive,
NSG2,False,False,0,,0.0,0,negative_candidate,0.0
CCDC160,False,False,0,,0.0,0,negative_candidate,0.0
IGKV3D-7,False,False,0,,0.0,0,negative_candidate,0.0
TRAV12-3,False,False,0,,0.0,0,negative_candidate,0.0
CKAP2L,False,False,0,,0.0,0,negative_candidate,0.0
TRAV2,False,False,0,,0.0,0,negative_candidate,0.0
BCAS1,False,False,0,,0.0,0,negative_candidate,0.0
AKR1C4,False,False,0,,0.0,0,negative_candidate,0.0
SOX11,True,False,1,NCG,1.0,1,single_source_positive,
CKMT1A,False,False,0,,0.0,0,negative_candidate,0.0
RGS20,False,False,0,,0.0,0,negative_candidate,0.0
HMGB3,False,False,0,,0.0,0,negative_candidate,0.0
KIF1A,True,False,1,NCG,1.0,1,single_source_positive,
MYBPH,False,False,0,,0.0,0,negative_candidate,0.0
OTUB2,False,False,0,,0.0,0,negative_candidate,0.0
NPFFR2,False,False,0,,0.0,0,negative_candidate,0.0
PON1,True,False,1,NCG,1.0,1,single_source_positive,
EPHA7,True,False,1,NCG,1.0,1,single_source_positive,
HHIPL2,False,False,0,,0.0,0,negative_candidate,0.0
HES2,False,False,0,,0.0,0,negative_candidate,0.0
DLX5,False,False,0,,0.0,0,negative_candidate,0.0
IGLV2-33,False,False,0,,0.0,0,negative_candidate,0.0
H3C1,False,False,0,,0.0,0,negative_candidate,0.0
H4C13,False,False,0,,0.0,0,negative_candidate,0.0
CDH10,True,False,1,NCG,1.0,1,single_source_positive,
TSACC,False,False,0,,0.0,0,negative_candidate,0.0
IGHV6-1,False,False,0,,0.0,0,negative_candidate,0.0
NDP,False,False,0,,0.0,0,negative_candidate,0.0
ESCO2,False,False,0,,0.0,0,negative_candidate,0.0
AFP,False,False,0,,0.0,0,negative_candidate,0.0
NKX2-8,False,False,0,,0.0,0,negative_candidate,0.0
FAM81A,False,False,0,,0.0,0,negative_candidate,0.0
POSTN,False,False,0,,0.0,0,negative_candidate,0.0
TFR2,False,False,0,,0.0,0,negative_candidate,0.0
KBTBD12,False,False,0,,0.0,0,negative_candidate,0.0
EXO1,False,False,0,,0.0,0,negative_candidate,0.0
CCR8,False,False,0,,0.0,0,negative_candidate,0.0
PIK3C2G,True,False,1,NCG,1.0,1,single_source_positive,
KLHDC8A,False,False,0,,0.0,0,negative_candidate,0.0
HOXC12,False,False,0,,0.0,0,negative_candidate,0.0
ARMC3,False,False,0,,0.0,0,negative_candidate,0.0
IGHV2-70,False,False,0,,0.0,0,negative_candidate,0.0
AKR1C2,True,False,1,NCG,1.0,1,single_source_positive,
EIF5AL1,False,False,0,,0.0,0,negative_candidate,0.0
GPX2,False,False,0,,0.0,0,negative_candidate,0.0
FER1L6,False,False,0,,0.0,0,negative_candidate,0.0
IGHV3OR16-8,False,False,0,,0.0,0,negative_candidate,0.0
TBX15,False,False,0,,0.0,0,negative_candidate,0.0
CD207,False,False,0,,0.0,0,negative_candidate,0.0
SPRR2E,False,False,0,,0.0,0,negative_candidate,0.0
MUC6,True,False,1,NCG,1.0,1,single_source_positive,
DYDC2,False,False,0,,0.0,0,negative_candidate,0.0
CAPN6,False,False,0,,0.0,0,negative_candidate,0.0
DIO2,False,False,0,,0.0,0,negative_candidate,0.0
HSPB9,False,False,0,,0.0,0,negative_candidate,0.0
FAM50B,False,False,0,,0.0,0,negative_candidate,0.0
TP63,True,False,1,NCG,1.0,1,single_source_positive,
TTC6,False,False,0,,0.0,0,negative_candidate,0.0
HHLA2,True,False,1,NCG,1.0,1,single_source_positive,
VWA3B,False,False,0,,0.0,0,negative_candidate,0.0
MNX1,False,True,1,CIViC,1.0,1,single_source_positive,
TET1,True,True,2,NCG;CIViC,1.0,1,high_confidence_positive,1.0
SPTA1,True,False,1,NCG,1.0,1,single_source_positive,
H3C13,False,False,0,,0.0,0,negative_candidate,0.0
CDC20,True,False,1,NCG,1.0,1,single_source_positive,
IGLV3-27,False,False,0,,0.0,0,negative_candidate,0.0
VGLL2,False,True,1,CIViC,1.0,1,single_source_positive,
MIPOL1,False,False,0,,0.0,0,negative_candidate,0.0
PODXL2,False,False,0,,0.0,0,negative_candidate,0.0
LGALS4,False,False,0,,0.0,0,negative_candidate,0.0
TNR,True,False,1,NCG,1.0,1,single_source_positive,
IGLV2-18,False,False,0,,0.0,0,negative_candidate,0.0
CPNE4,False,False,0,,0.0,0,negative_candidate,0.0
TRAV9-2,False,False,0,,0.0,0,negative_candidate,0.0
OIP5,False,False,0,,0.0,0,negative_candidate,0.0
DNAJC28,True,False,1,NCG,1.0,1,single_source_positive,
TRAJ31,False,False,0,,0.0,0,negative_candidate,0.0
IGKV1D-42,False,False,0,,0.0,0,negative_candidate,0.0
MTMR8,True,False,1,NCG,1.0,1,single_source_positive,
NAT8L,True,False,1,NCG,1.0,1,single_source_positive,
LBX2,False,False,0,,0.0,0,negative_candidate,0.0
FSTL5,True,False,1,NCG,1.0,1,single_source_positive,
FANCB,False,False,0,,0.0,0,negative_candidate,0.0
ADAMDEC1,False,False,0,,0.0,0,negative_candidate,0.0
MAP1LC3B2,False,False,0,,0.0,0,negative_candidate,0.0
IGLV9-49,False,False,0,,0.0,0,negative_candidate,0.0
PPP1R1C,False,False,0,,0.0,0,negative_candidate,0.0
DAPL1,False,False,0,,0.0,0,negative_candidate,0.0
GAGE2A,False,False,0,,0.0,0,negative_candidate,0.0
ADH1C,False,False,0,,0.0,0,negative_candidate,0.0
CASP14,False,False,0,,0.0,0,negative_candidate,0.0
PKHD1,True,False,1,NCG,1.0,1,single_source_positive,
ABCA4,False,False,0,,0.0,0,negative_candidate,0.0
SCN3A,True,False,1,NCG,1.0,1,single_source_positive,
IGLV1-36,False,False,0,,0.0,0,negative_candidate,0.0
CSMD2,True,False,1,NCG,1.0,1,single_source_positive,
SYT2,False,False,0,,0.0,0,negative_candidate,0.0
LRRC15,False,False,0,,0.0,0,negative_candidate,0.0
ASXL3,True,False,1,NCG,1.0,1,single_source_positive,
PTPRD,True,True,2,NCG;CIViC,1.0,1,high_confidence_positive,1.0
ZMAT4,False,False,0,,0.0,0,negative_candidate,0.0
ZIC2,False,False,0,,0.0,0,negative_candidate,0.0
RASAL1,True,False,1,NCG,1.0,1,single_source_positive,
CCL20,False,False,0,,0.0,0,negative_candidate,0.0
KIF15,False,False,0,,0.0,0,negative_candidate,0.0
IGKV1D-17,False,False,0,,0.0,0,negative_candidate,0.0
DNAH3,True,False,1,NCG,1.0,1,single_source_positive,
CD79A,True,False,1,NCG,1.0,1,single_source_positive,
CLCA2,False,False,0,,0.0,0,negative_candidate,0.0
TENM4,False,False,0,,0.0,0,negative_candidate,0.0
ZNF474,False,False,0,,0.0,0,negative_candidate,0.0
EGF,False,True,1,CIViC,1.0,1,single_source_positive,
HTR3A,False,False,0,,0.0,0,negative_candidate,0.0
BTLA,True,False,1,NCG,1.0,1,single_source_positive,
ARL9,False,False,0,,0.0,0,negative_candidate,0.0
F2RL2,False,False,0,,0.0,0,negative_candidate,0.0
IGKV2D-28,False,False,0,,0.0,0,negative_candidate,0.0
TRAV29DV5,False,False,0,,0.0,0,negative_candidate,0.0
TOX3,True,False,1,NCG,1.0,1,single_source_positive,
REG4,False,False,0,,0.0,0,negative_candidate,0.0
RYR3,False,False,0,,0.0,0,negative_candidate,0.0
ATP10B,True,False,1,NCG,1.0,1,single_source_positive,
GLDC,False,False,0,,0.0,0,negative_candidate,0.0
IGLV4-60,False,False,0,,0.0,0,negative_candidate,0.0
QPCT,False,False,0,,0.0,0,negative_candidate,0.0
PSG4,False,False,0,,0.0,0,negative_candidate,0.0
C1QL3,False,False,0,,0.0,0,negative_candidate,0.0
H2BC6,False,False,0,,0.0,0,negative_candidate,0.0
TNNI1,False,False,0,,0.0,0,negative_candidate,0.0
CDH18,True,False,1,NCG,1.0,1,single_source_positive,
SRCIN1,False,False,0,,0.0,0,negative_candidate,0.0
COMP,False,False,0,,0.0,0,negative_candidate,0.0
H4C4,True,False,1,NCG,1.0,1,single_source_positive,
ITPRID1,True,False,1,NCG,1.0,1,single_source_positive,
MCMDC2,False,False,0,,0.0,0,negative_candidate,0.0
FOXJ1,False,False,0,,0.0,0,negative_candidate,0.0
NPY,False,False,0,,0.0,0,negative_candidate,0.0
SPRR1A,False,False,0,,0.0,0,negative_candidate,0.0
CELF4,True,False,1,NCG,1.0,1,single_source_positive,
B3GNT4,False,False,0,,0.0,0,negative_candidate,0.0
IGHV4-61,False,False,0,,0.0,0,negative_candidate,0.0
KRT6B,False,False,0,,0.0,0,negative_candidate,0.0
PAICS,False,False,0,,0.0,0,negative_candidate,0.0
DSG3,False,False,0,,0.0,0,negative_candidate,0.0
TRAV13-2,False,False,0,,0.0,0,negative_candidate,0.0
BAAT,False,False,0,,0.0,0,negative_candidate,0.0
TRAJ16,False,False,0,,0.0,0,negative_candidate,0.0
IGKV1D-8,False,False,0,,0.0,0,negative_candidate,0.0
NRK,True,False,1,NCG,1.0,1,single_source_positive,
CLSPN,False,False,0,,0.0,0,negative_candidate,0.0
RAB39A,False,False,0,,0.0,0,negative_candidate,0.0
FMO1,False,False,0,,0.0,0,negative_candidate,0.0
TRAJ18,False,False,0,,0.0,0,negative_candidate,0.0
ANK1,True,False,1,NCG,1.0,1,single_source_positive,
CENPE,False,False,0,,0.0,0,negative_candidate,0.0
SLITRK4,False,False,0,,0.0,0,negative_candidate,0.0
PTPN20,False,False,0,,0.0,0,negative_candidate,0.0
GREB1,False,True,1,CIViC,0.9,1,single_source_positive,
IGHV3-38,False,False,0,,0.0,0,negative_candidate,0.0
TNN,True,False,1,NCG,1.0,1,single_source_positive,
MIXL1,False,False,0,,0.0,0,negative_candidate,0.0
NSG1,False,False,0,,0.0,0,negative_candidate,0.0
PNOC,False,False,0,,0.0,0,negative_candidate,0.0
C2CD6,True,False,1,NCG,1.0,1,single_source_positive,
ORM1,False,False,0,,0.0,0,negative_candidate,0.0
RAB41,False,False,0,,0.0,0,negative_candidate,0.0
SH3BGRL2,False,False,0,,0.0,0,negative_candidate,0.0
NPAS1,False,False,0,,0.0,0,negative_candidate,0.0
KCNQ5,True,False,1,NCG,1.0,1,single_source_positive,
FAM83B,True,False,1,NCG,1.0,1,single_source_positive,
EPHB1,True,False,1,NCG,1.0,1,single_source_positive,
HCN2,False,False,0,,0.0,0,negative_candidate,0.0
ETNPPL,False,False,0,,0.0,0,negative_candidate,0.0
RDM1,False,False,0,,0.0,0,negative_candidate,0.0
MAGEA10,False,False,0,,0.0,0,negative_candidate,0.0
ZNF536,True,False,1,NCG,1.0,1,single_source_positive,
CCDC110,False,False,0,,0.0,0,negative_candidate,0.0
H4C11,True,False,1,NCG,1.0,1,single_source_positive,
SMPDL3B,False,False,0,,0.0,0,negative_candidate,0.0
GOLT1A,False,False,0,,0.0,0,negative_candidate,0.0
PLAC1,False,False,0,,0.0,0,negative_candidate,0.0
IGKV2D-30,False,False,0,,0.0,0,negative_candidate,0.0
TRAV5,False,False,0,,0.0,0,negative_candidate,0.0
CDCA2,False,False,0,,0.0,0,negative_candidate,0.0
PTPRT,True,True,2,NCG;CIViC,1.0,1,high_confidence_positive,1.0
FEN1,True,False,1,NCG,1.0,1,single_source_positive,
CALY,False,False,0,,0.0,0,negative_candidate,0.0
PLS1,False,False,0,,0.0,0,negative_candidate,0.0
MAP7,True,False,1,NCG,1.0,1,single_source_positive,
NR0B1,False,False,0,,0.0,0,negative_candidate,0.0
IGLV10-54,False,False,0,,0.0,0,negative_candidate,0.0
PDE10A,False,False,0,,0.0,0,negative_candidate,0.0
TLCD1,False,False,0,,0.0,0,negative_candidate,0.0
TRAV1-2,False,False,0,,0.0,0,negative_candidate,0.0
GPR37,False,False,0,,0.0,0,negative_candidate,0.0
ERICH5,False,False,0,,0.0,0,negative_candidate,0.0
FUT3,False,False,0,,0.0,0,negative_candidate,0.0
NBAS,False,False,0,,0.0,0,negative_candidate,0.0
NRIP1,True,False,1,NCG,1.0,1,single_source_positive,
SERPINA4,True,False,1,NCG,1.0,1,single_source_positive,
C15ORF48,True,False,1,NCG,1.0,1,single_source_positive,
SLC26A4,False,False,0,,0.0,0,negative_candidate,0.0
EFNA4,False,False,0,,0.0,0,negative_candidate,0.0
MUCL1,False,False,0,,0.0,0,negative_candidate,0.0
AKR1B10,True,False,1,NCG,1.0,1,single_source_positive,
TRAJ9,False,False,0,,0.0,0,negative_candidate,0.0
SHISA3,False,False,0,,0.0,0,negative_candidate,0.0
COL2A1,True,False,1,NCG,1.0,1,single_source_positive,
PTTG1,False,True,1,CIViC,1.0,1,single_source_positive,
FAT4,True,False,1,NCG,1.0,1,single_source_positive,
NMNAT2,False,False,0,,0.0,0,negative_candidate,0.0
TAS2R19,False,False,0,,0.0,0,negative_candidate,0.0
HNF1A,True,False,1,NCG,1.0,1,single_source_positive,
TRDJ1,False,False,0,,0.0,0,negative_candidate,0.0
TRAJ23,False,False,0,,0.0,0,negative_candidate,0.0
C8ORF34,False,False,0,,0.0,0,negative_candidate,0.0
CTSV,False,False,0,,0.0,0,negative_candidate,0.0
TNFSF18,False,False,0,,0.0,0,negative_candidate,0.0
RAD54L,False,True,1,CIViC,1.0,1,single_source_positive,
TNNT1,False,False,0,,0.0,0,negative_candidate,0.0
DEPDC1B,False,False,0,,0.0,0,negative_candidate,0.0
BIRC5,False,True,1,CIViC,1.0,1,single_source_positive,
CR2,False,False,0,,0.0,0,negative_candidate,0.0
CA10,True,False,1,NCG,1.0,1,single_source_positive,
SYTL5,False,False,0,,0.0,0,negative_candidate,0.0
CBLC,True,True,2,NCG;CIViC,1.0,1,high_confidence_positive,1.0
GPR158,False,False,0,,0.0,0,negative_candidate,0.0
ZWINT,True,False,1,NCG,1.0,1,single_source_positive,
KRT15,True,False,1,NCG,1.0,1,single_source_positive,
EPPK1,True,False,1,NCG,1.0,1,single_source_positive,
TRIP13,False,False,0,,0.0,0,negative_candidate,0.0
OAZ3,False,False,0,,0.0,0,negative_candidate,0.0
WDR72,False,False,0,,0.0,0,negative_candidate,0.0
LRRC26,False,False,0,,0.0,0,negative_candidate,0.0
TKTL1,False,False,0,,0.0,0,negative_candidate,0.0
BRDT,True,False,1,NCG,1.0,1,single_source_positive,
F2RL1,False,False,0,,0.0,0,negative_candidate,0.0
CFAP126,False,False,0,,0.0,0,negative_candidate,0.0
H1-5,True,True,2,NCG;CIViC,1.0,1,high_confidence_positive,1.0
MEGF11,False,False,0,,0.0,0,negative_candidate,0.0
CLPSL1,False,False,0,,0.0,0,negative_candidate,0.0
C12ORF56,False,False,0,,0.0,0,negative_candidate,0.0
CENPI,False,False,0,,0.0,0,negative_candidate,0.0
SLITRK6,True,False,1,NCG,1.0,1,single_source_positive,
SOST,False,False,0,,0.0,0,negative_candidate,0.0
SAMD13,False,False,0,,0.0,0,negative_candidate,0.0
SIX4,False,False,0,,0.0,0,negative_candidate,0.0
MMP16,False,False,0,,0.0,0,negative_candidate,0.0
DLGAP3,False,False,0,,0.0,0,negative_candidate,0.0
TNNC2,False,False,0,,0.0,0,negative_candidate,0.0
DLGAP5,True,False,1,NCG,1.0,1,single_source_positive,
CADM4,False,False,0,,0.0,0,negative_candidate,0.0
EPHA5,True,False,1,NCG,1.0,1,single_source_positive,
POLR1F,False,False,0,,0.0,0,negative_candidate,0.0
IGHV3-64,False,False,0,,0.0,0,negative_candidate,0.0
IGKV2D-24,False,False,0,,0.0,0,negative_candidate,0.0
BPIFA1,False,False,0,,0.0,0,negative_candidate,0.0
EPHX3,False,False,0,,0.0,0,negative_candidate,0.0
CDH12,True,False,1,NCG,1.0,1,single_source_positive,
DNAH7,True,False,1,NCG,1.0,1,single_source_positive,
NOVA1,True,False,1,NCG,1.0,1,single_source_positive,
ECEL1,False,False,0,,0.0,0,negative_candidate,0.0
FMO5,False,False,0,,0.0,0,negative_candidate,0.0
CEACAM1,False,True,1,CIViC,0.9,1,single_source_positive,
TRPM8,False,False,0,,0.0,0,negative_candidate,0.0
RACGAP1,False,False,0,,0.0,0,negative_candidate,0.0
CT83,False,False,0,,0.0,0,negative_candidate,0.0
NGF,False,False,0,,0.0,0,negative_candidate,0.0
IFITM5,False,False,0,,0.0,0,negative_candidate,0.0
ASF1B,False,False,0,,0.0,0,negative_candidate,0.0
IGKV1D-13,False,False,0,,0.0,0,negative_candidate,0.0
S100A7,True,False,1,NCG,1.0,1,single_source_positive,
NOX1,False,False,0,,0.0,0,negative_candidate,0.0
SLAMF9,False,False,0,,0.0,0,negative_candidate,0.0
DNAH5,False,False,0,,0.0,0,negative_candidate,0.0
REEP6,False,False,0,,0.0,0,negative_candidate,0.0
KIAA0825,False,False,0,,0.0,0,negative_candidate,0.0
KLK14,False,False,0,,0.0,0,negative_candidate,0.0
TFPI2,False,False,0,,0.0,0,negative_candidate,0.0
SYT1,False,False,0,,0.0,0,negative_candidate,0.0
ZNF257,False,False,0,,0.0,0,negative_candidate,0.0
MAT1A,False,False,0,,0.0,0,negative_candidate,0.0
DNAH6,False,False,0,,0.0,0,negative_candidate,0.0
SPATA17,False,False,0,,0.0,0,negative_candidate,0.0
ERBB4,True,True,2,NCG;CIViC,1.0,1,high_confidence_positive,1.0
E2F7,False,False,0,,0.0,0,negative_candidate,0.0
CDH2,True,False,1,NCG,1.0,1,single_source_positive,
CEP55,False,False,0,,0.0,0,negative_candidate,0.0
MFSD4A,False,False,0,,0.0,0,negative_candidate,0.0
ATAD2,True,False,1,NCG,1.0,1,single_source_positive,
PTPRR,False,False,0,,0.0,0,negative_candidate,0.0
E2F1,False,False,0,,0.0,0,negative_candidate,0.0
TCEAL5,False,False,0,,0.0,0,negative_candidate,0.0
MCM4,False,False,0,,0.0,0,negative_candidate,0.0
TMEM151A,False,False,0,,0.0,0,negative_candidate,0.0
PLA2G2C,False,False,0,,0.0,0,negative_candidate,0.0
CKAP2,False,False,0,,0.0,0,negative_candidate,0.0
ACOT4,False,False,0,,0.0,0,negative_candidate,0.0
TAC1,False,False,0,,0.0,0,negative_candidate,0.0
MMP12,False,False,0,,0.0,0,negative_candidate,0.0
VCX3A,False,False,0,,0.0,0,negative_candidate,0.0
ONECUT1,False,False,0,,0.0,0,negative_candidate,0.0
DUSP9,True,False,1,NCG,1.0,1,single_source_positive,
PTPRN,False,False,0,,0.0,0,negative_candidate,0.0
SLC10A2,False,False,0,,0.0,0,negative_candidate,0.0
TMEM217,False,False,0,,0.0,0,negative_candidate,0.0
ITIH2,False,False,0,,0.0,0,negative_candidate,0.0
BMT2,False,False,0,,0.0,0,negative_candidate,0.0
ERV3-1,False,False,0,,0.0,0,negative_candidate,0.0
ETV2,False,False,0,,0.0,0,negative_candidate,0.0
KCNG3,False,False,0,,0.0,0,negative_candidate,0.0
TRAV22,False,False,0,,0.0,0,negative_candidate,0.0
TRBV4-2,False,False,0,,0.0,0,negative_candidate,0.0
SLC38A8,True,False,1,NCG,1.0,1,single_source_positive,
FBXO32,True,False,1,NCG,1.0,1,single_source_positive,
PROM1,True,True,2,NCG;CIViC,1.0,1,high_confidence_positive,1.0
LIN28A,False,False,0,,0.0,0,negative_candidate,0.0
RAB27B,False,False,0,,0.0,0,negative_candidate,0.0
EIF2AK3,True,False,1,NCG,1.0,1,single_source_positive,
DEPDC1,False,False,0,,0.0,0,negative_candidate,0.0
PLPPR4,False,False,0,,0.0,0,negative_candidate,0.0
DMXL1,True,False,1,NCG,1.0,1,single_source_positive,
LRRC20,False,False,0,,0.0,0,negative_candidate,0.0
GRIN2D,True,False,1,NCG,1.0,1,single_source_positive,
CCDC171,False,True,1,CIViC,0.9,1,single_source_positive,
CYP2A6,False,False,0,,0.0,0,negative_candidate,0.0
EPS8L3,False,False,0,,0.0,0,negative_candidate,0.0
MAJIN,False,False,0,,0.0,0,negative_candidate,0.0
OXT,False,False,0,,0.0,0,negative_candidate,0.0
TRAV8-1,False,False,0,,0.0,0,negative_candidate,0.0
LCN15,False,False,0,,0.0,0,negative_candidate,0.0
UGT2B15,False,False,0,,0.0,0,negative_candidate,0.0
RORC,False,False,0,,0.0,0,negative_candidate,0.0
SAMD9,False,False,0,,0.0,0,negative_candidate,0.0
FA2H,False,False,0,,0.0,0,negative_candidate,0.0
SLC7A1,False,False,0,,0.0,0,negative_candidate,0.0
VGF,False,False,0,,0.0,0,negative_candidate,0.0
PRLR,True,False,1,NCG,1.0,1,single_source_positive,
NUP54,True,False,1,NCG,1.0,1,single_source_positive,
GRIK2,True,False,1,NCG,1.0,1,single_source_positive,
FAM133A,True,False,1,NCG,1.0,1,single_source_positive,
DPP10,False,True,1,CIViC,1.0,1,single_source_positive,
DNAH2,True,False,1,NCG,1.0,1,single_source_positive,
MOSPD1,False,False,0,,0.0,0,negative_candidate,0.0
DEUP1,False,False,0,,0.0,0,negative_candidate,0.0
PUS7,False,False,0,,0.0,0,negative_candidate,0.0
TGFA,True,True,2,NCG;CIViC,1.0,1,high_confidence_positive,1.0
GPX7,False,False,0,,0.0,0,negative_candidate,0.0
TRAV26-2,False,False,0,,0.0,0,negative_candidate,0.0
TOP2A,False,True,1,CIViC,1.0,1,single_source_positive,
NCAPH,False,False,0,,0.0,0,negative_candidate,0.0
COA6,False,False,0,,0.0,0,negative_candidate,0.0
ZZZ3,False,False,0,,0.0,0,negative_candidate,0.0
H3-5,True,False,1,NCG,1.0,1,single_source_positive,
SPATA12,False,False,0,,0.0,0,negative_candidate,0.0
COL8A2,False,False,0,,0.0,0,negative_candidate,0.0
GLIPR1L1,False,False,0,,0.0,0,negative_candidate,0.0
CREB3L4,True,False,1,NCG,1.0,1,single_source_positive,
GSTA3,False,False,0,,0.0,0,negative_candidate,0.0
GSDMC,True,False,1,NCG,1.0,1,single_source_positive,
STRA8,False,False,0,,0.0,0,negative_candidate,0.0
DLL3,False,True,1,CIViC,0.9,1,single_source_positive,
TINAG,False,False,0,,0.0,0,negative_candidate,0.0
KLK5,False,False,0,,0.0,0,negative_candidate,0.0
POLR2D,True,False,1,NCG,1.0,1,single_source_positive,
SIM2,False,False,0,,0.0,0,negative_candidate,0.0
GALNT3,False,False,0,,0.0,0,negative_candidate,0.0
TTC9,False,False,0,,0.0,0,negative_candidate,0.0
LIPK,False,False,0,,0.0,0,negative_candidate,0.0
MIS18A,False,False,0,,0.0,0,negative_candidate,0.0
VIL1,False,False,0,,0.0,0,negative_candidate,0.0
PAEP,False,False,0,,0.0,0,negative_candidate,0.0
TRMT1L,False,False,0,,0.0,0,negative_candidate,0.0
ERP27,False,False,0,,0.0,0,negative_candidate,0.0
CLDN20,True,False,1,NCG,1.0,1,single_source_positive,
MREG,False,False,0,,0.0,0,negative_candidate,0.0
CLDN10,False,False,0,,0.0,0,negative_candidate,0.0
CCNA2,False,False,0,,0.0,0,negative_candidate,0.0
TRUB1,False,False,0,,0.0,0,negative_candidate,0.0
CAMK1D,False,False,0,,0.0,0,negative_candidate,0.0
ADH7,False,False,0,,0.0,0,negative_candidate,0.0
ZFP57,False,False,0,,0.0,0,negative_candidate,0.0
GSC,False,False,0,,0.0,0,negative_candidate,0.0
UGT3A1,False,False,0,,0.0,0,negative_candidate,0.0
RGS7,True,False,1,NCG,1.0,1,single_source_positive,
ARHGEF16,False,False,0,,0.0,0,negative_candidate,0.0
INSL6,False,False,0,,0.0,0,negative_candidate,0.0
SYT13,False,False,0,,0.0,0,negative_candidate,0.0
PRRG4,False,False,0,,0.0,0,negative_candidate,0.0
MYBPC1,False,False,0,,0.0,0,negative_candidate,0.0
LGR4,False,False,0,,0.0,0,negative_candidate,0.0
KNL1,True,False,1,NCG,1.0,1,single_source_positive,
TESMIN,False,False,0,,0.0,0,negative_candidate,0.0
EBAG9,False,False,0,,0.0,0,negative_candidate,0.0
PCDH8,False,False,0,,0.0,0,negative_candidate,0.0
DBNDD1,False,False,0,,0.0,0,negative_candidate,0.0
PSPH,False,False,0,,0.0,0,negative_candidate,0.0
RNF2,False,False,0,,0.0,0,negative_candidate,0.0
PRUNE2,True,False,1,NCG,1.0,1,single_source_positive,
CAMK1G,False,False,0,,0.0,0,negative_candidate,0.0
OOEP,False,False,0,,0.0,0,negative_candidate,0.0
NFE2L3,True,False,1,NCG,1.0,1,single_source_positive,
LNPK,False,False,0,,0.0,0,negative_candidate,0.0
E2F8,False,False,0,,0.0,0,negative_candidate,0.0
CHAF1A,False,False,0,,0.0,0,negative_candidate,0.0
MGAT5B,True,False,1,NCG,1.0,1,single_source_positive,
PF4V1,False,False,0,,0.0,0,negative_candidate,0.0
IGKV1D-43,False,False,0,,0.0,0,negative_candidate,0.0
SOX12,False,False,0,,0.0,0,negative_candidate,0.0
CENPA,False,False,0,,0.0,0,negative_candidate,0.0
TMEM121B,True,False,1,NCG,1.0,1,single_source_positive,
SAYSD1,False,False,0,,0.0,0,negative_candidate,0.0
PLEKHG4B,False,False,0,,0.0,0,negative_candidate,0.0
CALCA,False,False,0,,0.0,0,negative_candidate,0.0
KLK1,True,False,1,NCG,1.0,1,single_source_positive,
CLEC6A,False,False,0,,0.0,0,negative_candidate,0.0
C6ORF58,False,False,0,,0.0,0,negative_candidate,0.0
EZH2,True,True,2,NCG;CIViC,1.0,1,high_confidence_positive,1.0
F2,False,False,0,,0.0,0,negative_candidate,0.0
SCG3,False,False,0,,0.0,0,negative_candidate,0.0
NOL10,False,False,0,,0.0,0,negative_candidate,0.0
TRAJ42,False,False,0,,0.0,0,negative_candidate,0.0
TSHZ3,True,False,1,NCG,1.0,1,single_source_positive,
TUBA3C,True,False,1,NCG,1.0,1,single_source_positive,
IFNG,False,False,0,,0.0,0,negative_candidate,0.0
FHDC1,False,False,0,,0.0,0,negative_candidate,0.0
NUDT1,False,False,0,,0.0,0,negative_candidate,0.0
ANKRD34B,False,False,0,,0.0,0,negative_candidate,0.0
CDH3,False,False,0,,0.0,0,negative_candidate,0.0
LRP2,False,False,0,,0.0,0,negative_candidate,0.0
STAMBP,False,False,0,,0.0,0,negative_candidate,0.0
SRMS,False,False,0,,0.0,0,negative_candidate,0.0
CACNA1E,True,False,1,NCG,1.0,1,single_source_positive,
RABIF,False,False,0,,0.0,0,negative_candidate,0.0
CFHR3,False,False,0,,0.0,0,negative_candidate,0.0
LMBRD2,False,False,0,,0.0,0,negative_candidate,0.0
ISX,True,False,1,NCG,1.0,1,single_source_positive,
TRIM48,True,False,1,NCG,1.0,1,single_source_positive,
ADAM28,False,False,0,,0.0,0,negative_candidate,0.0
IL2RB,False,True,1,CIViC,0.9,1,single_source_positive,
VCAN,True,False,1,NCG,1.0,1,single_source_positive,
IGLV4-3,False,False,0,,0.0,0,negative_candidate,0.0
PGLYRP3,False,False,0,,0.0,0,negative_candidate,0.0
CHODL,False,False,0,,0.0,0,negative_candidate,0.0
SPDYE5,False,False,0,,0.0,0,negative_candidate,0.0
LRAT,False,False,0,,0.0,0,negative_candidate,0.0
LRRC4C,True,False,1,NCG,1.0,1,single_source_positive,
TRAV30,False,False,0,,0.0,0,negative_candidate,0.0
GABRB3,False,False,0,,0.0,0,negative_candidate,0.0
LHPP,False,False,0,,0.0,0,negative_candidate,0.0
RIPK4,False,False,0,,0.0,0,negative_candidate,0.0
TNFRSF18,False,False,0,,0.0,0,negative_candidate,0.0
ZNF215,True,False,1,NCG,1.0,1,single_source_positive,
SMPX,False,False,0,,0.0,0,negative_candidate,0.0
ZNF519,False,False,0,,0.0,0,negative_candidate,0.0
FKBPL,False,False,0,,0.0,0,negative_candidate,0.0
NEXMIF,False,False,0,,0.0,0,negative_candidate,0.0
DEFA6,False,False,0,,0.0,0,negative_candidate,0.0
LGALS9B,False,False,0,,0.0,0,negative_candidate,0.0
IGKV2D-29,False,False,0,,0.0,0,negative_candidate,0.0
CDKAL1,False,False,0,,0.0,0,negative_candidate,0.0
LCT,False,False,0,,0.0,0,negative_candidate,0.0
BHMT2,True,False,1,NCG,1.0,1,single_source_positive,
ZNF221,False,False,0,,0.0,0,negative_candidate,0.0
WNT16,False,False,0,,0.0,0,negative_candidate,0.0
IL17REL,False,False,0,,0.0,0,negative_candidate,0.0
UMODL1,False,False,0,,0.0,0,negative_candidate,0.0
ASPHD1,True,False,1,NCG,1.0,1,single_source_positive,
SEMA3A,True,False,1,NCG,1.0,1,single_source_positive,
KLHL7,False,False,0,,0.0,0,negative_candidate,0.0
C17ORF50,False,False,0,,0.0,0,negative_candidate,0.0
WDR53,False,False,0,,0.0,0,negative_candidate,0.0
ZBTB10,False,False,0,,0.0,0,negative_candidate,0.0
USP18,False,False,0,,0.0,0,negative_candidate,0.0
FBXO2,False,False,0,,0.0,0,negative_candidate,0.0
FOXP3,False,True,1,CIViC,1.0,1,single_source_positive,
SALL1,True,False,1,NCG,1.0,1,single_source_positive,
TRAV6,False,False,0,,0.0,0,negative_candidate,0.0
MAP7D2,False,False,0,,0.0,0,negative_candidate,0.0
MRPS33,True,False,1,NCG,1.0,1,single_source_positive,
NPTX1,False,False,0,,0.0,0,negative_candidate,0.0
TENM2,True,False,1,NCG,1.0,1,single_source_positive,
METTL18,False,False,0,,0.0,0,negative_candidate,0.0
NPC1L1,False,False,0,,0.0,0,negative_candidate,0.0
DDIAS,False,False,0,,0.0,0,negative_candidate,0.0
EPHB3,False,False,0,,0.0,0,negative_candidate,0.0
KCNH8,False,False,0,,0.0,0,negative_candidate,0.0
RWDD2B,False,False,0,,0.0,0,negative_candidate,0.0
DZIP3,False,False,0,,0.0,0,negative_candidate,0.0
TMEM184A,False,False,0,,0.0,0,negative_candidate,0.0
STYX,False,False,0,,0.0,0,negative_candidate,0.0
UGT1A10,False,False,0,,0.0,0,negative_candidate,0.0
PRH2,False,False,0,,0.0,0,negative_candidate,0.0
DRC7,False,False,0,,0.0,0,negative_candidate,0.0
PFAS,True,False,1,NCG,1.0,1,single_source_positive,
CES3,False,False,0,,0.0,0,negative_candidate,0.0
NOTUM,False,False,0,,0.0,0,negative_candidate,0.0
TRAV1-1,False,False,0,,0.0,0,negative_candidate,0.0
FAM217B,False,False,0,,0.0,0,negative_candidate,0.0
VRK1,False,False,0,,0.0,0,negative_candidate,0.0
SPANXC,False,False,0,,0.0,0,negative_candidate,0.0
NOS1AP,False,False,0,,0.0,0,negative_candidate,0.0
CSRNP3,False,False,0,,0.0,0,negative_candidate,0.0
COA7,False,False,0,,0.0,0,negative_candidate,0.0
IGKV1D-33,False,False,0,,0.0,0,negative_candidate,0.0
SYT4,True,False,1,NCG,1.0,1,single_source_positive,
GCDH,False,False,0,,0.0,0,negative_candidate,0.0
CCL17,False,False,0,,0.0,0,negative_candidate,0.0
IGSF1,False,False,0,,0.0,0,negative_candidate,0.0
ZNF658,True,False,1,NCG,1.0,1,single_source_positive,
GRIN2A,True,False,1,NCG,1.0,1,single_source_positive,
PRRG2,False,False,0,,0.0,0,negative_candidate,0.0
SLC6A14,False,False,0,,0.0,0,negative_candidate,0.0
SERPINA5,False,False,0,,0.0,0,negative_candidate,0.0
KLK7,True,False,1,NCG,1.0,1,single_source_positive,
NEB,True,False,1,NCG,1.0,1,single_source_positive,
POU4F1,False,False,0,,0.0,0,negative_candidate,0.0
ANLN,True,False,1,NCG,1.0,1,single_source_positive,
CPB2,False,False,0,,0.0,0,negative_candidate,0.0
CNTN3,False,False,0,,0.0,0,negative_candidate,0.0
AFAP1L2,False,False,0,,0.0,0,negative_candidate,0.0
IGHV1OR21-1,False,False,0,,0.0,0,negative_candidate,0.0
SAC3D1,False,False,0,,0.0,0,negative_candidate,0.0
UNC5CL,False,False,0,,0.0,0,negative_candidate,0.0
PIGX,False,False,0,,0.0,0,negative_candidate,0.0
CRH,False,False,0,,0.0,0,negative_candidate,0.0
DDX28,False,False,0,,0.0,0,negative_candidate,0.0
ATPSCKMT,False,False,0,,0.0,0,negative_candidate,0.0
ARL13A,False,False,0,,0.0,0,negative_candidate,0.0
ARR3,False,False,0,,0.0,0,negative_candidate,0.0
DCUN1D1,False,False,0,,0.0,0,negative_candidate,0.0
LRRC61,False,False,0,,0.0,0,negative_candidate,0.0
STS,False,False,0,,0.0,0,negative_candidate,0.0
EXOSC2,False,False,0,,0.0,0,negative_candidate,0.0
ARL6IP6,False,False,0,,0.0,0,negative_candidate,0.0
HELQ,False,False,0,,0.0,0,negative_candidate,0.0
SCGB1D2,False,False,0,,0.0,0,negative_candidate,0.0
PABPC3,False,False,0,,0.0,0,negative_candidate,0.0
SCRN3,False,False,0,,0.0,0,negative_candidate,0.0
NUP93,False,False,0,,0.0,0,negative_candidate,0.0
TRUB2,False,False,0,,0.0,0,negative_candidate,0.0
ST6GAL2,True,False,1,NCG,1.0,1,single_source_positive,
CDHR2,True,False,1,NCG,1.0,1,single_source_positive,
ARHGAP32,True,False,1,NCG,1.0,1,single_source_positive,
SOWAHC,False,False,0,,0.0,0,negative_candidate,0.0
PITX2,False,False,0,,0.0,0,negative_candidate,0.0
CFAP54,True,False,1,NCG,1.0,1,single_source_positive,
TRPA1,True,False,1,NCG,1.0,1,single_source_positive,
C11ORF65,False,False,0,,0.0,0,negative_candidate,0.0
OGDHL,False,False,0,,0.0,0,negative_candidate,0.0
MIA2,False,False,0,,0.0,0,negative_candidate,0.0
KIF4A,False,False,0,,0.0,0,negative_candidate,0.0
CCDC148,False,False,0,,0.0,0,negative_candidate,0.0
SLC5A8,False,False,0,,0.0,0,negative_candidate,0.0
PMS1,True,False,1,NCG,1.0,1,single_source_positive,
MAGEA6,True,False,1,NCG,1.0,1,single_source_positive,
CNGA1,False,False,0,,0.0,0,negative_candidate,0.0
KIF21A,True,False,1,NCG,1.0,1,single_source_positive,
CHAMP1,False,False,0,,0.0,0,negative_candidate,0.0
IL24,False,False,0,,0.0,0,negative_candidate,0.0
ZC3HC1,True,False,1,NCG,1.0,1,single_source_positive,
POU3F2,False,False,0,,0.0,0,negative_candidate,0.0
MMP1,False,True,1,CIViC,1.0,1,single_source_positive,
PCDH10,True,False,1,NCG,1.0,1,single_source_positive,
SMO,True,True,2,NCG;CIViC,1.0,1,high_confidence_positive,1.0
CCL22,False,False,0,,0.0,0,negative_candidate,0.0
TRIM32,False,False,0,,0.0,0,negative_candidate,0.0
TIGD3,True,False,1,NCG,1.0,1,single_source_positive,
FCGBP,False,False,0,,0.0,0,negative_candidate,0.0
SPINK6,False,False,0,,0.0,0,negative_candidate,0.0
PRR15,False,False,0,,0.0,0,negative_candidate,0.0
TTC29,False,False,0,,0.0,0,negative_candidate,0.0
KLK6,True,False,1,NCG,1.0,1,single_source_positive,
LRRC66,True,False,1,NCG,1.0,1,single_source_positive,
GSPT2,False,False,0,,0.0,0,negative_candidate,0.0
ZNF208,True,False,1,NCG,1.0,1,single_source_positive,
HECW1,True,False,1,NCG,1.0,1,single_source_positive,
WNT10A,False,False,0,,0.0,0,negative_candidate,0.0
ZSWIM1,False,False,0,,0.0,0,negative_candidate,0.0
PYDC1,False,False,0,,0.0,0,negative_candidate,0.0
JRKL,False,False,0,,0.0,0,negative_candidate,0.0
THSD7B,True,False,1,NCG,1.0,1,single_source_positive,
TNFRSF9,False,False,0,,0.0,0,negative_candidate,0.0
FNDC1,False,False,0,,0.0,0,negative_candidate,0.0
ZNF275,False,False,0,,0.0,0,negative_candidate,0.0
PRH1,False,False,0,,0.0,0,negative_candidate,0.0
PAK3,True,False,1,NCG,1.0,1,single_source_positive,
ACOT13,False,False,0,,0.0,0,negative_candidate,0.0
EPHA6,True,False,1,NCG,1.0,1,single_source_positive,
CLEC2L,False,False,0,,0.0,0,negative_candidate,0.0
ATP8A2,False,False,0,,0.0,0,negative_candidate,0.0
ANO4,True,False,1,NCG,1.0,1,single_source_positive,
MTRES1,False,False,0,,0.0,0,negative_candidate,0.0
PLA2G4D,True,False,1,NCG,1.0,1,single_source_positive,
SUSD3,False,False,0,,0.0,0,negative_candidate,0.0
TSPAN33,False,False,0,,0.0,0,negative_candidate,0.0
ARL14EP,False,False,0,,0.0,0,negative_candidate,0.0
MYO16,False,False,0,,0.0,0,negative_candidate,0.0
FOXD1,False,False,0,,0.0,0,negative_candidate,0.0
SCGB2B2,False,False,0,,0.0,0,negative_candidate,0.0
HOMEZ,False,False,0,,0.0,0,negative_candidate,0.0
ZNF319,True,False,1,NCG,1.0,1,single_source_positive,
STPG3,False,False,0,,0.0,0,negative_candidate,0.0
CPLX2,False,False,0,,0.0,0,negative_candidate,0.0
PCDHB8,True,False,1,NCG,1.0,1,single_source_positive,
ZNF521,True,False,1,NCG,1.0,1,single_source_positive,
RABL3,False,True,1,CIViC,0.9,1,single_source_positive,
HUS1,False,False,0,,0.0,0,negative_candidate,0.0
DNAJC15,False,False,0,,0.0,0,negative_candidate,0.0
BUB1B,True,False,1,NCG,1.0,1,single_source_positive,
OXCT2,True,False,1,NCG,1.0,1,single_source_positive,
OVOL2,False,True,1,CIViC,0.9,1,single_source_positive,
FBXL14,False,False,0,,0.0,0,negative_candidate,0.0
IGF2BP1,False,False,0,,0.0,0,negative_candidate,0.0
KLHL4,False,False,0,,0.0,0,negative_candidate,0.0
CCDC181,False,False,0,,0.0,0,negative_candidate,0.0
CETN3,False,False,0,,0.0,0,negative_candidate,0.0
PLCH1,False,False,0,,0.0,0,negative_candidate,0.0
RTN4RL2,False,False,0,,0.0,0,negative_candidate,0.0
AGMO,False,False,0,,0.0,0,negative_candidate,0.0
ZNF92,False,False,0,,0.0,0,negative_candidate,0.0
BICDL1,False,False,0,,0.0,0,negative_candidate,0.0
SERTAD4,False,False,0,,0.0,0,negative_candidate,0.0
FOXH1,False,False,0,,0.0,0,negative_candidate,0.0
DIPK1A,False,False,0,,0.0,0,negative_candidate,0.0
CHM,False,False,0,,0.0,0,negative_candidate,0.0
MAGEA1,True,False,1,NCG,1.0,1,single_source_positive,
NTRK3,True,True,2,NCG;CIViC,1.0,1,high_confidence_positive,1.0
CEACAM5,False,False,0,,0.0,0,negative_candidate,0.0
TRIM36,False,False,0,,0.0,0,negative_candidate,0.0
ZNF507,False,False,0,,0.0,0,negative_candidate,0.0
ZNHIT6,False,False,0,,0.0,0,negative_candidate,0.0
SLC27A2,False,False,0,,0.0,0,negative_candidate,0.0
CYP1A1,False,False,0,,0.0,0,negative_candidate,0.0
MS4A1,False,True,1,CIViC,1.0,1,single_source_positive,
NTRK2,True,True,2,NCG;CIViC,1.0,1,high_confidence_positive,1.0
TDRD5,True,False,1,NCG,1.0,1,single_source_positive,
BRI3BP,False,False,0,,0.0,0,negative_candidate,0.0
KIF20A,False,False,0,,0.0,0,negative_candidate,0.0
HMGCS2,False,False,0,,0.0,0,negative_candidate,0.0
RHD,False,False,0,,0.0,0,negative_candidate,0.0
CHEK2,True,True,2,NCG;CIViC,1.0,1,high_confidence_positive,1.0
PKIB,False,False,0,,0.0,0,negative_candidate,0.0
TMEM38B,False,False,0,,0.0,0,negative_candidate,0.0
MGA,True,True,2,NCG;CIViC,1.0,1,high_confidence_positive,1.0
IGKV3D-20,False,False,0,,0.0,0,negative_candidate,0.0
SNIP1,False,False,0,,0.0,0,negative_candidate,0.0
UTP23,False,False,0,,0.0,0,negative_candidate,0.0
STK31,True,False,1,NCG,1.0,1,single_source_positive,
HNF4A,True,False,1,NCG,1.0,1,single_source_positive,
TPX2,True,False,1,NCG,1.0,1,single_source_positive,
NUP37,False,False,0,,0.0,0,negative_candidate,0.0
GBP6,False,False,0,,0.0,0,negative_candidate,0.0
EGR4,False,False,0,,0.0,0,negative_candidate,0.0
HPCAL4,False,False,0,,0.0,0,negative_candidate,0.0
MCTS1,False,False,0,,0.0,0,negative_candidate,0.0
PNMA2,False,False,0,,0.0,0,negative_candidate,0.0
CDH15,False,False,0,,0.0,0,negative_candidate,0.0
CDC6,False,False,0,,0.0,0,negative_candidate,0.0
VCPIP1,True,False,1,NCG,1.0,1,single_source_positive,
TMEM135,False,False,0,,0.0,0,negative_candidate,0.0
UBN2,False,False,0,,0.0,0,negative_candidate,0.0
CYP2C18,True,False,1,NCG,1.0,1,single_source_positive,
SAAL1,False,False,0,,0.0,0,negative_candidate,0.0
PADI1,False,False,0,,0.0,0,negative_candidate,0.0
BBS4,False,False,0,,0.0,0,negative_candidate,0.0
CDC25C,True,False,1,NCG,1.0,1,single_source_positive,
NCCRP1,False,False,0,,0.0,0,negative_candidate,0.0
MIGA1,False,True,1,CIViC,0.9,1,single_source_positive,
ZNF627,False,False,0,,0.0,0,negative_candidate,0.0
ZNF41,False,False,0,,0.0,0,negative_candidate,0.0
NPTX2,False,False,0,,0.0,0,negative_candidate,0.0
APOBEC4,False,False,0,,0.0,0,negative_candidate,0.0
KIF25,False,False,0,,0.0,0,negative_candidate,0.0
SAMD15,False,False,0,,0.0,0,negative_candidate,0.0
ALOX12B,True,False,1,NCG,1.0,1,single_source_positive,
ZNF285,False,False,0,,0.0,0,negative_candidate,0.0
MTHFD1,False,False,0,,0.0,0,negative_candidate,0.0
KRT78,False,False,0,,0.0,0,negative_candidate,0.0
ZNF552,False,False,0,,0.0,0,negative_candidate,0.0
MECR,False,False,0,,0.0,0,negative_candidate,0.0
CENPH,False,False,0,,0.0,0,negative_candidate,0.0
TRAV18,False,False,0,,0.0,0,negative_candidate,0.0
LIPF,False,False,0,,0.0,0,negative_candidate,0.0
CHRNA3,False,False,0,,0.0,0,negative_candidate,0.0
TTC8,False,False,0,,0.0,0,negative_candidate,0.0
WDR4,False,False,0,,0.0,0,negative_candidate,0.0
RCAN3,False,False,0,,0.0,0,negative_candidate,0.0
DDX52,False,False,0,,0.0,0,negative_candidate,0.0
BLOC1S5,False,False,0,,0.0,0,negative_candidate,0.0
H4C8,True,False,1,NCG,1.0,1,single_source_positive,
HAPLN1,True,False,1,NCG,1.0,1,single_source_positive,
ADORA2B,False,False,0,,0.0,0,negative_candidate,0.0
POLR3F,False,False,0,,0.0,0,negative_candidate,0.0
SLC25A40,False,False,0,,0.0,0,negative_candidate,0.0
LRRC7,True,False,1,NCG,1.0,1,single_source_positive,
WBP2NL,False,False,0,,0.0,0,negative_candidate,0.0
ALG1,False,False,0,,0.0,0,negative_candidate,0.0
AIG1,False,False,0,,0.0,0,negative_candidate,0.0
CRIPT,False,False,0,,0.0,0,negative_candidate,0.0
GGT6,False,False,0,,0.0,0,negative_candidate,0.0
TTC39C,False,False,0,,0.0,0,negative_candidate,0.0
AGPAT5,False,False,0,,0.0,0,negative_candidate,0.0
ZNF83,False,False,0,,0.0,0,negative_candidate,0.0
FMN2,True,False,1,NCG,1.0,1,single_source_positive,
CARNMT1,False,False,0,,0.0,0,negative_candidate,0.0
ATG4C,False,False,0,,0.0,0,negative_candidate,0.0
IGLV3-32,False,False,0,,0.0,0,negative_candidate,0.0
ACAN,True,False,1,NCG,1.0,1,single_source_positive,
ZNF48,False,False,0,,0.0,0,negative_candidate,0.0
ST6GALNAC1,False,False,0,,0.0,0,negative_candidate,0.0
NUDT12,False,False,0,,0.0,0,negative_candidate,0.0
TMEM53,False,False,0,,0.0,0,negative_candidate,0.0
LRFN5,True,False,1,NCG,1.0,1,single_source_positive,
CARD11,True,True,2,NCG;CIViC,1.0,1,high_confidence_positive,1.0
MSANTD4,False,False,0,,0.0,0,negative_candidate,0.0
BRIP1,True,True,2,NCG;CIViC,1.0,1,high_confidence_positive,1.0
SPATA46,False,False,0,,0.0,0,negative_candidate,0.0
TCHH,True,False,1,NCG,1.0,1,single_source_positive,
NR2C2,False,False,0,,0.0,0,negative_candidate,0.0
PTCHD4,True,False,1,NCG,1.0,1,single_source_positive,
UBXN2A,False,False,0,,0.0,0,negative_candidate,0.0
SLMAP,False,False,0,,0.0,0,negative_candidate,0.0
PKP1,False,False,0,,0.0,0,negative_candidate,0.0
SOWAHA,False,False,0,,0.0,0,negative_candidate,0.0
TGFB2,False,False,0,,0.0,0,negative_candidate,0.0
NAA35,False,False,0,,0.0,0,negative_candidate,0.0
CHCHD5,False,False,0,,0.0,0,negative_candidate,0.0
KIAA1549L,False,False,0,,0.0,0,negative_candidate,0.0
ASB3,False,False,0,,0.0,0,negative_candidate,0.0
GPR85,False,False,0,,0.0,0,negative_candidate,0.0
KLK12,False,False,0,,0.0,0,negative_candidate,0.0
TIAM1,False,False,0,,0.0,0,negative_candidate,0.0
HERC5,False,False,0,,0.0,0,negative_candidate,0.0
CDC7,False,False,0,,0.0,0,negative_candidate,0.0
ANGPTL6,False,False,0,,0.0,0,negative_candidate,0.0
CWH43,True,False,1,NCG,1.0,1,single_source_positive,
HOXA1,False,False,0,,0.0,0,negative_candidate,0.0
ZNRF3,True,False,1,NCG,1.0,1,single_source_positive,
COG6,False,False,0,,0.0,0,negative_candidate,0.0
RBP1,False,False,0,,0.0,0,negative_candidate,0.0
CT45A10,False,False,0,,0.0,0,negative_candidate,0.0
EPHA4,True,False,1,NCG,1.0,1,single_source_positive,
INHBA,True,False,1,NCG,1.0,1,single_source_positive,
BLID,False,False,0,,0.0,0,negative_candidate,0.0
RBM43,False,False,0,,0.0,0,negative_candidate,0.0
MASTL,False,False,0,,0.0,0,negative_candidate,0.0
IBSP,False,False,0,,0.0,0,negative_candidate,0.0
SPANXB1,False,False,0,,0.0,0,negative_candidate,0.0
DMBX1,False,False,0,,0.0,0,negative_candidate,0.0
ZIC1,True,False,1,NCG,1.0,1,single_source_positive,
CNMD,False,False,0,,0.0,0,negative_candidate,0.0
MMP21,False,False,0,,0.0,0,negative_candidate,0.0
METTL14,True,False,1,NCG,1.0,1,single_source_positive,
AADAC,False,False,0,,0.0,0,negative_candidate,0.0
TMED8,False,False,0,,0.0,0,negative_candidate,0.0
FANCE,True,False,1,NCG,1.0,1,single_source_positive,
XRCC4,False,False,0,,0.0,0,negative_candidate,0.0
APOOL,False,False,0,,0.0,0,negative_candidate,0.0
IFNE,False,False,0,,0.0,0,negative_candidate,0.0
FSD1,False,False,0,,0.0,0,negative_candidate,0.0
PRTFDC1,False,False,0,,0.0,0,negative_candidate,0.0
ADAMTS19,True,False,1,NCG,1.0,1,single_source_positive,
TATDN3,False,False,0,,0.0,0,negative_candidate,0.0
CD96,False,False,0,,0.0,0,negative_candidate,0.0
PKD1L1,False,False,0,,0.0,0,negative_candidate,0.0
C10ORF88,False,False,0,,0.0,0,negative_candidate,0.0
ZNF148,False,False,0,,0.0,0,negative_candidate,0.0
CSAG1,False,False,0,,0.0,0,negative_candidate,0.0
ENTPD7,False,False,0,,0.0,0,negative_candidate,0.0
THAP8,False,False,0,,0.0,0,negative_candidate,0.0
TDRD1,True,False,1,NCG,1.0,1,single_source_positive,
KCNU1,True,False,1,NCG,1.0,1,single_source_positive,
RRP15,False,False,0,,0.0,0,negative_candidate,0.0
FBXL20,False,False,0,,0.0,0,negative_candidate,0.0
GDF7,False,False,0,,0.0,0,negative_candidate,0.0
BTC,False,False,0,,0.0,0,negative_candidate,0.0
NEFL,False,False,0,,0.0,0,negative_candidate,0.0
ZMAT3,False,False,0,,0.0,0,negative_candidate,0.0
RNF39,False,False,0,,0.0,0,negative_candidate,0.0
ATP6V0E2,False,False,0,,0.0,0,negative_candidate,0.0
MAD2L1,False,False,0,,0.0,0,negative_candidate,0.0
RTBDN,False,False,0,,0.0,0,negative_candidate,0.0
JMY,False,False,0,,0.0,0,negative_candidate,0.0
SETDB2,False,False,0,,0.0,0,negative_candidate,0.0
CENPQ,False,False,0,,0.0,0,negative_candidate,0.0
NCAPG,True,False,1,NCG,1.0,1,single_source_positive,
CHCHD6,False,False,0,,0.0,0,negative_candidate,0.0
RAB3IP,False,False,0,,0.0,0,negative_candidate,0.0
ZBTB6,False,False,0,,0.0,0,negative_candidate,0.0
IRF4,True,True,2,NCG;CIViC,1.0,1,high_confidence_positive,1.0
KIF24,False,False,0,,0.0,0,negative_candidate,0.0
ERCC2,True,True,2,NCG;CIViC,1.0,1,high_confidence_positive,1.0
MMP24,True,False,1,NCG,1.0,1,single_source_positive,
MS4A8,False,False,0,,0.0,0,negative_candidate,0.0
ZNF28,True,False,1,NCG,1.0,1,single_source_positive,
HDAC10,False,False,0,,0.0,0,negative_candidate,0.0
ENTHD1,False,False,0,,0.0,0,negative_candidate,0.0
SMC2,True,False,1,NCG,1.0,1,single_source_positive,
WDR35,False,False,0,,0.0,0,negative_candidate,0.0
CLDN2,False,False,0,,0.0,0,negative_candidate,0.0
TTLL5,True,False,1,NCG,1.0,1,single_source_positive,
THEM4,False,False,0,,0.0,0,negative_candidate,0.0
COQ3,False,False,0,,0.0,0,negative_candidate,0.0
ZNF239,False,False,0,,0.0,0,negative_candidate,0.0
ARMCX5,False,False,0,,0.0,0,negative_candidate,0.0
CRISPLD1,True,False,1,NCG,1.0,1,single_source_positive,
CBR4,False,False,0,,0.0,0,negative_candidate,0.0
ZNF233,False,False,0,,0.0,0,negative_candidate,0.0
SRD5A1,False,False,0,,0.0,0,negative_candidate,0.0
PCDHAC1,False,False,0,,0.0,0,negative_candidate,0.0
RIF1,False,False,0,,0.0,0,negative_candidate,0.0
MYO3B,False,False,0,,0.0,0,negative_candidate,0.0
TREH,False,False,0,,0.0,0,negative_candidate,0.0
KLHL26,False,False,0,,0.0,0,negative_candidate,0.0
ZNF14,False,False,0,,0.0,0,negative_candidate,0.0
CCL28,False,False,0,,0.0,0,negative_candidate,0.0
CEND1,False,False,0,,0.0,0,negative_candidate,0.0
LRR1,False,False,0,,0.0,0,negative_candidate,0.0
NLRP3,True,False,1,NCG,1.0,1,single_source_positive,
FAT2,True,False,1,NCG,1.0,1,single_source_positive,
NIPAL4,False,False,0,,0.0,0,negative_candidate,0.0
FBXW9,False,False,0,,0.0,0,negative_candidate,0.0
TAF1B,False,False,0,,0.0,0,negative_candidate,0.0
FLVCR1,False,False,0,,0.0,0,negative_candidate,0.0
CHEK1,False,True,1,CIViC,1.0,1,single_source_positive,
CPB1,False,False,0,,0.0,0,negative_candidate,0.0
ZNF138,False,False,0,,0.0,0,negative_candidate,0.0
ZNF816,False,False,0,,0.0,0,negative_candidate,0.0
PRR11,False,False,0,,0.0,0,negative_candidate,0.0
BPIFB2,False,False,0,,0.0,0,negative_candidate,0.0
GRHL1,False,False,0,,0.0,0,negative_candidate,0.0
SUCLA2,False,False,0,,0.0,0,negative_candidate,0.0
PGBD5,False,False,0,,0.0,0,negative_candidate,0.0
PTPN4,False,False,0,,0.0,0,negative_candidate,0.0
SAGE1,True,False,1,NCG,1.0,1,single_source_positive,
CST2,False,False,0,,0.0,0,negative_candidate,0.0
TCAIM,False,False,0,,0.0,0,negative_candidate,0.0
RIMBP2,True,False,1,NCG,1.0,1,single_source_positive,
TRIT1,False,False,0,,0.0,0,negative_candidate,0.0
TSEN15,False,False,0,,0.0,0,negative_candidate,0.0
RAG1,True,False,1,NCG,1.0,1,single_source_positive,
MAP3K13,True,False,1,NCG,1.0,1,single_source_positive,
OBI1,True,False,1,NCG,1.0,1,single_source_positive,
FGA,True,False,1,NCG,1.0,1,single_source_positive,
TRIM23,True,False,1,NCG,1.0,1,single_source_positive,
BAIAP2L2,False,False,0,,0.0,0,negative_candidate,0.0
C1ORF127,True,False,1,NCG,1.0,1,single_source_positive,
RMND1,False,False,0,,0.0,0,negative_candidate,0.0
LIN28B,False,False,0,,0.0,0,negative_candidate,0.0
ASXL2,True,False,1,NCG,1.0,1,single_source_positive,
FBXL17,True,False,1,NCG,1.0,1,single_source_positive,
MAGOHB,False,False,0,,0.0,0,negative_candidate,0.0
SLC5A11,False,False,0,,0.0,0,negative_candidate,0.0
SERPINB4,False,False,0,,0.0,0,negative_candidate,0.0
ZNF264,False,False,0,,0.0,0,negative_candidate,0.0
GATM,True,False,1,NCG,1.0,1,single_source_positive,
TF,False,True,1,CIViC,0.9,1,single_source_positive,
TRIM16L,False,False,0,,0.0,0,negative_candidate,0.0
SLC9A4,False,False,0,,0.0,0,negative_candidate,0.0
GOLGA7B,False,False,0,,0.0,0,negative_candidate,0.0
SLC16A13,False,False,0,,0.0,0,negative_candidate,0.0
HORMAD1,True,False,1,NCG,1.0,1,single_source_positive,
KIAA1586,False,False,0,,0.0,0,negative_candidate,0.0
KCTD13,False,False,0,,0.0,0,negative_candidate,0.0
NDUFAF1,False,False,0,,0.0,0,negative_candidate,0.0
HFE,False,False,0,,0.0,0,negative_candidate,0.0
FOXC1,False,False,0,,0.0,0,negative_candidate,0.0
CD27,False,False,0,,0.0,0,negative_candidate,0.0
MELTF,False,False,0,,0.0,0,negative_candidate,0.0
PARD6A,False,False,0,,0.0,0,negative_candidate,0.0
CYP20A1,False,False,0,,0.0,0,negative_candidate,0.0
CHRNB1,False,False,0,,0.0,0,negative_candidate,0.0
IGKV3D-11,False,False,0,,0.0,0,negative_candidate,0.0
THAP1,False,False,0,,0.0,0,negative_candidate,0.0
COL17A1,False,False,0,,0.0,0,negative_candidate,0.0
ZNF492,False,False,0,,0.0,0,negative_candidate,0.0
IFNK,False,False,0,,0.0,0,negative_candidate,0.0
UGT2A3,True,False,1,NCG,1.0,1,single_source_positive,
SLCO5A1,False,False,0,,0.0,0,negative_candidate,0.0
MNAT1,True,False,1,NCG,1.0,1,single_source_positive,
HOXC13,True,False,1,NCG,1.0,1,single_source_positive,
RP1L1,True,False,1,NCG,1.0,1,single_source_positive,
KLHDC9,False,False,0,,0.0,0,negative_candidate,0.0
CCDC150,False,False,0,,0.0,0,negative_candidate,0.0
MACIR,False,False,0,,0.0,0,negative_candidate,0.0
RAET1L,False,False,0,,0.0,0,negative_candidate,0.0
MRPS22,False,False,0,,0.0,0,negative_candidate,0.0
CXCR3,False,False,0,,0.0,0,negative_candidate,0.0
TIFA,False,False,0,,0.0,0,negative_candidate,0.0
MAGEA12,False,False,0,,0.0,0,negative_candidate,0.0
NPPC,False,False,0,,0.0,0,negative_candidate,0.0
TMTC3,True,False,1,NCG,1.0,1,single_source_positive,
KIF23,False,True,1,CIViC,1.0,1,single_source_positive,
BRMS1L,False,False,0,,0.0,0,negative_candidate,0.0
TULP4,False,False,0,,0.0,0,negative_candidate,0.0
ZSCAN29,False,False,0,,0.0,0,negative_candidate,0.0
UHRF1,False,False,0,,0.0,0,negative_candidate,0.0
IGDCC4,True,False,1,NCG,1.0,1,single_source_positive,
GPR171,False,False,0,,0.0,0,negative_candidate,0.0
WDCP,False,False,0,,0.0,0,negative_candidate,0.0
ANKRD46,False,False,0,,0.0,0,negative_candidate,0.0
TRIM9,False,False,0,,0.0,0,negative_candidate,0.0
DQX1,False,False,0,,0.0,0,negative_candidate,0.0
SALL4,True,False,1,NCG,1.0,1,single_source_positive,
LYG2,False,False,0,,0.0,0,negative_candidate,0.0
WDR12,True,True,2,NCG;CIViC,1.0,1,high_confidence_positive,1.0
SLAIN1,False,False,0,,0.0,0,negative_candidate,0.0
ZNF560,False,False,0,,0.0,0,negative_candidate,0.0
SPATC1L,True,False,1,NCG,1.0,1,single_source_positive,
FAM72C,False,False,0,,0.0,0,negative_candidate,0.0
EXPH5,True,False,1,NCG,1.0,1,single_source_positive,
RAB42,True,False,1,NCG,1.0,1,single_source_positive,
ISM1,False,False,0,,0.0,0,negative_candidate,0.0
MYNN,False,False,0,,0.0,0,negative_candidate,0.0
NSMCE3,False,False,0,,0.0,0,negative_candidate,0.0
ARID1B,True,True,2,NCG;CIViC,1.0,1,high_confidence_positive,1.0
IGKV1-8,False,False,0,,0.0,0,negative_candidate,0.0
MLLT11,False,False,0,,0.0,0,negative_candidate,0.0
PPP1R42,False,False,0,,0.0,0,negative_candidate,0.0
CALB1,False,False,0,,0.0,0,negative_candidate,0.0
BTBD9,False,False,0,,0.0,0,negative_candidate,0.0
TMEM68,False,False,0,,0.0,0,negative_candidate,0.0
HYDIN,True,False,1,NCG,1.0,1,single_source_positive,
CACNA2D1,True,False,1,NCG,1.0,1,single_source_positive,
NEURL1,False,False,0,,0.0,0,negative_candidate,0.0
CNGA3,False,False,0,,0.0,0,negative_candidate,0.0
ZNF174,False,False,0,,0.0,0,negative_candidate,0.0
XPO4,True,False,1,NCG,1.0,1,single_source_positive,
ZC3HAV1L,False,False,0,,0.0,0,negative_candidate,0.0
ELOVL7,False,False,0,,0.0,0,negative_candidate,0.0
BNIPL,False,False,0,,0.0,0,negative_candidate,0.0
GGTLC2,False,False,0,,0.0,0,negative_candidate,0.0
NEK11,False,False,0,,0.0,0,negative_candidate,0.0
SUFU,True,True,2,NCG;CIViC,1.0,1,high_confidence_positive,1.0
ENC1,True,False,1,NCG,1.0,1,single_source_positive,
TNK1,False,False,0,,0.0,0,negative_candidate,0.0
YBX2,False,False,0,,0.0,0,negative_candidate,0.0
TMEM79,False,False,0,,0.0,0,negative_candidate,0.0
LZTFL1,False,False,0,,0.0,0,negative_candidate,0.0
TTC22,False,False,0,,0.0,0,negative_candidate,0.0
E2F6,False,False,0,,0.0,0,negative_candidate,0.0
MKKS,False,False,0,,0.0,0,negative_candidate,0.0
GPATCH11,False,False,0,,0.0,0,negative_candidate,0.0
HMGA2,True,True,2,NCG;CIViC,1.0,1,high_confidence_positive,1.0
KLHL8,True,False,1,NCG,1.0,1,single_source_positive,
PRSS33,False,False,0,,0.0,0,negative_candidate,0.0
PTPN22,True,False,1,NCG,1.0,1,single_source_positive,
RSPH3,False,False,0,,0.0,0,negative_candidate,0.0
SLC25A15,False,False,0,,0.0,0,negative_candidate,0.0
GTPBP10,False,False,0,,0.0,0,negative_candidate,0.0
MUC2,True,False,1,NCG,1.0,1,single_source_positive,
C17ORF75,False,False,0,,0.0,0,negative_candidate,0.0
FRK,False,False,0,,0.0,0,negative_candidate,0.0
TMEM132D,True,False,1,NCG,1.0,1,single_source_positive,
KRTAP5-10,False,False,0,,0.0,0,negative_candidate,0.0
MYCL,True,True,2,NCG;CIViC,1.0,1,high_confidence_positive,1.0
LARP1B,False,False,0,,0.0,0,negative_candidate,0.0
ZNF623,False,False,0,,0.0,0,negative_candidate,0.0
RAB40B,False,False,0,,0.0,0,negative_candidate,0.0
CAP2,True,False,1,NCG,1.0,1,single_source_positive,
ZNF140,False,False,0,,0.0,0,negative_candidate,0.0
COX18,False,False,0,,0.0,0,negative_candidate,0.0
FBXO30,False,False,0,,0.0,0,negative_candidate,0.0
MLANA,False,False,0,,0.0,0,negative_candidate,0.0
TNFSF9,False,False,0,,0.0,0,negative_candidate,0.0
GLP2R,False,False,0,,0.0,0,negative_candidate,0.0
H2BC4,False,False,0,,0.0,0,negative_candidate,0.0
BCKDHB,False,False,0,,0.0,0,negative_candidate,0.0
CILP,False,False,0,,0.0,0,negative_candidate,0.0
A2ML1,True,False,1,NCG,1.0,1,single_source_positive,
MPLKIP,False,False,0,,0.0,0,negative_candidate,0.0
WDR20,False,False,0,,0.0,0,negative_candidate,0.0
MYO3A,False,False,0,,0.0,0,negative_candidate,0.0
ZNF774,False,False,0,,0.0,0,negative_candidate,0.0
NEIL3,False,False,0,,0.0,0,negative_candidate,0.0
RAD9B,False,False,0,,0.0,0,negative_candidate,0.0
IYD,False,False,0,,0.0,0,negative_candidate,0.0
LDLRAD1,True,False,1,NCG,1.0,1,single_source_positive,
BRWD3,False,False,0,,0.0,0,negative_candidate,0.0
LAG3,False,True,1,CIViC,0.9,1,single_source_positive,
CDC25A,True,False,1,NCG,1.0,1,single_source_positive,
IKZF3,True,False,1,NCG,1.0,1,single_source_positive,
H3C3,True,False,1,NCG,1.0,1,single_source_positive,
RAB33B,False,False,0,,0.0,0,negative_candidate,0.0
CCNF,False,False,0,,0.0,0,negative_candidate,0.0
ZNF615,False,False,0,,0.0,0,negative_candidate,0.0
TRIM72,False,False,0,,0.0,0,negative_candidate,0.0
C4ORF46,False,False,0,,0.0,0,negative_candidate,0.0
RBM45,False,False,0,,0.0,0,negative_candidate,0.0
CBX8,False,False,0,,0.0,0,negative_candidate,0.0
CGAS,False,False,0,,0.0,0,negative_candidate,0.0
NDUFAF6,False,False,0,,0.0,0,negative_candidate,0.0
UNC79,False,False,0,,0.0,0,negative_candidate,0.0
SNX32,False,False,0,,0.0,0,negative_candidate,0.0
IDO2,False,False,0,,0.0,0,negative_candidate,0.0
SLC25A10,False,False,0,,0.0,0,negative_candidate,0.0
ABHD12B,False,False,0,,0.0,0,negative_candidate,0.0
F5,True,False,1,NCG,1.0,1,single_source_positive,
H3C6,False,False,0,,0.0,0,negative_candidate,0.0
TRBV24-1,False,False,0,,0.0,0,negative_candidate,0.0
SUV39H1,False,False,0,,0.0,0,negative_candidate,0.0
MAGEA9B,False,False,0,,0.0,0,negative_candidate,0.0
GULP1,False,False,0,,0.0,0,negative_candidate,0.0
SPOCK3,False,False,0,,0.0,0,negative_candidate,0.0
OPHN1,False,False,0,,0.0,0,negative_candidate,0.0
WNT5B,True,False,1,NCG,1.0,1,single_source_positive,
FIZ1,True,False,1,NCG,1.0,1,single_source_positive,
KNTC1,False,False,0,,0.0,0,negative_candidate,0.0
ZNF484,False,False,0,,0.0,0,negative_candidate,0.0
ODAPH,False,False,0,,0.0,0,negative_candidate,0.0
GCFC2,False,False,0,,0.0,0,negative_candidate,0.0
POLH,False,False,0,,0.0,0,negative_candidate,0.0
IKZF2,True,False,1,NCG,1.0,1,single_source_positive,
CLBA1,False,False,0,,0.0,0,negative_candidate,0.0
DISP3,True,False,1,NCG,1.0,1,single_source_positive,
NME6,False,False,0,,0.0,0,negative_candidate,0.0
PGGT1B,False,False,0,,0.0,0,negative_candidate,0.0
SFMBT1,False,False,0,,0.0,0,negative_candidate,0.0
CBLN4,False,False,0,,0.0,0,negative_candidate,0.0
ZNF676,False,False,0,,0.0,0,negative_candidate,0.0
GPC5,True,False,1,NCG,1.0,1,single_source_positive,
LRRC19,False,False,0,,0.0,0,negative_candidate,0.0
WFDC5,False,False,0,,0.0,0,negative_candidate,0.0
SHLD1,False,False,0,,0.0,0,negative_candidate,0.0
PDK1,False,False,0,,0.0,0,negative_candidate,0.0
APOBEC3B,True,False,1,NCG,1.0,1,single_source_positive,
CIART,False,False,0,,0.0,0,negative_candidate,0.0
CHIA,False,False,0,,0.0,0,negative_candidate,0.0
KCNB2,True,False,1,NCG,1.0,1,single_source_positive,
SPIN4,False,False,0,,0.0,0,negative_candidate,0.0
CCSER1,False,False,0,,0.0,0,negative_candidate,0.0
ELOVL6,False,False,0,,0.0,0,negative_candidate,0.0
NUDCD2,False,False,0,,0.0,0,negative_candidate,0.0
SLFN13,True,False,1,NCG,1.0,1,single_source_positive,
GZMM,False,False,0,,0.0,0,negative_candidate,0.0
PDCD2L,True,False,1,NCG,1.0,1,single_source_positive,
GXYLT2,False,False,0,,0.0,0,negative_candidate,0.0
DOP1B,False,False,0,,0.0,0,negative_candidate,0.0
AAK1,False,False,0,,0.0,0,negative_candidate,0.0
ZNF878,False,False,0,,0.0,0,negative_candidate,0.0
SPRR3,False,False,0,,0.0,0,negative_candidate,0.0
SPIRE2,False,False,0,,0.0,0,negative_candidate,0.0
PCDHA11,True,False,1,NCG,1.0,1,single_source_positive,
SPC24,False,False,0,,0.0,0,negative_candidate,0.0
TMEM156,False,False,0,,0.0,0,negative_candidate,0.0
IFT88,False,False,0,,0.0,0,negative_candidate,0.0
ZNF440,False,False,0,,0.0,0,negative_candidate,0.0
GPR180,False,False,0,,0.0,0,negative_candidate,0.0
CDC73,True,False,1,NCG,1.0,1,single_source_positive,
SPC25,False,False,0,,0.0,0,negative_candidate,0.0
SCUBE2,False,False,0,,0.0,0,negative_candidate,0.0
CEP162,False,False,0,,0.0,0,negative_candidate,0.0
SIT1,False,False,0,,0.0,0,negative_candidate,0.0
KRT6A,False,False,0,,0.0,0,negative_candidate,0.0
AVEN,False,False,0,,0.0,0,negative_candidate,0.0
SHISAL1,False,False,0,,0.0,0,negative_candidate,0.0
H2AC11,True,False,1,NCG,1.0,1,single_source_positive,
DHFR,False,False,0,,0.0,0,negative_candidate,0.0
PRR19,False,False,0,,0.0,0,negative_candidate,0.0
PIP5KL1,False,False,0,,0.0,0,negative_candidate,0.0
ZP3,False,False,0,,0.0,0,negative_candidate,0.0
RSPH1,False,False,0,,0.0,0,negative_candidate,0.0
GTF2I,True,False,1,NCG,1.0,1,single_source_positive,
DOCK10,False,False,0,,0.0,0,negative_candidate,0.0
PURA,False,False,0,,0.0,0,negative_candidate,0.0
OCM,False,False,0,,0.0,0,negative_candidate,0.0
CCIN,False,False,0,,0.0,0,negative_candidate,0.0
KAZALD1,False,False,0,,0.0,0,negative_candidate,0.0
RPP40,False,False,0,,0.0,0,negative_candidate,0.0
ANKRD7,False,False,0,,0.0,0,negative_candidate,0.0
BEX1,False,False,0,,0.0,0,negative_candidate,0.0
CCDC190,False,False,0,,0.0,0,negative_candidate,0.0
RNF212,False,False,0,,0.0,0,negative_candidate,0.0
ZNF776,False,False,0,,0.0,0,negative_candidate,0.0
HTR2B,False,False,0,,0.0,0,negative_candidate,0.0
MORN4,False,False,0,,0.0,0,negative_candidate,0.0
TMEM260,False,False,0,,0.0,0,negative_candidate,0.0
ROPN1B,False,False,0,,0.0,0,negative_candidate,0.0
PEX12,False,False,0,,0.0,0,negative_candidate,0.0
TRMT13,False,False,0,,0.0,0,negative_candidate,0.0
SMYD3,False,False,0,,0.0,0,negative_candidate,0.0
ETAA1,False,False,0,,0.0,0,negative_candidate,0.0
TPD52L1,False,False,0,,0.0,0,negative_candidate,0.0
SULT1C2,False,False,0,,0.0,0,negative_candidate,0.0
PATJ,True,False,1,NCG,1.0,1,single_source_positive,
MTX3,False,False,0,,0.0,0,negative_candidate,0.0
FAM229B,False,False,0,,0.0,0,negative_candidate,0.0
ALG6,False,False,0,,0.0,0,negative_candidate,0.0
KDF1,False,False,0,,0.0,0,negative_candidate,0.0
PPFIA3,False,False,0,,0.0,0,negative_candidate,0.0
SLC36A4,False,False,0,,0.0,0,negative_candidate,0.0
NEK10,False,False,0,,0.0,0,negative_candidate,0.0
RASSF6,True,False,1,NCG,1.0,1,single_source_positive,
PFKFB4,False,False,0,,0.0,0,negative_candidate,0.0
IGHV3-20,False,False,0,,0.0,0,negative_candidate,0.0
MAGEA4,False,True,1,CIViC,0.9,1,single_source_positive,
SPRR2D,False,False,0,,0.0,0,negative_candidate,0.0
SOX30,False,False,0,,0.0,0,negative_candidate,0.0
TIMM21,False,False,0,,0.0,0,negative_candidate,0.0
SCG2,False,False,0,,0.0,0,negative_candidate,0.0
SOWAHB,False,False,0,,0.0,0,negative_candidate,0.0
PPCDC,False,False,0,,0.0,0,negative_candidate,0.0
FANK1,True,False,1,NCG,1.0,1,single_source_positive,
DCAF4L2,True,False,1,NCG,1.0,1,single_source_positive,
OMP,False,False,0,,0.0,0,negative_candidate,0.0
TEX15,True,False,1,NCG,1.0,1,single_source_positive,
FIGNL2,False,False,0,,0.0,0,negative_candidate,0.0
KBTBD7,False,False,0,,0.0,0,negative_candidate,0.0
APC,True,True,2,NCG;CIViC,1.0,1,high_confidence_positive,1.0
ATP13A5,False,False,0,,0.0,0,negative_candidate,0.0
CRISP2,False,False,0,,0.0,0,negative_candidate,0.0
UGT2B11,False,False,0,,0.0,0,negative_candidate,0.0
FBXO5,True,False,1,NCG,1.0,1,single_source_positive,
SLC25A26,False,False,0,,0.0,0,negative_candidate,0.0
HYLS1,False,False,0,,0.0,0,negative_candidate,0.0
MMP11,False,False,0,,0.0,0,negative_candidate,0.0
IL31RA,False,False,0,,0.0,0,negative_candidate,0.0
ZACN,False,False,0,,0.0,0,negative_candidate,0.0
FCRL4,True,False,1,NCG,1.0,1,single_source_positive,
SRD5A2,False,False,0,,0.0,0,negative_candidate,0.0
ACVR2A,True,False,1,NCG,1.0,1,single_source_positive,
NCKAP5,False,False,0,,0.0,0,negative_candidate,0.0
ZNF445,False,False,0,,0.0,0,negative_candidate,0.0
ZCCHC4,False,False,0,,0.0,0,negative_candidate,0.0
NOL4,False,False,0,,0.0,0,negative_candidate,0.0
XDH,True,False,1,NCG,1.0,1,single_source_positive,
GDAP1,False,False,0,,0.0,0,negative_candidate,0.0
GJB5,False,False,0,,0.0,0,negative_candidate,0.0
CPLANE2,False,False,0,,0.0,0,negative_candidate,0.0
AVPR1A,False,False,0,,0.0,0,negative_candidate,0.0
CCDC125,False,False,0,,0.0,0,negative_candidate,0.0
PKP2,False,False,0,,0.0,0,negative_candidate,0.0
SEPSECS,False,False,0,,0.0,0,negative_candidate,0.0
PRKCQ,True,False,1,NCG,1.0,1,single_source_positive,
DCP1B,False,False,0,,0.0,0,negative_candidate,0.0
ZFP1,False,False,0,,0.0,0,negative_candidate,0.0
GRIP1,False,False,0,,0.0,0,negative_candidate,0.0
SLC9C1,True,False,1,NCG,1.0,1,single_source_positive,
KCNK2,False,False,0,,0.0,0,negative_candidate,0.0
ESPNL,False,False,0,,0.0,0,negative_candidate,0.0
RBM48,False,False,0,,0.0,0,negative_candidate,0.0
ARID3A,False,False,0,,0.0,0,negative_candidate,0.0
ZNF576,False,False,0,,0.0,0,negative_candidate,0.0
ITLN1,True,False,1,NCG,1.0,1,single_source_positive,
EBI3,False,False,0,,0.0,0,negative_candidate,0.0
TRAV17,False,False,0,,0.0,0,negative_candidate,0.0
LYPD6B,False,False,0,,0.0,0,negative_candidate,0.0
CCR2,False,False,0,,0.0,0,negative_candidate,0.0
DEFB126,False,False,0,,0.0,0,negative_candidate,0.0
GABRP,False,False,0,,0.0,0,negative_candidate,0.0
SPATA9,False,False,0,,0.0,0,negative_candidate,0.0
LIN9,False,False,0,,0.0,0,negative_candidate,0.0
ATP6V0A4,False,False,0,,0.0,0,negative_candidate,0.0
LIN54,False,False,0,,0.0,0,negative_candidate,0.0
LRRIQ3,True,False,1,NCG,1.0,1,single_source_positive,
CLUAP1,True,False,1,NCG,1.0,1,single_source_positive,
WDR5B,False,False,0,,0.0,0,negative_candidate,0.0
EOLA1,False,False,0,,0.0,0,negative_candidate,0.0
SPANXD,False,False,0,,0.0,0,negative_candidate,0.0
TCTE1,False,False,0,,0.0,0,negative_candidate,0.0
POLQ,True,False,1,NCG,1.0,1,single_source_positive,
SERPINB13,True,False,1,NCG,1.0,1,single_source_positive,
PSG3,False,False,0,,0.0,0,negative_candidate,0.0
ISL1,False,False,0,,0.0,0,negative_candidate,0.0
ZNF880,False,True,1,CIViC,0.9,1,single_source_positive,
PROC,False,False,0,,0.0,0,negative_candidate,0.0
KDM4D,False,False,0,,0.0,0,negative_candidate,0.0
SLC35D3,False,False,0,,0.0,0,negative_candidate,0.0
SLC25A19,False,False,0,,0.0,0,negative_candidate,0.0
SBF2,False,False,0,,0.0,0,negative_candidate,0.0
ANKFN1,False,False,0,,0.0,0,negative_candidate,0.0
GLRA3,True,False,1,NCG,1.0,1,single_source_positive,
ITPR2,False,False,0,,0.0,0,negative_candidate,0.0
ARHGEF38,False,False,0,,0.0,0,negative_candidate,0.0
C1ORF131,False,False,0,,0.0,0,negative_candidate,0.0
RAD51C,False,True,1,CIViC,0.9,1,single_source_positive,
SRRD,False,False,0,,0.0,0,negative_candidate,0.0
IKZF4,False,False,0,,0.0,0,negative_candidate,0.0
IGHV1-45,False,False,0,,0.0,0,negative_candidate,0.0
ACP6,False,False,0,,0.0,0,negative_candidate,0.0
FSIP1,True,False,1,NCG,1.0,1,single_source_positive,
IL36RN,False,False,0,,0.0,0,negative_candidate,0.0
NXPE3,False,False,0,,0.0,0,negative_candidate,0.0
PLA2G12B,False,False,0,,0.0,0,negative_candidate,0.0
WNK3,False,False,0,,0.0,0,negative_candidate,0.0
C2ORF73,False,False,0,,0.0,0,negative_candidate,0.0
TMEM200C,False,False,0,,0.0,0,negative_candidate,0.0
SLC51B,False,False,0,,0.0,0,negative_candidate,0.0
TMEM252,False,False,0,,0.0,0,negative_candidate,0.0
ZNF654,False,False,0,,0.0,0,negative_candidate,0.0
GPHA2,False,False,0,,0.0,0,negative_candidate,0.0
SOHLH2,True,False,1,NCG,1.0,1,single_source_positive,
C12ORF42,False,False,0,,0.0,0,negative_candidate,0.0
HIVEP3,False,False,0,,0.0,0,negative_candidate,0.0
SPTB,True,False,1,NCG,1.0,1,single_source_positive,
PEX7,False,False,0,,0.0,0,negative_candidate,0.0
CIB2,False,False,0,,0.0,0,negative_candidate,0.0
P2RY13,False,False,0,,0.0,0,negative_candidate,0.0
FBXO22,False,False,0,,0.0,0,negative_candidate,0.0
PCSK9,False,False,0,,0.0,0,negative_candidate,0.0
WNT1,False,False,0,,0.0,0,negative_candidate,0.0
NRIP3,False,False,0,,0.0,0,negative_candidate,0.0
CEP126,False,False,0,,0.0,0,negative_candidate,0.0
COL9A2,True,False,1,NCG,1.0,1,single_source_positive,
ZNF567,False,False,0,,0.0,0,negative_candidate,0.0
RTN4IP1,False,False,0,,0.0,0,negative_candidate,0.0
SLC25A33,False,False,0,,0.0,0,negative_candidate,0.0
HJURP,False,False,0,,0.0,0,negative_candidate,0.0
SIX2,True,False,1,NCG,1.0,1,single_source_positive,
NOMO2,False,False,0,,0.0,0,negative_candidate,0.0
RETNLB,False,False,0,,0.0,0,negative_candidate,0.0
PCGF6,False,False,0,,0.0,0,negative_candidate,0.0
ACRV1,False,False,0,,0.0,0,negative_candidate,0.0
PLAAT2,False,False,0,,0.0,0,negative_candidate,0.0
TMEM145,False,False,0,,0.0,0,negative_candidate,0.0
ART5,False,False,0,,0.0,0,negative_candidate,0.0
LANCL2,False,True,1,CIViC,0.9,1,single_source_positive,
VPS13B,True,False,1,NCG,1.0,1,single_source_positive,
KCTD6,False,False,0,,0.0,0,negative_candidate,0.0
CHAC1,False,False,0,,0.0,0,negative_candidate,0.0
IGHV3-13,False,False,0,,0.0,0,negative_candidate,0.0
GGN,False,False,0,,0.0,0,negative_candidate,0.0
NUFIP1,False,False,0,,0.0,0,negative_candidate,0.0
WDR3,False,False,0,,0.0,0,negative_candidate,0.0
ALMS1,True,False,1,NCG,1.0,1,single_source_positive,
CHRNA1,False,False,0,,0.0,0,negative_candidate,0.0
C8A,False,False,0,,0.0,0,negative_candidate,0.0
SRBD1,False,False,0,,0.0,0,negative_candidate,0.0
ZSCAN4,True,False,1,NCG,1.0,1,single_source_positive,
RAD18,False,False,0,,0.0,0,negative_candidate,0.0
ZNF34,False,False,0,,0.0,0,negative_candidate,0.0
FAAP24,False,False,0,,0.0,0,negative_candidate,0.0
SHOC1,False,False,0,,0.0,0,negative_candidate,0.0
TLR7,True,False,1,NCG,1.0,1,single_source_positive,
BCORL1,True,False,1,NCG,1.0,1,single_source_positive,
ELOVL2,False,False,0,,0.0,0,negative_candidate,0.0
DCAF4L1,False,False,0,,0.0,0,negative_candidate,0.0
TENM1,False,False,0,,0.0,0,negative_candidate,0.0
TTC23,False,False,0,,0.0,0,negative_candidate,0.0
EZHIP,False,False,0,,0.0,0,negative_candidate,0.0
IFNLR1,False,False,0,,0.0,0,negative_candidate,0.0
GLUD2,False,False,0,,0.0,0,negative_candidate,0.0
KCNE5,False,False,0,,0.0,0,negative_candidate,0.0
IL13RA2,False,False,0,,0.0,0,negative_candidate,0.0
ZNF300,False,False,0,,0.0,0,negative_candidate,0.0
COL12A1,True,False,1,NCG,1.0,1,single_source_positive,
BTBD16,False,False,0,,0.0,0,negative_candidate,0.0
CLDN16,False,False,0,,0.0,0,negative_candidate,0.0
CHL1,True,False,1,NCG,1.0,1,single_source_positive,
VPS53,True,False,1,NCG,1.0,1,single_source_positive,
SLC10A5,False,False,0,,0.0,0,negative_candidate,0.0
EBF2,False,False,0,,0.0,0,negative_candidate,0.0
ZNF91,False,False,0,,0.0,0,negative_candidate,0.0
SORCS1,True,False,1,NCG,1.0,1,single_source_positive,
PRIM2,False,False,0,,0.0,0,negative_candidate,0.0
VWA8,False,False,0,,0.0,0,negative_candidate,0.0
WWOX,False,False,0,,0.0,0,negative_candidate,0.0
VTI1A,False,False,0,,0.0,0,negative_candidate,0.0
ALKBH8,False,False,0,,0.0,0,negative_candidate,0.0
DHFR2,False,False,0,,0.0,0,negative_candidate,0.0
ATXN3,True,False,1,NCG,1.0,1,single_source_positive,
FOLH1,True,False,1,NCG,1.0,1,single_source_positive,
SSPN,False,False,0,,0.0,0,negative_candidate,0.0
VPS37D,False,False,0,,0.0,0,negative_candidate,0.0
PLSCR2,True,False,1,NCG,1.0,1,single_source_positive,
VCX,False,False,0,,0.0,0,negative_candidate,0.0
TNFSF11,False,False,0,,0.0,0,negative_candidate,0.0
PKIA,False,False,0,,0.0,0,negative_candidate,0.0
SNX16,True,False,1,NCG,1.0,1,single_source_positive,
UNC5D,True,False,1,NCG,1.0,1,single_source_positive,
MAP9,False,False,0,,0.0,0,negative_candidate,0.0
FOXP2,True,False,1,NCG,1.0,1,single_source_positive,
IQCD,False,False,0,,0.0,0,negative_candidate,0.0
DZIP1L,False,False,0,,0.0,0,negative_candidate,0.0
AMIGO1,False,False,0,,0.0,0,negative_candidate,0.0
NT5DC3,False,False,0,,0.0,0,negative_candidate,0.0
INVS,False,False,0,,0.0,0,negative_candidate,0.0
LYRM7,False,False,0,,0.0,0,negative_candidate,0.0
FZD9,False,False,0,,0.0,0,negative_candidate,0.0
MRPS11,False,False,0,,0.0,0,negative_candidate,0.0
GNG3,True,False,1,NCG,1.0,1,single_source_positive,
SLC25A51,False,False,0,,0.0,0,negative_candidate,0.0
AMN,False,False,0,,0.0,0,negative_candidate,0.0
H2AC12,False,False,0,,0.0,0,negative_candidate,0.0
AGO3,False,False,0,,0.0,0,negative_candidate,0.0
STAC3,False,False,0,,0.0,0,negative_candidate,0.0
GSTZ1,False,False,0,,0.0,0,negative_candidate,0.0
CSAG3,False,False,0,,0.0,0,negative_candidate,0.0
LSM8,False,False,0,,0.0,0,negative_candidate,0.0
LENG9,False,False,0,,0.0,0,negative_candidate,0.0
AKR7A3,False,False,0,,0.0,0,negative_candidate,0.0
STOML3,False,False,0,,0.0,0,negative_candidate,0.0
CALCR,True,False,1,NCG,1.0,1,single_source_positive,
CDCA3,False,False,0,,0.0,0,negative_candidate,0.0
NEDD4,True,False,1,NCG,1.0,1,single_source_positive,
ZNF718,False,False,0,,0.0,0,negative_candidate,0.0
DIXDC1,False,False,0,,0.0,0,negative_candidate,0.0
ZNF578,True,False,1,NCG,1.0,1,single_source_positive,
VPS50,False,False,0,,0.0,0,negative_candidate,0.0
ANKRD16,True,False,1,NCG,1.0,1,single_source_positive,
NUDT17,False,False,0,,0.0,0,negative_candidate,0.0
SEC61A2,False,False,0,,0.0,0,negative_candidate,0.0
PRAME,False,False,0,,0.0,0,negative_candidate,0.0
ITGA4,True,False,1,NCG,1.0,1,single_source_positive,
METTL22,False,False,0,,0.0,0,negative_candidate,0.0
ANKRD45,False,False,0,,0.0,0,negative_candidate,0.0
ZNF649,False,False,0,,0.0,0,negative_candidate,0.0
OTOGL,True,False,1,NCG,1.0,1,single_source_positive,
RHOXF1,False,False,0,,0.0,0,negative_candidate,0.0
NOCT,False,False,0,,0.0,0,negative_candidate,0.0
PAIP2B,False,False,0,,0.0,0,negative_candidate,0.0
METTL25,False,False,0,,0.0,0,negative_candidate,0.0
TCP11L1,False,False,0,,0.0,0,negative_candidate,0.0
PTPRZ1,False,False,0,,0.0,0,negative_candidate,0.0
DEPTOR,False,False,0,,0.0,0,negative_candidate,0.0
CILK1,True,False,1,NCG,1.0,1,single_source_positive,
ZNF562,False,False,0,,0.0,0,negative_candidate,0.0
ABHD6,False,False,0,,0.0,0,negative_candidate,0.0
ATAD5,False,False,0,,0.0,0,negative_candidate,0.0
FSTL4,False,False,0,,0.0,0,negative_candidate,0.0
IGHV2-26,False,False,0,,0.0,0,negative_candidate,0.0
FAM216B,False,False,0,,0.0,0,negative_candidate,0.0
DERL3,False,False,0,,0.0,0,negative_candidate,0.0
NT5E,False,True,1,CIViC,1.0,1,single_source_positive,
TLCD4,False,False,0,,0.0,0,negative_candidate,0.0
SYCP3,False,False,0,,0.0,0,negative_candidate,0.0
LRRC46,False,False,0,,0.0,0,negative_candidate,0.0
ANKEF1,False,False,0,,0.0,0,negative_candidate,0.0
SLC1A2,False,False,0,,0.0,0,negative_candidate,0.0
CACNG6,True,False,1,NCG,1.0,1,single_source_positive,
TM4SF18,True,False,1,NCG,1.0,1,single_source_positive,
TRBV19,False,False,0,,0.0,0,negative_candidate,0.0
ZNF506,False,False,0,,0.0,0,negative_candidate,0.0
ZC3H6,False,False,0,,0.0,0,negative_candidate,0.0
SACS,True,False,1,NCG,1.0,1,single_source_positive,
JRK,False,False,0,,0.0,0,negative_candidate,0.0
TIGD5,False,False,0,,0.0,0,negative_candidate,0.0
LPAR5,False,False,0,,0.0,0,negative_candidate,0.0
CCDC134,False,False,0,,0.0,0,negative_candidate,0.0
ZNF322,False,False,0,,0.0,0,negative_candidate,0.0
EFNA3,False,False,0,,0.0,0,negative_candidate,0.0
SMYD4,False,False,0,,0.0,0,negative_candidate,0.0
SLC4A3,False,False,0,,0.0,0,negative_candidate,0.0
F8,True,False,1,NCG,1.0,1,single_source_positive,
KIF2C,False,False,0,,0.0,0,negative_candidate,0.0
ZCWPW1,False,False,0,,0.0,0,negative_candidate,0.0
PDCD1,False,False,0,,0.0,0,negative_candidate,0.0
ZNF429,True,False,1,NCG,1.0,1,single_source_positive,
IGKV6-21,False,False,0,,0.0,0,negative_candidate,0.0
PELI3,True,False,1,NCG,1.0,1,single_source_positive,
TRAM1L1,False,False,0,,0.0,0,negative_candidate,0.0
SLC9A2,False,False,0,,0.0,0,negative_candidate,0.0
CCL11,False,False,0,,0.0,0,negative_candidate,0.0
EAF2,True,False,1,NCG,1.0,1,single_source_positive,
CHST13,False,False,0,,0.0,0,negative_candidate,0.0
POLE2,False,False,0,,0.0,0,negative_candidate,0.0
ZNF681,False,False,0,,0.0,0,negative_candidate,0.0
RFLNA,True,False,1,NCG,1.0,1,single_source_positive,
GP2,False,True,1,CIViC,0.9,1,single_source_positive,
FAM186B,False,False,0,,0.0,0,negative_candidate,0.0
FAM204A,False,False,0,,0.0,0,negative_candidate,0.0
BCL9,True,True,2,NCG;CIViC,1.0,1,high_confidence_positive,1.0
MOCOS,False,False,0,,0.0,0,negative_candidate,0.0
PTP4A1,False,False,0,,0.0,0,negative_candidate,0.0
NBEAL1,False,False,0,,0.0,0,negative_candidate,0.0
TBXT,False,True,1,CIViC,0.9,1,single_source_positive,
SPINK9,False,False,0,,0.0,0,negative_candidate,0.0
TAF5,False,False,0,,0.0,0,negative_candidate,0.0
ZNF485,False,False,0,,0.0,0,negative_candidate,0.0
S100Z,False,False,0,,0.0,0,negative_candidate,0.0
SLC52A3,False,False,0,,0.0,0,negative_candidate,0.0
DSP,True,False,1,NCG,1.0,1,single_source_positive,
GTPBP8,False,False,0,,0.0,0,negative_candidate,0.0
LRRC57,False,False,0,,0.0,0,negative_candidate,0.0
ERVFRD-1,False,False,0,,0.0,0,negative_candidate,0.0
CHDH,True,False,1,NCG,1.0,1,single_source_positive,
CLTRN,False,False,0,,0.0,0,negative_candidate,0.0
DTNA,True,False,1,NCG,1.0,1,single_source_positive,
KCNC3,False,False,0,,0.0,0,negative_candidate,0.0
CD247,False,False,0,,0.0,0,negative_candidate,0.0
MTRF1,True,False,1,NCG,1.0,1,single_source_positive,
TRMT10A,False,False,0,,0.0,0,negative_candidate,0.0
ZNF136,False,False,0,,0.0,0,negative_candidate,0.0
RBKS,False,False,0,,0.0,0,negative_candidate,0.0
GET1,False,False,0,,0.0,0,negative_candidate,0.0
GPR143,False,False,0,,0.0,0,negative_candidate,0.0
CST1,False,False,0,,0.0,0,negative_candidate,0.0
CROT,False,False,0,,0.0,0,negative_candidate,0.0
SFXN2,False,False,0,,0.0,0,negative_candidate,0.0
MANEA,False,False,0,,0.0,0,negative_candidate,0.0
HCN4,False,False,0,,0.0,0,negative_candidate,0.0
AOAH,False,False,0,,0.0,0,negative_candidate,0.0
SPAG17,True,False,1,NCG,1.0,1,single_source_positive,
CEP192,False,False,0,,0.0,0,negative_candidate,0.0
STXBP5L,False,False,0,,0.0,0,negative_candidate,0.0
C14ORF93,False,False,0,,0.0,0,negative_candidate,0.0
LCOR,False,False,0,,0.0,0,negative_candidate,0.0
SLC25A35,False,False,0,,0.0,0,negative_candidate,0.0
LTO1,False,False,0,,0.0,0,negative_candidate,0.0
RFC4,True,False,1,NCG,1.0,1,single_source_positive,
NAP1L5,False,False,0,,0.0,0,negative_candidate,0.0
ADAMTS20,True,False,1,NCG,1.0,1,single_source_positive,
CIBAR1,False,False,0,,0.0,0,negative_candidate,0.0
PLEKHA3,False,False,0,,0.0,0,negative_candidate,0.0
AGL,False,False,0,,0.0,0,negative_candidate,0.0
OXNAD1,True,False,1,NCG,1.0,1,single_source_positive,
ZNF141,False,False,0,,0.0,0,negative_candidate,0.0
RASD2,False,False,0,,0.0,0,negative_candidate,0.0
CEP85,False,False,0,,0.0,0,negative_candidate,0.0
MYH1,False,False,0,,0.0,0,negative_candidate,0.0
CDADC1,False,False,0,,0.0,0,negative_candidate,0.0
SERPINC1,False,False,0,,0.0,0,negative_candidate,0.0
ADAM21,False,False,0,,0.0,0,negative_candidate,0.0
NRXN1,False,False,0,,0.0,0,negative_candidate,0.0
NUF2,False,False,0,,0.0,0,negative_candidate,0.0
HSD17B2,False,False,0,,0.0,0,negative_candidate,0.0
TAF3,False,False,0,,0.0,0,negative_candidate,0.0
ZFPM2,True,False,1,NCG,1.0,1,single_source_positive,
TBC1D7,True,False,1,NCG,1.0,1,single_source_positive,
ANK3,True,False,1,NCG,1.0,1,single_source_positive,
NDUFAF2,False,False,0,,0.0,0,negative_candidate,0.0
TTC12,False,False,0,,0.0,0,negative_candidate,0.0
PHKA1,False,False,0,,0.0,0,negative_candidate,0.0
BBS12,False,False,0,,0.0,0,negative_candidate,0.0
DNMT3A,True,True,2,NCG;CIViC,1.0,1,high_confidence_positive,1.0
TRH,False,False,0,,0.0,0,negative_candidate,0.0
MAEL,False,False,0,,0.0,0,negative_candidate,0.0
SERPINB7,True,False,1,NCG,1.0,1,single_source_positive,
ZNF367,False,False,0,,0.0,0,negative_candidate,0.0
CNNM1,False,False,0,,0.0,0,negative_candidate,0.0
FCRLB,False,False,0,,0.0,0,negative_candidate,0.0
DLK1,True,False,1,NCG,1.0,1,single_source_positive,
PAQR3,False,False,0,,0.0,0,negative_candidate,0.0
CHRM3,False,False,0,,0.0,0,negative_candidate,0.0
NARS2,False,False,0,,0.0,0,negative_candidate,0.0
POU2F2,True,True,2,NCG;CIViC,1.0,1,high_confidence_positive,1.0
C2ORF66,False,False,0,,0.0,0,negative_candidate,0.0
PINX1,False,False,0,,0.0,0,negative_candidate,0.0
MYT1,True,False,1,NCG,1.0,1,single_source_positive,
RALGPS1,False,False,0,,0.0,0,negative_candidate,0.0
CLEC4C,False,False,0,,0.0,0,negative_candidate,0.0
PLD5,False,False,0,,0.0,0,negative_candidate,0.0
PLEKHA7,False,False,0,,0.0,0,negative_candidate,0.0
CD1E,False,False,0,,0.0,0,negative_candidate,0.0
CC2D2A,False,False,0,,0.0,0,negative_candidate,0.0
CD164L2,False,False,0,,0.0,0,negative_candidate,0.0
TEKT2,False,False,0,,0.0,0,negative_candidate,0.0
ACOT1,False,False,0,,0.0,0,negative_candidate,0.0
ZNF346,False,False,0,,0.0,0,negative_candidate,0.0
SKIDA1,False,False,0,,0.0,0,negative_candidate,0.0
UGT2B7,False,False,0,,0.0,0,negative_candidate,0.0
HCN1,True,False,1,NCG,1.0,1,single_source_positive,
ZNF550,False,False,0,,0.0,0,negative_candidate,0.0
H3C11,True,False,1,NCG,1.0,1,single_source_positive,
OVGP1,False,False,0,,0.0,0,negative_candidate,0.0
PRDM16,True,False,1,NCG,1.0,1,single_source_positive,
GJB3,False,False,0,,0.0,0,negative_candidate,0.0
TEX26,False,False,0,,0.0,0,negative_candidate,0.0
ASTE1,False,False,0,,0.0,0,negative_candidate,0.0
CDC20B,False,False,0,,0.0,0,negative_candidate,0.0
PALB2,True,True,2,NCG;CIViC,1.0,1,high_confidence_positive,1.0
ZNF227,True,False,1,NCG,1.0,1,single_source_positive,
ZBTB25,False,False,0,,0.0,0,negative_candidate,0.0
PNMA5,False,False,0,,0.0,0,negative_candidate,0.0
LGSN,True,False,1,NCG,1.0,1,single_source_positive,
CPXM2,True,False,1,NCG,1.0,1,single_source_positive,
SPATA7,False,False,0,,0.0,0,negative_candidate,0.0
GAN,False,False,0,,0.0,0,negative_candidate,0.0
CCR4,True,False,1,NCG,1.0,1,single_source_positive,
LRRIQ4,False,False,0,,0.0,0,negative_candidate,0.0
ANKRD13B,False,False,0,,0.0,0,negative_candidate,0.0
NBEA,True,False,1,NCG,1.0,1,single_source_positive,
SLC39A11,False,False,0,,0.0,0,negative_candidate,0.0
IGLV5-37,False,False,0,,0.0,0,negative_candidate,0.0
ZFP3,False,False,0,,0.0,0,negative_candidate,0.0
TCP11L2,True,False,1,NCG,1.0,1,single_source_positive,
EHHADH,False,False,0,,0.0,0,negative_candidate,0.0
DTD1,False,False,0,,0.0,0,negative_candidate,0.0
MPPED2,True,False,1,NCG,1.0,1,single_source_positive,
RIMS1,True,False,1,NCG,1.0,1,single_source_positive,
TMEM116,True,False,1,NCG,1.0,1,single_source_positive,
SHBG,False,False,0,,0.0,0,negative_candidate,0.0
NMRK2,True,False,1,NCG,1.0,1,single_source_positive,
TMEM231,False,False,0,,0.0,0,negative_candidate,0.0
ORC6,False,False,0,,0.0,0,negative_candidate,0.0
OBSCN,True,False,1,NCG,1.0,1,single_source_positive,
LRRC31,False,False,0,,0.0,0,negative_candidate,0.0
FAM133B,False,False,0,,0.0,0,negative_candidate,0.0
LINGO1,False,False,0,,0.0,0,negative_candidate,0.0
SLC8A1,False,False,0,,0.0,0,negative_candidate,0.0
BBS7,False,False,0,,0.0,0,negative_candidate,0.0
ZNF714,False,False,0,,0.0,0,negative_candidate,0.0
HARBI1,False,False,0,,0.0,0,negative_candidate,0.0
GPR84,False,False,0,,0.0,0,negative_candidate,0.0
CYTL1,False,False,0,,0.0,0,negative_candidate,0.0
MYOZ1,False,False,0,,0.0,0,negative_candidate,0.0
HDGFL3,False,False,0,,0.0,0,negative_candidate,0.0
SEPTIN14,False,True,1,CIViC,1.0,1,single_source_positive,
TMEM270,False,False,0,,0.0,0,negative_candidate,0.0
GDPD2,False,False,0,,0.0,0,negative_candidate,0.0
NUP62CL,False,False,0,,0.0,0,negative_candidate,0.0
SETD9,False,False,0,,0.0,0,negative_candidate,0.0
PIAS2,False,False,0,,0.0,0,negative_candidate,0.0
ST3GAL6,True,False,1,NCG,1.0,1,single_source_positive,
TWNK,True,False,1,NCG,1.0,1,single_source_positive,
GATB,False,False,0,,0.0,0,negative_candidate,0.0
CIBAR2,True,False,1,NCG,1.0,1,single_source_positive,
TEFM,False,False,0,,0.0,0,negative_candidate,0.0
PCBD2,False,False,0,,0.0,0,negative_candidate,0.0
STK26,True,False,1,NCG,1.0,1,single_source_positive,
ZNF597,False,False,0,,0.0,0,negative_candidate,0.0
SORD,False,False,0,,0.0,0,negative_candidate,0.0
IGKV3D-15,False,False,0,,0.0,0,negative_candidate,0.0
CCDC142,False,False,0,,0.0,0,negative_candidate,0.0
C12ORF71,False,False,0,,0.0,0,negative_candidate,0.0
GPR155,False,False,0,,0.0,0,negative_candidate,0.0
CFAP251,False,False,0,,0.0,0,negative_candidate,0.0
LIPT1,False,False,0,,0.0,0,negative_candidate,0.0
COL7A1,True,False,1,NCG,1.0,1,single_source_positive,
SLF1,False,False,0,,0.0,0,negative_candidate,0.0
TRIM17,False,False,0,,0.0,0,negative_candidate,0.0
RHCG,False,False,0,,0.0,0,negative_candidate,0.0
MESP1,False,False,0,,0.0,0,negative_candidate,0.0
HYAL3,False,False,0,,0.0,0,negative_candidate,0.0
C4ORF33,False,False,0,,0.0,0,negative_candidate,0.0
MYCN,True,True,2,NCG;CIViC,1.0,1,high_confidence_positive,1.0
ZNF677,True,False,1,NCG,1.0,1,single_source_positive,
MKI67,True,True,2,NCG;CIViC,1.0,1,high_confidence_positive,1.0
NBPF20,False,False,0,,0.0,0,negative_candidate,0.0
CCDC89,False,False,0,,0.0,0,negative_candidate,0.0
DRP2,False,False,0,,0.0,0,negative_candidate,0.0
IGLV3-9,False,False,0,,0.0,0,negative_candidate,0.0
CFAP52,False,False,0,,0.0,0,negative_candidate,0.0
C8ORF58,False,False,0,,0.0,0,negative_candidate,0.0
MMP7,False,False,0,,0.0,0,negative_candidate,0.0
ZNF181,True,False,1,NCG,1.0,1,single_source_positive,
PASD1,True,False,1,NCG,1.0,1,single_source_positive,
H3C2,True,True,2,NCG;CIViC,1.0,1,high_confidence_positive,1.0
BORCS5,False,False,0,,0.0,0,negative_candidate,0.0
FOXM1,True,False,1,NCG,1.0,1,single_source_positive,
AFF2,True,True,2,NCG;CIViC,1.0,1,high_confidence_positive,1.0
NMT2,False,False,0,,0.0,0,negative_candidate,0.0
GNG7,True,False,1,NCG,1.0,1,single_source_positive,
SPRR2G,False,False,0,,0.0,0,negative_candidate,0.0
STRA6,False,False,0,,0.0,0,negative_candidate,0.0
ARL6,False,False,0,,0.0,0,negative_candidate,0.0
EXTL1,False,False,0,,0.0,0,negative_candidate,0.0
CDK5R1,False,False,0,,0.0,0,negative_candidate,0.0
ADGRF4,False,False,0,,0.0,0,negative_candidate,0.0
QSER1,False,False,0,,0.0,0,negative_candidate,0.0
CERKL,False,False,0,,0.0,0,negative_candidate,0.0
GNAI1,True,False,1,NCG,1.0,1,single_source_positive,
APTX,False,False,0,,0.0,0,negative_candidate,0.0
KCTD19,False,False,0,,0.0,0,negative_candidate,0.0
ZC3H12C,False,False,0,,0.0,0,negative_candidate,0.0
HS3ST6,False,False,0,,0.0,0,negative_candidate,0.0
LMOD3,False,False,0,,0.0,0,negative_candidate,0.0
IQUB,False,False,0,,0.0,0,negative_candidate,0.0
GJA3,False,False,0,,0.0,0,negative_candidate,0.0
TRBV4-1,False,False,0,,0.0,0,negative_candidate,0.0
SHF,True,False,1,NCG,1.0,1,single_source_positive,
PAX5,True,True,2,NCG;CIViC,1.0,1,high_confidence_positive,1.0
PUS10,False,False,0,,0.0,0,negative_candidate,0.0
BHMT,False,False,0,,0.0,0,negative_candidate,0.0
KRT40,False,False,0,,0.0,0,negative_candidate,0.0
IRAG2,True,False,1,NCG,1.0,1,single_source_positive,
CCDC78,False,False,0,,0.0,0,negative_candidate,0.0
H4C5,True,False,1,NCG,1.0,1,single_source_positive,
STYXL2,False,False,0,,0.0,0,negative_candidate,0.0
MORN5,False,False,0,,0.0,0,negative_candidate,0.0
TRDC,False,False,0,,0.0,0,negative_candidate,0.0
SIAH1,False,False,0,,0.0,0,negative_candidate,0.0
DTD2,False,False,0,,0.0,0,negative_candidate,0.0
TEX30,False,False,0,,0.0,0,negative_candidate,0.0
PIGF,False,False,0,,0.0,0,negative_candidate,0.0
ZNF70,False,False,0,,0.0,0,negative_candidate,0.0
SMG8,True,False,1,NCG,1.0,1,single_source_positive,
RIMS3,False,False,0,,0.0,0,negative_candidate,0.0
TUBB4A,False,False,0,,0.0,0,negative_candidate,0.0
EFNB3,False,False,0,,0.0,0,negative_candidate,0.0
ZNF114,False,False,0,,0.0,0,negative_candidate,0.0
CHST7,False,False,0,,0.0,0,negative_candidate,0.0
SUPT3H,False,False,0,,0.0,0,negative_candidate,0.0
STOML1,False,False,0,,0.0,0,negative_candidate,0.0
ROR2,False,False,0,,0.0,0,negative_candidate,0.0
ESCO1,False,False,0,,0.0,0,negative_candidate,0.0
DPEP1,False,False,0,,0.0,0,negative_candidate,0.0
TRGV9,False,False,0,,0.0,0,negative_candidate,0.0
RTN4RL1,False,False,0,,0.0,0,negative_candidate,0.0
GUCY2C,False,False,0,,0.0,0,negative_candidate,0.0
PDE6G,True,False,1,NCG,1.0,1,single_source_positive,
TAS2R3,False,False,0,,0.0,0,negative_candidate,0.0
GNB5,False,False,0,,0.0,0,negative_candidate,0.0
AMER1,True,True,2,NCG;CIViC,1.0,1,high_confidence_positive,1.0
POU6F2,True,False,1,NCG,1.0,1,single_source_positive,
KIF26B,False,False,0,,0.0,0,negative_candidate,0.0
PLAC8L1,False,False,0,,0.0,0,negative_candidate,0.0
SLC5A12,False,False,0,,0.0,0,negative_candidate,0.0
CCDC82,False,False,0,,0.0,0,negative_candidate,0.0
DSEL,True,False,1,NCG,1.0,1,single_source_positive,
RIC8B,False,False,0,,0.0,0,negative_candidate,0.0
SPEF2,False,False,0,,0.0,0,negative_candidate,0.0
SRRM3,False,False,0,,0.0,0,negative_candidate,0.0
PARD6G,False,False,0,,0.0,0,negative_candidate,0.0
C22ORF31,False,False,0,,0.0,0,negative_candidate,0.0
SP6,False,False,0,,0.0,0,negative_candidate,0.0
CCDC28B,False,False,0,,0.0,0,negative_candidate,0.0
KRT20,False,False,0,,0.0,0,negative_candidate,0.0
ZNF69,False,False,0,,0.0,0,negative_candidate,0.0
TDO2,False,False,0,,0.0,0,negative_candidate,0.0
PRB3,False,False,0,,0.0,0,negative_candidate,0.0
GBP5,False,False,0,,0.0,0,negative_candidate,0.0
CEP41,False,False,0,,0.0,0,negative_candidate,0.0
VLDLR,False,False,0,,0.0,0,negative_candidate,0.0
VAT1L,False,False,0,,0.0,0,negative_candidate,0.0
ATP6V1E2,False,False,0,,0.0,0,negative_candidate,0.0
MMAA,False,False,0,,0.0,0,negative_candidate,0.0
GRIK5,True,False,1,NCG,1.0,1,single_source_positive,
EXOG,False,False,0,,0.0,0,negative_candidate,0.0
SPATA18,True,False,1,NCG,1.0,1,single_source_positive,
NBPF1,True,False,1,NCG,1.0,1,single_source_positive,
KCTD4,False,False,0,,0.0,0,negative_candidate,0.0
DCDC1,False,False,0,,0.0,0,negative_candidate,0.0
KBTBD4,True,False,1,NCG,1.0,1,single_source_positive,
NUP155,False,False,0,,0.0,0,negative_candidate,0.0
ZCCHC12,True,False,1,NCG,1.0,1,single_source_positive,
LNP1,False,False,0,,0.0,0,negative_candidate,0.0
PRAC1,False,False,0,,0.0,0,negative_candidate,0.0
FOXA3,False,False,0,,0.0,0,negative_candidate,0.0
ZNF85,False,False,0,,0.0,0,negative_candidate,0.0
CCL24,False,False,0,,0.0,0,negative_candidate,0.0
CATSPERD,False,False,0,,0.0,0,negative_candidate,0.0
NME5,False,False,0,,0.0,0,negative_candidate,0.0
ZNF529,False,False,0,,0.0,0,negative_candidate,0.0
IHO1,False,False,0,,0.0,0,negative_candidate,0.0
IGHMBP2,False,False,0,,0.0,0,negative_candidate,0.0
TESK2,False,False,0,,0.0,0,negative_candidate,0.0
NETO2,True,False,1,NCG,1.0,1,single_source_positive,
CHIT1,False,False,0,,0.0,0,negative_candidate,0.0
ALB,True,False,1,NCG,1.0,1,single_source_positive,
ZNF260,False,False,0,,0.0,0,negative_candidate,0.0
RNGTT,False,False,0,,0.0,0,negative_candidate,0.0
SCLT1,False,False,0,,0.0,0,negative_candidate,0.0
KANK1,False,True,1,CIViC,1.0,1,single_source_positive,
CHMP4C,False,False,0,,0.0,0,negative_candidate,0.0
RNF180,False,False,0,,0.0,0,negative_candidate,0.0
C17ORF78,False,False,0,,0.0,0,negative_candidate,0.0
ISL2,False,False,0,,0.0,0,negative_candidate,0.0
KCNK9,False,False,0,,0.0,0,negative_candidate,0.0
DGAT2,False,False,0,,0.0,0,negative_candidate,0.0
ACYP2,False,False,0,,0.0,0,negative_candidate,0.0
C8B,False,False,0,,0.0,0,negative_candidate,0.0
ZDBF2,True,False,1,NCG,1.0,1,single_source_positive,
MYO1H,True,False,1,NCG,1.0,1,single_source_positive,
GKAP1,False,True,1,CIViC,0.9,1,single_source_positive,
KLHL32,False,False,0,,0.0,0,negative_candidate,0.0
EPYC,True,False,1,NCG,1.0,1,single_source_positive,
ZNF616,False,False,0,,0.0,0,negative_candidate,0.0
SLC22A15,False,False,0,,0.0,0,negative_candidate,0.0
SWSAP1,False,False,0,,0.0,0,negative_candidate,0.0
ZNF789,False,False,0,,0.0,0,negative_candidate,0.0
SHROOM2,False,False,0,,0.0,0,negative_candidate,0.0
ZBTB41,False,False,0,,0.0,0,negative_candidate,0.0
ALPG,False,False,0,,0.0,0,negative_candidate,0.0
ZNF569,False,False,0,,0.0,0,negative_candidate,0.0
ZFP64,False,False,0,,0.0,0,negative_candidate,0.0
TAGLN3,False,False,0,,0.0,0,negative_candidate,0.0
PTPN3,False,False,0,,0.0,0,negative_candidate,0.0
ZNF557,False,False,0,,0.0,0,negative_candidate,0.0
CDRT15,False,False,0,,0.0,0,negative_candidate,0.0
MON1A,False,False,0,,0.0,0,negative_candidate,0.0
EXOSC3,False,False,0,,0.0,0,negative_candidate,0.0
MAGEA8,False,False,0,,0.0,0,negative_candidate,0.0
TTC36,False,False,0,,0.0,0,negative_candidate,0.0
MLLT3,True,True,2,NCG;CIViC,1.0,1,high_confidence_positive,1.0
SERPINA6,False,False,0,,0.0,0,negative_candidate,0.0
ANO3,False,False,0,,0.0,0,negative_candidate,0.0
DCC,True,True,2,NCG;CIViC,1.0,1,high_confidence_positive,1.0
SPNS3,False,False,0,,0.0,0,negative_candidate,0.0
FAM83F,False,False,0,,0.0,0,negative_candidate,0.0
RALGAPA1,False,False,0,,0.0,0,negative_candidate,0.0
ZBTB9,False,False,0,,0.0,0,negative_candidate,0.0
GRHL3,False,False,0,,0.0,0,negative_candidate,0.0
POLR1G,True,False,1,NCG,1.0,1,single_source_positive,
ZNF780B,False,False,0,,0.0,0,negative_candidate,0.0
BMP3,False,False,0,,0.0,0,negative_candidate,0.0
C5AR2,False,False,0,,0.0,0,negative_candidate,0.0
FAM241A,True,False,1,NCG,1.0,1,single_source_positive,
TMEM130,False,False,0,,0.0,0,negative_candidate,0.0
MTTP,False,False,0,,0.0,0,negative_candidate,0.0
USP45,False,False,0,,0.0,0,negative_candidate,0.0
IGLV3-16,False,False,0,,0.0,0,negative_candidate,0.0
WDR31,False,False,0,,0.0,0,negative_candidate,0.0
OIT3,False,False,0,,0.0,0,negative_candidate,0.0
RNF125,False,False,0,,0.0,0,negative_candidate,0.0
FGD6,False,False,0,,0.0,0,negative_candidate,0.0
TRMT44,True,False,1,NCG,1.0,1,single_source_positive,
GNGT2,False,False,0,,0.0,0,negative_candidate,0.0
MUC21,False,False,0,,0.0,0,negative_candidate,0.0
ZNF324,True,False,1,NCG,1.0,1,single_source_positive,
ZNF280D,False,False,0,,0.0,0,negative_candidate,0.0
CCDC121,False,False,0,,0.0,0,negative_candidate,0.0
SDR42E1,False,False,0,,0.0,0,negative_candidate,0.0
ZNF292,True,True,2,NCG;CIViC,1.0,1,high_confidence_positive,1.0
GLOD5,False,False,0,,0.0,0,negative_candidate,0.0
OLFM4,False,False,0,,0.0,0,negative_candidate,0.0
ICOS,False,False,0,,0.0,0,negative_candidate,0.0
ALG8,False,False,0,,0.0,0,negative_candidate,0.0
GINS3,False,False,0,,0.0,0,negative_candidate,0.0
PWWP3B,False,False,0,,0.0,0,negative_candidate,0.0
PIGL,False,False,0,,0.0,0,negative_candidate,0.0
CBY2,False,False,0,,0.0,0,negative_candidate,0.0
DCLRE1A,True,False,1,NCG,1.0,1,single_source_positive,
NUDT13,False,False,0,,0.0,0,negative_candidate,0.0
C14ORF28,False,False,0,,0.0,0,negative_candidate,0.0
ZNF132,False,False,0,,0.0,0,negative_candidate,0.0
CTNNA2,True,False,1,NCG,1.0,1,single_source_positive,
CAPN12,False,False,0,,0.0,0,negative_candidate,0.0
POLR3B,False,False,0,,0.0,0,negative_candidate,0.0
EPHA3,True,False,1,NCG,1.0,1,single_source_positive,
NLGN1,False,False,0,,0.0,0,negative_candidate,0.0
ZFP42,False,False,0,,0.0,0,negative_candidate,0.0
FIGNL1,True,False,1,NCG,1.0,1,single_source_positive,
NGEF,True,False,1,NCG,1.0,1,single_source_positive,
IGHV3-53,False,False,0,,0.0,0,negative_candidate,0.0
SMR3B,False,False,0,,0.0,0,negative_candidate,0.0
DSCAM,False,False,0,,0.0,0,negative_candidate,0.0
MAP6,False,False,0,,0.0,0,negative_candidate,0.0
TNF,True,False,1,NCG,1.0,1,single_source_positive,
ARFGEF3,False,False,0,,0.0,0,negative_candidate,0.0
LRRC75A,False,False,0,,0.0,0,negative_candidate,0.0
TMSB15A,False,False,0,,0.0,0,negative_candidate,0.0
NBPF3,False,False,0,,0.0,0,negative_candidate,0.0
FZD10,False,False,0,,0.0,0,negative_candidate,0.0
C21ORF58,False,False,0,,0.0,0,negative_candidate,0.0
CEP76,True,False,1,NCG,1.0,1,single_source_positive,
ZNF701,False,False,0,,0.0,0,negative_candidate,0.0
ATXN7L2,False,False,0,,0.0,0,negative_candidate,0.0
EIF5A2,False,False,0,,0.0,0,negative_candidate,0.0
PADI3,False,False,0,,0.0,0,negative_candidate,0.0
IL22RA2,False,False,0,,0.0,0,negative_candidate,0.0
TMEM89,False,False,0,,0.0,0,negative_candidate,0.0
KLK8,False,False,0,,0.0,0,negative_candidate,0.0
CHML,False,False,0,,0.0,0,negative_candidate,0.0
H2BC13,False,False,0,,0.0,0,negative_candidate,0.0
HAUS8,False,False,0,,0.0,0,negative_candidate,0.0
NPY4R,False,False,0,,0.0,0,negative_candidate,0.0
TAS2R43,True,False,1,NCG,1.0,1,single_source_positive,
ARHGAP11A,False,False,0,,0.0,0,negative_candidate,0.0
TMEM170B,False,False,0,,0.0,0,negative_candidate,0.0
GIN1,False,False,0,,0.0,0,negative_candidate,0.0
GABRA3,False,False,0,,0.0,0,negative_candidate,0.0
FAM221A,False,False,0,,0.0,0,negative_candidate,0.0
IGF2BP3,True,False,1,NCG,1.0,1,single_source_positive,
H2BC1,False,False,0,,0.0,0,negative_candidate,0.0
SLC9A5,False,False,0,,0.0,0,negative_candidate,0.0
SLC35G1,True,False,1,NCG,1.0,1,single_source_positive,
IL1A,True,False,1,NCG,1.0,1,single_source_positive,
DNAH10,False,False,0,,0.0,0,negative_candidate,0.0
OVCH1,True,False,1,NCG,1.0,1,single_source_positive,
TUBB2B,False,False,0,,0.0,0,negative_candidate,0.0
LHFPL4,False,False,0,,0.0,0,negative_candidate,0.0
HAGHL,False,False,0,,0.0,0,negative_candidate,0.0
EIF3C,False,False,0,,0.0,0,negative_candidate,0.0
BARD1,True,True,2,NCG;CIViC,1.0,1,high_confidence_positive,1.0
ZEB1,True,True,2,NCG;CIViC,1.0,1,high_confidence_positive,1.0
CABCOCO1,False,False,0,,0.0,0,negative_candidate,0.0
NRCAM,False,False,0,,0.0,0,negative_candidate,0.0
PCK1,False,False,0,,0.0,0,negative_candidate,0.0
B9D1,False,False,0,,0.0,0,negative_candidate,0.0
IGHV3-72,False,False,0,,0.0,0,negative_candidate,0.0
ZNF549,False,False,0,,0.0,0,negative_candidate,0.0
ITGB7,True,False,1,NCG,1.0,1,single_source_positive,
B4GALT6,False,False,0,,0.0,0,negative_candidate,0.0
BEND7,False,False,0,,0.0,0,negative_candidate,0.0
IGSF11,False,False,0,,0.0,0,negative_candidate,0.0
TMEM220,True,False,1,NCG,1.0,1,single_source_positive,
ADH6,False,False,0,,0.0,0,negative_candidate,0.0
CWC27,False,False,0,,0.0,0,negative_candidate,0.0
ZNF441,False,False,0,,0.0,0,negative_candidate,0.0
CRYBA1,False,False,0,,0.0,0,negative_candidate,0.0
AJM1,False,False,0,,0.0,0,negative_candidate,0.0
ACBD5,False,False,0,,0.0,0,negative_candidate,0.0
APOBEC3H,False,False,0,,0.0,0,negative_candidate,0.0
TFAP2A,True,False,1,NCG,1.0,1,single_source_positive,
LMO1,True,False,1,NCG,1.0,1,single_source_positive,
SLIT1,False,False,0,,0.0,0,negative_candidate,0.0
CPSF2,False,False,0,,0.0,0,negative_candidate,0.0
PAGE2,False,False,0,,0.0,0,negative_candidate,0.0
TRAV34,False,False,0,,0.0,0,negative_candidate,0.0
ZNF554,False,False,0,,0.0,0,negative_candidate,0.0
KPNA5,False,False,0,,0.0,0,negative_candidate,0.0
MCM9,False,False,0,,0.0,0,negative_candidate,0.0
SLCO1B1,True,True,2,NCG;CIViC,1.0,1,high_confidence_positive,1.0
RFTN2,False,False,0,,0.0,0,negative_candidate,0.0
CEP19,True,False,1,NCG,1.0,1,single_source_positive,
BNC1,False,False,0,,0.0,0,negative_candidate,0.0
KCND2,False,False,0,,0.0,0,negative_candidate,0.0
LAMA1,False,False,0,,0.0,0,negative_candidate,0.0
SCFD2,False,False,0,,0.0,0,negative_candidate,0.0
SLC9A6,False,False,0,,0.0,0,negative_candidate,0.0
SCN1B,False,False,0,,0.0,0,negative_candidate,0.0
SPESP1,False,False,0,,0.0,0,negative_candidate,0.0
MARCHF3,False,False,0,,0.0,0,negative_candidate,0.0
DSC2,False,False,0,,0.0,0,negative_candidate,0.0
KHK,False,False,0,,0.0,0,negative_candidate,0.0
IL17B,False,False,0,,0.0,0,negative_candidate,0.0
PBOV1,False,False,0,,0.0,0,negative_candidate,0.0
AMPD1,False,False,0,,0.0,0,negative_candidate,0.0
RPAP2,False,False,0,,0.0,0,negative_candidate,0.0
CCNO,False,False,0,,0.0,0,negative_candidate,0.0
CEP350,False,False,0,,0.0,0,negative_candidate,0.0
CFAP61,False,False,0,,0.0,0,negative_candidate,0.0
TNFSF8,True,False,1,NCG,1.0,1,single_source_positive,
ZNF404,False,False,0,,0.0,0,negative_candidate,0.0
WNT11,False,True,1,CIViC,0.9,1,single_source_positive,
WTIP,True,False,1,NCG,1.0,1,single_source_positive,
CLDN11,False,False,0,,0.0,0,negative_candidate,0.0
TRDJ3,False,False,0,,0.0,0,negative_candidate,0.0
LMNTD1,False,False,0,,0.0,0,negative_candidate,0.0
CYP2B6,False,False,0,,0.0,0,negative_candidate,0.0
FBXL2,False,False,0,,0.0,0,negative_candidate,0.0
EYS,True,False,1,NCG,1.0,1,single_source_positive,
ZNF81,False,False,0,,0.0,0,negative_candidate,0.0
GNG13,False,False,0,,0.0,0,negative_candidate,0.0
CHSY3,False,False,0,,0.0,0,negative_candidate,0.0
HOXD13,True,False,1,NCG,1.0,1,single_source_positive,
NPM2,False,False,0,,0.0,0,negative_candidate,0.0
ZNF283,False,False,0,,0.0,0,negative_candidate,0.0
ANGPTL8,False,False,0,,0.0,0,negative_candidate,0.0
WDHD1,False,False,0,,0.0,0,negative_candidate,0.0
USP37,False,False,0,,0.0,0,negative_candidate,0.0
FGGY,False,False,0,,0.0,0,negative_candidate,0.0
SYNGR1,False,False,0,,0.0,0,negative_candidate,0.0
ROBO2,True,False,1,NCG,1.0,1,single_source_positive,
PMEL,False,False,0,,0.0,0,negative_candidate,0.0
CAPN11,False,False,0,,0.0,0,negative_candidate,0.0
PSMC3IP,False,False,0,,0.0,0,negative_candidate,0.0
ZPLD1,False,False,0,,0.0,0,negative_candidate,0.0
RIBC1,False,False,0,,0.0,0,negative_candidate,0.0
CELSR3,False,False,0,,0.0,0,negative_candidate,0.0
C11ORF16,False,False,0,,0.0,0,negative_candidate,0.0
C5ORF34,False,False,0,,0.0,0,negative_candidate,0.0
RIMS4,False,False,0,,0.0,0,negative_candidate,0.0
SLC22A4,False,False,0,,0.0,0,negative_candidate,0.0
SULT4A1,False,False,0,,0.0,0,negative_candidate,0.0
POGLUT2,False,False,0,,0.0,0,negative_candidate,0.0
SPATA33,False,False,0,,0.0,0,negative_candidate,0.0
NLRP2,False,False,0,,0.0,0,negative_candidate,0.0
HAUS6,False,False,0,,0.0,0,negative_candidate,0.0
BBOX1,False,False,0,,0.0,0,negative_candidate,0.0
ZNF831,True,False,1,NCG,1.0,1,single_source_positive,
ZNF382,False,False,0,,0.0,0,negative_candidate,0.0
MYO5B,True,False,1,NCG,1.0,1,single_source_positive,
MED26,False,False,0,,0.0,0,negative_candidate,0.0
RND2,False,False,0,,0.0,0,negative_candidate,0.0
IL5RA,False,False,0,,0.0,0,negative_candidate,0.0
SERPINI2,False,False,0,,0.0,0,negative_candidate,0.0
TUBGCP4,False,False,0,,0.0,0,negative_candidate,0.0
CELA2B,False,False,0,,0.0,0,negative_candidate,0.0
PTPRN2,False,False,0,,0.0,0,negative_candidate,0.0
TNRC6C,False,False,0,,0.0,0,negative_candidate,0.0
RUFY2,False,False,0,,0.0,0,negative_candidate,0.0
TEC,True,False,1,NCG,1.0,1,single_source_positive,
KLF8,False,False,0,,0.0,0,negative_candidate,0.0
SPEG,True,False,1,NCG,1.0,1,single_source_positive,
GABBR2,False,False,0,,0.0,0,negative_candidate,0.0
NCAPD3,True,False,1,NCG,1.0,1,single_source_positive,
HOXD1,False,False,0,,0.0,0,negative_candidate,0.0
ZNF433,False,False,0,,0.0,0,negative_candidate,0.0
LRRCC1,False,False,0,,0.0,0,negative_candidate,0.0
AK8,True,False,1,NCG,1.0,1,single_source_positive,
DSG2,False,False,0,,0.0,0,negative_candidate,0.0
SLC2A11,False,False,0,,0.0,0,negative_candidate,0.0
NRIP2,False,False,0,,0.0,0,negative_candidate,0.0
BIVM,False,False,0,,0.0,0,negative_candidate,0.0
PYGO1,False,False,0,,0.0,0,negative_candidate,0.0
TRPS1,True,True,2,NCG;CIViC,1.0,1,high_confidence_positive,1.0
ZNF835,False,False,0,,0.0,0,negative_candidate,0.0
SBSPON,False,False,0,,0.0,0,negative_candidate,0.0
LRP12,False,False,0,,0.0,0,negative_candidate,0.0
FEV,True,True,2,NCG;CIViC,1.0,1,high_confidence_positive,1.0
NR6A1,False,False,0,,0.0,0,negative_candidate,0.0
PDZRN4,True,False,1,NCG,1.0,1,single_source_positive,
ZNF431,False,False,0,,0.0,0,negative_candidate,0.0
SNAI3,False,False,0,,0.0,0,negative_candidate,0.0
ZFP28,False,False,0,,0.0,0,negative_candidate,0.0
SLC46A1,False,False,0,,0.0,0,negative_candidate,0.0
H2BC3,True,False,1,NCG,1.0,1,single_source_positive,
BCL11A,True,True,2,NCG;CIViC,1.0,1,high_confidence_positive,1.0
MACROH2A2,False,False,0,,0.0,0,negative_candidate,0.0
SMOC1,False,False,0,,0.0,0,negative_candidate,0.0
AMN1,False,False,0,,0.0,0,negative_candidate,0.0
FKTN,False,False,0,,0.0,0,negative_candidate,0.0
TMC7,False,False,0,,0.0,0,negative_candidate,0.0
FAM9C,False,False,0,,0.0,0,negative_candidate,0.0
ST7L,False,False,0,,0.0,0,negative_candidate,0.0
ZNF470,False,False,0,,0.0,0,negative_candidate,0.0
CD163L1,True,False,1,NCG,1.0,1,single_source_positive,
LSM11,False,False,0,,0.0,0,negative_candidate,0.0
IL21,False,False,0,,0.0,0,negative_candidate,0.0
HTR6,False,False,0,,0.0,0,negative_candidate,0.0
TAMM41,True,False,1,NCG,1.0,1,single_source_positive,
CCN4,False,False,0,,0.0,0,negative_candidate,0.0
CATSPERE,False,False,0,,0.0,0,negative_candidate,0.0
ZSCAN2,False,False,0,,0.0,0,negative_candidate,0.0
RASL10B,False,False,0,,0.0,0,negative_candidate,0.0
LYSMD4,False,False,0,,0.0,0,negative_candidate,0.0
RNF144A,False,False,0,,0.0,0,negative_candidate,0.0
GPSM2,False,False,0,,0.0,0,negative_candidate,0.0
MYBL2,True,False,1,NCG,1.0,1,single_source_positive,
DYRK4,False,False,0,,0.0,0,negative_candidate,0.0
PCDH11X,True,False,1,NCG,1.0,1,single_source_positive,
SLC35F3,False,False,0,,0.0,0,negative_candidate,0.0
GPRC5D,False,False,0,,0.0,0,negative_candidate,0.0
KCNT2,True,False,1,NCG,1.0,1,single_source_positive,
PLAAT5,False,False,0,,0.0,0,negative_candidate,0.0
TMOD2,False,False,0,,0.0,0,negative_candidate,0.0
ATOH7,False,False,0,,0.0,0,negative_candidate,0.0
KRT80,False,False,0,,0.0,0,negative_candidate,0.0
ZBTB8A,False,False,0,,0.0,0,negative_candidate,0.0
ZFR2,True,False,1,NCG,1.0,1,single_source_positive,
SLC27A6,False,False,0,,0.0,0,negative_candidate,0.0
WASF1,False,False,0,,0.0,0,negative_candidate,0.0
KRT27,False,False,0,,0.0,0,negative_candidate,0.0
DSC3,True,False,1,NCG,1.0,1,single_source_positive,
CNOT4,False,False,0,,0.0,0,negative_candidate,0.0
TMIGD3,False,False,0,,0.0,0,negative_candidate,0.0
USP49,False,False,0,,0.0,0,negative_candidate,0.0
EDDM3A,False,False,0,,0.0,0,negative_candidate,0.0
KIF14,False,False,0,,0.0,0,negative_candidate,0.0
GPR65,False,False,0,,0.0,0,negative_candidate,0.0
POU5F1,True,True,2,NCG;CIViC,1.0,1,high_confidence_positive,1.0
ATL1,False,False,0,,0.0,0,negative_candidate,0.0
PDSS2,True,False,1,NCG,1.0,1,single_source_positive,
RHPN2,True,False,1,NCG,1.0,1,single_source_positive,
ADGRG5,False,False,0,,0.0,0,negative_candidate,0.0
PPP1R9A,True,False,1,NCG,1.0,1,single_source_positive,
SEMA4F,False,False,0,,0.0,0,negative_candidate,0.0
PRDM9,True,False,1,NCG,1.0,1,single_source_positive,
SCN2A,False,False,0,,0.0,0,negative_candidate,0.0
PAX7,False,True,1,CIViC,1.0,1,single_source_positive,
PLK1,True,True,2,NCG;CIViC,1.0,1,high_confidence_positive,1.0
MAP2K6,False,False,0,,0.0,0,negative_candidate,0.0
BCDIN3D,False,False,0,,0.0,0,negative_candidate,0.0
TET3,True,False,1,NCG,1.0,1,single_source_positive,
DPEP3,False,False,0,,0.0,0,negative_candidate,0.0
INTU,False,False,0,,0.0,0,negative_candidate,0.0
CDH4,False,False,0,,0.0,0,negative_candidate,0.0
FASTKD3,False,False,0,,0.0,0,negative_candidate,0.0
KCND1,False,False,0,,0.0,0,negative_candidate,0.0
FOXD3,False,False,0,,0.0,0,negative_candidate,0.0
PARD3B,False,False,0,,0.0,0,negative_candidate,0.0
SLC9B2,False,False,0,,0.0,0,negative_candidate,0.0
CLCN1,False,False,0,,0.0,0,negative_candidate,0.0
FRAS1,False,False,0,,0.0,0,negative_candidate,0.0
NBPF9,False,False,0,,0.0,0,negative_candidate,0.0
CCL7,False,False,0,,0.0,0,negative_candidate,0.0
HLTF,True,False,1,NCG,1.0,1,single_source_positive,
REST,False,False,0,,0.0,0,negative_candidate,0.0
LRRC37A,False,False,0,,0.0,0,negative_candidate,0.0
KRT83,False,False,0,,0.0,0,negative_candidate,0.0
THAP2,False,False,0,,0.0,0,negative_candidate,0.0
EEF1AKMT2,False,False,0,,0.0,0,negative_candidate,0.0
ZNF675,False,False,0,,0.0,0,negative_candidate,0.0
NKX2-5,False,False,0,,0.0,0,negative_candidate,0.0
GKN1,False,False,0,,0.0,0,negative_candidate,0.0
MRPS6,False,False,0,,0.0,0,negative_candidate,0.0
LIPC,False,False,0,,0.0,0,negative_candidate,0.0
CLCNKB,False,False,0,,0.0,0,negative_candidate,0.0
ZNF256,False,False,0,,0.0,0,negative_candidate,0.0
IL4,False,False,0,,0.0,0,negative_candidate,0.0
TCAF2,False,False,0,,0.0,0,negative_candidate,0.0
EYA2,False,False,0,,0.0,0,negative_candidate,0.0
PCCA,False,False,0,,0.0,0,negative_candidate,0.0
TAF1L,True,False,1,NCG,1.0,1,single_source_positive,
CHD7,True,True,2,NCG;CIViC,1.0,1,high_confidence_positive,1.0
LRRC3,False,False,0,,0.0,0,negative_candidate,0.0
AHI1,True,False,1,NCG,1.0,1,single_source_positive,
CPA4,False,False,0,,0.0,0,negative_candidate,0.0
ZNF662,False,False,0,,0.0,0,negative_candidate,0.0
ZNF268,False,False,0,,0.0,0,negative_candidate,0.0
STAR,False,False,0,,0.0,0,negative_candidate,0.0
SLC7A3,False,False,0,,0.0,0,negative_candidate,0.0
TBX18,True,False,1,NCG,1.0,1,single_source_positive,
AZGP1,True,False,1,NCG,1.0,1,single_source_positive,
TENM3,False,False,0,,0.0,0,negative_candidate,0.0
PLA2G3,False,False,0,,0.0,0,negative_candidate,0.0
SPEF1,False,False,0,,0.0,0,negative_candidate,0.0
AARD,False,False,0,,0.0,0,negative_candidate,0.0
DIO1,False,False,0,,0.0,0,negative_candidate,0.0
ZNF778,True,False,1,NCG,1.0,1,single_source_positive,
CFAP47,True,False,1,NCG,1.0,1,single_source_positive,
IL15,False,False,0,,0.0,0,negative_candidate,0.0
ZNF486,False,False,0,,0.0,0,negative_candidate,0.0
IQCK,False,False,0,,0.0,0,negative_candidate,0.0
CPEB3,True,False,1,NCG,1.0,1,single_source_positive,
NUP210L,True,False,1,NCG,1.0,1,single_source_positive,
IZUMO4,False,False,0,,0.0,0,negative_candidate,0.0
PRELID3A,False,False,0,,0.0,0,negative_candidate,0.0
PGM2L1,False,False,0,,0.0,0,negative_candidate,0.0
RIOK2,True,False,1,NCG,1.0,1,single_source_positive,
CEP250,False,False,0,,0.0,0,negative_candidate,0.0
XXYLT1,False,False,0,,0.0,0,negative_candidate,0.0
ZBTB24,False,False,0,,0.0,0,negative_candidate,0.0
ENKUR,False,False,0,,0.0,0,negative_candidate,0.0
FSCN2,False,False,0,,0.0,0,negative_candidate,0.0
TRIM29,False,False,0,,0.0,0,negative_candidate,0.0
DPH6,False,False,0,,0.0,0,negative_candidate,0.0
ZFYVE28,False,False,0,,0.0,0,negative_candidate,0.0
NR1I3,False,False,0,,0.0,0,negative_candidate,0.0
CUL2,False,False,0,,0.0,0,negative_candidate,0.0
PHYHIPL,False,False,0,,0.0,0,negative_candidate,0.0
ZNF383,False,False,0,,0.0,0,negative_candidate,0.0
SRR,False,False,0,,0.0,0,negative_candidate,0.0
KLHL38,False,False,0,,0.0,0,negative_candidate,0.0
ALG14,False,False,0,,0.0,0,negative_candidate,0.0
ZNF571,False,False,0,,0.0,0,negative_candidate,0.0
KCNH6,False,False,0,,0.0,0,negative_candidate,0.0
CNTN5,False,False,0,,0.0,0,negative_candidate,0.0
CCNE2,False,True,1,CIViC,0.9,1,single_source_positive,
HSD17B13,False,False,0,,0.0,0,negative_candidate,0.0
CDNF,False,False,0,,0.0,0,negative_candidate,0.0
OR2B6,False,False,0,,0.0,0,negative_candidate,0.0
CCDC141,False,False,0,,0.0,0,negative_candidate,0.0
ZNF611,False,False,0,,0.0,0,negative_candidate,0.0
PSAT1,False,False,0,,0.0,0,negative_candidate,0.0
SLC52A1,False,False,0,,0.0,0,negative_candidate,0.0
UNC13A,False,False,0,,0.0,0,negative_candidate,0.0
ZNF273,False,False,0,,0.0,0,negative_candidate,0.0
LRP8,False,False,0,,0.0,0,negative_candidate,0.0
CCN6,True,False,1,NCG,1.0,1,single_source_positive,
APOA5,False,False,0,,0.0,0,negative_candidate,0.0
KLRF1,False,False,0,,0.0,0,negative_candidate,0.0
ADGRV1,True,False,1,NCG,1.0,1,single_source_positive,
ZNF620,True,False,1,NCG,1.0,1,single_source_positive,
FAM114A2,False,False,0,,0.0,0,negative_candidate,0.0
H2BC7,True,False,1,NCG,1.0,1,single_source_positive,
PHF7,False,False,0,,0.0,0,negative_candidate,0.0
FATE1,False,False,0,,0.0,0,negative_candidate,0.0
THSD7A,True,False,1,NCG,1.0,1,single_source_positive,
ZNF334,False,False,0,,0.0,0,negative_candidate,0.0
UTY,False,False,0,,0.0,0,negative_candidate,0.0
KLHDC1,False,False,0,,0.0,0,negative_candidate,0.0
LIAS,False,False,0,,0.0,0,negative_candidate,0.0
ZNF782,False,False,0,,0.0,0,negative_candidate,0.0
ABCD2,False,False,0,,0.0,0,negative_candidate,0.0
ABCA5,False,False,0,,0.0,0,negative_candidate,0.0
TRDV2,False,False,0,,0.0,0,negative_candidate,0.0
LEF1,True,False,1,NCG,1.0,1,single_source_positive,
ZNF563,False,False,0,,0.0,0,negative_candidate,0.0
MKS1,False,False,0,,0.0,0,negative_candidate,0.0
CA5A,False,False,0,,0.0,0,negative_candidate,0.0
MICU3,False,False,0,,0.0,0,negative_candidate,0.0
ATXN7L1,False,True,1,CIViC,1.0,1,single_source_positive,
FCRL5,False,False,0,,0.0,0,negative_candidate,0.0
TFAP2D,True,False,1,NCG,1.0,1,single_source_positive,
TRIM71,False,False,0,,0.0,0,negative_candidate,0.0
SLCO1B3,False,False,0,,0.0,0,negative_candidate,0.0
FAM169A,False,False,0,,0.0,0,negative_candidate,0.0
KCNQ2,False,False,0,,0.0,0,negative_candidate,0.0
SGSM1,False,False,0,,0.0,0,negative_candidate,0.0
PTER,False,False,0,,0.0,0,negative_candidate,0.0
BCHE,False,False,0,,0.0,0,negative_candidate,0.0
FHOD3,False,False,0,,0.0,0,negative_candidate,0.0
TCEANC2,False,False,0,,0.0,0,negative_candidate,0.0
ELFN2,False,False,0,,0.0,0,negative_candidate,0.0
HMCN1,True,False,1,NCG,1.0,1,single_source_positive,
ABCC9,True,False,1,NCG,1.0,1,single_source_positive,
IL1RAPL2,False,False,0,,0.0,0,negative_candidate,0.0
FAM135B,True,False,1,NCG,1.0,1,single_source_positive,
TRAV21,False,False,0,,0.0,0,negative_candidate,0.0
DNASE1L3,False,False,0,,0.0,0,negative_candidate,0.0
SLC29A4,False,False,0,,0.0,0,negative_candidate,0.0
DYNLRB2,False,False,0,,0.0,0,negative_candidate,0.0
LY75,False,False,0,,0.0,0,negative_candidate,0.0
FAM171B,True,False,1,NCG,1.0,1,single_source_positive,
DLGAP1,False,False,0,,0.0,0,negative_candidate,0.0
GTDC1,False,False,0,,0.0,0,negative_candidate,0.0
TOM1L1,False,False,0,,0.0,0,negative_candidate,0.0
HOXD8,False,True,1,CIViC,0.9,1,single_source_positive,
LIN7A,True,False,1,NCG,1.0,1,single_source_positive,
DEPDC4,True,False,1,NCG,1.0,1,single_source_positive,
MARVELD2,False,False,0,,0.0,0,negative_candidate,0.0
PLEKHA5,False,False,0,,0.0,0,negative_candidate,0.0
ANAPC1,False,False,0,,0.0,0,negative_candidate,0.0
STOX1,False,False,0,,0.0,0,negative_candidate,0.0
SMG6,True,False,1,NCG,1.0,1,single_source_positive,
KCNQ4,False,False,0,,0.0,0,negative_candidate,0.0
KLHL31,False,False,0,,0.0,0,negative_candidate,0.0
ARMC2,False,False,0,,0.0,0,negative_candidate,0.0
BTBD8,False,False,0,,0.0,0,negative_candidate,0.0
OR4C6,False,False,0,,0.0,0,negative_candidate,0.0
PIWIL2,True,False,1,NCG,1.0,1,single_source_positive,
SYNE2,True,False,1,NCG,1.0,1,single_source_positive,
PYHIN1,False,False,0,,0.0,0,negative_candidate,0.0
MYO18B,True,False,1,NCG,1.0,1,single_source_positive,
GPR173,False,False,0,,0.0,0,negative_candidate,0.0
SLC7A4,False,False,0,,0.0,0,negative_candidate,0.0
OLIG3,False,False,0,,0.0,0,negative_candidate,0.0
RSPH9,False,False,0,,0.0,0,negative_candidate,0.0
SCGN,False,False,0,,0.0,0,negative_candidate,0.0
EME1,False,False,0,,0.0,0,negative_candidate,0.0
TRPM6,False,False,0,,0.0,0,negative_candidate,0.0
EVC2,True,False,1,NCG,1.0,1,single_source_positive,
GRK4,False,False,0,,0.0,0,negative_candidate,0.0
ZNF483,True,False,1,NCG,1.0,1,single_source_positive,
ADGRA3,False,False,0,,0.0,0,negative_candidate,0.0
HTR7,True,False,1,NCG,1.0,1,single_source_positive,
TPD52,False,False,0,,0.0,0,negative_candidate,0.0
TNFSF14,False,False,0,,0.0,0,negative_candidate,0.0
PDGFRL,False,False,0,,0.0,0,negative_candidate,0.0
GLI3,True,False,1,NCG,1.0,1,single_source_positive,
HUNK,False,False,0,,0.0,0,negative_candidate,0.0
FRMPD3,False,False,0,,0.0,0,negative_candidate,0.0
PRL,False,False,0,,0.0,0,negative_candidate,0.0
GALNT14,False,True,1,CIViC,0.9,1,single_source_positive,
CD3D,False,False,0,,0.0,0,negative_candidate,0.0
ARHGEF39,False,False,0,,0.0,0,negative_candidate,0.0
TSSK6,False,False,0,,0.0,0,negative_candidate,0.0
CA5B,False,False,0,,0.0,0,negative_candidate,0.0
OASL,False,False,0,,0.0,0,negative_candidate,0.0
CLHC1,False,False,0,,0.0,0,negative_candidate,0.0
PLA2G4E,False,False,0,,0.0,0,negative_candidate,0.0
TRAV26-1,False,False,0,,0.0,0,negative_candidate,0.0
PDZD9,False,False,0,,0.0,0,negative_candidate,0.0
CYP2A13,False,False,0,,0.0,0,negative_candidate,0.0
SLC30A4,False,False,0,,0.0,0,negative_candidate,0.0
PDE3B,False,False,0,,0.0,0,negative_candidate,0.0
TSSK4,False,False,0,,0.0,0,negative_candidate,0.0
FAM222A,False,False,0,,0.0,0,negative_candidate,0.0
CRPPA,False,False,0,,0.0,0,negative_candidate,0.0
SKOR1,False,False,0,,0.0,0,negative_candidate,0.0
SGK2,False,False,0,,0.0,0,negative_candidate,0.0
XG,False,False,0,,0.0,0,negative_candidate,0.0
CCDC15,False,False,0,,0.0,0,negative_candidate,0.0
C10ORF71,False,False,0,,0.0,0,negative_candidate,0.0
LYPD5,False,False,0,,0.0,0,negative_candidate,0.0
MACC1,True,False,1,NCG,1.0,1,single_source_positive,
RNF128,False,False,0,,0.0,0,negative_candidate,0.0
TRIM15,False,False,0,,0.0,0,negative_candidate,0.0
GCAT,False,False,0,,0.0,0,negative_candidate,0.0
RGMA,False,False,0,,0.0,0,negative_candidate,0.0
FUT9,False,False,0,,0.0,0,negative_candidate,0.0
GPT2,False,False,0,,0.0,0,negative_candidate,0.0
UTS2R,False,False,0,,0.0,0,negative_candidate,0.0
PLCL1,False,False,0,,0.0,0,negative_candidate,0.0
SPIN3,False,False,0,,0.0,0,negative_candidate,0.0
FRMD3,False,False,0,,0.0,0,negative_candidate,0.0
ZNF585B,False,False,0,,0.0,0,negative_candidate,0.0
TAS1R1,False,False,0,,0.0,0,negative_candidate,0.0
GRIK1,False,False,0,,0.0,0,negative_candidate,0.0
JAKMIP2,True,False,1,NCG,1.0,1,single_source_positive,
SPINK5,False,False,0,,0.0,0,negative_candidate,0.0
SYTL4,False,False,0,,0.0,0,negative_candidate,0.0
CLC,False,False,0,,0.0,0,negative_candidate,0.0
SLC6A13,False,False,0,,0.0,0,negative_candidate,0.0
RIOX1,False,False,0,,0.0,0,negative_candidate,0.0
PPM1N,False,False,0,,0.0,0,negative_candidate,0.0
PCDHB5,False,False,0,,0.0,0,negative_candidate,0.0
ZFPM1,True,False,1,NCG,1.0,1,single_source_positive,
FAT1,True,True,2,NCG;CIViC,1.0,1,high_confidence_positive,1.0
IGFBP1,False,False,0,,0.0,0,negative_candidate,0.0
GLDN,False,False,0,,0.0,0,negative_candidate,0.0
THNSL1,False,False,0,,0.0,0,negative_candidate,0.0
PRICKLE1,False,False,0,,0.0,0,negative_candidate,0.0
CFAP157,False,False,0,,0.0,0,negative_candidate,0.0
GPHN,False,False,0,,0.0,0,negative_candidate,0.0
KIF6,False,False,0,,0.0,0,negative_candidate,0.0
DCAF12L2,True,False,1,NCG,1.0,1,single_source_positive,
AMOT,True,False,1,NCG,1.0,1,single_source_positive,
ZBBX,False,False,0,,0.0,0,negative_candidate,0.0
PAX9,False,False,0,,0.0,0,negative_candidate,0.0
SEZ6L2,False,False,0,,0.0,0,negative_candidate,0.0
TBC1D19,False,False,0,,0.0,0,negative_candidate,0.0
GPR89A,False,False,0,,0.0,0,negative_candidate,0.0
HS3ST5,False,False,0,,0.0,0,negative_candidate,0.0
HEPHL1,False,False,0,,0.0,0,negative_candidate,0.0
NOG,False,False,0,,0.0,0,negative_candidate,0.0
SLC35E4,False,False,0,,0.0,0,negative_candidate,0.0
CAMP,False,False,0,,0.0,0,negative_candidate,0.0
ASB12,False,False,0,,0.0,0,negative_candidate,0.0
C1QTNF12,False,False,0,,0.0,0,negative_candidate,0.0
FER,False,False,0,,0.0,0,negative_candidate,0.0
P2RY10,False,False,0,,0.0,0,negative_candidate,0.0
INPP4B,True,False,1,NCG,1.0,1,single_source_positive,
ZMYM1,False,False,0,,0.0,0,negative_candidate,0.0
PAPOLG,False,False,0,,0.0,0,negative_candidate,0.0
VCX3B,True,False,1,NCG,1.0,1,single_source_positive,
WFDC12,False,False,0,,0.0,0,negative_candidate,0.0
LYG1,False,False,0,,0.0,0,negative_candidate,0.0
ANGPT4,False,False,0,,0.0,0,negative_candidate,0.0
SPATA6,True,False,1,NCG,1.0,1,single_source_positive,
LBP,True,False,1,NCG,1.0,1,single_source_positive,
IQCE,False,False,0,,0.0,0,negative_candidate,0.0
WNK2,True,False,1,NCG,1.0,1,single_source_positive,
ARMCX5-GPRASP2,False,False,0,,0.0,0,negative_candidate,0.0
SMAD2,True,True,2,NCG;CIViC,1.0,1,high_confidence_positive,1.0
NRDE2,False,False,0,,0.0,0,negative_candidate,0.0
PIK3C3,True,False,1,NCG,1.0,1,single_source_positive,
PRSS16,False,False,0,,0.0,0,negative_candidate,0.0
MKX,False,False,0,,0.0,0,negative_candidate,0.0
CDIN1,False,False,0,,0.0,0,negative_candidate,0.0
ANKRD39,False,False,0,,0.0,0,negative_candidate,0.0
SCN8A,False,True,1,CIViC,0.9,1,single_source_positive,
ZC3H10,False,False,0,,0.0,0,negative_candidate,0.0
BMX,False,False,0,,0.0,0,negative_candidate,0.0
CTAGE15,False,False,0,,0.0,0,negative_candidate,0.0
TNFSF15,False,False,0,,0.0,0,negative_candidate,0.0
SPAG16,False,False,0,,0.0,0,negative_candidate,0.0
ZNF606,False,False,0,,0.0,0,negative_candidate,0.0
TRDJ2,False,False,0,,0.0,0,negative_candidate,0.0
DUSP28,False,False,0,,0.0,0,negative_candidate,0.0
MAFA,True,False,1,NCG,1.0,1,single_source_positive,
GDPGP1,False,False,0,,0.0,0,negative_candidate,0.0
PRSS57,False,False,0,,0.0,0,negative_candidate,0.0
TRO,True,False,1,NCG,1.0,1,single_source_positive,
GPR160,False,False,0,,0.0,0,negative_candidate,0.0
SHD,False,False,0,,0.0,0,negative_candidate,0.0
P2RX5,False,False,0,,0.0,0,negative_candidate,0.0
NPAS3,True,False,1,NCG,1.0,1,single_source_positive,
FOXE3,False,False,0,,0.0,0,negative_candidate,0.0
TESPA1,False,False,0,,0.0,0,negative_candidate,0.0
TRIM74,False,False,0,,0.0,0,negative_candidate,0.0
GIPC2,False,False,0,,0.0,0,negative_candidate,0.0
NTN3,False,False,0,,0.0,0,negative_candidate,0.0
C19ORF18,False,False,0,,0.0,0,negative_candidate,0.0
FAM78B,True,False,1,NCG,1.0,1,single_source_positive,
ATP12A,False,False,0,,0.0,0,negative_candidate,0.0
WARS2,False,False,0,,0.0,0,negative_candidate,0.0
APCS,False,False,0,,0.0,0,negative_candidate,0.0
CDK8,False,False,0,,0.0,0,negative_candidate,0.0
PHTF2,False,False,0,,0.0,0,negative_candidate,0.0
CYB5RL,False,False,0,,0.0,0,negative_candidate,0.0
SERPINI1,False,False,0,,0.0,0,negative_candidate,0.0
CRACD,True,False,1,NCG,1.0,1,single_source_positive,
TAB3,True,False,1,NCG,1.0,1,single_source_positive,
EDDM3B,False,False,0,,0.0,0,negative_candidate,0.0
KAT14,False,False,0,,0.0,0,negative_candidate,0.0
ZNF674,False,False,0,,0.0,0,negative_candidate,0.0
GCSAM,False,False,0,,0.0,0,negative_candidate,0.0
NPSR1,False,False,0,,0.0,0,negative_candidate,0.0
IL2,False,False,0,,0.0,0,negative_candidate,0.0
PROCA1,False,False,0,,0.0,0,negative_candidate,0.0
ZNF471,True,False,1,NCG,1.0,1,single_source_positive,
ABRAXAS1,False,False,0,,0.0,0,negative_candidate,0.0
H4C3,False,False,0,,0.0,0,negative_candidate,0.0
HMMR,False,False,0,,0.0,0,negative_candidate,0.0
PLPP4,False,False,0,,0.0,0,negative_candidate,0.0
RUNDC3B,False,False,0,,0.0,0,negative_candidate,0.0
SYT5,False,False,0,,0.0,0,negative_candidate,0.0
PLCB1,False,False,0,,0.0,0,negative_candidate,0.0
RFC3,False,False,0,,0.0,0,negative_candidate,0.0
NOS1,True,False,1,NCG,1.0,1,single_source_positive,
CLUL1,False,False,0,,0.0,0,negative_candidate,0.0
ALOX12,True,False,1,NCG,1.0,1,single_source_positive,
FAM184A,False,False,0,,0.0,0,negative_candidate,0.0
KIF20B,False,False,0,,0.0,0,negative_candidate,0.0
MYBPHL,False,False,0,,0.0,0,negative_candidate,0.0
C18ORF54,False,False,0,,0.0,0,negative_candidate,0.0
ELMOD1,False,False,0,,0.0,0,negative_candidate,0.0
CAMK2B,False,False,0,,0.0,0,negative_candidate,0.0
CCDC62,False,False,0,,0.0,0,negative_candidate,0.0
ZNF107,False,False,0,,0.0,0,negative_candidate,0.0
AKAP3,False,False,0,,0.0,0,negative_candidate,0.0
MTNR1A,False,False,0,,0.0,0,negative_candidate,0.0
TEX9,False,False,0,,0.0,0,negative_candidate,0.0
ATP7A,False,False,0,,0.0,0,negative_candidate,0.0
EN1,True,False,1,NCG,1.0,1,single_source_positive,
STAU2,False,False,0,,0.0,0,negative_candidate,0.0
IGFL1,False,False,0,,0.0,0,negative_candidate,0.0
LTA,False,False,0,,0.0,0,negative_candidate,0.0
ESM1,False,False,0,,0.0,0,negative_candidate,0.0
KCNH2,True,False,1,NCG,1.0,1,single_source_positive,
TMPPE,False,False,0,,0.0,0,negative_candidate,0.0
SPAST,False,False,0,,0.0,0,negative_candidate,0.0
LAX1,False,False,0,,0.0,0,negative_candidate,0.0
CRB1,True,False,1,NCG,1.0,1,single_source_positive,
CAMTA1,True,True,2,NCG;CIViC,1.0,1,high_confidence_positive,1.0
ZNF280B,False,False,0,,0.0,0,negative_candidate,0.0
TMTC4,False,False,0,,0.0,0,negative_candidate,0.0
C19ORF73,False,False,0,,0.0,0,negative_candidate,0.0
GDPD4,False,False,0,,0.0,0,negative_candidate,0.0
TBC1D8B,False,False,0,,0.0,0,negative_candidate,0.0
UBE3D,False,False,0,,0.0,0,negative_candidate,0.0
SLC9B1,False,False,0,,0.0,0,negative_candidate,0.0
CXORF58,False,False,0,,0.0,0,negative_candidate,0.0
EYA1,True,False,1,NCG,1.0,1,single_source_positive,
GNB1L,False,False,0,,0.0,0,negative_candidate,0.0
MORN3,False,False,0,,0.0,0,negative_candidate,0.0
FBXO48,False,False,0,,0.0,0,negative_candidate,0.0
AMY1B,False,False,0,,0.0,0,negative_candidate,0.0
DPP4,False,False,0,,0.0,0,negative_candidate,0.0
TYRP1,True,False,1,NCG,1.0,1,single_source_positive,
PLK4,False,False,0,,0.0,0,negative_candidate,0.0
DPYS,True,False,1,NCG,1.0,1,single_source_positive,
H2AC17,True,True,2,NCG;CIViC,1.0,1,high_confidence_positive,1.0
SPATA25,False,False,0,,0.0,0,negative_candidate,0.0
SPAG8,False,False,0,,0.0,0,negative_candidate,0.0
TMEM74,False,False,0,,0.0,0,negative_candidate,0.0
ADCY1,True,False,1,NCG,1.0,1,single_source_positive,
TLR8,False,False,0,,0.0,0,negative_candidate,0.0
VNN1,False,False,0,,0.0,0,negative_candidate,0.0
AGAP4,False,False,0,,0.0,0,negative_candidate,0.0
SLC14A2,False,False,0,,0.0,0,negative_candidate,0.0
ADGRL3,True,False,1,NCG,1.0,1,single_source_positive,
SCTR,False,False,0,,0.0,0,negative_candidate,0.0
TFAP2B,False,False,0,,0.0,0,negative_candidate,0.0
COQ7,False,False,0,,0.0,0,negative_candidate,0.0
GRM8,True,False,1,NCG,1.0,1,single_source_positive,
ZNF680,False,False,0,,0.0,0,negative_candidate,0.0
VAV3,False,False,0,,0.0,0,negative_candidate,0.0
TSGA10,False,False,0,,0.0,0,negative_candidate,0.0
SLURP1,True,False,1,NCG,1.0,1,single_source_positive,
KLRC2,False,False,0,,0.0,0,negative_candidate,0.0
C1ORF87,False,False,0,,0.0,0,negative_candidate,0.0
PIH1D2,False,False,0,,0.0,0,negative_candidate,0.0
TCAF1,True,False,1,NCG,1.0,1,single_source_positive,
DNAH11,False,False,0,,0.0,0,negative_candidate,0.0
TLR6,True,False,1,NCG,1.0,1,single_source_positive,
HCAR1,False,False,0,,0.0,0,negative_candidate,0.0
CMTM1,False,False,0,,0.0,0,negative_candidate,0.0
IGLV7-43,False,False,0,,0.0,0,negative_candidate,0.0
CEP120,False,False,0,,0.0,0,negative_candidate,0.0
ZNF277,False,False,0,,0.0,0,negative_candidate,0.0
SPAG1,False,False,0,,0.0,0,negative_candidate,0.0
CEP57L1,False,False,0,,0.0,0,negative_candidate,0.0
BRINP3,True,False,1,NCG,1.0,1,single_source_positive,
SYT15,False,False,0,,0.0,0,negative_candidate,0.0
DENND2C,False,False,0,,0.0,0,negative_candidate,0.0
CASK,False,False,0,,0.0,0,negative_candidate,0.0
HOXC11,True,False,1,NCG,1.0,1,single_source_positive,
PFKFB1,False,False,0,,0.0,0,negative_candidate,0.0
GNGT1,False,False,0,,0.0,0,negative_candidate,0.0
TRDMT1,False,False,0,,0.0,0,negative_candidate,0.0
TRAV8-6,False,False,0,,0.0,0,negative_candidate,0.0
WDR64,True,False,1,NCG,1.0,1,single_source_positive,
GNMT,False,False,0,,0.0,0,negative_candidate,0.0
CGB8,False,False,0,,0.0,0,negative_candidate,0.0
LCORL,False,False,0,,0.0,0,negative_candidate,0.0
DHH,False,False,0,,0.0,0,negative_candidate,0.0
NLRP14,False,False,0,,0.0,0,negative_candidate,0.0
CUBN,True,False,1,NCG,1.0,1,single_source_positive,
TRAJ58,False,False,0,,0.0,0,negative_candidate,0.0
FHIT,True,True,2,NCG;CIViC,1.0,1,high_confidence_positive,1.0
LRP2BP,False,False,0,,0.0,0,negative_candidate,0.0
REG3A,False,False,0,,0.0,0,negative_candidate,0.0
TMEM169,False,False,0,,0.0,0,negative_candidate,0.0
CLDN14,False,False,0,,0.0,0,negative_candidate,0.0
CARNS1,True,False,1,NCG,1.0,1,single_source_positive,
HOXD10,False,False,0,,0.0,0,negative_candidate,0.0
CCNE1,True,True,2,NCG;CIViC,1.0,1,high_confidence_positive,1.0
IPPK,False,False,0,,0.0,0,negative_candidate,0.0
FXN,False,False,0,,0.0,0,negative_candidate,0.0
TTC21B,True,False,1,NCG,1.0,1,single_source_positive,
H4C9,False,False,0,,0.0,0,negative_candidate,0.0
CDH6,True,False,1,NCG,1.0,1,single_source_positive,
GATA4,True,False,1,NCG,1.0,1,single_source_positive,
PCDH9,True,False,1,NCG,1.0,1,single_source_positive,
ZNF16,False,False,0,,0.0,0,negative_candidate,0.0
GPR63,False,False,0,,0.0,0,negative_candidate,0.0
STC1,True,False,1,NCG,1.0,1,single_source_positive,
REEP1,False,False,0,,0.0,0,negative_candidate,0.0
PRKY,False,False,0,,0.0,0,negative_candidate,0.0
TICRR,False,False,0,,0.0,0,negative_candidate,0.0
ZBTB20,True,False,1,NCG,1.0,1,single_source_positive,
CAVIN4,False,False,0,,0.0,0,negative_candidate,0.0
PECR,False,False,0,,0.0,0,negative_candidate,0.0
VTA1,False,False,0,,0.0,0,negative_candidate,0.0
KRT14,False,False,0,,0.0,0,negative_candidate,0.0
GUCA1B,False,False,0,,0.0,0,negative_candidate,0.0
FAM135A,False,False,0,,0.0,0,negative_candidate,0.0
GLIS1,False,False,0,,0.0,0,negative_candidate,0.0
SEC14L5,False,False,0,,0.0,0,negative_candidate,0.0
BHLHE22,False,False,0,,0.0,0,negative_candidate,0.0
CPNE7,False,False,0,,0.0,0,negative_candidate,0.0
ADAMTS18,True,False,1,NCG,1.0,1,single_source_positive,
FGFBP2,False,False,0,,0.0,0,negative_candidate,0.0
BVES,False,False,0,,0.0,0,negative_candidate,0.0
UGT2B28,False,False,0,,0.0,0,negative_candidate,0.0
SEZ6,False,False,0,,0.0,0,negative_candidate,0.0
ZNF396,False,False,0,,0.0,0,negative_candidate,0.0
LTBP1,False,False,0,,0.0,0,negative_candidate,0.0
SEMA6D,True,False,1,NCG,1.0,1,single_source_positive,
IGLON5,False,False,0,,0.0,0,negative_candidate,0.0
TRAV27,False,False,0,,0.0,0,negative_candidate,0.0
NRAP,False,True,1,CIViC,0.9,1,single_source_positive,
IL36G,False,False,0,,0.0,0,negative_candidate,0.0
IGSF9,False,False,0,,0.0,0,negative_candidate,0.0
AKAP6,True,False,1,NCG,1.0,1,single_source_positive,
ZNF546,False,False,0,,0.0,0,negative_candidate,0.0
MEMO1,False,False,0,,0.0,0,negative_candidate,0.0
SDK1,True,False,1,NCG,1.0,1,single_source_positive,
NTSR1,False,False,0,,0.0,0,negative_candidate,0.0
USP8,True,False,1,NCG,1.0,1,single_source_positive,
NHLRC4,False,False,0,,0.0,0,negative_candidate,0.0
C1QTNF2,False,False,0,,0.0,0,negative_candidate,0.0
NIPAL3,False,False,0,,0.0,0,negative_candidate,0.0
HGD,False,False,0,,0.0,0,negative_candidate,0.0
UNC93A,False,False,0,,0.0,0,negative_candidate,0.0
IQCH,False,False,0,,0.0,0,negative_candidate,0.0
ABCB4,False,False,0,,0.0,0,negative_candidate,0.0
ZNF416,False,False,0,,0.0,0,negative_candidate,0.0
REEP2,False,False,0,,0.0,0,negative_candidate,0.0
C3ORF33,False,False,0,,0.0,0,negative_candidate,0.0
RBM11,False,False,0,,0.0,0,negative_candidate,0.0
FBXO24,False,False,0,,0.0,0,negative_candidate,0.0
FNDC11,False,False,0,,0.0,0,negative_candidate,0.0
CDH8,True,False,1,NCG,1.0,1,single_source_positive,
CNIH2,False,False,0,,0.0,0,negative_candidate,0.0
AIFM1,False,False,0,,0.0,0,negative_candidate,0.0
ERCC4,True,True,2,NCG;CIViC,1.0,1,high_confidence_positive,1.0
CALB2,True,False,1,NCG,1.0,1,single_source_positive,
C2CD3,True,False,1,NCG,1.0,1,single_source_positive,
NKRF,False,False,0,,0.0,0,negative_candidate,0.0
FOXA1,True,True,2,NCG;CIViC,1.0,1,high_confidence_positive,1.0
TOX,True,True,2,NCG;CIViC,1.0,1,high_confidence_positive,1.0
STAC,False,False,0,,0.0,0,negative_candidate,0.0
CCDC184,False,False,0,,0.0,0,negative_candidate,0.0
KLRG1,False,False,0,,0.0,0,negative_candidate,0.0
FZD8,False,False,0,,0.0,0,negative_candidate,0.0
EPRS1,True,False,1,NCG,1.0,1,single_source_positive,
SUN3,False,False,0,,0.0,0,negative_candidate,0.0
SIRPG,True,False,1,NCG,1.0,1,single_source_positive,
CCDC7,False,False,0,,0.0,0,negative_candidate,0.0
SMTNL1,False,False,0,,0.0,0,negative_candidate,0.0
AICDA,False,False,0,,0.0,0,negative_candidate,0.0
NFATC2,True,True,2,NCG;CIViC,1.0,1,high_confidence_positive,1.0
RBM41,False,False,0,,0.0,0,negative_candidate,0.0
RAB19,False,False,0,,0.0,0,negative_candidate,0.0
RECQL4,True,False,1,NCG,1.0,1,single_source_positive,
SI,True,False,1,NCG,1.0,1,single_source_positive,
LRGUK,False,False,0,,0.0,0,negative_candidate,0.0
FCRLA,False,False,0,,0.0,0,negative_candidate,0.0
KATNAL1,False,False,0,,0.0,0,negative_candidate,0.0
ST20,False,False,0,,0.0,0,negative_candidate,0.0
DDX60,False,False,0,,0.0,0,negative_candidate,0.0
CST5,False,False,0,,0.0,0,negative_candidate,0.0
TSPYL5,False,False,0,,0.0,0,negative_candidate,0.0
DRD2,False,False,0,,0.0,0,negative_candidate,0.0
NTF4,False,False,0,,0.0,0,negative_candidate,0.0
FASTKD1,False,False,0,,0.0,0,negative_candidate,0.0
GSTA5,False,False,0,,0.0,0,negative_candidate,0.0
FXYD2,False,False,0,,0.0,0,negative_candidate,0.0
SIX1,True,False,1,NCG,1.0,1,single_source_positive,
ZNF490,False,False,0,,0.0,0,negative_candidate,0.0
SSX1,True,True,2,NCG;CIViC,1.0,1,high_confidence_positive,1.0
BMPR1B,False,False,0,,0.0,0,negative_candidate,0.0
WDR93,True,False,1,NCG,1.0,1,single_source_positive,
CYP27C1,False,False,0,,0.0,0,negative_candidate,0.0
RASGEF1C,True,False,1,NCG,1.0,1,single_source_positive,
TMEM40,True,False,1,NCG,1.0,1,single_source_positive,
HRNR,True,False,1,NCG,1.0,1,single_source_positive,
CD5,False,False,0,,0.0,0,negative_candidate,0.0
ZNF320,False,False,0,,0.0,0,negative_candidate,0.0
FGF9,False,False,0,,0.0,0,negative_candidate,0.0
FGFBP1,True,False,1,NCG,1.0,1,single_source_positive,
SMIM8,False,False,0,,0.0,0,negative_candidate,0.0
ACP7,False,False,0,,0.0,0,negative_candidate,0.0
FAM9B,False,False,0,,0.0,0,negative_candidate,0.0
IDE,False,False,0,,0.0,0,negative_candidate,0.0
SELE,False,False,0,,0.0,0,negative_candidate,0.0
GLB1L3,False,False,0,,0.0,0,negative_candidate,0.0
ZIC4,True,False,1,NCG,1.0,1,single_source_positive,
CNTNAP5,False,False,0,,0.0,0,negative_candidate,0.0
SCAPER,True,True,2,NCG;CIViC,1.0,1,high_confidence_positive,1.0
ELAVL2,True,False,1,NCG,1.0,1,single_source_positive,
ADRB3,True,False,1,NCG,1.0,1,single_source_positive,
NRXN2,True,False,1,NCG,1.0,1,single_source_positive,
GRIN3A,False,False,0,,0.0,0,negative_candidate,0.0
ZNF462,True,False,1,NCG,1.0,1,single_source_positive,
IGKV2-24,False,False,0,,0.0,0,negative_candidate,0.0
SCN9A,True,False,1,NCG,1.0,1,single_source_positive,
HLF,True,True,2,NCG;CIViC,1.0,1,high_confidence_positive,1.0
TIMD4,False,False,0,,0.0,0,negative_candidate,0.0
ZNF555,False,False,0,,0.0,0,negative_candidate,0.0
TLL2,True,False,1,NCG,1.0,1,single_source_positive,
RASGRP3,False,False,0,,0.0,0,negative_candidate,0.0
ENAM,False,False,0,,0.0,0,negative_candidate,0.0
GLS2,True,False,1,NCG,1.0,1,single_source_positive,
GTSF1L,False,False,0,,0.0,0,negative_candidate,0.0
SLC39A5,False,False,0,,0.0,0,negative_candidate,0.0
PMFBP1,False,False,0,,0.0,0,negative_candidate,0.0
MINAR1,True,False,1,NCG,1.0,1,single_source_positive,
CAPN9,False,False,0,,0.0,0,negative_candidate,0.0
CEP152,True,False,1,NCG,1.0,1,single_source_positive,
WFDC10A,False,False,0,,0.0,0,negative_candidate,0.0
THEMIS,False,False,0,,0.0,0,negative_candidate,0.0
SLAMF6,False,False,0,,0.0,0,negative_candidate,0.0
WFDC11,False,False,0,,0.0,0,negative_candidate,0.0
BTD,False,False,0,,0.0,0,negative_candidate,0.0
HS6ST3,False,False,0,,0.0,0,negative_candidate,0.0
LAIR2,False,False,0,,0.0,0,negative_candidate,0.0
MAGEA3,False,False,0,,0.0,0,negative_candidate,0.0
MAST1,True,False,1,NCG,1.0,1,single_source_positive,
TONSL,False,False,0,,0.0,0,negative_candidate,0.0
GDF9,False,False,0,,0.0,0,negative_candidate,0.0
ADAMTS3,True,False,1,NCG,1.0,1,single_source_positive,
HAMP,False,False,0,,0.0,0,negative_candidate,0.0
ENPEP,False,False,0,,0.0,0,negative_candidate,0.0
ASCL3,False,False,0,,0.0,0,negative_candidate,0.0
ZNF74,False,False,0,,0.0,0,negative_candidate,0.0
TEX101,False,False,0,,0.0,0,negative_candidate,0.0
LRRC37A2,False,False,0,,0.0,0,negative_candidate,0.0
MYH2,True,False,1,NCG,1.0,1,single_source_positive,
ZDHHC15,False,False,0,,0.0,0,negative_candidate,0.0
SYT14,False,False,0,,0.0,0,negative_candidate,0.0
CD1C,False,False,0,,0.0,0,negative_candidate,0.0
ZBED2,False,False,0,,0.0,0,negative_candidate,0.0
SPRN,False,False,0,,0.0,0,negative_candidate,0.0
UGT1A1,False,True,1,CIViC,1.0,1,single_source_positive,
CASR,False,False,0,,0.0,0,negative_candidate,0.0
MTF1,False,False,0,,0.0,0,negative_candidate,0.0
SPRED3,False,False,0,,0.0,0,negative_candidate,0.0
SERPINB11,False,False,0,,0.0,0,negative_candidate,0.0
BEST4,False,False,0,,0.0,0,negative_candidate,0.0
IGKV3-7,False,False,0,,0.0,0,negative_candidate,0.0
SLITRK1,False,False,0,,0.0,0,negative_candidate,0.0
ZNF180,True,False,1,NCG,1.0,1,single_source_positive,
PPEF1,False,False,0,,0.0,0,negative_candidate,0.0
F11,False,False,0,,0.0,0,negative_candidate,0.0
KIF27,True,False,1,NCG,1.0,1,single_source_positive,
POC5,True,False,1,NCG,1.0,1,single_source_positive,
MCHR1,True,False,1,NCG,1.0,1,single_source_positive,
POLR3A,False,False,0,,0.0,0,negative_candidate,0.0
MAGEA11,False,False,0,,0.0,0,negative_candidate,0.0
RBL1,False,False,0,,0.0,0,negative_candidate,0.0
MDM1,False,False,0,,0.0,0,negative_candidate,0.0
RNF148,False,False,0,,0.0,0,negative_candidate,0.0
HOATZ,False,False,0,,0.0,0,negative_candidate,0.0
MPZ,False,False,0,,0.0,0,negative_candidate,0.0
ZNF556,False,False,0,,0.0,0,negative_candidate,0.0
GALNT13,True,False,1,NCG,1.0,1,single_source_positive,
RELL2,False,False,0,,0.0,0,negative_candidate,0.0
SERPINA9,False,False,0,,0.0,0,negative_candidate,0.0
ZFP30,False,False,0,,0.0,0,negative_candidate,0.0
NR2E3,False,False,0,,0.0,0,negative_candidate,0.0
CNTLN,True,False,1,NCG,1.0,1,single_source_positive,
SUGCT,False,False,0,,0.0,0,negative_candidate,0.0
DNAI4,False,False,0,,0.0,0,negative_candidate,0.0
CSNK1G1,False,False,0,,0.0,0,negative_candidate,0.0
RB1,True,True,2,NCG;CIViC,1.0,1,high_confidence_positive,1.0
ADAM11,False,False,0,,0.0,0,negative_candidate,0.0
ARHGAP20,False,False,0,,0.0,0,negative_candidate,0.0
MEX3B,False,False,0,,0.0,0,negative_candidate,0.0
HAS2,False,False,0,,0.0,0,negative_candidate,0.0
KNDC1,True,False,1,NCG,1.0,1,single_source_positive,
ETFBKMT,False,False,0,,0.0,0,negative_candidate,0.0
NPHP1,False,False,0,,0.0,0,negative_candidate,0.0
SNCB,False,False,0,,0.0,0,negative_candidate,0.0
GLIPR1L2,True,False,1,NCG,1.0,1,single_source_positive,
IGHV5-51,False,False,0,,0.0,0,negative_candidate,0.0
SPDL1,False,False,0,,0.0,0,negative_candidate,0.0
CPN1,False,False,0,,0.0,0,negative_candidate,0.0
CARMIL2,False,False,0,,0.0,0,negative_candidate,0.0
TAF4,True,False,1,NCG,1.0,1,single_source_positive,
CCN3,False,False,0,,0.0,0,negative_candidate,0.0
PAH,False,False,0,,0.0,0,negative_candidate,0.0
CD6,False,False,0,,0.0,0,negative_candidate,0.0
ZKSCAN2,False,False,0,,0.0,0,negative_candidate,0.0
NLRP11,False,False,0,,0.0,0,negative_candidate,0.0
CIP2A,False,True,1,CIViC,1.0,1,single_source_positive,
MAGEL2,False,False,0,,0.0,0,negative_candidate,0.0
PCDH19,False,False,0,,0.0,0,negative_candidate,0.0
ZNF248,False,False,0,,0.0,0,negative_candidate,0.0
ZNF347,False,False,0,,0.0,0,negative_candidate,0.0
SLC6A3,True,False,1,NCG,1.0,1,single_source_positive,
CXCL9,False,False,0,,0.0,0,negative_candidate,0.0
NEDD1,False,False,0,,0.0,0,negative_candidate,0.0
ARSJ,False,False,0,,0.0,0,negative_candidate,0.0
AFG1L,False,False,0,,0.0,0,negative_candidate,0.0
KATNAL2,False,False,0,,0.0,0,negative_candidate,0.0
PCDH7,False,False,0,,0.0,0,negative_candidate,0.0
HSPA1L,True,False,1,NCG,1.0,1,single_source_positive,
EEF1A2,False,False,0,,0.0,0,negative_candidate,0.0
STAB2,False,False,0,,0.0,0,negative_candidate,0.0
A3GALT2,False,False,0,,0.0,0,negative_candidate,0.0
MEGF10,False,False,0,,0.0,0,negative_candidate,0.0
KRT75,False,False,0,,0.0,0,negative_candidate,0.0
NECAB2,False,False,0,,0.0,0,negative_candidate,0.0
TMEM171,False,False,0,,0.0,0,negative_candidate,0.0
ARHGAP19,False,False,0,,0.0,0,negative_candidate,0.0
PRDM5,False,False,0,,0.0,0,negative_candidate,0.0
H2AC8,False,False,0,,0.0,0,negative_candidate,0.0
ZSCAN5A,False,False,0,,0.0,0,negative_candidate,0.0
ATXN1,True,True,2,NCG;CIViC,1.0,1,high_confidence_positive,1.0
HOXC8,False,False,0,,0.0,0,negative_candidate,0.0
DGAT2L6,True,False,1,NCG,1.0,1,single_source_positive,
PVALB,False,False,0,,0.0,0,negative_candidate,0.0
ME2,False,False,0,,0.0,0,negative_candidate,0.0
MUC4,True,False,1,NCG,1.0,1,single_source_positive,
TEKT1,False,False,0,,0.0,0,negative_candidate,0.0
ALDH3B2,False,False,0,,0.0,0,negative_candidate,0.0
LANCL3,False,False,0,,0.0,0,negative_candidate,0.0
AP5M1,False,False,0,,0.0,0,negative_candidate,0.0
LRRC4,False,False,0,,0.0,0,negative_candidate,0.0
CDC14A,False,False,0,,0.0,0,negative_candidate,0.0
MBNL3,False,False,0,,0.0,0,negative_candidate,0.0
KCNF1,False,False,0,,0.0,0,negative_candidate,0.0
OTX1,False,False,0,,0.0,0,negative_candidate,0.0
LRRN1,False,False,0,,0.0,0,negative_candidate,0.0
RPL10L,False,False,0,,0.0,0,negative_candidate,0.0
CFAP43,False,False,0,,0.0,0,negative_candidate,0.0
FSIP2,True,False,1,NCG,1.0,1,single_source_positive,
CFAP77,False,False,0,,0.0,0,negative_candidate,0.0
ADRA2A,False,False,0,,0.0,0,negative_candidate,0.0
JPH1,False,False,0,,0.0,0,negative_candidate,0.0
ATP1B1,False,True,1,CIViC,1.0,1,single_source_positive,
PLA2G2F,False,False,0,,0.0,0,negative_candidate,0.0
HESX1,False,False,0,,0.0,0,negative_candidate,0.0
ZNF526,False,False,0,,0.0,0,negative_candidate,0.0
CDCP1,False,False,0,,0.0,0,negative_candidate,0.0
IL5,False,False,0,,0.0,0,negative_candidate,0.0
GPR174,True,False,1,NCG,1.0,1,single_source_positive,
FDXACB1,False,False,0,,0.0,0,negative_candidate,0.0
JADE3,False,False,0,,0.0,0,negative_candidate,0.0
SPECC1,True,False,1,NCG,1.0,1,single_source_positive,
HDAC8,False,False,0,,0.0,0,negative_candidate,0.0
SPTLC3,False,False,0,,0.0,0,negative_candidate,0.0
ZNF669,False,False,0,,0.0,0,negative_candidate,0.0
ERCC6L,False,False,0,,0.0,0,negative_candidate,0.0
SKAP1,False,False,0,,0.0,0,negative_candidate,0.0
LRRC8B,False,False,0,,0.0,0,negative_candidate,0.0
GPR156,False,False,0,,0.0,0,negative_candidate,0.0
HOXB1,False,False,0,,0.0,0,negative_candidate,0.0
GAS2,False,False,0,,0.0,0,negative_candidate,0.0
ZNF341,False,False,0,,0.0,0,negative_candidate,0.0
PRPF4B,True,False,1,NCG,1.0,1,single_source_positive,
PRKAA2,False,True,1,CIViC,1.0,1,single_source_positive,
CEACAM7,False,False,0,,0.0,0,negative_candidate,0.0
TAS2R20,False,False,0,,0.0,0,negative_candidate,0.0
NETO1,False,False,0,,0.0,0,negative_candidate,0.0
NELL2,False,False,0,,0.0,0,negative_candidate,0.0
CCR3,False,False,0,,0.0,0,negative_candidate,0.0
FEZF1,False,False,0,,0.0,0,negative_candidate,0.0
JHY,False,False,0,,0.0,0,negative_candidate,0.0
DMBT1,False,False,0,,0.0,0,negative_candidate,0.0
GOLGA6L9,False,False,0,,0.0,0,negative_candidate,0.0
RFESD,False,False,0,,0.0,0,negative_candidate,0.0
ABCB1,True,True,2,NCG;CIViC,1.0,1,high_confidence_positive,1.0
KIF18B,False,False,0,,0.0,0,negative_candidate,0.0
HFM1,False,False,0,,0.0,0,negative_candidate,0.0
POF1B,True,False,1,NCG,1.0,1,single_source_positive,
PGBD1,False,False,0,,0.0,0,negative_candidate,0.0
TCAP,False,False,0,,0.0,0,negative_candidate,0.0
SGO1,False,False,0,,0.0,0,negative_candidate,0.0
ZNF626,False,False,0,,0.0,0,negative_candidate,0.0
IKBKE,False,False,0,,0.0,0,negative_candidate,0.0
L2HGDH,False,False,0,,0.0,0,negative_candidate,0.0
SCIN,True,False,1,NCG,1.0,1,single_source_positive,
ARHGEF9,False,False,0,,0.0,0,negative_candidate,0.0
ALKBH1,False,False,0,,0.0,0,negative_candidate,0.0
PUM2,False,False,0,,0.0,0,negative_candidate,0.0
ZNF628,False,False,0,,0.0,0,negative_candidate,0.0
DNHD1,False,False,0,,0.0,0,negative_candidate,0.0
SAXO2,False,False,0,,0.0,0,negative_candidate,0.0
ITGA11,False,False,0,,0.0,0,negative_candidate,0.0
SIPA1L3,False,False,0,,0.0,0,negative_candidate,0.0
ZNF583,False,False,0,,0.0,0,negative_candidate,0.0
LACC1,False,False,0,,0.0,0,negative_candidate,0.0
RAD51AP1,False,False,0,,0.0,0,negative_candidate,0.0
PKHD1L1,True,False,1,NCG,1.0,1,single_source_positive,
ATRNL1,False,False,0,,0.0,0,negative_candidate,0.0
CADPS,False,False,0,,0.0,0,negative_candidate,0.0
SLC10A6,False,False,0,,0.0,0,negative_candidate,0.0
ALPK2,True,False,1,NCG,1.0,1,single_source_positive,
MYOT,False,False,0,,0.0,0,negative_candidate,0.0
TMPRSS4,True,False,1,NCG,1.0,1,single_source_positive,
ZBTB21,False,False,0,,0.0,0,negative_candidate,0.0
CGN,False,False,0,,0.0,0,negative_candidate,0.0
DRD4,False,False,0,,0.0,0,negative_candidate,0.0
SYT9,False,False,0,,0.0,0,negative_candidate,0.0
NT5C1A,False,False,0,,0.0,0,negative_candidate,0.0
SLC5A2,False,False,0,,0.0,0,negative_candidate,0.0
KRBA2,False,False,0,,0.0,0,negative_candidate,0.0
ZNF461,False,False,0,,0.0,0,negative_candidate,0.0
EHF,False,False,0,,0.0,0,negative_candidate,0.0
MAP3K19,True,False,1,NCG,1.0,1,single_source_positive,
CEP112,False,False,0,,0.0,0,negative_candidate,0.0
CCNB3,False,True,1,CIViC,1.0,1,single_source_positive,
DNA2,False,False,0,,0.0,0,negative_candidate,0.0
ACER2,False,False,0,,0.0,0,negative_candidate,0.0
ZNF575,False,False,0,,0.0,0,negative_candidate,0.0
ECT2,True,False,1,NCG,1.0,1,single_source_positive,
MUC3A,True,False,1,NCG,1.0,1,single_source_positive,
SNAP25,False,False,0,,0.0,0,negative_candidate,0.0
TSGA10IP,False,False,0,,0.0,0,negative_candidate,0.0
HSD17B1,False,False,0,,0.0,0,negative_candidate,0.0
ZNF420,False,False,0,,0.0,0,negative_candidate,0.0
TLL1,True,False,1,NCG,1.0,1,single_source_positive,
IRS1,True,False,1,NCG,1.0,1,single_source_positive,
SLC35F1,True,False,1,NCG,1.0,1,single_source_positive,
IL20RB,False,False,0,,0.0,0,negative_candidate,0.0
XAGE2,False,False,0,,0.0,0,negative_candidate,0.0
MSH3,True,True,2,NCG;CIViC,1.0,1,high_confidence_positive,1.0
KLHDC7A,False,False,0,,0.0,0,negative_candidate,0.0
CCR5,True,False,1,NCG,1.0,1,single_source_positive,
SLITRK5,True,False,1,NCG,1.0,1,single_source_positive,
GTF2E1,False,False,0,,0.0,0,negative_candidate,0.0
KCNN1,False,False,0,,0.0,0,negative_candidate,0.0
WDR88,False,False,0,,0.0,0,negative_candidate,0.0
ADAM23,False,False,0,,0.0,0,negative_candidate,0.0
ZDHHC22,False,False,0,,0.0,0,negative_candidate,0.0
SLC30A10,False,False,0,,0.0,0,negative_candidate,0.0
INSRR,False,False,0,,0.0,0,negative_candidate,0.0
GRAP2,False,False,0,,0.0,0,negative_candidate,0.0
SLC1A7,False,False,0,,0.0,0,negative_candidate,0.0
SLC6A20,False,False,0,,0.0,0,negative_candidate,0.0
AGTR2,True,False,1,NCG,1.0,1,single_source_positive,
TSPAN11,False,False,0,,0.0,0,negative_candidate,0.0
LRRN2,False,False,0,,0.0,0,negative_candidate,0.0
G2E3,True,False,1,NCG,1.0,1,single_source_positive,
TRMT6,False,False,0,,0.0,0,negative_candidate,0.0
TMEM185A,False,False,0,,0.0,0,negative_candidate,0.0
PACSIN1,True,False,1,NCG,1.0,1,single_source_positive,
LGALS2,False,False,0,,0.0,0,negative_candidate,0.0
RIMBP3,False,False,0,,0.0,0,negative_candidate,0.0
HDAC4,False,False,0,,0.0,0,negative_candidate,0.0
IGLV2-23,False,False,0,,0.0,0,negative_candidate,0.0
GDAP2,False,False,0,,0.0,0,negative_candidate,0.0
PNMA8B,False,False,0,,0.0,0,negative_candidate,0.0
MYH8,False,False,0,,0.0,0,negative_candidate,0.0
H3C7,False,False,0,,0.0,0,negative_candidate,0.0
BUB1,False,False,0,,0.0,0,negative_candidate,0.0
CEACAM4,False,False,0,,0.0,0,negative_candidate,0.0
SGO2,False,False,0,,0.0,0,negative_candidate,0.0
SMC3,True,False,1,NCG,1.0,1,single_source_positive,
PCDH18,True,False,1,NCG,1.0,1,single_source_positive,
RAB6B,False,False,0,,0.0,0,negative_candidate,0.0
DENND1A,False,False,0,,0.0,0,negative_candidate,0.0
ILDR2,False,False,0,,0.0,0,negative_candidate,0.0
IL12RB2,False,False,0,,0.0,0,negative_candidate,0.0
LINGO2,False,False,0,,0.0,0,negative_candidate,0.0
SLC16A9,False,False,0,,0.0,0,negative_candidate,0.0
CCDC136,False,False,0,,0.0,0,negative_candidate,0.0
GJB6,False,False,0,,0.0,0,negative_candidate,0.0
ANKRD36,True,False,1,NCG,1.0,1,single_source_positive,
P2RY4,False,False,0,,0.0,0,negative_candidate,0.0
FOXRED2,False,False,0,,0.0,0,negative_candidate,0.0
PGAP4,False,False,0,,0.0,0,negative_candidate,0.0
ZNF695,False,False,0,,0.0,0,negative_candidate,0.0
CTCFL,True,False,1,NCG,1.0,1,single_source_positive,
PAGE4,False,False,0,,0.0,0,negative_candidate,0.0
ZNF235,False,False,0,,0.0,0,negative_candidate,0.0
ARSB,False,False,0,,0.0,0,negative_candidate,0.0
NECTIN4,False,True,1,CIViC,0.9,1,single_source_positive,
ZNF613,False,False,0,,0.0,0,negative_candidate,0.0
TMPRSS15,False,False,0,,0.0,0,negative_candidate,0.0
NIPSNAP3B,False,False,0,,0.0,0,negative_candidate,0.0
PTPN14,True,False,1,NCG,1.0,1,single_source_positive,
FLG2,False,False,0,,0.0,0,negative_candidate,0.0
IL17RD,False,False,0,,0.0,0,negative_candidate,0.0
CNTNAP3,True,False,1,NCG,1.0,1,single_source_positive,
GFPT1,False,False,0,,0.0,0,negative_candidate,0.0
COL28A1,True,False,1,NCG,1.0,1,single_source_positive,
KMT2C,True,True,2,NCG;CIViC,1.0,1,high_confidence_positive,1.0
NDC80,True,False,1,NCG,1.0,1,single_source_positive,
ELAPOR1,False,False,0,,0.0,0,negative_candidate,0.0
ATRIP,False,False,0,,0.0,0,negative_candidate,0.0
PCDHA10,True,False,1,NCG,1.0,1,single_source_positive,
TMPRSS11A,True,False,1,NCG,1.0,1,single_source_positive,
SHANK1,True,False,1,NCG,1.0,1,single_source_positive,
C20ORF27,False,False,0,,0.0,0,negative_candidate,0.0
PCDHA6,False,False,0,,0.0,0,negative_candidate,0.0
SYNC,False,False,0,,0.0,0,negative_candidate,0.0
LCN9,False,False,0,,0.0,0,negative_candidate,0.0
CLDN4,False,False,0,,0.0,0,negative_candidate,0.0
KCNJ2,False,False,0,,0.0,0,negative_candidate,0.0
RAX,False,False,0,,0.0,0,negative_candidate,0.0
ARSG,False,False,0,,0.0,0,negative_candidate,0.0
TAT,False,False,0,,0.0,0,negative_candidate,0.0
ZNF385C,False,False,0,,0.0,0,negative_candidate,0.0
TBC1D31,False,False,0,,0.0,0,negative_candidate,0.0
MROH9,False,False,0,,0.0,0,negative_candidate,0.0
COLEC10,False,False,0,,0.0,0,negative_candidate,0.0
CLNK,False,False,0,,0.0,0,negative_candidate,0.0
CREG2,False,False,0,,0.0,0,negative_candidate,0.0
TCFL5,False,False,0,,0.0,0,negative_candidate,0.0
IGLV1-44,False,False,0,,0.0,0,negative_candidate,0.0
BTBD17,False,False,0,,0.0,0,negative_candidate,0.0
TIFAB,False,False,0,,0.0,0,negative_candidate,0.0
LRRC34,False,False,0,,0.0,0,negative_candidate,0.0
SYN1,False,False,0,,0.0,0,negative_candidate,0.0
CCP110,True,False,1,NCG,1.0,1,single_source_positive,
ZNF398,False,False,0,,0.0,0,negative_candidate,0.0
NECTIN1,False,False,0,,0.0,0,negative_candidate,0.0
MKRN3,True,False,1,NCG,1.0,1,single_source_positive,
C7ORF26,False,False,0,,0.0,0,negative_candidate,0.0
ZNF596,False,False,0,,0.0,0,negative_candidate,0.0
BAHCC1,False,False,0,,0.0,0,negative_candidate,0.0
B3GALT1,False,False,0,,0.0,0,negative_candidate,0.0
GNG8,False,False,0,,0.0,0,negative_candidate,0.0
ATIC,False,False,0,,0.0,0,negative_candidate,0.0
SEZ6L,False,False,0,,0.0,0,negative_candidate,0.0
LIPG,False,False,0,,0.0,0,negative_candidate,0.0
MDGA2,False,False,0,,0.0,0,negative_candidate,0.0
METTL7B,False,False,0,,0.0,0,negative_candidate,0.0
PLAAT4,False,False,0,,0.0,0,negative_candidate,0.0
UBE2T,False,False,0,,0.0,0,negative_candidate,0.0
ELF3,True,False,1,NCG,1.0,1,single_source_positive,
CNR1,False,False,0,,0.0,0,negative_candidate,0.0
COL19A1,False,False,0,,0.0,0,negative_candidate,0.0
SLC44A3,True,False,1,NCG,1.0,1,single_source_positive,
ANKRD53,False,False,0,,0.0,0,negative_candidate,0.0
H3C12,True,False,1,NCG,1.0,1,single_source_positive,
ABCC10,False,True,1,CIViC,1.0,1,single_source_positive,
ZBTB49,False,False,0,,0.0,0,negative_candidate,0.0
CCDC87,False,False,0,,0.0,0,negative_candidate,0.0
TMEM177,False,False,0,,0.0,0,negative_candidate,0.0
TRMT12,False,False,0,,0.0,0,negative_candidate,0.0
WDR17,False,False,0,,0.0,0,negative_candidate,0.0
IGHV3-30,False,False,0,,0.0,0,negative_candidate,0.0
PDE1A,False,False,0,,0.0,0,negative_candidate,0.0
CLEC9A,False,False,0,,0.0,0,negative_candidate,0.0
BACH2,True,True,2,NCG;CIViC,1.0,1,high_confidence_positive,1.0
UBL4B,False,False,0,,0.0,0,negative_candidate,0.0
ALG10B,False,False,0,,0.0,0,negative_candidate,0.0
ZFHX3,True,False,1,NCG,1.0,1,single_source_positive,
PPP1R15B,False,False,0,,0.0,0,negative_candidate,0.0
ASCC3,True,False,1,NCG,1.0,1,single_source_positive,
VPS13C,False,False,0,,0.0,0,negative_candidate,0.0
EXOC3L4,False,False,0,,0.0,0,negative_candidate,0.0
ATP2C1,False,False,0,,0.0,0,negative_candidate,0.0
TRAV10,False,False,0,,0.0,0,negative_candidate,0.0
NAP1L2,True,False,1,NCG,1.0,1,single_source_positive,
SLC5A7,False,False,0,,0.0,0,negative_candidate,0.0
OR2W3,True,False,1,NCG,1.0,1,single_source_positive,
PPP3CA,True,False,1,NCG,1.0,1,single_source_positive,
TPRG1,True,False,1,NCG,1.0,1,single_source_positive,
SLITRK3,True,False,1,NCG,1.0,1,single_source_positive,
B4GALNT4,False,False,0,,0.0,0,negative_candidate,0.0
DNAJC5B,False,False,0,,0.0,0,negative_candidate,0.0
HEATR4,False,False,0,,0.0,0,negative_candidate,0.0
KNG1,False,False,0,,0.0,0,negative_candidate,0.0
DGKI,True,False,1,NCG,1.0,1,single_source_positive,
REC114,False,False,0,,0.0,0,negative_candidate,0.0
IGLV3-25,False,False,0,,0.0,0,negative_candidate,0.0
TEKT4,False,False,0,,0.0,0,negative_candidate,0.0
IQCG,True,False,1,NCG,1.0,1,single_source_positive,
KBTBD3,False,False,0,,0.0,0,negative_candidate,0.0
AKR1C3,False,False,0,,0.0,0,negative_candidate,0.0
PIK3CG,True,False,1,NCG,1.0,1,single_source_positive,
LSR,False,False,0,,0.0,0,negative_candidate,0.0
HMX3,False,False,0,,0.0,0,negative_candidate,0.0
AGR2,False,True,1,CIViC,1.0,1,single_source_positive,
VPS72,False,False,0,,0.0,0,negative_candidate,0.0
INSL3,False,False,0,,0.0,0,negative_candidate,0.0
F7,False,False,0,,0.0,0,negative_candidate,0.0
HPR,False,False,0,,0.0,0,negative_candidate,0.0
KLF5,True,True,2,NCG;CIViC,1.0,1,high_confidence_positive,1.0
FAM90A1,False,False,0,,0.0,0,negative_candidate,0.0
CPXM1,False,False,0,,0.0,0,negative_candidate,0.0
BTRC,False,False,0,,0.0,0,negative_candidate,0.0
SLC26A7,False,False,0,,0.0,0,negative_candidate,0.0
CHRNB4,False,False,0,,0.0,0,negative_candidate,0.0
ARHGEF35,False,False,0,,0.0,0,negative_candidate,0.0
ADGRB3,True,False,1,NCG,1.0,1,single_source_positive,
BCO1,False,False,0,,0.0,0,negative_candidate,0.0
NLRP7,False,False,0,,0.0,0,negative_candidate,0.0
NAALADL2,False,False,0,,0.0,0,negative_candidate,0.0
TAF4B,False,False,0,,0.0,0,negative_candidate,0.0
PEG3,True,False,1,NCG,1.0,1,single_source_positive,
PRSS1,True,False,1,NCG,1.0,1,single_source_positive,
TAF1A,False,False,0,,0.0,0,negative_candidate,0.0
CCDC144A,False,False,0,,0.0,0,negative_candidate,0.0
ZNF518A,False,False,0,,0.0,0,negative_candidate,0.0
MDK,False,False,0,,0.0,0,negative_candidate,0.0
BPHL,False,False,0,,0.0,0,negative_candidate,0.0
GPR137C,False,False,0,,0.0,0,negative_candidate,0.0
IGHV3-15,False,False,0,,0.0,0,negative_candidate,0.0
PAXIP1,False,False,0,,0.0,0,negative_candidate,0.0
KIF11,False,False,0,,0.0,0,negative_candidate,0.0
PCDHGA2,False,False,0,,0.0,0,negative_candidate,0.0
RGS22,False,False,0,,0.0,0,negative_candidate,0.0
MYH15,False,False,0,,0.0,0,negative_candidate,0.0
NCOA7,False,False,0,,0.0,0,negative_candidate,0.0
IPMK,False,False,0,,0.0,0,negative_candidate,0.0
FARS2,False,False,0,,0.0,0,negative_candidate,0.0
RUFY4,False,False,0,,0.0,0,negative_candidate,0.0
AIM2,False,False,0,,0.0,0,negative_candidate,0.0
RANBP17,False,False,0,,0.0,0,negative_candidate,0.0
KCNH4,False,False,0,,0.0,0,negative_candidate,0.0
ZNF131,True,False,1,NCG,1.0,1,single_source_positive,
LCN2,False,False,0,,0.0,0,negative_candidate,0.0
MAP1A,False,False,0,,0.0,0,negative_candidate,0.0
CD1B,True,False,1,NCG,1.0,1,single_source_positive,
HACE1,False,False,0,,0.0,0,negative_candidate,0.0
IGHV3-74,False,False,0,,0.0,0,negative_candidate,0.0
ZNF280A,False,False,0,,0.0,0,negative_candidate,0.0
TSPAN19,False,False,0,,0.0,0,negative_candidate,0.0
PPP1R3A,True,False,1,NCG,1.0,1,single_source_positive,
PXT1,False,False,0,,0.0,0,negative_candidate,0.0
SRARP,False,False,0,,0.0,0,negative_candidate,0.0
RFX6,True,False,1,NCG,1.0,1,single_source_positive,
ZNF451,True,False,1,NCG,1.0,1,single_source_positive,
GDF15,False,False,0,,0.0,0,negative_candidate,0.0
ALOX15B,False,False,0,,0.0,0,negative_candidate,0.0
IGHV3-11,False,False,0,,0.0,0,negative_candidate,0.0
SERINC2,False,False,0,,0.0,0,negative_candidate,0.0
ZFAT,False,False,0,,0.0,0,negative_candidate,0.0
ZMPSTE24,False,False,0,,0.0,0,negative_candidate,0.0
FUCA1,False,False,0,,0.0,0,negative_candidate,0.0
WDPCP,False,False,0,,0.0,0,negative_candidate,0.0
IFI44L,True,False,1,NCG,1.0,1,single_source_positive,
CRP,True,False,1,NCG,1.0,1,single_source_positive,
OR8G5,False,False,0,,0.0,0,negative_candidate,0.0
APBA1,False,False,0,,0.0,0,negative_candidate,0.0
ORC5,False,False,0,,0.0,0,negative_candidate,0.0
HLA-DQA2,False,False,0,,0.0,0,negative_candidate,0.0
SPHKAP,True,False,1,NCG,1.0,1,single_source_positive,
IGLV4-69,False,False,0,,0.0,0,negative_candidate,0.0
PLCE1,True,False,1,NCG,1.0,1,single_source_positive,
CGB7,False,False,0,,0.0,0,negative_candidate,0.0
SNCAIP,False,True,1,CIViC,0.9,1,single_source_positive,
POMP,False,False,0,,0.0,0,negative_candidate,0.0
TRAIP,True,False,1,NCG,1.0,1,single_source_positive,
M1AP,False,False,0,,0.0,0,negative_candidate,0.0
ACSM6,False,False,0,,0.0,0,negative_candidate,0.0
ZNF8,False,False,0,,0.0,0,negative_candidate,0.0
GRM4,False,False,0,,0.0,0,negative_candidate,0.0
ANO7,False,False,0,,0.0,0,negative_candidate,0.0
ZNF543,False,False,0,,0.0,0,negative_candidate,0.0
NDNF,False,False,0,,0.0,0,negative_candidate,0.0
CENPJ,True,False,1,NCG,1.0,1,single_source_positive,
DPM1,False,False,0,,0.0,0,negative_candidate,0.0
ZNF763,False,False,0,,0.0,0,negative_candidate,0.0
CPM,False,False,0,,0.0,0,negative_candidate,0.0
ISLR2,False,False,0,,0.0,0,negative_candidate,0.0
IQGAP3,False,False,0,,0.0,0,negative_candidate,0.0
DARS2,False,False,0,,0.0,0,negative_candidate,0.0
FSCN1,False,False,0,,0.0,0,negative_candidate,0.0
EMX1,False,False,0,,0.0,0,negative_candidate,0.0
SCCPDH,False,False,0,,0.0,0,negative_candidate,0.0
KIR2DL3,False,False,0,,0.0,0,negative_candidate,0.0
CHST12,False,False,0,,0.0,0,negative_candidate,0.0
PAPOLA,False,False,0,,0.0,0,negative_candidate,0.0
TRAT1,False,False,0,,0.0,0,negative_candidate,0.0
PARM1,False,False,0,,0.0,0,negative_candidate,0.0
SLC25A48,False,False,0,,0.0,0,negative_candidate,0.0
MFSD9,False,False,0,,0.0,0,negative_candidate,0.0
TMEM255A,False,False,0,,0.0,0,negative_candidate,0.0
POPDC3,False,False,0,,0.0,0,negative_candidate,0.0
ASAH2,False,False,0,,0.0,0,negative_candidate,0.0
NIPBL,True,False,1,NCG,1.0,1,single_source_positive,
CDKN1B,True,True,2,NCG;CIViC,1.0,1,high_confidence_positive,1.0
A4GNT,False,False,0,,0.0,0,negative_candidate,0.0
CYP4F3,False,False,0,,0.0,0,negative_candidate,0.0
FCHO1,False,False,0,,0.0,0,negative_candidate,0.0
PDE6A,False,False,0,,0.0,0,negative_candidate,0.0
SRGAP1,False,False,0,,0.0,0,negative_candidate,0.0
PCDHA2,False,False,0,,0.0,0,negative_candidate,0.0
ZNF527,False,False,0,,0.0,0,negative_candidate,0.0
UTP20,True,False,1,NCG,1.0,1,single_source_positive,
ISM2,False,False,0,,0.0,0,negative_candidate,0.0
PERP,False,False,0,,0.0,0,negative_candidate,0.0
AGXT2,False,False,0,,0.0,0,negative_candidate,0.0
NHS,False,False,0,,0.0,0,negative_candidate,0.0
ZNF44,False,False,0,,0.0,0,negative_candidate,0.0
DMRT3,False,False,0,,0.0,0,negative_candidate,0.0
CEP83,True,False,1,NCG,1.0,1,single_source_positive,
DCLK1,True,False,1,NCG,1.0,1,single_source_positive,
PRMT7,False,False,0,,0.0,0,negative_candidate,0.0
CCDC178,True,False,1,NCG,1.0,1,single_source_positive,
TTC21A,False,False,0,,0.0,0,negative_candidate,0.0
ATAD2B,False,False,0,,0.0,0,negative_candidate,0.0
ANKS1B,False,False,0,,0.0,0,negative_candidate,0.0
DACH1,True,False,1,NCG,1.0,1,single_source_positive,
STYK1,True,False,1,NCG,1.0,1,single_source_positive,
DRGX,False,False,0,,0.0,0,negative_candidate,0.0
INSYN2A,False,False,0,,0.0,0,negative_candidate,0.0
INHBB,False,False,0,,0.0,0,negative_candidate,0.0
KIF5A,False,False,0,,0.0,0,negative_candidate,0.0
MRM1,False,False,0,,0.0,0,negative_candidate,0.0
IGHV3-66,False,False,0,,0.0,0,negative_candidate,0.0
AP1S1,True,False,1,NCG,1.0,1,single_source_positive,
SPTBN2,True,False,1,NCG,1.0,1,single_source_positive,
TG,True,False,1,NCG,1.0,1,single_source_positive,
KBTBD8,True,False,1,NCG,1.0,1,single_source_positive,
SEMA3E,True,False,1,NCG,1.0,1,single_source_positive,
ZNF660,False,False,0,,0.0,0,negative_candidate,0.0
VSNL1,False,False,0,,0.0,0,negative_candidate,0.0
FAP,False,False,0,,0.0,0,negative_candidate,0.0
PDZK1IP1,False,False,0,,0.0,0,negative_candidate,0.0
ITGB1BP2,False,False,0,,0.0,0,negative_candidate,0.0
PLEKHA8,True,False,1,NCG,1.0,1,single_source_positive,
CCNI2,False,False,0,,0.0,0,negative_candidate,0.0
ZNF142,False,False,0,,0.0,0,negative_candidate,0.0
SRGAP3,False,False,0,,0.0,0,negative_candidate,0.0
ZNF572,True,False,1,NCG,1.0,1,single_source_positive,
ESS2,False,False,0,,0.0,0,negative_candidate,0.0
PYROXD1,False,False,0,,0.0,0,negative_candidate,0.0
HAND2,False,False,0,,0.0,0,negative_candidate,0.0
CREB3L2,True,True,2,NCG;CIViC,1.0,1,high_confidence_positive,1.0
FAM151B,False,False,0,,0.0,0,negative_candidate,0.0
MED17,False,False,0,,0.0,0,negative_candidate,0.0
ZNF559,False,False,0,,0.0,0,negative_candidate,0.0
ZSCAN31,True,False,1,NCG,1.0,1,single_source_positive,
HOXA9,True,False,1,NCG,1.0,1,single_source_positive,
FTSJ1,False,False,0,,0.0,0,negative_candidate,0.0
KLF14,False,False,0,,0.0,0,negative_candidate,0.0
ZNF287,False,False,0,,0.0,0,negative_candidate,0.0
SLITRK2,True,False,1,NCG,1.0,1,single_source_positive,
TECTA,False,False,0,,0.0,0,negative_candidate,0.0
ALX1,False,False,0,,0.0,0,negative_candidate,0.0
GPBP1L1,False,False,0,,0.0,0,negative_candidate,0.0
FAXC,False,False,0,,0.0,0,negative_candidate,0.0
GALNTL6,True,False,1,NCG,1.0,1,single_source_positive,
MYO1A,False,False,0,,0.0,0,negative_candidate,0.0
CMAS,False,False,0,,0.0,0,negative_candidate,0.0
EGLN3,False,False,0,,0.0,0,negative_candidate,0.0
BSN,False,False,0,,0.0,0,negative_candidate,0.0
MRPS15,False,False,0,,0.0,0,negative_candidate,0.0
WRN,True,False,1,NCG,1.0,1,single_source_positive,
RAB3C,False,False,0,,0.0,0,negative_candidate,0.0
TRIM54,False,False,0,,0.0,0,negative_candidate,0.0
RSPH14,True,False,1,NCG,1.0,1,single_source_positive,
HAND1,False,False,0,,0.0,0,negative_candidate,0.0
ANO5,False,False,0,,0.0,0,negative_candidate,0.0
DGKB,True,False,1,NCG,1.0,1,single_source_positive,
TMEM81,False,False,0,,0.0,0,negative_candidate,0.0
SLC22A1,True,False,1,NCG,1.0,1,single_source_positive,
NCAM2,True,False,1,NCG,1.0,1,single_source_positive,
ECT2L,True,False,1,NCG,1.0,1,single_source_positive,
EBF1,True,True,2,NCG;CIViC,1.0,1,high_confidence_positive,1.0
ACVR1B,True,False,1,NCG,1.0,1,single_source_positive,
SSH3,True,False,1,NCG,1.0,1,single_source_positive,
ZMYM6,False,False,0,,0.0,0,negative_candidate,0.0
DNTTIP1,False,False,0,,0.0,0,negative_candidate,0.0
PRRG3,False,False,0,,0.0,0,negative_candidate,0.0
DDX20,True,False,1,NCG,1.0,1,single_source_positive,
AUTS2,False,True,1,CIViC,1.0,1,single_source_positive,
TET2,True,True,2,NCG;CIViC,1.0,1,high_confidence_positive,1.0
KCNK13,False,False,0,,0.0,0,negative_candidate,0.0
IRX6,True,False,1,NCG,1.0,1,single_source_positive,
GABRB2,True,False,1,NCG,1.0,1,single_source_positive,
DOK6,True,False,1,NCG,1.0,1,single_source_positive,
WDR73,False,False,0,,0.0,0,negative_candidate,0.0
CKS2,False,False,0,,0.0,0,negative_candidate,0.0
OXSM,False,False,0,,0.0,0,negative_candidate,0.0
PYGO2,False,False,0,,0.0,0,negative_candidate,0.0
MTO1,False,False,0,,0.0,0,negative_candidate,0.0
OTOF,False,False,0,,0.0,0,negative_candidate,0.0
TNIK,False,False,0,,0.0,0,negative_candidate,0.0
IRX3,False,False,0,,0.0,0,negative_candidate,0.0
ANKRD36B,False,False,0,,0.0,0,negative_candidate,0.0
PRR15L,False,False,0,,0.0,0,negative_candidate,0.0
POP7,False,False,0,,0.0,0,negative_candidate,0.0
NWD1,False,False,0,,0.0,0,negative_candidate,0.0
TMEM244,False,False,0,,0.0,0,negative_candidate,0.0
GPR22,False,False,0,,0.0,0,negative_candidate,0.0
UCP3,False,False,0,,0.0,0,negative_candidate,0.0
NOX5,False,False,0,,0.0,0,negative_candidate,0.0
SYN3,False,False,0,,0.0,0,negative_candidate,0.0
LEFTY2,False,False,0,,0.0,0,negative_candidate,0.0
HIVEP1,True,False,1,NCG,1.0,1,single_source_positive,
MROH2B,False,False,0,,0.0,0,negative_candidate,0.0
KIAA1958,False,False,0,,0.0,0,negative_candidate,0.0
MAGEF1,False,False,0,,0.0,0,negative_candidate,0.0
IARS2,False,False,0,,0.0,0,negative_candidate,0.0
SLX4IP,False,False,0,,0.0,0,negative_candidate,0.0
ZNF226,True,False,1,NCG,1.0,1,single_source_positive,
SLC28A3,False,False,0,,0.0,0,negative_candidate,0.0
DYNC2H1,False,False,0,,0.0,0,negative_candidate,0.0
TESC,True,False,1,NCG,1.0,1,single_source_positive,
EPHA10,False,False,0,,0.0,0,negative_candidate,0.0
SLC28A2,False,False,0,,0.0,0,negative_candidate,0.0
CMTR2,True,False,1,NCG,1.0,1,single_source_positive,
CAPNS2,False,False,0,,0.0,0,negative_candidate,0.0
SNX9,False,False,0,,0.0,0,negative_candidate,0.0
NPAP1,True,False,1,NCG,1.0,1,single_source_positive,
UBR5,True,True,2,NCG;CIViC,1.0,1,high_confidence_positive,1.0
SLC10A3,True,False,1,NCG,1.0,1,single_source_positive,
KIAA1109,False,False,0,,0.0,0,negative_candidate,0.0
ADGRG7,False,False,0,,0.0,0,negative_candidate,0.0
MGST1,False,False,0,,0.0,0,negative_candidate,0.0
HTRA4,False,False,0,,0.0,0,negative_candidate,0.0
SYNCRIP,True,False,1,NCG,1.0,1,single_source_positive,
DNAJC6,False,False,0,,0.0,0,negative_candidate,0.0
PRKG1,True,False,1,NCG,1.0,1,single_source_positive,
TST,False,False,0,,0.0,0,negative_candidate,0.0
KLRC1,False,False,0,,0.0,0,negative_candidate,0.0
PF4,False,False,0,,0.0,0,negative_candidate,0.0
THAP4,False,False,0,,0.0,0,negative_candidate,0.0
SLC12A8,False,False,0,,0.0,0,negative_candidate,0.0
PRKDC,True,True,2,NCG;CIViC,1.0,1,high_confidence_positive,1.0
ZNF157,False,False,0,,0.0,0,negative_candidate,0.0
KLC3,False,False,0,,0.0,0,negative_candidate,0.0
SLC7A5,False,False,0,,0.0,0,negative_candidate,0.0
BORA,True,False,1,NCG,1.0,1,single_source_positive,
ZNF345,False,False,0,,0.0,0,negative_candidate,0.0
ST8SIA3,False,False,0,,0.0,0,negative_candidate,0.0
BCAN,False,False,0,,0.0,0,negative_candidate,0.0
CCNJL,False,False,0,,0.0,0,negative_candidate,0.0
PCDHB14,False,False,0,,0.0,0,negative_candidate,0.0
CRYGN,False,False,0,,0.0,0,negative_candidate,0.0
IL17D,False,False,0,,0.0,0,negative_candidate,0.0
VSTM2L,True,False,1,NCG,1.0,1,single_source_positive,
TTC24,False,False,0,,0.0,0,negative_candidate,0.0
OR2A7,False,False,0,,0.0,0,negative_candidate,0.0
CA14,False,False,0,,0.0,0,negative_candidate,0.0
ACKR3,True,False,1,NCG,1.0,1,single_source_positive,
PFKP,True,False,1,NCG,1.0,1,single_source_positive,
PUF60,False,False,0,,0.0,0,negative_candidate,0.0
GNL3L,False,False,0,,0.0,0,negative_candidate,0.0
TRPM5,False,False,0,,0.0,0,negative_candidate,0.0
MRPS27,False,False,0,,0.0,0,negative_candidate,0.0
ZFP82,False,False,0,,0.0,0,negative_candidate,0.0
GIP,False,False,0,,0.0,0,negative_candidate,0.0
ZP1,False,False,0,,0.0,0,negative_candidate,0.0
ACP3,False,False,0,,0.0,0,negative_candidate,0.0
HDX,False,False,0,,0.0,0,negative_candidate,0.0
CLCN4,True,False,1,NCG,1.0,1,single_source_positive,
CFAP57,False,False,0,,0.0,0,negative_candidate,0.0
VPS13A,False,False,0,,0.0,0,negative_candidate,0.0
SPDYC,False,False,0,,0.0,0,negative_candidate,0.0
IMPG1,False,False,0,,0.0,0,negative_candidate,0.0
PCDHA12,False,False,0,,0.0,0,negative_candidate,0.0
UBE2E3,False,False,0,,0.0,0,negative_candidate,0.0
MEP1B,False,False,0,,0.0,0,negative_candidate,0.0
FAM181B,False,False,0,,0.0,0,negative_candidate,0.0
ABAT,False,False,0,,0.0,0,negative_candidate,0.0
TMEM9,False,False,0,,0.0,0,negative_candidate,0.0
MRPL24,False,False,0,,0.0,0,negative_candidate,0.0
TTLL10,False,False,0,,0.0,0,negative_candidate,0.0
WNK4,False,False,0,,0.0,0,negative_candidate,0.0
ABRA,False,False,0,,0.0,0,negative_candidate,0.0
ADGRG4,True,False,1,NCG,1.0,1,single_source_positive,
KL,False,False,0,,0.0,0,negative_candidate,0.0
GNB3,False,False,0,,0.0,0,negative_candidate,0.0
MRPL47,False,False,0,,0.0,0,negative_candidate,0.0
NRL,False,False,0,,0.0,0,negative_candidate,0.0
SPR,False,False,0,,0.0,0,negative_candidate,0.0
LGR6,False,False,0,,0.0,0,negative_candidate,0.0
PCYOX1,False,False,0,,0.0,0,negative_candidate,0.0
LYN,True,True,2,NCG;CIViC,1.0,1,high_confidence_positive,1.0
VSX1,False,False,0,,0.0,0,negative_candidate,0.0
GGH,False,False,0,,0.0,0,negative_candidate,0.0
TRERF1,True,False,1,NCG,1.0,1,single_source_positive,
PLCB4,True,False,1,NCG,1.0,1,single_source_positive,
SLC6A15,True,False,1,NCG,1.0,1,single_source_positive,
CERS3,True,False,1,NCG,1.0,1,single_source_positive,
KIFC1,False,False,0,,0.0,0,negative_candidate,0.0
KRTCAP3,False,False,0,,0.0,0,negative_candidate,0.0
ARMH4,False,False,0,,0.0,0,negative_candidate,0.0
CELF5,False,False,0,,0.0,0,negative_candidate,0.0
TSHZ2,True,False,1,NCG,1.0,1,single_source_positive,
GAP43,False,False,0,,0.0,0,negative_candidate,0.0
CSRP3,False,False,0,,0.0,0,negative_candidate,0.0
SCRN1,False,False,0,,0.0,0,negative_candidate,0.0
ZNF385D,False,False,0,,0.0,0,negative_candidate,0.0
GOT1,True,False,1,NCG,1.0,1,single_source_positive,
FBXO34,False,False,0,,0.0,0,negative_candidate,0.0
EDARADD,False,False,0,,0.0,0,negative_candidate,0.0
TK1,False,False,0,,0.0,0,negative_candidate,0.0
SHC3,False,False,0,,0.0,0,negative_candidate,0.0
JPT2,False,False,0,,0.0,0,negative_candidate,0.0
MTCH2,False,False,0,,0.0,0,negative_candidate,0.0
REG1A,True,False,1,NCG,1.0,1,single_source_positive,
WBP11,True,False,1,NCG,1.0,1,single_source_positive,
ACE2,False,False,0,,0.0,0,negative_candidate,0.0
PLCG2,True,True,2,NCG;CIViC,1.0,1,high_confidence_positive,1.0
SMAP1,False,False,0,,0.0,0,negative_candidate,0.0
KCNIP2,False,False,0,,0.0,0,negative_candidate,0.0
CXCL10,False,True,1,CIViC,0.9,1,single_source_positive,
WLS,True,False,1,NCG,1.0,1,single_source_positive,
H2AX,False,False,0,,0.0,0,negative_candidate,0.0
PHF6,True,False,1,NCG,1.0,1,single_source_positive,
SLK,False,False,0,,0.0,0,negative_candidate,0.0
PHLDA2,False,False,0,,0.0,0,negative_candidate,0.0
TOMM22,False,False,0,,0.0,0,negative_candidate,0.0
POC1A,False,False,0,,0.0,0,negative_candidate,0.0
EPHA1,True,False,1,NCG,1.0,1,single_source_positive,
DUS2,False,False,0,,0.0,0,negative_candidate,0.0
ADNP,True,False,1,NCG,1.0,1,single_source_positive,
DLX2,False,False,0,,0.0,0,negative_candidate,0.0
CEP85L,False,False,0,,0.0,0,negative_candidate,0.0
ALS2,False,False,0,,0.0,0,negative_candidate,0.0
KRTAP5-8,False,False,0,,0.0,0,negative_candidate,0.0
FAM220A,False,False,0,,0.0,0,negative_candidate,0.0
ATL2,False,False,0,,0.0,0,negative_candidate,0.0
C4ORF51,False,False,0,,0.0,0,negative_candidate,0.0
CLEC5A,False,False,0,,0.0,0,negative_candidate,0.0
PDS5A,True,False,1,NCG,1.0,1,single_source_positive,
VPS35,False,False,0,,0.0,0,negative_candidate,0.0
KRTAP4-1,False,False,0,,0.0,0,negative_candidate,0.0
ZNF329,False,False,0,,0.0,0,negative_candidate,0.0
WNT7B,False,False,0,,0.0,0,negative_candidate,0.0
SELENOT,False,False,0,,0.0,0,negative_candidate,0.0
TXLNB,False,False,0,,0.0,0,negative_candidate,0.0
GUCA2B,False,False,0,,0.0,0,negative_candidate,0.0
WNT7A,False,False,0,,0.0,0,negative_candidate,0.0
SNX12,False,False,0,,0.0,0,negative_candidate,0.0
PPM1D,True,False,1,NCG,1.0,1,single_source_positive,
LRIG2,True,False,1,NCG,1.0,1,single_source_positive,
FUT10,False,False,0,,0.0,0,negative_candidate,0.0
PCDHA5,False,False,0,,0.0,0,negative_candidate,0.0
UGT2B4,False,False,0,,0.0,0,negative_candidate,0.0
ATP1A4,False,False,0,,0.0,0,negative_candidate,0.0
ZNF551,False,False,0,,0.0,0,negative_candidate,0.0
OAS1,False,False,0,,0.0,0,negative_candidate,0.0
ITGA2,False,False,0,,0.0,0,negative_candidate,0.0
LRFN3,False,False,0,,0.0,0,negative_candidate,0.0
UGT2B17,False,False,0,,0.0,0,negative_candidate,0.0
DNAJC22,False,False,0,,0.0,0,negative_candidate,0.0
NEUROD1,False,False,0,,0.0,0,negative_candidate,0.0
MEP1A,True,False,1,NCG,1.0,1,single_source_positive,
GLYATL2,False,False,0,,0.0,0,negative_candidate,0.0
FNDC3A,False,False,0,,0.0,0,negative_candidate,0.0
MTX2,False,False,0,,0.0,0,negative_candidate,0.0
MIOX,False,False,0,,0.0,0,negative_candidate,0.0
POP1,False,False,0,,0.0,0,negative_candidate,0.0
LRP4,False,False,0,,0.0,0,negative_candidate,0.0
SHMT2,False,False,0,,0.0,0,negative_candidate,0.0
ZNF768,False,False,0,,0.0,0,negative_candidate,0.0
EPHX4,False,False,0,,0.0,0,negative_candidate,0.0
SLC35E3,False,False,0,,0.0,0,negative_candidate,0.0
GDNF,False,False,0,,0.0,0,negative_candidate,0.0
TAFA2,False,False,0,,0.0,0,negative_candidate,0.0
ACBD3,False,False,0,,0.0,0,negative_candidate,0.0
RETREG2,False,False,0,,0.0,0,negative_candidate,0.0
ZNF184,False,False,0,,0.0,0,negative_candidate,0.0
VAX1,False,False,0,,0.0,0,negative_candidate,0.0
CCL19,False,False,0,,0.0,0,negative_candidate,0.0
CPA6,False,False,0,,0.0,0,negative_candidate,0.0
BEND6,False,False,0,,0.0,0,negative_candidate,0.0
NDUFA12,False,False,0,,0.0,0,negative_candidate,0.0
PYCR1,False,False,0,,0.0,0,negative_candidate,0.0
ZNF704,False,False,0,,0.0,0,negative_candidate,0.0
DRC1,False,False,0,,0.0,0,negative_candidate,0.0
HIBADH,False,False,0,,0.0,0,negative_candidate,0.0
GDE1,False,False,0,,0.0,0,negative_candidate,0.0
TBX10,False,False,0,,0.0,0,negative_candidate,0.0
IGF2R,True,False,1,NCG,1.0,1,single_source_positive,
SNX4,False,False,0,,0.0,0,negative_candidate,0.0
PRKCG,True,False,1,NCG,1.0,1,single_source_positive,
ARHGAP12,False,False,0,,0.0,0,negative_candidate,0.0
ZDHHC5,False,False,0,,0.0,0,negative_candidate,0.0
RPIA,True,False,1,NCG,1.0,1,single_source_positive,
ZNF146,False,False,0,,0.0,0,negative_candidate,0.0
BFAR,False,False,0,,0.0,0,negative_candidate,0.0
TFCP2L1,False,False,0,,0.0,0,negative_candidate,0.0
PHACTR3,False,False,0,,0.0,0,negative_candidate,0.0
ESPN,False,False,0,,0.0,0,negative_candidate,0.0
SIGLEC7,False,False,0,,0.0,0,negative_candidate,0.0
FNDC8,False,False,0,,0.0,0,negative_candidate,0.0
CCDC167,False,False,0,,0.0,0,negative_candidate,0.0
ANKRD55,False,False,0,,0.0,0,negative_candidate,0.0
LCA5,False,False,0,,0.0,0,negative_candidate,0.0
APBA2,False,False,0,,0.0,0,negative_candidate,0.0
COX20,False,False,0,,0.0,0,negative_candidate,0.0
HRH1,False,False,0,,0.0,0,negative_candidate,0.0
SMARCC1,False,False,0,,0.0,0,negative_candidate,0.0
GPBAR1,False,False,0,,0.0,0,negative_candidate,0.0
DUSP5,False,False,0,,0.0,0,negative_candidate,0.0
PSMB2,False,False,0,,0.0,0,negative_candidate,0.0
KDELR3,False,False,0,,0.0,0,negative_candidate,0.0
MPEG1,True,True,2,NCG;CIViC,1.0,1,high_confidence_positive,1.0
HOXD4,False,False,0,,0.0,0,negative_candidate,0.0
ZSCAN1,False,False,0,,0.0,0,negative_candidate,0.0
H4C6,False,False,0,,0.0,0,negative_candidate,0.0
C1GALT1C1,False,False,0,,0.0,0,negative_candidate,0.0
GPAT3,False,False,0,,0.0,0,negative_candidate,0.0
CENPK,False,False,0,,0.0,0,negative_candidate,0.0
CYP27B1,False,False,0,,0.0,0,negative_candidate,0.0
ZNF711,True,False,1,NCG,1.0,1,single_source_positive,
PCDHB11,False,False,0,,0.0,0,negative_candidate,0.0
INHBE,False,False,0,,0.0,0,negative_candidate,0.0
STMN1,False,True,1,CIViC,1.0,1,single_source_positive,
UTP18,False,False,0,,0.0,0,negative_candidate,0.0
HENMT1,False,False,0,,0.0,0,negative_candidate,0.0
TSBP1,False,False,0,,0.0,0,negative_candidate,0.0
EAPP,False,False,0,,0.0,0,negative_candidate,0.0
OR52N2,False,False,0,,0.0,0,negative_candidate,0.0
PEX5L,False,False,0,,0.0,0,negative_candidate,0.0
NIPSNAP2,False,False,0,,0.0,0,negative_candidate,0.0
ZBTB14,False,False,0,,0.0,0,negative_candidate,0.0
CREB3L1,True,True,2,NCG;CIViC,1.0,1,high_confidence_positive,1.0
CA12,False,False,0,,0.0,0,negative_candidate,0.0
ARHGEF5,False,False,0,,0.0,0,negative_candidate,0.0
TOR3A,False,False,0,,0.0,0,negative_candidate,0.0
CDYL,True,False,1,NCG,1.0,1,single_source_positive,
RRH,False,False,0,,0.0,0,negative_candidate,0.0
RASGRF2,True,False,1,NCG,1.0,1,single_source_positive,
BCAS2,False,False,0,,0.0,0,negative_candidate,0.0
RDH10,False,False,0,,0.0,0,negative_candidate,0.0
SMIM14,False,False,0,,0.0,0,negative_candidate,0.0
ZNF574,False,False,0,,0.0,0,negative_candidate,0.0
DHX40,False,False,0,,0.0,0,negative_candidate,0.0
COL5A1,True,False,1,NCG,1.0,1,single_source_positive,
LY96,False,False,0,,0.0,0,negative_candidate,0.0
USP38,False,False,0,,0.0,0,negative_candidate,0.0
CBX1,False,False,0,,0.0,0,negative_candidate,0.0
DNAH12,True,False,1,NCG,1.0,1,single_source_positive,
PES1,True,False,1,NCG,1.0,1,single_source_positive,
DFFB,False,False,0,,0.0,0,negative_candidate,0.0
FLACC1,False,False,0,,0.0,0,negative_candidate,0.0
CAPZA2,False,False,0,,0.0,0,negative_candidate,0.0
SAE1,False,False,0,,0.0,0,negative_candidate,0.0
CCR10,False,False,0,,0.0,0,negative_candidate,0.0
DNMT3B,True,False,1,NCG,1.0,1,single_source_positive,
PDCL3,False,False,0,,0.0,0,negative_candidate,0.0
PHLDA3,False,False,0,,0.0,0,negative_candidate,0.0
ATG9B,False,False,0,,0.0,0,negative_candidate,0.0
PLEKHS1,True,False,1,NCG,1.0,1,single_source_positive,
CFAP299,False,False,0,,0.0,0,negative_candidate,0.0
USP14,False,False,0,,0.0,0,negative_candidate,0.0
PI3,False,False,0,,0.0,0,negative_candidate,0.0
CD99L2,False,False,0,,0.0,0,negative_candidate,0.0
ZFP91,True,False,1,NCG,1.0,1,single_source_positive,
KNSTRN,True,False,1,NCG,1.0,1,single_source_positive,
FBXL4,False,False,0,,0.0,0,negative_candidate,0.0
DTNB,False,False,0,,0.0,0,negative_candidate,0.0
RSRC1,False,False,0,,0.0,0,negative_candidate,0.0
LSMEM2,False,False,0,,0.0,0,negative_candidate,0.0
MC5R,False,False,0,,0.0,0,negative_candidate,0.0
SEC11C,False,False,0,,0.0,0,negative_candidate,0.0
TMPRSS6,False,False,0,,0.0,0,negative_candidate,0.0
FOXR2,True,True,2,NCG;CIViC,1.0,1,high_confidence_positive,1.0
RPA2,False,False,0,,0.0,0,negative_candidate,0.0
ALG3,False,False,0,,0.0,0,negative_candidate,0.0
SNRPG,False,False,0,,0.0,0,negative_candidate,0.0
COA4,False,False,0,,0.0,0,negative_candidate,0.0
MRPL54,False,False,0,,0.0,0,negative_candidate,0.0
MRPS10,False,False,0,,0.0,0,negative_candidate,0.0
CFAP70,True,False,1,NCG,1.0,1,single_source_positive,
PDE3A,False,False,0,,0.0,0,negative_candidate,0.0
COPS3,False,False,0,,0.0,0,negative_candidate,0.0
TARS2,False,False,0,,0.0,0,negative_candidate,0.0
MFSD6,False,False,0,,0.0,0,negative_candidate,0.0
MEI1,False,False,0,,0.0,0,negative_candidate,0.0
LCLAT1,False,False,0,,0.0,0,negative_candidate,0.0
ARSD,True,False,1,NCG,1.0,1,single_source_positive,
MCF2L2,False,False,0,,0.0,0,negative_candidate,0.0
TRAV25,False,False,0,,0.0,0,negative_candidate,0.0
H2AZ2,True,False,1,NCG,1.0,1,single_source_positive,
SEM1,False,False,0,,0.0,0,negative_candidate,0.0
EPS8,False,False,0,,0.0,0,negative_candidate,0.0
TTF2,False,False,0,,0.0,0,negative_candidate,0.0
FGF22,False,False,0,,0.0,0,negative_candidate,0.0
GPC6,True,False,1,NCG,1.0,1,single_source_positive,
LBX1,False,False,0,,0.0,0,negative_candidate,0.0
LINS1,False,False,0,,0.0,0,negative_candidate,0.0
CNGB3,False,False,0,,0.0,0,negative_candidate,0.0
TMCO1,False,False,0,,0.0,0,negative_candidate,0.0
FANCI,False,False,0,,0.0,0,negative_candidate,0.0
PIP5K1A,False,False,0,,0.0,0,negative_candidate,0.0
NPM3,False,False,0,,0.0,0,negative_candidate,0.0
MTHFSD,False,False,0,,0.0,0,negative_candidate,0.0
FAM122B,False,False,0,,0.0,0,negative_candidate,0.0
TM7SF3,False,False,0,,0.0,0,negative_candidate,0.0
LDOC1,False,False,0,,0.0,0,negative_candidate,0.0
TUBA8,False,False,0,,0.0,0,negative_candidate,0.0
PIP5K1B,False,False,0,,0.0,0,negative_candidate,0.0
PNLDC1,False,False,0,,0.0,0,negative_candidate,0.0
ATP6V1C1,False,False,0,,0.0,0,negative_candidate,0.0
SPOCK1,False,False,0,,0.0,0,negative_candidate,0.0
LRFN2,True,False,1,NCG,1.0,1,single_source_positive,
MAP3K15,False,False,0,,0.0,0,negative_candidate,0.0
SMAD9,False,False,0,,0.0,0,negative_candidate,0.0
METTL4,False,False,0,,0.0,0,negative_candidate,0.0
CYP2W1,False,False,0,,0.0,0,negative_candidate,0.0
TOB2,False,False,0,,0.0,0,negative_candidate,0.0
WDR25,False,False,0,,0.0,0,negative_candidate,0.0
HKDC1,False,False,0,,0.0,0,negative_candidate,0.0
ANKLE1,False,False,0,,0.0,0,negative_candidate,0.0
SDR16C5,False,False,0,,0.0,0,negative_candidate,0.0
CCDC191,False,False,0,,0.0,0,negative_candidate,0.0
GPR20,False,False,0,,0.0,0,negative_candidate,0.0
POLR1B,False,False,0,,0.0,0,negative_candidate,0.0
ASB4,False,False,0,,0.0,0,negative_candidate,0.0
XYLB,False,False,0,,0.0,0,negative_candidate,0.0
ENHO,False,False,0,,0.0,0,negative_candidate,0.0
TSN,False,False,0,,0.0,0,negative_candidate,0.0
RPGRIP1,True,False,1,NCG,1.0,1,single_source_positive,
KIF5C,False,False,0,,0.0,0,negative_candidate,0.0
ZFP41,False,False,0,,0.0,0,negative_candidate,0.0
LAGE3,False,False,0,,0.0,0,negative_candidate,0.0
PCDHB4,False,False,0,,0.0,0,negative_candidate,0.0
NUTF2,False,False,0,,0.0,0,negative_candidate,0.0
PCSK5,True,False,1,NCG,1.0,1,single_source_positive,
PPIL1,True,False,1,NCG,1.0,1,single_source_positive,
HPRT1,False,False,0,,0.0,0,negative_candidate,0.0
CMYA5,False,False,0,,0.0,0,negative_candidate,0.0
MAP3K9,True,False,1,NCG,1.0,1,single_source_positive,
TRAV19,False,False,0,,0.0,0,negative_candidate,0.0
MYPN,False,False,0,,0.0,0,negative_candidate,0.0
TBL1XR1,True,True,2,NCG;CIViC,1.0,1,high_confidence_positive,1.0
MED12L,True,False,1,NCG,1.0,1,single_source_positive,
C6ORF89,False,False,0,,0.0,0,negative_candidate,0.0
GLTP,False,False,0,,0.0,0,negative_candidate,0.0
SF3A3,False,False,0,,0.0,0,negative_candidate,0.0
NINL,False,False,0,,0.0,0,negative_candidate,0.0
CNKSR2,False,False,0,,0.0,0,negative_candidate,0.0
UNC13C,True,False,1,NCG,1.0,1,single_source_positive,
IGKV1D-16,False,False,0,,0.0,0,negative_candidate,0.0
SPPL2A,False,False,0,,0.0,0,negative_candidate,0.0
REEP3,False,False,0,,0.0,0,negative_candidate,0.0
MYLIP,False,False,0,,0.0,0,negative_candidate,0.0
USP6,True,False,1,NCG,1.0,1,single_source_positive,
GPRC5C,False,False,0,,0.0,0,negative_candidate,0.0
MTREX,True,False,1,NCG,1.0,1,single_source_positive,
HOXC6,True,False,1,NCG,1.0,1,single_source_positive,
ZG16B,False,False,0,,0.0,0,negative_candidate,0.0
ATP6V1B2,True,False,1,NCG,1.0,1,single_source_positive,
PIRT,False,False,0,,0.0,0,negative_candidate,0.0
TCEA3,False,False,0,,0.0,0,negative_candidate,0.0
DAZL,False,False,0,,0.0,0,negative_candidate,0.0
FTO,True,False,1,NCG,1.0,1,single_source_positive,
DERA,False,False,0,,0.0,0,negative_candidate,0.0
URB2,True,False,1,NCG,1.0,1,single_source_positive,
ZNF350,False,False,0,,0.0,0,negative_candidate,0.0
COL8A1,False,False,0,,0.0,0,negative_candidate,0.0
PRB1,False,False,0,,0.0,0,negative_candidate,0.0
WNT8B,False,False,0,,0.0,0,negative_candidate,0.0
KCNB1,False,False,0,,0.0,0,negative_candidate,0.0
BGLAP,False,False,0,,0.0,0,negative_candidate,0.0
ADAL,False,False,0,,0.0,0,negative_candidate,0.0
KCNK5,False,False,0,,0.0,0,negative_candidate,0.0
TDP2,False,False,0,,0.0,0,negative_candidate,0.0
ZFP14,True,False,1,NCG,1.0,1,single_source_positive,
TRAPPC6A,False,False,0,,0.0,0,negative_candidate,0.0
MAGOH,False,False,0,,0.0,0,negative_candidate,0.0
DPF1,False,False,0,,0.0,0,negative_candidate,0.0
SS18,False,True,1,CIViC,1.0,1,single_source_positive,
FGFR2,True,True,2,NCG;CIViC,1.0,1,high_confidence_positive,1.0
KCNS1,False,False,0,,0.0,0,negative_candidate,0.0
CDHR1,True,False,1,NCG,1.0,1,single_source_positive,
GABPB1,False,False,0,,0.0,0,negative_candidate,0.0
DARS1,False,False,0,,0.0,0,negative_candidate,0.0
RETREG3,False,False,0,,0.0,0,negative_candidate,0.0
COX7A2L,False,False,0,,0.0,0,negative_candidate,0.0
SLC18A3,False,False,0,,0.0,0,negative_candidate,0.0
RABGAP1L,False,False,0,,0.0,0,negative_candidate,0.0
RNASEH2A,False,False,0,,0.0,0,negative_candidate,0.0
H3C8,True,False,1,NCG,1.0,1,single_source_positive,
KIF18A,False,False,0,,0.0,0,negative_candidate,0.0
MRPS7,False,False,0,,0.0,0,negative_candidate,0.0
PLD1,False,False,0,,0.0,0,negative_candidate,0.0
SPAG4,False,False,0,,0.0,0,negative_candidate,0.0
MRPL58,False,False,0,,0.0,0,negative_candidate,0.0
RBM28,False,False,0,,0.0,0,negative_candidate,0.0
SERTAD3,False,False,0,,0.0,0,negative_candidate,0.0
LRATD2,False,False,0,,0.0,0,negative_candidate,0.0
PAQR8,False,False,0,,0.0,0,negative_candidate,0.0
GZMA,False,False,0,,0.0,0,negative_candidate,0.0
PLD4,False,False,0,,0.0,0,negative_candidate,0.0
ZDHHC16,False,False,0,,0.0,0,negative_candidate,0.0
LRRC43,False,False,0,,0.0,0,negative_candidate,0.0
ACSL3,False,False,0,,0.0,0,negative_candidate,0.0
KALRN,True,False,1,NCG,1.0,1,single_source_positive,
UGT3A2,False,False,0,,0.0,0,negative_candidate,0.0
ADAMTS14,False,False,0,,0.0,0,negative_candidate,0.0
PCDHGB7,False,False,0,,0.0,0,negative_candidate,0.0
ZKSCAN3,True,False,1,NCG,1.0,1,single_source_positive,
RRP36,False,False,0,,0.0,0,negative_candidate,0.0
NDUFB6,False,False,0,,0.0,0,negative_candidate,0.0
GNA13,True,True,2,NCG;CIViC,1.0,1,high_confidence_positive,1.0
TRBV5-1,False,False,0,,0.0,0,negative_candidate,0.0
CCKBR,True,False,1,NCG,1.0,1,single_source_positive,
PCNX2,False,False,0,,0.0,0,negative_candidate,0.0
DNAJA2,False,False,0,,0.0,0,negative_candidate,0.0
HERC2,True,False,1,NCG,1.0,1,single_source_positive,
TRBJ2-5,False,False,0,,0.0,0,negative_candidate,0.0
GYG2,False,False,0,,0.0,0,negative_candidate,0.0
USP43,False,False,0,,0.0,0,negative_candidate,0.0
C9ORF153,False,False,0,,0.0,0,negative_candidate,0.0
TRGV3,False,False,0,,0.0,0,negative_candidate,0.0
GRPR,False,False,0,,0.0,0,negative_candidate,0.0
THG1L,False,False,0,,0.0,0,negative_candidate,0.0
UQCRFS1,False,False,0,,0.0,0,negative_candidate,0.0
HEATR9,False,False,0,,0.0,0,negative_candidate,0.0
CYB5R1,False,False,0,,0.0,0,negative_candidate,0.0
KCTD8,True,False,1,NCG,1.0,1,single_source_positive,
GMEB1,False,False,0,,0.0,0,negative_candidate,0.0
MMP3,False,False,0,,0.0,0,negative_candidate,0.0
GLIS3,False,False,0,,0.0,0,negative_candidate,0.0
DNAAF1,True,False,1,NCG,1.0,1,single_source_positive,
CACNA1I,False,False,0,,0.0,0,negative_candidate,0.0
CHCHD1,False,False,0,,0.0,0,negative_candidate,0.0
MRPS12,False,False,0,,0.0,0,negative_candidate,0.0
LIPI,False,False,0,,0.0,0,negative_candidate,0.0
TOMM34,False,False,0,,0.0,0,negative_candidate,0.0
TSEN34,False,False,0,,0.0,0,negative_candidate,0.0
UBE3C,False,False,0,,0.0,0,negative_candidate,0.0
LRRTM3,False,False,0,,0.0,0,negative_candidate,0.0
KPNA2,False,False,0,,0.0,0,negative_candidate,0.0
SCN4A,False,False,0,,0.0,0,negative_candidate,0.0
SLCO1A2,False,False,0,,0.0,0,negative_candidate,0.0
GRIA3,True,False,1,NCG,1.0,1,single_source_positive,
SPACA3,False,False,0,,0.0,0,negative_candidate,0.0
COPRS,False,False,0,,0.0,0,negative_candidate,0.0
RNF151,False,False,0,,0.0,0,negative_candidate,0.0
MFSD2B,False,False,0,,0.0,0,negative_candidate,0.0
TIPRL,False,False,0,,0.0,0,negative_candidate,0.0
ACP2,False,False,0,,0.0,0,negative_candidate,0.0
ATR,True,True,2,NCG;CIViC,1.0,1,high_confidence_positive,1.0
BIRC6,True,True,2,NCG;CIViC,1.0,1,high_confidence_positive,1.0
TSPAN12,False,False,0,,0.0,0,negative_candidate,0.0
MYEF2,False,False,0,,0.0,0,negative_candidate,0.0
PTCH2,False,False,0,,0.0,0,negative_candidate,0.0
DLG2,True,False,1,NCG,1.0,1,single_source_positive,
HOXD3,False,False,0,,0.0,0,negative_candidate,0.0
CHST1,True,False,1,NCG,1.0,1,single_source_positive,
CYP1B1,False,False,0,,0.0,0,negative_candidate,0.0
MLF1,True,True,2,NCG;CIViC,1.0,1,high_confidence_positive,1.0
RHOU,False,False,0,,0.0,0,negative_candidate,0.0
GALR3,False,False,0,,0.0,0,negative_candidate,0.0
SBK1,False,False,0,,0.0,0,negative_candidate,0.0
ANGPT2,False,False,0,,0.0,0,negative_candidate,0.0
CTSO,False,False,0,,0.0,0,negative_candidate,0.0
CHRNA10,False,False,0,,0.0,0,negative_candidate,0.0
FOSB,False,True,1,CIViC,1.0,1,single_source_positive,
HOXC5,False,False,0,,0.0,0,negative_candidate,0.0
EIF1AX,True,True,2,NCG;CIViC,1.0,1,high_confidence_positive,1.0
WT1,True,True,2,NCG;CIViC,1.0,1,high_confidence_positive,1.0
ASTL,False,False,0,,0.0,0,negative_candidate,0.0
CNIH1,False,False,0,,0.0,0,negative_candidate,0.0
FUCA2,False,False,0,,0.0,0,negative_candidate,0.0
SLCO6A1,False,False,0,,0.0,0,negative_candidate,0.0
CASP3,True,False,1,NCG,1.0,1,single_source_positive,
TMEM203,False,False,0,,0.0,0,negative_candidate,0.0
LRRTM1,True,False,1,NCG,1.0,1,single_source_positive,
NUTM2G,False,False,0,,0.0,0,negative_candidate,0.0
TRAF4,False,False,0,,0.0,0,negative_candidate,0.0
CCDC81,True,False,1,NCG,1.0,1,single_source_positive,
TMEM241,False,False,0,,0.0,0,negative_candidate,0.0
FAM83C,False,False,0,,0.0,0,negative_candidate,0.0
GPD2,False,False,0,,0.0,0,negative_candidate,0.0
UBE2K,False,False,0,,0.0,0,negative_candidate,0.0
HAL,False,False,0,,0.0,0,negative_candidate,0.0
SKAP2,False,False,0,,0.0,0,negative_candidate,0.0
LAMC2,False,False,0,,0.0,0,negative_candidate,0.0
SCAF8,False,False,0,,0.0,0,negative_candidate,0.0
PTGER3,False,False,0,,0.0,0,negative_candidate,0.0
MAGI2,True,False,1,NCG,1.0,1,single_source_positive,
ITK,True,False,1,NCG,1.0,1,single_source_positive,
OR1Q1,False,False,0,,0.0,0,negative_candidate,0.0
ELMO3,True,False,1,NCG,1.0,1,single_source_positive,
TMPRSS3,False,False,0,,0.0,0,negative_candidate,0.0
SEC63,False,False,0,,0.0,0,negative_candidate,0.0
NSF,False,False,0,,0.0,0,negative_candidate,0.0
RPE65,False,False,0,,0.0,0,negative_candidate,0.0
WIF1,True,True,2,NCG;CIViC,1.0,1,high_confidence_positive,1.0
DYRK3,False,False,0,,0.0,0,negative_candidate,0.0
STAT4,True,False,1,NCG,1.0,1,single_source_positive,
MAT2B,False,False,0,,0.0,0,negative_candidate,0.0
RBCK1,False,False,0,,0.0,0,negative_candidate,0.0
APLNR,True,False,1,NCG,1.0,1,single_source_positive,
TBCC,False,False,0,,0.0,0,negative_candidate,0.0
ANGPTL2,False,False,0,,0.0,0,negative_candidate,0.0
CHAT,False,False,0,,0.0,0,negative_candidate,0.0
FREM2,True,False,1,NCG,1.0,1,single_source_positive,
GRHL2,True,False,1,NCG,1.0,1,single_source_positive,
TMEM60,False,False,0,,0.0,0,negative_candidate,0.0
KIF21B,True,True,2,NCG;CIViC,1.0,1,high_confidence_positive,1.0
ABT1,False,False,0,,0.0,0,negative_candidate,0.0
STEAP3,False,False,0,,0.0,0,negative_candidate,0.0
PIGV,False,False,0,,0.0,0,negative_candidate,0.0
NXT1,False,False,0,,0.0,0,negative_candidate,0.0
LAMB4,False,False,0,,0.0,0,negative_candidate,0.0
PCDHB7,False,False,0,,0.0,0,negative_candidate,0.0
USP46,False,False,0,,0.0,0,negative_candidate,0.0
ANP32A,False,False,0,,0.0,0,negative_candidate,0.0
SMURF1,False,False,0,,0.0,0,negative_candidate,0.0
GRAP,False,False,0,,0.0,0,negative_candidate,0.0
TMEM59L,False,False,0,,0.0,0,negative_candidate,0.0
ABHD12,False,False,0,,0.0,0,negative_candidate,0.0
GGCX,False,False,0,,0.0,0,negative_candidate,0.0
GABRA5,False,False,0,,0.0,0,negative_candidate,0.0
ZNF253,True,False,1,NCG,1.0,1,single_source_positive,
MCF2,False,False,0,,0.0,0,negative_candidate,0.0
WAPL,True,False,1,NCG,1.0,1,single_source_positive,
SDC3,False,False,0,,0.0,0,negative_candidate,0.0
NRG3,True,False,1,NCG,1.0,1,single_source_positive,
LMNB1,False,False,0,,0.0,0,negative_candidate,0.0
YTHDF3,False,False,0,,0.0,0,negative_candidate,0.0
CDC42,True,False,1,NCG,1.0,1,single_source_positive,
LRIF1,False,False,0,,0.0,0,negative_candidate,0.0
PTGR1,False,False,0,,0.0,0,negative_candidate,0.0
THPO,False,False,0,,0.0,0,negative_candidate,0.0
RNASE6,False,False,0,,0.0,0,negative_candidate,0.0
MS4A2,False,False,0,,0.0,0,negative_candidate,0.0
SGPL1,False,False,0,,0.0,0,negative_candidate,0.0
H2AC4,False,False,0,,0.0,0,negative_candidate,0.0
DNAJC5G,False,False,0,,0.0,0,negative_candidate,0.0
KCNA4,True,False,1,NCG,1.0,1,single_source_positive,
NPTXR,False,True,1,CIViC,0.9,1,single_source_positive,
NFU1,False,False,0,,0.0,0,negative_candidate,0.0
C8ORF33,False,False,0,,0.0,0,negative_candidate,0.0
CIAO2A,True,False,1,NCG,1.0,1,single_source_positive,
EIF3J,False,False,0,,0.0,0,negative_candidate,0.0
PRMT6,False,False,0,,0.0,0,negative_candidate,0.0
NTN4,True,False,1,NCG,1.0,1,single_source_positive,
TPO,True,False,1,NCG,1.0,1,single_source_positive,
ANAPC11,False,False,0,,0.0,0,negative_candidate,0.0
PQBP1,False,False,0,,0.0,0,negative_candidate,0.0
YIPF2,False,False,0,,0.0,0,negative_candidate,0.0
ADAM12,False,False,0,,0.0,0,negative_candidate,0.0
BZW1,False,True,1,CIViC,0.9,1,single_source_positive,
SPIN1,False,False,0,,0.0,0,negative_candidate,0.0
SYBU,False,False,0,,0.0,0,negative_candidate,0.0
BIRC3,True,True,2,NCG;CIViC,1.0,1,high_confidence_positive,1.0
ARMC1,False,False,0,,0.0,0,negative_candidate,0.0
CFAP92,False,False,0,,0.0,0,negative_candidate,0.0
MCCC2,False,False,0,,0.0,0,negative_candidate,0.0
TMEM30B,False,False,0,,0.0,0,negative_candidate,0.0
ANKRD34A,False,False,0,,0.0,0,negative_candidate,0.0
MRPL57,False,False,0,,0.0,0,negative_candidate,0.0
SLC25A41,False,False,0,,0.0,0,negative_candidate,0.0
NOP58,True,False,1,NCG,1.0,1,single_source_positive,
CRYBA2,False,False,0,,0.0,0,negative_candidate,0.0
N4BP3,False,False,0,,0.0,0,negative_candidate,0.0
PDXDC1,True,False,1,NCG,1.0,1,single_source_positive,
PARP9,False,False,0,,0.0,0,negative_candidate,0.0
PPFIA2,False,False,0,,0.0,0,negative_candidate,0.0
GOLPH3L,False,False,0,,0.0,0,negative_candidate,0.0
IGSF22,False,False,0,,0.0,0,negative_candidate,0.0
METTL24,False,False,0,,0.0,0,negative_candidate,0.0
SFRP5,False,False,0,,0.0,0,negative_candidate,0.0
HOXB13,False,True,1,CIViC,1.0,1,single_source_positive,
SRRM5,False,False,0,,0.0,0,negative_candidate,0.0
FERMT3,False,False,0,,0.0,0,negative_candidate,0.0
ZNF225,False,False,0,,0.0,0,negative_candidate,0.0
ELOA,False,False,0,,0.0,0,negative_candidate,0.0
PSMD12,False,False,0,,0.0,0,negative_candidate,0.0
BROX,False,False,0,,0.0,0,negative_candidate,0.0
SORBS2,False,False,0,,0.0,0,negative_candidate,0.0
ABHD17C,False,False,0,,0.0,0,negative_candidate,0.0
IFT52,False,False,0,,0.0,0,negative_candidate,0.0
ZNF282,False,False,0,,0.0,0,negative_candidate,0.0
HID1,False,False,0,,0.0,0,negative_candidate,0.0
AK2,False,False,0,,0.0,0,negative_candidate,0.0
AGA,False,False,0,,0.0,0,negative_candidate,0.0
SORCS3,False,False,0,,0.0,0,negative_candidate,0.0
SFXN1,False,False,0,,0.0,0,negative_candidate,0.0
COMMD6,False,False,0,,0.0,0,negative_candidate,0.0
GAL3ST4,False,False,0,,0.0,0,negative_candidate,0.0
AFF4,True,False,1,NCG,1.0,1,single_source_positive,
MPP2,False,False,0,,0.0,0,negative_candidate,0.0
PAFAH1B2,False,False,0,,0.0,0,negative_candidate,0.0
UBAC2,True,False,1,NCG,1.0,1,single_source_positive,
GDA,False,False,0,,0.0,0,negative_candidate,0.0
ZNF518B,False,False,0,,0.0,0,negative_candidate,0.0
HECTD2,False,False,0,,0.0,0,negative_candidate,0.0
EMX2,False,False,0,,0.0,0,negative_candidate,0.0
KCNK7,False,False,0,,0.0,0,negative_candidate,0.0
TRAV13-1,False,False,0,,0.0,0,negative_candidate,0.0
MRPL55,False,False,0,,0.0,0,negative_candidate,0.0
TRBJ2-6,False,False,0,,0.0,0,negative_candidate,0.0
THAP6,False,False,0,,0.0,0,negative_candidate,0.0
MATN4,False,False,0,,0.0,0,negative_candidate,0.0
USP39,False,False,0,,0.0,0,negative_candidate,0.0
GRM1,True,False,1,NCG,1.0,1,single_source_positive,
KCNA7,False,False,0,,0.0,0,negative_candidate,0.0
CCDC58,False,False,0,,0.0,0,negative_candidate,0.0
N6AMT1,False,False,0,,0.0,0,negative_candidate,0.0
MAGEH1,False,True,1,CIViC,1.0,1,single_source_positive,
NLN,True,False,1,NCG,1.0,1,single_source_positive,
QPRT,True,False,1,NCG,1.0,1,single_source_positive,
UBE2Q2,False,False,0,,0.0,0,negative_candidate,0.0
MBNL2,True,False,1,NCG,1.0,1,single_source_positive,
MICU1,False,False,0,,0.0,0,negative_candidate,0.0
TRIM24,True,True,2,NCG;CIViC,1.0,1,high_confidence_positive,1.0
MZB1,False,False,0,,0.0,0,negative_candidate,0.0
PPP6C,True,False,1,NCG,1.0,1,single_source_positive,
GPD1L,False,False,0,,0.0,0,negative_candidate,0.0
EFCAB6,False,False,0,,0.0,0,negative_candidate,0.0
NABP2,False,False,0,,0.0,0,negative_candidate,0.0
TRAV24,False,False,0,,0.0,0,negative_candidate,0.0
GGCT,True,False,1,NCG,1.0,1,single_source_positive,
PPP6R3,False,False,0,,0.0,0,negative_candidate,0.0
PCDHGA1,False,False,0,,0.0,0,negative_candidate,0.0
CEP20,False,False,0,,0.0,0,negative_candidate,0.0
NCBP2,False,False,0,,0.0,0,negative_candidate,0.0
CALML5,False,False,0,,0.0,0,negative_candidate,0.0
PRSS22,False,False,0,,0.0,0,negative_candidate,0.0
ABI1,True,True,2,NCG;CIViC,1.0,1,high_confidence_positive,1.0
GMPPA,False,False,0,,0.0,0,negative_candidate,0.0
FAM207A,False,False,0,,0.0,0,negative_candidate,0.0
ATXN10,False,False,0,,0.0,0,negative_candidate,0.0
ZNF423,False,False,0,,0.0,0,negative_candidate,0.0
SIGLEC14,False,False,0,,0.0,0,negative_candidate,0.0
ZNF222,False,False,0,,0.0,0,negative_candidate,0.0
CIR1,False,False,0,,0.0,0,negative_candidate,0.0
BCO2,False,False,0,,0.0,0,negative_candidate,0.0
TMX4,False,False,0,,0.0,0,negative_candidate,0.0
SLC35C1,False,False,0,,0.0,0,negative_candidate,0.0
AASDH,False,False,0,,0.0,0,negative_candidate,0.0
ADAMTS5,True,False,1,NCG,1.0,1,single_source_positive,
NMUR2,True,False,1,NCG,1.0,1,single_source_positive,
PRSS48,False,False,0,,0.0,0,negative_candidate,0.0
ABCA10,True,False,1,NCG,1.0,1,single_source_positive,
PSMA5,False,False,0,,0.0,0,negative_candidate,0.0
UBL3,False,False,0,,0.0,0,negative_candidate,0.0
PNLIP,False,False,0,,0.0,0,negative_candidate,0.0
ST18,False,False,0,,0.0,0,negative_candidate,0.0
MTMR7,False,False,0,,0.0,0,negative_candidate,0.0
PHF23,False,False,0,,0.0,0,negative_candidate,0.0
SPTBN5,True,False,1,NCG,1.0,1,single_source_positive,
ENOX2,False,False,0,,0.0,0,negative_candidate,0.0
PACRG,False,False,0,,0.0,0,negative_candidate,0.0
ARFIP2,False,False,0,,0.0,0,negative_candidate,0.0
KCNG2,False,False,0,,0.0,0,negative_candidate,0.0
SIGLEC12,False,False,0,,0.0,0,negative_candidate,0.0
C1ORF210,False,False,0,,0.0,0,negative_candidate,0.0
DDX10,True,False,1,NCG,1.0,1,single_source_positive,
TRIM11,False,False,0,,0.0,0,negative_candidate,0.0
CNDP1,False,False,0,,0.0,0,negative_candidate,0.0
CD200,True,False,1,NCG,1.0,1,single_source_positive,
SPCS2,False,False,0,,0.0,0,negative_candidate,0.0
IFNAR1,False,False,0,,0.0,0,negative_candidate,0.0
BAMBI,False,False,0,,0.0,0,negative_candidate,0.0
LSM14B,False,False,0,,0.0,0,negative_candidate,0.0
EPPIN,False,False,0,,0.0,0,negative_candidate,0.0
MPHOSPH10,False,False,0,,0.0,0,negative_candidate,0.0
BCLAF3,False,False,0,,0.0,0,negative_candidate,0.0
PTPRU,True,False,1,NCG,1.0,1,single_source_positive,
ARSI,False,False,0,,0.0,0,negative_candidate,0.0
ZGRF1,False,False,0,,0.0,0,negative_candidate,0.0
VAV2,False,False,0,,0.0,0,negative_candidate,0.0
RBPJ,True,False,1,NCG,1.0,1,single_source_positive,
CCAR1,True,False,1,NCG,1.0,1,single_source_positive,
DESI2,False,False,0,,0.0,0,negative_candidate,0.0
GEMIN5,False,False,0,,0.0,0,negative_candidate,0.0
GREM2,False,False,0,,0.0,0,negative_candidate,0.0
PGRMC2,False,False,0,,0.0,0,negative_candidate,0.0
POPDC2,False,False,0,,0.0,0,negative_candidate,0.0
ATOH1,False,False,0,,0.0,0,negative_candidate,0.0
GABRA2,True,False,1,NCG,1.0,1,single_source_positive,
YKT6,False,False,0,,0.0,0,negative_candidate,0.0
CACYBP,False,False,0,,0.0,0,negative_candidate,0.0
ELK3,False,False,0,,0.0,0,negative_candidate,0.0
ST8SIA4,False,False,0,,0.0,0,negative_candidate,0.0
SLC2A13,True,False,1,NCG,1.0,1,single_source_positive,
AURKB,False,True,1,CIViC,0.9,1,single_source_positive,
EMILIN3,False,False,0,,0.0,0,negative_candidate,0.0
ZNF154,False,False,0,,0.0,0,negative_candidate,0.0
ANXA4,False,False,0,,0.0,0,negative_candidate,0.0
UBD,False,False,0,,0.0,0,negative_candidate,0.0
PIH1D1,False,False,0,,0.0,0,negative_candidate,0.0
EFHB,False,False,0,,0.0,0,negative_candidate,0.0
CHRNA5,False,False,0,,0.0,0,negative_candidate,0.0
SGIP1,False,False,0,,0.0,0,negative_candidate,0.0
BAALC,False,False,0,,0.0,0,negative_candidate,0.0
ZNF671,False,False,0,,0.0,0,negative_candidate,0.0
ERN2,True,False,1,NCG,1.0,1,single_source_positive,
PNMA1,False,False,0,,0.0,0,negative_candidate,0.0
NLRP5,True,False,1,NCG,1.0,1,single_source_positive,
PRSS36,False,False,0,,0.0,0,negative_candidate,0.0
PSMA4,False,False,0,,0.0,0,negative_candidate,0.0
LHCGR,False,False,0,,0.0,0,negative_candidate,0.0
KCTD20,False,False,0,,0.0,0,negative_candidate,0.0
LTB,True,True,2,NCG;CIViC,1.0,1,high_confidence_positive,1.0
SLC6A16,False,False,0,,0.0,0,negative_candidate,0.0
CNP,False,False,0,,0.0,0,negative_candidate,0.0
LSM10,False,False,0,,0.0,0,negative_candidate,0.0
NEK1,False,False,0,,0.0,0,negative_candidate,0.0
POGK,False,False,0,,0.0,0,negative_candidate,0.0
SAMD1,False,False,0,,0.0,0,negative_candidate,0.0
PELP1,False,False,0,,0.0,0,negative_candidate,0.0
USP10,True,False,1,NCG,1.0,1,single_source_positive,
ALG5,False,False,0,,0.0,0,negative_candidate,0.0
SETD3,False,False,0,,0.0,0,negative_candidate,0.0
RTRAF,False,False,0,,0.0,0,negative_candidate,0.0
DHX32,False,False,0,,0.0,0,negative_candidate,0.0
NRSN2,False,False,0,,0.0,0,negative_candidate,0.0
ANKRD42,False,False,0,,0.0,0,negative_candidate,0.0
ZNF594,False,False,0,,0.0,0,negative_candidate,0.0
ST6GALNAC4,False,False,0,,0.0,0,negative_candidate,0.0
MED10,False,False,0,,0.0,0,negative_candidate,0.0
VPS4B,False,False,0,,0.0,0,negative_candidate,0.0
UPK3A,False,False,0,,0.0,0,negative_candidate,0.0
XKR5,False,False,0,,0.0,0,negative_candidate,0.0
PPP1R8,False,False,0,,0.0,0,negative_candidate,0.0
TLX3,True,True,2,NCG;CIViC,1.0,1,high_confidence_positive,1.0
ZC3HAV1,False,True,1,CIViC,0.9,1,single_source_positive,
RGS16,False,False,0,,0.0,0,negative_candidate,0.0
MAP4K4,False,False,0,,0.0,0,negative_candidate,0.0
LILRA4,False,False,0,,0.0,0,negative_candidate,0.0
RHNO1,False,False,0,,0.0,0,negative_candidate,0.0
ZNF442,False,False,0,,0.0,0,negative_candidate,0.0
SCN11A,True,False,1,NCG,1.0,1,single_source_positive,
FAM136A,False,False,0,,0.0,0,negative_candidate,0.0
TNFRSF11A,False,False,0,,0.0,0,negative_candidate,0.0
KDM2B,True,False,1,NCG,1.0,1,single_source_positive,
KCNMB3,False,False,0,,0.0,0,negative_candidate,0.0
PCMT1,False,False,0,,0.0,0,negative_candidate,0.0
SNX5,False,False,0,,0.0,0,negative_candidate,0.0
CRNKL1,True,False,1,NCG,1.0,1,single_source_positive,
MIEN1,False,False,0,,0.0,0,negative_candidate,0.0
RORB,False,False,0,,0.0,0,negative_candidate,0.0
FABP3,False,False,0,,0.0,0,negative_candidate,0.0
EMC3,False,False,0,,0.0,0,negative_candidate,0.0
CASKIN1,True,False,1,NCG,1.0,1,single_source_positive,
GCM1,False,False,0,,0.0,0,negative_candidate,0.0
FAM20B,False,False,0,,0.0,0,negative_candidate,0.0
ERLIN1,False,False,0,,0.0,0,negative_candidate,0.0
FBLN7,False,False,0,,0.0,0,negative_candidate,0.0
WRNIP1,False,False,0,,0.0,0,negative_candidate,0.0
INTS6,False,False,0,,0.0,0,negative_candidate,0.0
ACKR2,False,False,0,,0.0,0,negative_candidate,0.0
APCDD1L,False,False,0,,0.0,0,negative_candidate,0.0
TMOD4,False,False,0,,0.0,0,negative_candidate,0.0
IZUMO2,False,False,0,,0.0,0,negative_candidate,0.0
KCNJ1,False,False,0,,0.0,0,negative_candidate,0.0
RGPD2,False,False,0,,0.0,0,negative_candidate,0.0
POLE4,False,True,1,CIViC,0.9,1,single_source_positive,
ARL13B,False,False,0,,0.0,0,negative_candidate,0.0
ZNF460,False,False,0,,0.0,0,negative_candidate,0.0
MDFIC,True,False,1,NCG,1.0,1,single_source_positive,
TMEM126A,False,False,0,,0.0,0,negative_candidate,0.0
FIG4,False,False,0,,0.0,0,negative_candidate,0.0
DNAH8,True,False,1,NCG,1.0,1,single_source_positive,
NLGN3,False,False,0,,0.0,0,negative_candidate,0.0
RNASEL,False,False,0,,0.0,0,negative_candidate,0.0
TMEM51,False,False,0,,0.0,0,negative_candidate,0.0
FTHL17,False,False,0,,0.0,0,negative_candidate,0.0
MYC,True,True,2,NCG;CIViC,1.0,1,high_confidence_positive,1.0
INO80D,False,False,0,,0.0,0,negative_candidate,0.0
PCDHA4,False,False,0,,0.0,0,negative_candidate,0.0
FCER1A,True,False,1,NCG,1.0,1,single_source_positive,
SEPTIN11,False,False,0,,0.0,0,negative_candidate,0.0
MYBL1,True,True,2,NCG;CIViC,1.0,1,high_confidence_positive,1.0
TSPAN6,False,False,0,,0.0,0,negative_candidate,0.0
HRAS,True,True,2,NCG;CIViC,1.0,1,high_confidence_positive,1.0
CD320,False,False,0,,0.0,0,negative_candidate,0.0
ZNF281,False,False,0,,0.0,0,negative_candidate,0.0
LRRTM4,True,False,1,NCG,1.0,1,single_source_positive,
CTR9,False,False,0,,0.0,0,negative_candidate,0.0
SNURF,False,False,0,,0.0,0,negative_candidate,0.0
SEPHS1,False,False,0,,0.0,0,negative_candidate,0.0
IRF2,True,False,1,NCG,1.0,1,single_source_positive,
SPRED1,True,False,1,NCG,1.0,1,single_source_positive,
COMT,False,False,0,,0.0,0,negative_candidate,0.0
TMEM258,False,False,0,,0.0,0,negative_candidate,0.0
DZIP1,False,False,0,,0.0,0,negative_candidate,0.0
TMEM63C,False,False,0,,0.0,0,negative_candidate,0.0
NUBPL,False,False,0,,0.0,0,negative_candidate,0.0
ZDHHC12,False,False,0,,0.0,0,negative_candidate,0.0
ATXN7L3,False,False,0,,0.0,0,negative_candidate,0.0
NRXN3,True,False,1,NCG,1.0,1,single_source_positive,
NDE1,False,False,0,,0.0,0,negative_candidate,0.0
KLHDC10,False,False,0,,0.0,0,negative_candidate,0.0
MAPK1IP1L,False,False,0,,0.0,0,negative_candidate,0.0
GSDMA,True,False,1,NCG,1.0,1,single_source_positive,
ZNF713,False,True,1,CIViC,0.9,1,single_source_positive,
ATP11C,False,False,0,,0.0,0,negative_candidate,0.0
KCNMB2,False,False,0,,0.0,0,negative_candidate,0.0
PEAK3,False,False,0,,0.0,0,negative_candidate,0.0
MCMBP,True,False,1,NCG,1.0,1,single_source_positive,
SH2D4A,False,False,0,,0.0,0,negative_candidate,0.0
MYO7A,False,False,0,,0.0,0,negative_candidate,0.0
ATP6V1D,False,False,0,,0.0,0,negative_candidate,0.0
GC,False,False,0,,0.0,0,negative_candidate,0.0
GSTA1,False,False,0,,0.0,0,negative_candidate,0.0
PTEN,True,True,2,NCG;CIViC,1.0,1,high_confidence_positive,1.0
SHANK2,True,False,1,NCG,1.0,1,single_source_positive,
CCDC112,False,False,0,,0.0,0,negative_candidate,0.0
CYP46A1,False,False,0,,0.0,0,negative_candidate,0.0
ZNF836,False,False,0,,0.0,0,negative_candidate,0.0
BLOC1S4,False,False,0,,0.0,0,negative_candidate,0.0
ABCC11,False,False,0,,0.0,0,negative_candidate,0.0
CD84,False,False,0,,0.0,0,negative_candidate,0.0
TP53I3,False,False,0,,0.0,0,negative_candidate,0.0
NACC1,False,False,0,,0.0,0,negative_candidate,0.0
EIF2B1,False,False,0,,0.0,0,negative_candidate,0.0
STAG2,True,True,2,NCG;CIViC,1.0,1,high_confidence_positive,1.0
FUT8,False,False,0,,0.0,0,negative_candidate,0.0
TRIM7,False,False,0,,0.0,0,negative_candidate,0.0
HHAT,True,False,1,NCG,1.0,1,single_source_positive,
PKD2L1,False,False,0,,0.0,0,negative_candidate,0.0
PKN2,False,False,0,,0.0,0,negative_candidate,0.0
SYP,False,False,0,,0.0,0,negative_candidate,0.0
PHLPP1,True,False,1,NCG,1.0,1,single_source_positive,
ATG13,True,False,1,NCG,1.0,1,single_source_positive,
NUB1,False,False,0,,0.0,0,negative_candidate,0.0
PAX8,False,True,1,CIViC,1.0,1,single_source_positive,
SSB,True,False,1,NCG,1.0,1,single_source_positive,
GLT8D1,False,False,0,,0.0,0,negative_candidate,0.0
ZFAND6,False,False,0,,0.0,0,negative_candidate,0.0
GLRX5,False,False,0,,0.0,0,negative_candidate,0.0
VPS18,False,True,1,CIViC,1.0,1,single_source_positive,
ADK,False,False,0,,0.0,0,negative_candidate,0.0
EDN3,False,False,0,,0.0,0,negative_candidate,0.0
ZNF607,False,False,0,,0.0,0,negative_candidate,0.0
ZNF304,False,False,0,,0.0,0,negative_candidate,0.0
SYT3,False,False,0,,0.0,0,negative_candidate,0.0
RNF7,False,False,0,,0.0,0,negative_candidate,0.0
THEM5,False,False,0,,0.0,0,negative_candidate,0.0
HGH1,False,False,0,,0.0,0,negative_candidate,0.0
PLXNB3,False,False,0,,0.0,0,negative_candidate,0.0
POT1,True,True,2,NCG;CIViC,1.0,1,high_confidence_positive,1.0
XYLT1,False,False,0,,0.0,0,negative_candidate,0.0
LONP2,False,False,0,,0.0,0,negative_candidate,0.0
LAMP5,False,False,0,,0.0,0,negative_candidate,0.0
DNAAF6,False,False,0,,0.0,0,negative_candidate,0.0
GPATCH1,False,False,0,,0.0,0,negative_candidate,0.0
RPL26L1,False,False,0,,0.0,0,negative_candidate,0.0
PDCD10,False,False,0,,0.0,0,negative_candidate,0.0
PEPD,False,False,0,,0.0,0,negative_candidate,0.0
VPS26A,False,False,0,,0.0,0,negative_candidate,0.0
ZCCHC17,False,False,0,,0.0,0,negative_candidate,0.0
CERK,False,False,0,,0.0,0,negative_candidate,0.0
COL4A4,False,False,0,,0.0,0,negative_candidate,0.0
TUBA3D,False,False,0,,0.0,0,negative_candidate,0.0
BFSP2,False,False,0,,0.0,0,negative_candidate,0.0
CCDC38,True,False,1,NCG,1.0,1,single_source_positive,
PI4K2B,False,False,0,,0.0,0,negative_candidate,0.0
ADAM10,True,False,1,NCG,1.0,1,single_source_positive,
ZNF234,False,False,0,,0.0,0,negative_candidate,0.0
CLCA4,False,False,0,,0.0,0,negative_candidate,0.0
MTCP1,True,False,1,NCG,1.0,1,single_source_positive,
RAB40C,False,False,0,,0.0,0,negative_candidate,0.0
NMRAL1,False,False,0,,0.0,0,negative_candidate,0.0
USP42,False,True,1,CIViC,1.0,1,single_source_positive,
LILRB4,False,False,0,,0.0,0,negative_candidate,0.0
NTRK1,True,True,2,NCG;CIViC,1.0,1,high_confidence_positive,1.0
HTR1B,False,False,0,,0.0,0,negative_candidate,0.0
EOMES,True,False,1,NCG,1.0,1,single_source_positive,
IRX4,False,False,0,,0.0,0,negative_candidate,0.0
TM4SF19,False,False,0,,0.0,0,negative_candidate,0.0
LYPD1,False,False,0,,0.0,0,negative_candidate,0.0
KLHDC8B,False,False,0,,0.0,0,negative_candidate,0.0
SC5D,False,False,0,,0.0,0,negative_candidate,0.0
CAMK4,False,False,0,,0.0,0,negative_candidate,0.0
ACTL8,False,False,0,,0.0,0,negative_candidate,0.0
POU2F1,False,False,0,,0.0,0,negative_candidate,0.0
MPHOSPH9,False,False,0,,0.0,0,negative_candidate,0.0
HDHD3,False,False,0,,0.0,0,negative_candidate,0.0
PSEN1,False,False,0,,0.0,0,negative_candidate,0.0
RHBDL1,False,False,0,,0.0,0,negative_candidate,0.0
SIL1,False,False,0,,0.0,0,negative_candidate,0.0
ITIH6,False,False,0,,0.0,0,negative_candidate,0.0
CDH7,False,False,0,,0.0,0,negative_candidate,0.0
PGAM5,False,False,0,,0.0,0,negative_candidate,0.0
IGLC7,False,False,0,,0.0,0,negative_candidate,0.0
EBF3,False,False,0,,0.0,0,negative_candidate,0.0
SLC10A7,False,False,0,,0.0,0,negative_candidate,0.0
UBE2N,False,False,0,,0.0,0,negative_candidate,0.0
HIF1A,True,True,2,NCG;CIViC,1.0,1,high_confidence_positive,1.0
MMP17,False,False,0,,0.0,0,negative_candidate,0.0
NPY1R,False,False,0,,0.0,0,negative_candidate,0.0
CELF3,False,False,0,,0.0,0,negative_candidate,0.0
RAP1A,False,False,0,,0.0,0,negative_candidate,0.0
PMS2,True,True,2,NCG;CIViC,1.0,1,high_confidence_positive,1.0
POGLUT3,False,False,0,,0.0,0,negative_candidate,0.0
MCPH1,False,False,0,,0.0,0,negative_candidate,0.0
GPR39,False,False,0,,0.0,0,negative_candidate,0.0
GLE1,False,False,0,,0.0,0,negative_candidate,0.0
CHCHD3,False,False,0,,0.0,0,negative_candidate,0.0
NDC1,False,False,0,,0.0,0,negative_candidate,0.0
ART4,False,False,0,,0.0,0,negative_candidate,0.0
ASB7,False,False,0,,0.0,0,negative_candidate,0.0
BAK1,False,False,0,,0.0,0,negative_candidate,0.0
FAM160B1,False,False,0,,0.0,0,negative_candidate,0.0
GPRASP2,False,False,0,,0.0,0,negative_candidate,0.0
EFCAB7,False,False,0,,0.0,0,negative_candidate,0.0
G3BP1,True,False,1,NCG,1.0,1,single_source_positive,
BLOC1S2,False,False,0,,0.0,0,negative_candidate,0.0
TMEM143,False,False,0,,0.0,0,negative_candidate,0.0
ADAMTS6,True,False,1,NCG,1.0,1,single_source_positive,
ADSS1,False,False,0,,0.0,0,negative_candidate,0.0
ARRDC5,True,False,1,NCG,1.0,1,single_source_positive,
ZNF610,False,False,0,,0.0,0,negative_candidate,0.0
RBM22,False,False,0,,0.0,0,negative_candidate,0.0
NSFL1C,False,False,0,,0.0,0,negative_candidate,0.0
YY1,False,False,0,,0.0,0,negative_candidate,0.0
SEMA3D,False,False,0,,0.0,0,negative_candidate,0.0
BYSL,False,False,0,,0.0,0,negative_candidate,0.0
NIFK,False,False,0,,0.0,0,negative_candidate,0.0
TENT5A,False,False,0,,0.0,0,negative_candidate,0.0
SNRNP40,False,False,0,,0.0,0,negative_candidate,0.0
RRM2B,False,False,0,,0.0,0,negative_candidate,0.0
UGGT2,False,False,0,,0.0,0,negative_candidate,0.0
MOV10,True,False,1,NCG,1.0,1,single_source_positive,
ACTR10,False,False,0,,0.0,0,negative_candidate,0.0
GNPDA1,False,False,0,,0.0,0,negative_candidate,0.0
IDO1,False,False,0,,0.0,0,negative_candidate,0.0
AKNAD1,False,False,0,,0.0,0,negative_candidate,0.0
CEP290,False,False,0,,0.0,0,negative_candidate,0.0
G6PC3,False,False,0,,0.0,0,negative_candidate,0.0
SFT2D1,False,False,0,,0.0,0,negative_candidate,0.0
PYM1,False,False,0,,0.0,0,negative_candidate,0.0
CYP4A22,False,False,0,,0.0,0,negative_candidate,0.0
TCTA,False,False,0,,0.0,0,negative_candidate,0.0
DCAF11,False,False,0,,0.0,0,negative_candidate,0.0
OR52B6,False,False,0,,0.0,0,negative_candidate,0.0
NTHL1,True,False,1,NCG,1.0,1,single_source_positive,
BEX2,False,False,0,,0.0,0,negative_candidate,0.0
CPTP,False,False,0,,0.0,0,negative_candidate,0.0
FAM160B2,False,False,0,,0.0,0,negative_candidate,0.0
PLGRKT,False,False,0,,0.0,0,negative_candidate,0.0
ZNF250,False,False,0,,0.0,0,negative_candidate,0.0
DEFA5,False,False,0,,0.0,0,negative_candidate,0.0
B4GALT2,False,False,0,,0.0,0,negative_candidate,0.0
RBM24,False,False,0,,0.0,0,negative_candidate,0.0
G3BP2,True,True,2,NCG;CIViC,1.0,1,high_confidence_positive,1.0
ADAM20,False,False,0,,0.0,0,negative_candidate,0.0
CRCP,False,False,0,,0.0,0,negative_candidate,0.0
PCDHB9,False,False,0,,0.0,0,negative_candidate,0.0
YPEL4,False,False,0,,0.0,0,negative_candidate,0.0
EGFLAM,False,False,0,,0.0,0,negative_candidate,0.0
ZIK1,False,False,0,,0.0,0,negative_candidate,0.0
MAGEE2,False,False,0,,0.0,0,negative_candidate,0.0
THOC2,False,False,0,,0.0,0,negative_candidate,0.0
GSTA4,True,False,1,NCG,1.0,1,single_source_positive,
APOL6,False,False,0,,0.0,0,negative_candidate,0.0
CBFB,True,True,2,NCG;CIViC,1.0,1,high_confidence_positive,1.0
WDFY1,False,False,0,,0.0,0,negative_candidate,0.0
TEDDM1,False,False,0,,0.0,0,negative_candidate,0.0
RAB27A,False,False,0,,0.0,0,negative_candidate,0.0
SFXN4,True,False,1,NCG,1.0,1,single_source_positive,
INSIG2,False,False,0,,0.0,0,negative_candidate,0.0
ALG2,False,False,0,,0.0,0,negative_candidate,0.0
PRDM10,False,False,0,,0.0,0,negative_candidate,0.0
SPTBN4,True,False,1,NCG,1.0,1,single_source_positive,
ANGPTL5,False,False,0,,0.0,0,negative_candidate,0.0
ADGRE2,False,False,0,,0.0,0,negative_candidate,0.0
MMP28,False,False,0,,0.0,0,negative_candidate,0.0
MEGF9,False,False,0,,0.0,0,negative_candidate,0.0
TRDV1,False,False,0,,0.0,0,negative_candidate,0.0
RANBP1,False,False,0,,0.0,0,negative_candidate,0.0
EFCAB11,False,False,0,,0.0,0,negative_candidate,0.0
PDK3,False,False,0,,0.0,0,negative_candidate,0.0
KCNH3,False,False,0,,0.0,0,negative_candidate,0.0
RAB35,False,False,0,,0.0,0,negative_candidate,0.0
RAB4A,False,False,0,,0.0,0,negative_candidate,0.0
INTS4,True,False,1,NCG,1.0,1,single_source_positive,
CIT,False,False,0,,0.0,0,negative_candidate,0.0
ZSCAN20,False,False,0,,0.0,0,negative_candidate,0.0
CHRAC1,False,False,0,,0.0,0,negative_candidate,0.0
DUSP12,False,False,0,,0.0,0,negative_candidate,0.0
NARF,False,False,0,,0.0,0,negative_candidate,0.0
TUBB2A,False,False,0,,0.0,0,negative_candidate,0.0
TPMT,False,False,0,,0.0,0,negative_candidate,0.0
FRRS1L,False,False,0,,0.0,0,negative_candidate,0.0
DEDD2,False,False,0,,0.0,0,negative_candidate,0.0
COL9A3,False,False,0,,0.0,0,negative_candidate,0.0
PEX19,False,False,0,,0.0,0,negative_candidate,0.0
AXDND1,False,False,0,,0.0,0,negative_candidate,0.0
CFAP36,False,False,0,,0.0,0,negative_candidate,0.0
THY1,False,False,0,,0.0,0,negative_candidate,0.0
PDLIM5,True,False,1,NCG,1.0,1,single_source_positive,
GARNL3,False,False,0,,0.0,0,negative_candidate,0.0
PADI2,False,False,0,,0.0,0,negative_candidate,0.0
TAFA1,False,False,0,,0.0,0,negative_candidate,0.0
CYP4Z1,True,False,1,NCG,1.0,1,single_source_positive,
DYNC1I2,False,False,0,,0.0,0,negative_candidate,0.0
DCAF4,False,False,0,,0.0,0,negative_candidate,0.0
ZNF697,True,False,1,NCG,1.0,1,single_source_positive,
RAD51AP2,False,False,0,,0.0,0,negative_candidate,0.0
TGM1,True,False,1,NCG,1.0,1,single_source_positive,
GUCY1A2,True,False,1,NCG,1.0,1,single_source_positive,
MFN1,False,False,0,,0.0,0,negative_candidate,0.0
TIGD4,False,False,0,,0.0,0,negative_candidate,0.0
ATMIN,False,False,0,,0.0,0,negative_candidate,0.0
KIR2DL1,False,False,0,,0.0,0,negative_candidate,0.0
WDR62,True,False,1,NCG,1.0,1,single_source_positive,
LPGAT1,False,False,0,,0.0,0,negative_candidate,0.0
RRN3,False,False,0,,0.0,0,negative_candidate,0.0
FUNDC1,False,False,0,,0.0,0,negative_candidate,0.0
GTF3C2,False,False,0,,0.0,0,negative_candidate,0.0
GCN1,False,False,0,,0.0,0,negative_candidate,0.0
TBC1D24,False,False,0,,0.0,0,negative_candidate,0.0
EXD1,False,False,0,,0.0,0,negative_candidate,0.0
ENPP5,False,False,0,,0.0,0,negative_candidate,0.0
RAPGEF6,False,False,0,,0.0,0,negative_candidate,0.0
IGDCC3,False,False,0,,0.0,0,negative_candidate,0.0
MMGT1,False,False,0,,0.0,0,negative_candidate,0.0
KLHL13,False,False,0,,0.0,0,negative_candidate,0.0
CCNA1,False,False,0,,0.0,0,negative_candidate,0.0
VWA2,False,False,0,,0.0,0,negative_candidate,0.0
BUD31,False,False,0,,0.0,0,negative_candidate,0.0
NAPEPLD,False,False,0,,0.0,0,negative_candidate,0.0
BABAM2,True,False,1,NCG,1.0,1,single_source_positive,
HSPB3,False,False,0,,0.0,0,negative_candidate,0.0
PIGZ,False,False,0,,0.0,0,negative_candidate,0.0
CHRNB2,True,False,1,NCG,1.0,1,single_source_positive,
TMUB2,False,False,0,,0.0,0,negative_candidate,0.0
CALCB,True,False,1,NCG,1.0,1,single_source_positive,
PSMC2,False,False,0,,0.0,0,negative_candidate,0.0
SHOX2,False,False,0,,0.0,0,negative_candidate,0.0
TMEM63A,True,False,1,NCG,1.0,1,single_source_positive,
STARD3NL,False,False,0,,0.0,0,negative_candidate,0.0
WDR27,False,False,0,,0.0,0,negative_candidate,0.0
FMR1NB,False,False,0,,0.0,0,negative_candidate,0.0
SLC6A11,True,False,1,NCG,1.0,1,single_source_positive,
PTPRJ,False,False,0,,0.0,0,negative_candidate,0.0
TMEM33,False,False,0,,0.0,0,negative_candidate,0.0
RUBCNL,False,False,0,,0.0,0,negative_candidate,0.0
OMD,False,False,0,,0.0,0,negative_candidate,0.0
MEIS3,False,False,0,,0.0,0,negative_candidate,0.0
FAM104A,False,False,0,,0.0,0,negative_candidate,0.0
EIF3M,False,False,0,,0.0,0,negative_candidate,0.0
ZNF581,False,False,0,,0.0,0,negative_candidate,0.0
TCL1A,True,False,1,NCG,1.0,1,single_source_positive,
XK,False,False,0,,0.0,0,negative_candidate,0.0
RAB6D,False,False,0,,0.0,0,negative_candidate,0.0
MTMR9,False,False,0,,0.0,0,negative_candidate,0.0
FOXL2NB,False,False,0,,0.0,0,negative_candidate,0.0
BOLA1,False,False,0,,0.0,0,negative_candidate,0.0
PSMF1,True,False,1,NCG,1.0,1,single_source_positive,
TRPV6,True,False,1,NCG,1.0,1,single_source_positive,
ZW10,False,False,0,,0.0,0,negative_candidate,0.0
ADGRF1,False,False,0,,0.0,0,negative_candidate,0.0
ZBED4,False,False,0,,0.0,0,negative_candidate,0.0
ZNF780A,False,False,0,,0.0,0,negative_candidate,0.0
EDN1,False,False,0,,0.0,0,negative_candidate,0.0
TWSG1,False,False,0,,0.0,0,negative_candidate,0.0
NLRP13,False,False,0,,0.0,0,negative_candidate,0.0
CKS1B,False,False,0,,0.0,0,negative_candidate,0.0
MOSPD3,False,False,0,,0.0,0,negative_candidate,0.0
KCNJ15,False,False,0,,0.0,0,negative_candidate,0.0
RLIM,True,False,1,NCG,1.0,1,single_source_positive,
EPN1,False,False,0,,0.0,0,negative_candidate,0.0
COPS4,False,False,0,,0.0,0,negative_candidate,0.0
TBCK,False,False,0,,0.0,0,negative_candidate,0.0
CCDC130,False,False,0,,0.0,0,negative_candidate,0.0
LMO3,False,False,0,,0.0,0,negative_candidate,0.0
ONECUT2,True,False,1,NCG,1.0,1,single_source_positive,
SNN,False,False,0,,0.0,0,negative_candidate,0.0
USP9Y,False,False,0,,0.0,0,negative_candidate,0.0
ATF5,False,False,0,,0.0,0,negative_candidate,0.0
HNF1B,True,False,1,NCG,1.0,1,single_source_positive,
ADCY10,False,False,0,,0.0,0,negative_candidate,0.0
ALDH1B1,False,False,0,,0.0,0,negative_candidate,0.0
PPY,False,False,0,,0.0,0,negative_candidate,0.0
MROH6,False,False,0,,0.0,0,negative_candidate,0.0
RPGRIP1L,True,False,1,NCG,1.0,1,single_source_positive,
CCDC77,True,False,1,NCG,1.0,1,single_source_positive,
PRKCA,False,False,0,,0.0,0,negative_candidate,0.0
RALBP1,False,False,0,,0.0,0,negative_candidate,0.0
CCDC138,False,False,0,,0.0,0,negative_candidate,0.0
GPATCH4,True,False,1,NCG,1.0,1,single_source_positive,
MRPL27,False,False,0,,0.0,0,negative_candidate,0.0
LVRN,False,False,0,,0.0,0,negative_candidate,0.0
NUDT14,True,False,1,NCG,1.0,1,single_source_positive,
PRPF18,False,False,0,,0.0,0,negative_candidate,0.0
SLC25A14,False,False,0,,0.0,0,negative_candidate,0.0
GRIFIN,False,False,0,,0.0,0,negative_candidate,0.0
ELOC,True,False,1,NCG,1.0,1,single_source_positive,
MRPL21,True,False,1,NCG,1.0,1,single_source_positive,
LPA,False,False,0,,0.0,0,negative_candidate,0.0
RABGAP1,False,False,0,,0.0,0,negative_candidate,0.0
SPRY2,False,True,1,CIViC,0.9,1,single_source_positive,
ZNF648,False,False,0,,0.0,0,negative_candidate,0.0
ELAVL1,True,False,1,NCG,1.0,1,single_source_positive,
SVEP1,False,False,0,,0.0,0,negative_candidate,0.0
PIGU,False,False,0,,0.0,0,negative_candidate,0.0
SEC22A,False,False,0,,0.0,0,negative_candidate,0.0
FOXS1,False,False,0,,0.0,0,negative_candidate,0.0
ECD,False,False,0,,0.0,0,negative_candidate,0.0
WIPF2,True,False,1,NCG,1.0,1,single_source_positive,
PLCH2,True,False,1,NCG,1.0,1,single_source_positive,
DAB1,True,False,1,NCG,1.0,1,single_source_positive,
BUB3,False,False,0,,0.0,0,negative_candidate,0.0
CXCL6,False,False,0,,0.0,0,negative_candidate,0.0
NEFM,False,False,0,,0.0,0,negative_candidate,0.0
TXNDC15,False,False,0,,0.0,0,negative_candidate,0.0
COL11A2,False,False,0,,0.0,0,negative_candidate,0.0
SULT1E1,False,True,1,CIViC,0.9,1,single_source_positive,
DBT,False,False,0,,0.0,0,negative_candidate,0.0
CFAP91,False,False,0,,0.0,0,negative_candidate,0.0
NCAPH2,True,False,1,NCG,1.0,1,single_source_positive,
N4BP2,True,False,1,NCG,1.0,1,single_source_positive,
PHF14,False,False,0,,0.0,0,negative_candidate,0.0
PNPT1,False,False,0,,0.0,0,negative_candidate,0.0
RAB11FIP4,False,False,0,,0.0,0,negative_candidate,0.0
CPXCR1,False,False,0,,0.0,0,negative_candidate,0.0
ENOX1,False,False,0,,0.0,0,negative_candidate,0.0
RIDA,False,False,0,,0.0,0,negative_candidate,0.0
HSD17B6,False,False,0,,0.0,0,negative_candidate,0.0
UROC1,False,False,0,,0.0,0,negative_candidate,0.0
ADAM29,True,False,1,NCG,1.0,1,single_source_positive,
ASB11,False,False,0,,0.0,0,negative_candidate,0.0
MSH2,True,True,2,NCG;CIViC,1.0,1,high_confidence_positive,1.0
ADCY5,True,False,1,NCG,1.0,1,single_source_positive,
NLRP12,False,False,0,,0.0,0,negative_candidate,0.0
CCDC91,False,False,0,,0.0,0,negative_candidate,0.0
CYP21A2,False,False,0,,0.0,0,negative_candidate,0.0
FBXO21,False,False,0,,0.0,0,negative_candidate,0.0
MTBP,False,False,0,,0.0,0,negative_candidate,0.0
ZNF195,False,False,0,,0.0,0,negative_candidate,0.0
EPB41L4A,False,False,0,,0.0,0,negative_candidate,0.0
LRRC49,False,False,0,,0.0,0,negative_candidate,0.0
HDAC9,True,True,2,NCG;CIViC,1.0,1,high_confidence_positive,1.0
DCAKD,False,False,0,,0.0,0,negative_candidate,0.0
FBXW11,False,True,1,CIViC,0.9,1,single_source_positive,
PCDHGA8,True,False,1,NCG,1.0,1,single_source_positive,
CHD2,True,False,1,NCG,1.0,1,single_source_positive,
ULK4,False,False,0,,0.0,0,negative_candidate,0.0
IL1RAPL1,False,False,0,,0.0,0,negative_candidate,0.0
ACOT7,False,False,0,,0.0,0,negative_candidate,0.0
IGKV1-27,False,False,0,,0.0,0,negative_candidate,0.0
TRNT1,False,False,0,,0.0,0,negative_candidate,0.0
ZNF468,False,False,0,,0.0,0,negative_candidate,0.0
ADAMTS2,False,False,0,,0.0,0,negative_candidate,0.0
AMPH,True,False,1,NCG,1.0,1,single_source_positive,
FRS2,False,False,0,,0.0,0,negative_candidate,0.0
RNF14,False,False,0,,0.0,0,negative_candidate,0.0
PITPNC1,False,False,0,,0.0,0,negative_candidate,0.0
TTC5,False,False,0,,0.0,0,negative_candidate,0.0
RBM8A,True,False,1,NCG,1.0,1,single_source_positive,
CDK7,False,False,0,,0.0,0,negative_candidate,0.0
CYB5B,False,False,0,,0.0,0,negative_candidate,0.0
PIWIL3,False,False,0,,0.0,0,negative_candidate,0.0
ATAD1,False,False,0,,0.0,0,negative_candidate,0.0
SLC16A4,True,False,1,NCG,1.0,1,single_source_positive,
COL9A1,False,False,0,,0.0,0,negative_candidate,0.0
KRT79,False,False,0,,0.0,0,negative_candidate,0.0
FUT6,False,False,0,,0.0,0,negative_candidate,0.0
NFKBIB,False,False,0,,0.0,0,negative_candidate,0.0
EFCAB13,False,False,0,,0.0,0,negative_candidate,0.0
KCNJ16,False,False,0,,0.0,0,negative_candidate,0.0
CEBPG,False,False,0,,0.0,0,negative_candidate,0.0
AP3M1,False,False,0,,0.0,0,negative_candidate,0.0
ACAD8,False,False,0,,0.0,0,negative_candidate,0.0
HEBP1,False,False,0,,0.0,0,negative_candidate,0.0
ARHGAP36,False,False,0,,0.0,0,negative_candidate,0.0
TYRO3,False,False,0,,0.0,0,negative_candidate,0.0
PRKACB,False,False,0,,0.0,0,negative_candidate,0.0
MAGEB16,False,False,0,,0.0,0,negative_candidate,0.0
UQCRB,False,False,0,,0.0,0,negative_candidate,0.0
YEATS4,True,False,1,NCG,1.0,1,single_source_positive,
PRKAR2A,False,False,0,,0.0,0,negative_candidate,0.0
FOXA2,True,False,1,NCG,1.0,1,single_source_positive,
FADS2,False,False,0,,0.0,0,negative_candidate,0.0
RGS19,False,False,0,,0.0,0,negative_candidate,0.0
ZNF630,False,False,0,,0.0,0,negative_candidate,0.0
WDR61,False,False,0,,0.0,0,negative_candidate,0.0
ZFAND1,False,False,0,,0.0,0,negative_candidate,0.0
NR3C2,True,False,1,NCG,1.0,1,single_source_positive,
SLC30A1,False,False,0,,0.0,0,negative_candidate,0.0
TXNDC9,False,False,0,,0.0,0,negative_candidate,0.0
MGST2,False,False,0,,0.0,0,negative_candidate,0.0
NLGN4X,False,False,0,,0.0,0,negative_candidate,0.0
PFDN4,False,False,0,,0.0,0,negative_candidate,0.0
SPTLC2,False,False,0,,0.0,0,negative_candidate,0.0
LY6K,True,False,1,NCG,1.0,1,single_source_positive,
MEN1,True,True,2,NCG;CIViC,1.0,1,high_confidence_positive,1.0
RBM47,False,False,0,,0.0,0,negative_candidate,0.0
URM1,False,False,0,,0.0,0,negative_candidate,0.0
SLC11A2,False,False,0,,0.0,0,negative_candidate,0.0
TOGARAM1,False,False,0,,0.0,0,negative_candidate,0.0
NSMCE1,False,False,0,,0.0,0,negative_candidate,0.0
PRKAB1,False,False,0,,0.0,0,negative_candidate,0.0
XPNPEP3,False,False,0,,0.0,0,negative_candidate,0.0
SLC17A5,True,False,1,NCG,1.0,1,single_source_positive,
SLC7A9,False,False,0,,0.0,0,negative_candidate,0.0
GTF2A2,False,False,0,,0.0,0,negative_candidate,0.0
DSN1,False,False,0,,0.0,0,negative_candidate,0.0
ABCE1,False,False,0,,0.0,0,negative_candidate,0.0
MIIP,False,False,0,,0.0,0,negative_candidate,0.0
GKN2,False,False,0,,0.0,0,negative_candidate,0.0
DYNLT3,False,False,0,,0.0,0,negative_candidate,0.0
UBR7,False,False,0,,0.0,0,negative_candidate,0.0
KCNIP1,False,False,0,,0.0,0,negative_candidate,0.0
PCDHB6,True,False,1,NCG,1.0,1,single_source_positive,
LRMDA,False,False,0,,0.0,0,negative_candidate,0.0
SSTR5,False,True,1,CIViC,1.0,1,single_source_positive,
RNF25,False,False,0,,0.0,0,negative_candidate,0.0
KRT23,False,False,0,,0.0,0,negative_candidate,0.0
PHLPP2,False,False,0,,0.0,0,negative_candidate,0.0
SURF2,False,False,0,,0.0,0,negative_candidate,0.0
B3GALT5,False,False,0,,0.0,0,negative_candidate,0.0
TTLL7,False,False,0,,0.0,0,negative_candidate,0.0
CNIH3,False,False,0,,0.0,0,negative_candidate,0.0
TMEM207,False,False,0,,0.0,0,negative_candidate,0.0
FBXO28,True,False,1,NCG,1.0,1,single_source_positive,
PHLDA1,True,False,1,NCG,1.0,1,single_source_positive,
SP140,True,True,2,NCG;CIViC,1.0,1,high_confidence_positive,1.0
SLC38A3,True,False,1,NCG,1.0,1,single_source_positive,
TRAV3,False,False,0,,0.0,0,negative_candidate,0.0
RSPO2,True,False,1,NCG,1.0,1,single_source_positive,
GUCY2D,False,False,0,,0.0,0,negative_candidate,0.0
RUNX1,True,True,2,NCG;CIViC,1.0,1,high_confidence_positive,1.0
ATF7IP,True,True,2,NCG;CIViC,1.0,1,high_confidence_positive,1.0
EXOC4,False,False,0,,0.0,0,negative_candidate,0.0
MAPKAP1,False,False,0,,0.0,0,negative_candidate,0.0
BRCA1,True,True,2,NCG;CIViC,1.0,1,high_confidence_positive,1.0
FAM162A,False,False,0,,0.0,0,negative_candidate,0.0
SMYD2,False,False,0,,0.0,0,negative_candidate,0.0
RPE,True,False,1,NCG,1.0,1,single_source_positive,
TSSC4,False,False,0,,0.0,0,negative_candidate,0.0
MZT1,False,False,0,,0.0,0,negative_candidate,0.0
ALG1L,False,False,0,,0.0,0,negative_candidate,0.0
SPRY4,False,False,0,,0.0,0,negative_candidate,0.0
FHL3,False,False,0,,0.0,0,negative_candidate,0.0
CHST14,False,False,0,,0.0,0,negative_candidate,0.0
DECR1,False,False,0,,0.0,0,negative_candidate,0.0
IL33,False,True,1,CIViC,0.9,1,single_source_positive,
EMC10,False,False,0,,0.0,0,negative_candidate,0.0
RIOK1,False,False,0,,0.0,0,negative_candidate,0.0
NUP43,False,False,0,,0.0,0,negative_candidate,0.0
ZDHHC4,True,False,1,NCG,1.0,1,single_source_positive,
METTL1,False,False,0,,0.0,0,negative_candidate,0.0
RAP2C,False,False,0,,0.0,0,negative_candidate,0.0
SNAP91,False,False,0,,0.0,0,negative_candidate,0.0
SSBP3,False,False,0,,0.0,0,negative_candidate,0.0
ZNF682,False,False,0,,0.0,0,negative_candidate,0.0
THADA,False,False,0,,0.0,0,negative_candidate,0.0
SPOP,True,True,2,NCG;CIViC,1.0,1,high_confidence_positive,1.0
ADCY2,True,False,1,NCG,1.0,1,single_source_positive,
CCNB1,False,False,0,,0.0,0,negative_candidate,0.0
FCRL2,False,False,0,,0.0,0,negative_candidate,0.0
SUDS3,False,False,0,,0.0,0,negative_candidate,0.0
LZTS3,False,False,0,,0.0,0,negative_candidate,0.0
RFC5,False,False,0,,0.0,0,negative_candidate,0.0
YRDC,False,False,0,,0.0,0,negative_candidate,0.0
SPSB2,False,False,0,,0.0,0,negative_candidate,0.0
EARS2,False,False,0,,0.0,0,negative_candidate,0.0
GAR1,False,False,0,,0.0,0,negative_candidate,0.0
ISOC2,True,False,1,NCG,1.0,1,single_source_positive,
NIT1,False,False,0,,0.0,0,negative_candidate,0.0
MRPS14,True,False,1,NCG,1.0,1,single_source_positive,
TLN2,False,False,0,,0.0,0,negative_candidate,0.0
PRDM4,False,False,0,,0.0,0,negative_candidate,0.0
MAVS,False,False,0,,0.0,0,negative_candidate,0.0
SYTL1,True,False,1,NCG,1.0,1,single_source_positive,
ETV5,True,True,2,NCG;CIViC,1.0,1,high_confidence_positive,1.0
SLC15A1,True,False,1,NCG,1.0,1,single_source_positive,
DPYSL5,False,False,0,,0.0,0,negative_candidate,0.0
HPF1,False,False,0,,0.0,0,negative_candidate,0.0
GBF1,False,False,0,,0.0,0,negative_candidate,0.0
PIP4P2,False,False,0,,0.0,0,negative_candidate,0.0
DIAPH3,False,False,0,,0.0,0,negative_candidate,0.0
HIP1R,False,False,0,,0.0,0,negative_candidate,0.0
CSNK1G3,False,False,0,,0.0,0,negative_candidate,0.0
TNC,True,True,2,NCG;CIViC,1.0,1,high_confidence_positive,1.0
MTCL1,False,False,0,,0.0,0,negative_candidate,0.0
CNNM4,False,False,0,,0.0,0,negative_candidate,0.0
GPC4,False,False,0,,0.0,0,negative_candidate,0.0
USP51,True,False,1,NCG,1.0,1,single_source_positive,
CCT6B,True,False,1,NCG,1.0,1,single_source_positive,
CYP26B1,False,False,0,,0.0,0,negative_candidate,0.0
FAM177A1,False,False,0,,0.0,0,negative_candidate,0.0
HUWE1,True,False,1,NCG,1.0,1,single_source_positive,
ANKRD40,False,False,0,,0.0,0,negative_candidate,0.0
EPM2A,False,False,0,,0.0,0,negative_candidate,0.0
NAV1,True,False,1,NCG,1.0,1,single_source_positive,
PCDHB16,False,False,0,,0.0,0,negative_candidate,0.0
HOXB6,False,False,0,,0.0,0,negative_candidate,0.0
RBBP6,True,False,1,NCG,1.0,1,single_source_positive,
HHIP,False,False,0,,0.0,0,negative_candidate,0.0
PCDHAC2,True,False,1,NCG,1.0,1,single_source_positive,
CNTN1,True,False,1,NCG,1.0,1,single_source_positive,
SLC9C2,True,False,1,NCG,1.0,1,single_source_positive,
PDRG1,False,False,0,,0.0,0,negative_candidate,0.0
KREMEN2,False,False,0,,0.0,0,negative_candidate,0.0
DMRT1,False,False,0,,0.0,0,negative_candidate,0.0
GNAI3,False,False,0,,0.0,0,negative_candidate,0.0
PAIP2,False,False,0,,0.0,0,negative_candidate,0.0
CCDC117,False,False,0,,0.0,0,negative_candidate,0.0
BAG5,False,False,0,,0.0,0,negative_candidate,0.0
MYO5A,False,False,0,,0.0,0,negative_candidate,0.0
CRHBP,False,False,0,,0.0,0,negative_candidate,0.0
MAP2,False,False,0,,0.0,0,negative_candidate,0.0
NTNG1,False,False,0,,0.0,0,negative_candidate,0.0
C5ORF24,False,False,0,,0.0,0,negative_candidate,0.0
ECHDC3,False,False,0,,0.0,0,negative_candidate,0.0
CTRC,False,False,0,,0.0,0,negative_candidate,0.0
NEK2,True,False,1,NCG,1.0,1,single_source_positive,
KCNC2,False,False,0,,0.0,0,negative_candidate,0.0
YIPF6,False,False,0,,0.0,0,negative_candidate,0.0
NUDT2,False,False,0,,0.0,0,negative_candidate,0.0
LPCAT4,False,False,0,,0.0,0,negative_candidate,0.0
NFKBIE,True,True,2,NCG;CIViC,1.0,1,high_confidence_positive,1.0
STK17A,False,False,0,,0.0,0,negative_candidate,0.0
KCNT1,False,False,0,,0.0,0,negative_candidate,0.0
PLEKHA6,False,False,0,,0.0,0,negative_candidate,0.0
UBFD1,False,False,0,,0.0,0,negative_candidate,0.0
SFT2D2,False,False,0,,0.0,0,negative_candidate,0.0
CNOT6,False,False,0,,0.0,0,negative_candidate,0.0
LIF,False,False,0,,0.0,0,negative_candidate,0.0
FAM20A,False,False,0,,0.0,0,negative_candidate,0.0
SLU7,False,False,0,,0.0,0,negative_candidate,0.0
GALK1,False,False,0,,0.0,0,negative_candidate,0.0
SH3BP4,False,False,0,,0.0,0,negative_candidate,0.0
KCNA1,False,False,0,,0.0,0,negative_candidate,0.0
FUBP3,True,False,1,NCG,1.0,1,single_source_positive,
FAM83D,False,False,0,,0.0,0,negative_candidate,0.0
GRIK3,True,False,1,NCG,1.0,1,single_source_positive,
ENPP4,False,False,0,,0.0,0,negative_candidate,0.0
MARCHF5,False,False,0,,0.0,0,negative_candidate,0.0
TOPORS,False,False,0,,0.0,0,negative_candidate,0.0
STX6,False,False,0,,0.0,0,negative_candidate,0.0
SRPK2,False,False,0,,0.0,0,negative_candidate,0.0
UGT2A1,True,False,1,NCG,1.0,1,single_source_positive,
USP25,True,True,2,NCG;CIViC,1.0,1,high_confidence_positive,1.0
FOXN4,False,False,0,,0.0,0,negative_candidate,0.0
ATP10A,True,False,1,NCG,1.0,1,single_source_positive,
GPR146,False,False,0,,0.0,0,negative_candidate,0.0
PTH2R,False,False,0,,0.0,0,negative_candidate,0.0
PGAP1,False,False,0,,0.0,0,negative_candidate,0.0
L1TD1,False,False,0,,0.0,0,negative_candidate,0.0
TBC1D10B,False,False,0,,0.0,0,negative_candidate,0.0
HAVCR1,True,False,1,NCG,1.0,1,single_source_positive,
CEP128,False,False,0,,0.0,0,negative_candidate,0.0
COMMD5,False,False,0,,0.0,0,negative_candidate,0.0
SPIC,False,False,0,,0.0,0,negative_candidate,0.0
LMBR1,False,False,0,,0.0,0,negative_candidate,0.0
TICAM1,False,False,0,,0.0,0,negative_candidate,0.0
ELOVL4,False,False,0,,0.0,0,negative_candidate,0.0
TMEM70,False,False,0,,0.0,0,negative_candidate,0.0
EIF1AD,False,False,0,,0.0,0,negative_candidate,0.0
ANKRD17,True,False,1,NCG,1.0,1,single_source_positive,
MICU2,False,False,0,,0.0,0,negative_candidate,0.0
CSTF2T,False,False,0,,0.0,0,negative_candidate,0.0
DEDD,False,False,0,,0.0,0,negative_candidate,0.0
CNTN4,True,False,1,NCG,1.0,1,single_source_positive,
ING3,False,False,0,,0.0,0,negative_candidate,0.0
FBXO43,False,False,0,,0.0,0,negative_candidate,0.0
DCLK3,False,False,0,,0.0,0,negative_candidate,0.0
SPATS2L,False,False,0,,0.0,0,negative_candidate,0.0
POLR3K,False,False,0,,0.0,0,negative_candidate,0.0
LOXL2,False,False,0,,0.0,0,negative_candidate,0.0
NXN,False,False,0,,0.0,0,negative_candidate,0.0
YARS2,False,False,0,,0.0,0,negative_candidate,0.0
MYL1,False,False,0,,0.0,0,negative_candidate,0.0
KRT31,False,False,0,,0.0,0,negative_candidate,0.0
FAM83H,False,False,0,,0.0,0,negative_candidate,0.0
EBP,False,False,0,,0.0,0,negative_candidate,0.0
IMMP2L,True,False,1,NCG,1.0,1,single_source_positive,
HELB,False,False,0,,0.0,0,negative_candidate,0.0
COQ4,False,False,0,,0.0,0,negative_candidate,0.0
SLC10A4,False,False,0,,0.0,0,negative_candidate,0.0
HSD3B7,False,False,0,,0.0,0,negative_candidate,0.0
STRBP,False,False,0,,0.0,0,negative_candidate,0.0
TIAL1,True,False,1,NCG,1.0,1,single_source_positive,
NSUN5,False,False,0,,0.0,0,negative_candidate,0.0
NDST4,True,False,1,NCG,1.0,1,single_source_positive,
PCDHB2,False,False,0,,0.0,0,negative_candidate,0.0
LILRA2,False,False,0,,0.0,0,negative_candidate,0.0
MCM2,False,False,0,,0.0,0,negative_candidate,0.0
PROCR,False,False,0,,0.0,0,negative_candidate,0.0
CMPK2,False,False,0,,0.0,0,negative_candidate,0.0
GDF5,True,False,1,NCG,1.0,1,single_source_positive,
KLHL14,False,True,1,CIViC,0.9,1,single_source_positive,
SNRNP27,False,False,0,,0.0,0,negative_candidate,0.0
ABHD10,False,False,0,,0.0,0,negative_candidate,0.0
WDR38,False,False,0,,0.0,0,negative_candidate,0.0
TMCO2,False,False,0,,0.0,0,negative_candidate,0.0
FAM172A,False,False,0,,0.0,0,negative_candidate,0.0
PLEKHF2,False,False,0,,0.0,0,negative_candidate,0.0
RFK,False,False,0,,0.0,0,negative_candidate,0.0
KIF7,False,False,0,,0.0,0,negative_candidate,0.0
LPAR4,True,False,1,NCG,1.0,1,single_source_positive,
PTGFR,True,False,1,NCG,1.0,1,single_source_positive,
MRPS23,False,False,0,,0.0,0,negative_candidate,0.0
DMKN,False,False,0,,0.0,0,negative_candidate,0.0
SPPL3,False,False,0,,0.0,0,negative_candidate,0.0
VPS45,True,False,1,NCG,1.0,1,single_source_positive,
DIS3L2,True,False,1,NCG,1.0,1,single_source_positive,
PPP2R5D,False,False,0,,0.0,0,negative_candidate,0.0
CMA1,False,False,0,,0.0,0,negative_candidate,0.0
ZNF707,False,False,0,,0.0,0,negative_candidate,0.0
RNMT,False,False,0,,0.0,0,negative_candidate,0.0
ROR1,False,False,0,,0.0,0,negative_candidate,0.0
OCEL1,False,False,0,,0.0,0,negative_candidate,0.0
LYZL4,False,False,0,,0.0,0,negative_candidate,0.0
CATSPER3,False,False,0,,0.0,0,negative_candidate,0.0
PRPF38B,True,False,1,NCG,1.0,1,single_source_positive,
PRKN,False,True,1,CIViC,0.9,1,single_source_positive,
SHISA4,True,False,1,NCG,1.0,1,single_source_positive,
CCSER2,False,False,0,,0.0,0,negative_candidate,0.0
SOX9,True,False,1,NCG,1.0,1,single_source_positive,
BCAT2,False,False,0,,0.0,0,negative_candidate,0.0
ATP9B,False,False,0,,0.0,0,negative_candidate,0.0
SPAG6,False,False,0,,0.0,0,negative_candidate,0.0
SLC17A8,False,False,0,,0.0,0,negative_candidate,0.0
ATCAY,False,False,0,,0.0,0,negative_candidate,0.0
ELAC2,False,False,0,,0.0,0,negative_candidate,0.0
HSPA12A,False,False,0,,0.0,0,negative_candidate,0.0
MPZL3,False,False,0,,0.0,0,negative_candidate,0.0
ESR2,False,True,1,CIViC,0.9,1,single_source_positive,
GRHPR,True,True,2,NCG;CIViC,1.0,1,high_confidence_positive,1.0
MPV17,False,False,0,,0.0,0,negative_candidate,0.0
FCN2,False,False,0,,0.0,0,negative_candidate,0.0
COMMD10,False,False,0,,0.0,0,negative_candidate,0.0
SNRPD1,False,False,0,,0.0,0,negative_candidate,0.0
SDS,False,False,0,,0.0,0,negative_candidate,0.0
ANKRD13A,True,False,1,NCG,1.0,1,single_source_positive,
CDHR5,False,False,0,,0.0,0,negative_candidate,0.0
PURB,False,True,1,CIViC,1.0,1,single_source_positive,
GPN3,False,False,0,,0.0,0,negative_candidate,0.0
ELAVL4,True,False,1,NCG,1.0,1,single_source_positive,
LRRC37B,False,False,0,,0.0,0,negative_candidate,0.0
REXO4,False,False,0,,0.0,0,negative_candidate,0.0
KIAA0319L,False,False,0,,0.0,0,negative_candidate,0.0
PIK3CB,True,True,2,NCG;CIViC,1.0,1,high_confidence_positive,1.0
CTDSPL,False,False,0,,0.0,0,negative_candidate,0.0
OLFM3,True,False,1,NCG,1.0,1,single_source_positive,
IFNL2,False,False,0,,0.0,0,negative_candidate,0.0
HCRT,False,False,0,,0.0,0,negative_candidate,0.0
MBOAT2,True,False,1,NCG,1.0,1,single_source_positive,
AKAP1,False,False,0,,0.0,0,negative_candidate,0.0
H2AC14,False,False,0,,0.0,0,negative_candidate,0.0
VRK2,False,False,0,,0.0,0,negative_candidate,0.0
FOXQ1,True,False,1,NCG,1.0,1,single_source_positive,
VANGL1,True,False,1,NCG,1.0,1,single_source_positive,
C11ORF80,False,False,0,,0.0,0,negative_candidate,0.0
PCDHA7,False,False,0,,0.0,0,negative_candidate,0.0
RUFY1,True,False,1,NCG,1.0,1,single_source_positive,
GPC1,False,False,0,,0.0,0,negative_candidate,0.0
MESD,False,False,0,,0.0,0,negative_candidate,0.0
CDH1,True,True,2,NCG;CIViC,1.0,1,high_confidence_positive,1.0
ABCB10,False,False,0,,0.0,0,negative_candidate,0.0
IQSEC2,False,False,0,,0.0,0,negative_candidate,0.0
PPP2R5C,True,False,1,NCG,1.0,1,single_source_positive,
GPR179,False,False,0,,0.0,0,negative_candidate,0.0
RASL10A,False,False,0,,0.0,0,negative_candidate,0.0
TMEM11,False,False,0,,0.0,0,negative_candidate,0.0
MAPK9,False,False,0,,0.0,0,negative_candidate,0.0
PRCP,False,False,0,,0.0,0,negative_candidate,0.0
MOV10L1,False,False,0,,0.0,0,negative_candidate,0.0
MYORG,False,False,0,,0.0,0,negative_candidate,0.0
FABP9,False,False,0,,0.0,0,negative_candidate,0.0
MARCHF4,False,False,0,,0.0,0,negative_candidate,0.0
SCNM1,False,False,0,,0.0,0,negative_candidate,0.0
NMNAT3,False,False,0,,0.0,0,negative_candidate,0.0
PEX13,False,False,0,,0.0,0,negative_candidate,0.0
LAMTOR3,False,False,0,,0.0,0,negative_candidate,0.0
MFSD12,False,False,0,,0.0,0,negative_candidate,0.0
TRIM44,False,False,0,,0.0,0,negative_candidate,0.0
ADGRE1,False,False,0,,0.0,0,negative_candidate,0.0
LSM3,False,False,0,,0.0,0,negative_candidate,0.0
NPPA,False,False,0,,0.0,0,negative_candidate,0.0
NFKBIL1,False,False,0,,0.0,0,negative_candidate,0.0
MAPK6,False,False,0,,0.0,0,negative_candidate,0.0
PTGR2,False,False,0,,0.0,0,negative_candidate,0.0
ANKS4B,False,False,0,,0.0,0,negative_candidate,0.0
PARD6B,True,False,1,NCG,1.0,1,single_source_positive,
MARCHF10,False,False,0,,0.0,0,negative_candidate,0.0
NXPH1,False,False,0,,0.0,0,negative_candidate,0.0
TLCD3A,False,False,0,,0.0,0,negative_candidate,0.0
CDX1,False,False,0,,0.0,0,negative_candidate,0.0
PHETA2,False,False,0,,0.0,0,negative_candidate,0.0
OTC,False,False,0,,0.0,0,negative_candidate,0.0
MYL2,False,False,0,,0.0,0,negative_candidate,0.0
DUSP4,False,False,0,,0.0,0,negative_candidate,0.0
SPART,True,False,1,NCG,1.0,1,single_source_positive,
SLC38A6,False,False,0,,0.0,0,negative_candidate,0.0
ADAMTS17,True,False,1,NCG,1.0,1,single_source_positive,
PPP2R2A,False,True,1,CIViC,1.0,1,single_source_positive,
SYT16,False,False,0,,0.0,0,negative_candidate,0.0
C6ORF47,False,False,0,,0.0,0,negative_candidate,0.0
TACO1,False,False,0,,0.0,0,negative_candidate,0.0
PARPBP,False,False,0,,0.0,0,negative_candidate,0.0
CACNA1B,True,False,1,NCG,1.0,1,single_source_positive,
PRKCI,True,False,1,NCG,1.0,1,single_source_positive,
DMAC1,False,False,0,,0.0,0,negative_candidate,0.0
DNAL4,False,False,0,,0.0,0,negative_candidate,0.0
FBXL18,False,False,0,,0.0,0,negative_candidate,0.0
GBE1,True,False,1,NCG,1.0,1,single_source_positive,
GNA15,True,False,1,NCG,1.0,1,single_source_positive,
GZMK,False,False,0,,0.0,0,negative_candidate,0.0
ZADH2,False,False,0,,0.0,0,negative_candidate,0.0
BPIFB4,False,False,0,,0.0,0,negative_candidate,0.0
EDIL3,False,False,0,,0.0,0,negative_candidate,0.0
GALC,False,False,0,,0.0,0,negative_candidate,0.0
SWT1,False,False,0,,0.0,0,negative_candidate,0.0
NUDT15,False,True,1,CIViC,0.9,1,single_source_positive,
RNF6,False,False,0,,0.0,0,negative_candidate,0.0
ZNF706,False,False,0,,0.0,0,negative_candidate,0.0
FYTTD1,False,False,0,,0.0,0,negative_candidate,0.0
USF3,False,False,0,,0.0,0,negative_candidate,0.0
TSPAN31,False,False,0,,0.0,0,negative_candidate,0.0
RANBP2,True,True,2,NCG;CIViC,1.0,1,high_confidence_positive,1.0
ZIC5,True,False,1,NCG,1.0,1,single_source_positive,
IER3IP1,False,False,0,,0.0,0,negative_candidate,0.0
LRRC8D,False,False,0,,0.0,0,negative_candidate,0.0
DNAJC21,False,False,0,,0.0,0,negative_candidate,0.0
TIMM50,False,False,0,,0.0,0,negative_candidate,0.0
SRPK1,False,False,0,,0.0,0,negative_candidate,0.0
RHPN1,False,False,0,,0.0,0,negative_candidate,0.0
FAM227B,True,False,1,NCG,1.0,1,single_source_positive,
BATF2,False,False,0,,0.0,0,negative_candidate,0.0
SGTA,False,False,0,,0.0,0,negative_candidate,0.0
SNX2,False,True,1,CIViC,1.0,1,single_source_positive,
NDFIP2,False,False,0,,0.0,0,negative_candidate,0.0
SLCO1C1,False,False,0,,0.0,0,negative_candidate,0.0
ZNF708,False,False,0,,0.0,0,negative_candidate,0.0
TSR1,False,False,0,,0.0,0,negative_candidate,0.0
GATD1,False,False,0,,0.0,0,negative_candidate,0.0
CRYBG3,False,False,0,,0.0,0,negative_candidate,0.0
XCR1,False,False,0,,0.0,0,negative_candidate,0.0
RNF150,False,False,0,,0.0,0,negative_candidate,0.0
TGS1,True,False,1,NCG,1.0,1,single_source_positive,
BDH1,False,False,0,,0.0,0,negative_candidate,0.0
ZNF582,False,False,0,,0.0,0,negative_candidate,0.0
OR2A42,True,False,1,NCG,1.0,1,single_source_positive,
TMEM37,False,False,0,,0.0,0,negative_candidate,0.0
SGMS1,False,False,0,,0.0,0,negative_candidate,0.0
UBE2V2,False,False,0,,0.0,0,negative_candidate,0.0
GCKR,False,False,0,,0.0,0,negative_candidate,0.0
ITGAV,True,False,1,NCG,1.0,1,single_source_positive,
RRAS2,True,True,2,NCG;CIViC,1.0,1,high_confidence_positive,1.0
MYO9A,True,False,1,NCG,1.0,1,single_source_positive,
ATP6V0A1,False,False,0,,0.0,0,negative_candidate,0.0
ASIC3,False,False,0,,0.0,0,negative_candidate,0.0
NPAT,False,False,0,,0.0,0,negative_candidate,0.0
LY6D,False,False,0,,0.0,0,negative_candidate,0.0
LGI3,False,False,0,,0.0,0,negative_candidate,0.0
UCK2,False,False,0,,0.0,0,negative_candidate,0.0
OTX2,False,False,0,,0.0,0,negative_candidate,0.0
WDFY3,True,False,1,NCG,1.0,1,single_source_positive,
IRF6,True,False,1,NCG,1.0,1,single_source_positive,
TIAM2,False,False,0,,0.0,0,negative_candidate,0.0
GATAD1,True,False,1,NCG,1.0,1,single_source_positive,
POLB,False,False,0,,0.0,0,negative_candidate,0.0
PROX1,False,False,0,,0.0,0,negative_candidate,0.0
PIP5K1C,False,False,0,,0.0,0,negative_candidate,0.0
DHRS2,False,False,0,,0.0,0,negative_candidate,0.0
TACR1,False,False,0,,0.0,0,negative_candidate,0.0
ZYG11B,False,False,0,,0.0,0,negative_candidate,0.0
CFDP1,False,False,0,,0.0,0,negative_candidate,0.0
PEX16,True,False,1,NCG,1.0,1,single_source_positive,
RASSF9,False,False,0,,0.0,0,negative_candidate,0.0
IFIT5,False,False,0,,0.0,0,negative_candidate,0.0
ZSCAN22,False,False,0,,0.0,0,negative_candidate,0.0
POP5,False,False,0,,0.0,0,negative_candidate,0.0
RITA1,False,False,0,,0.0,0,negative_candidate,0.0
DDA1,False,False,0,,0.0,0,negative_candidate,0.0
BMS1,False,False,0,,0.0,0,negative_candidate,0.0
OSGIN2,False,False,0,,0.0,0,negative_candidate,0.0
TRPT1,False,False,0,,0.0,0,negative_candidate,0.0
AMHR2,False,False,0,,0.0,0,negative_candidate,0.0
SLC25A20,False,False,0,,0.0,0,negative_candidate,0.0
ZNF169,False,False,0,,0.0,0,negative_candidate,0.0
ADAM22,True,False,1,NCG,1.0,1,single_source_positive,
KNOP1,False,False,0,,0.0,0,negative_candidate,0.0
ATF1,True,True,2,NCG;CIViC,1.0,1,high_confidence_positive,1.0
IGHV1-58,False,False,0,,0.0,0,negative_candidate,0.0
EMC2,False,False,0,,0.0,0,negative_candidate,0.0
ANKRD27,False,False,0,,0.0,0,negative_candidate,0.0
GMCL1,False,False,0,,0.0,0,negative_candidate,0.0
CIB4,False,False,0,,0.0,0,negative_candidate,0.0
PC,False,False,0,,0.0,0,negative_candidate,0.0
GSDME,True,False,1,NCG,1.0,1,single_source_positive,
CYP2A7,True,False,1,NCG,1.0,1,single_source_positive,
OR14A16,False,False,0,,0.0,0,negative_candidate,0.0
DCAF12L1,False,False,0,,0.0,0,negative_candidate,0.0
RUBCN,False,False,0,,0.0,0,negative_candidate,0.0
PDHX,False,False,0,,0.0,0,negative_candidate,0.0
HTATSF1,False,False,0,,0.0,0,negative_candidate,0.0
GRM7,False,False,0,,0.0,0,negative_candidate,0.0
CDK11B,False,False,0,,0.0,0,negative_candidate,0.0
CEL,False,False,0,,0.0,0,negative_candidate,0.0
IRX1,False,False,0,,0.0,0,negative_candidate,0.0
TBC1D20,False,False,0,,0.0,0,negative_candidate,0.0
COL14A1,True,False,1,NCG,1.0,1,single_source_positive,
PELO,False,False,0,,0.0,0,negative_candidate,0.0
MED4,False,False,0,,0.0,0,negative_candidate,0.0
PLD2,False,False,0,,0.0,0,negative_candidate,0.0
ZDHHC8,False,False,0,,0.0,0,negative_candidate,0.0
KCMF1,False,False,0,,0.0,0,negative_candidate,0.0
DIRAS2,False,False,0,,0.0,0,negative_candidate,0.0
NCBP1,True,False,1,NCG,1.0,1,single_source_positive,
USB1,False,False,0,,0.0,0,negative_candidate,0.0
AMMECR1L,False,False,0,,0.0,0,negative_candidate,0.0
CMTM4,False,False,0,,0.0,0,negative_candidate,0.0
DOCK7,False,False,0,,0.0,0,negative_candidate,0.0
CDH22,False,False,0,,0.0,0,negative_candidate,0.0
PIR,False,False,0,,0.0,0,negative_candidate,0.0
IGSF3,False,False,0,,0.0,0,negative_candidate,0.0
TFAM,False,False,0,,0.0,0,negative_candidate,0.0
LMX1B,False,False,0,,0.0,0,negative_candidate,0.0
MINPP1,False,False,0,,0.0,0,negative_candidate,0.0
CR1,True,False,1,NCG,1.0,1,single_source_positive,
SLC35B3,False,False,0,,0.0,0,negative_candidate,0.0
TBC1D13,True,False,1,NCG,1.0,1,single_source_positive,
C19ORF54,False,False,0,,0.0,0,negative_candidate,0.0
HPS6,False,False,0,,0.0,0,negative_candidate,0.0
RFX7,True,True,2,NCG;CIViC,1.0,1,high_confidence_positive,1.0
TMEM184C,False,False,0,,0.0,0,negative_candidate,0.0
TDRD9,False,False,0,,0.0,0,negative_candidate,0.0
IGKV1D-12,False,False,0,,0.0,0,negative_candidate,0.0
CNTNAP4,False,False,0,,0.0,0,negative_candidate,0.0
S1PR3,False,False,0,,0.0,0,negative_candidate,0.0
MED21,False,False,0,,0.0,0,negative_candidate,0.0
ZNF703,False,True,1,CIViC,0.9,1,single_source_positive,
PPIAL4G,True,False,1,NCG,1.0,1,single_source_positive,
LARP4B,True,False,1,NCG,1.0,1,single_source_positive,
ETHE1,False,False,0,,0.0,0,negative_candidate,0.0
SPAG11B,False,False,0,,0.0,0,negative_candidate,0.0
TXNDC16,False,False,0,,0.0,0,negative_candidate,0.0
ZNF510,False,False,0,,0.0,0,negative_candidate,0.0
B3GALT6,True,False,1,NCG,1.0,1,single_source_positive,
CD3E,False,False,0,,0.0,0,negative_candidate,0.0
CD58,True,True,2,NCG;CIViC,1.0,1,high_confidence_positive,1.0
NELFCD,False,False,0,,0.0,0,negative_candidate,0.0
PUS1,False,False,0,,0.0,0,negative_candidate,0.0
ZNF324B,False,False,0,,0.0,0,negative_candidate,0.0
FCF1,True,False,1,NCG,1.0,1,single_source_positive,
ACVR1C,False,False,0,,0.0,0,negative_candidate,0.0
CT45A1,False,False,0,,0.0,0,negative_candidate,0.0
C5ORF38,False,False,0,,0.0,0,negative_candidate,0.0
TMEM222,False,False,0,,0.0,0,negative_candidate,0.0
OR51E2,False,False,0,,0.0,0,negative_candidate,0.0
TRIM65,False,False,0,,0.0,0,negative_candidate,0.0
TRGV2,False,False,0,,0.0,0,negative_candidate,0.0
ZNF98,False,False,0,,0.0,0,negative_candidate,0.0
ETNK1,True,False,1,NCG,1.0,1,single_source_positive,
SLC35D1,False,False,0,,0.0,0,negative_candidate,0.0
TRMT1,False,False,0,,0.0,0,negative_candidate,0.0
TMEM39A,False,False,0,,0.0,0,negative_candidate,0.0
HPX,False,False,0,,0.0,0,negative_candidate,0.0
NAALADL1,False,False,0,,0.0,0,negative_candidate,0.0
SLC39A14,False,False,0,,0.0,0,negative_candidate,0.0
RCVRN,False,False,0,,0.0,0,negative_candidate,0.0
H3C10,True,False,1,NCG,1.0,1,single_source_positive,
DTX3,False,False,0,,0.0,0,negative_candidate,0.0
IRS2,True,True,2,NCG;CIViC,1.0,1,high_confidence_positive,1.0
ROPN1L,False,False,0,,0.0,0,negative_candidate,0.0
RNF121,False,False,0,,0.0,0,negative_candidate,0.0
CDCA7L,False,False,0,,0.0,0,negative_candidate,0.0
TCN1,False,False,0,,0.0,0,negative_candidate,0.0
COMMD8,False,False,0,,0.0,0,negative_candidate,0.0
RPUSD1,False,False,0,,0.0,0,negative_candidate,0.0
MDM2,True,True,2,NCG;CIViC,1.0,1,high_confidence_positive,1.0
MINDY1,False,False,0,,0.0,0,negative_candidate,0.0
RNF141,False,False,0,,0.0,0,negative_candidate,0.0
ARL4A,False,False,0,,0.0,0,negative_candidate,0.0
GOLGB1,True,False,1,NCG,1.0,1,single_source_positive,
FBXO8,False,False,0,,0.0,0,negative_candidate,0.0
WWP1,True,False,1,NCG,1.0,1,single_source_positive,
TRPM2,True,False,1,NCG,1.0,1,single_source_positive,
CFHR4,False,False,0,,0.0,0,negative_candidate,0.0
RNF41,False,False,0,,0.0,0,negative_candidate,0.0
GTF2IRD2B,False,False,0,,0.0,0,negative_candidate,0.0
RNF138,False,False,0,,0.0,0,negative_candidate,0.0
TLR4,True,False,1,NCG,1.0,1,single_source_positive,
GYPE,False,False,0,,0.0,0,negative_candidate,0.0
NACA2,False,False,0,,0.0,0,negative_candidate,0.0
CASP8AP2,False,False,0,,0.0,0,negative_candidate,0.0
ARL16,False,False,0,,0.0,0,negative_candidate,0.0
NUDT16,False,False,0,,0.0,0,negative_candidate,0.0
TBX21,False,False,0,,0.0,0,negative_candidate,0.0
NOSIP,False,False,0,,0.0,0,negative_candidate,0.0
C1ORF94,False,False,0,,0.0,0,negative_candidate,0.0
RALGAPB,False,False,0,,0.0,0,negative_candidate,0.0
SLC39A12,True,False,1,NCG,1.0,1,single_source_positive,
CARTPT,False,False,0,,0.0,0,negative_candidate,0.0
OTOR,False,False,0,,0.0,0,negative_candidate,0.0
PLEKHM3,True,False,1,NCG,1.0,1,single_source_positive,
TMEM19,False,False,0,,0.0,0,negative_candidate,0.0
DEF8,False,False,0,,0.0,0,negative_candidate,0.0
RNF185,True,False,1,NCG,1.0,1,single_source_positive,
ABRAXAS2,False,False,0,,0.0,0,negative_candidate,0.0
REM1,True,False,1,NCG,1.0,1,single_source_positive,
GREM1,False,False,0,,0.0,0,negative_candidate,0.0
CFAP20DC,False,False,0,,0.0,0,negative_candidate,0.0
PI4K2A,False,False,0,,0.0,0,negative_candidate,0.0
ATP7B,False,True,1,CIViC,0.9,1,single_source_positive,
MFSD8,False,False,0,,0.0,0,negative_candidate,0.0
MAPRE2,False,False,0,,0.0,0,negative_candidate,0.0
SDCBP2,False,False,0,,0.0,0,negative_candidate,0.0
OAS2,False,False,0,,0.0,0,negative_candidate,0.0
PSG2,False,False,0,,0.0,0,negative_candidate,0.0
C6ORF15,False,False,0,,0.0,0,negative_candidate,0.0
AK5,False,False,0,,0.0,0,negative_candidate,0.0
BCL10,True,True,2,NCG;CIViC,1.0,1,high_confidence_positive,1.0
ACAP2,False,False,0,,0.0,0,negative_candidate,0.0
UQCC2,False,False,0,,0.0,0,negative_candidate,0.0
SLC17A3,False,False,0,,0.0,0,negative_candidate,0.0
STK32B,False,False,0,,0.0,0,negative_candidate,0.0
CD8B,False,False,0,,0.0,0,negative_candidate,0.0
DUSP14,False,False,0,,0.0,0,negative_candidate,0.0
CDK5,False,True,1,CIViC,0.9,1,single_source_positive,
SHISA2,False,False,0,,0.0,0,negative_candidate,0.0
NR1D2,True,False,1,NCG,1.0,1,single_source_positive,
MAIP1,False,False,0,,0.0,0,negative_candidate,0.0
GMEB2,False,False,0,,0.0,0,negative_candidate,0.0
CMIP,False,False,0,,0.0,0,negative_candidate,0.0
RAB38,False,False,0,,0.0,0,negative_candidate,0.0
EID2,False,False,0,,0.0,0,negative_candidate,0.0
ITGAD,False,False,0,,0.0,0,negative_candidate,0.0
SLC19A2,False,False,0,,0.0,0,negative_candidate,0.0
SLC16A1,False,False,0,,0.0,0,negative_candidate,0.0
EPC2,False,False,0,,0.0,0,negative_candidate,0.0
PLG,False,False,0,,0.0,0,negative_candidate,0.0
PFKM,False,False,0,,0.0,0,negative_candidate,0.0
METTL16,False,False,0,,0.0,0,negative_candidate,0.0
PDGFA,False,False,0,,0.0,0,negative_candidate,0.0
SIX3,False,False,0,,0.0,0,negative_candidate,0.0
CETP,False,False,0,,0.0,0,negative_candidate,0.0
IQCN,False,False,0,,0.0,0,negative_candidate,0.0
ATG3,True,False,1,NCG,1.0,1,single_source_positive,
PCDHB12,False,False,0,,0.0,0,negative_candidate,0.0
DHRS9,False,False,0,,0.0,0,negative_candidate,0.0
TRMT2A,False,False,0,,0.0,0,negative_candidate,0.0
DKKL1,False,False,0,,0.0,0,negative_candidate,0.0
KRTAP5-1,False,False,0,,0.0,0,negative_candidate,0.0
DBR1,True,False,1,NCG,1.0,1,single_source_positive,
IMPACT,False,False,0,,0.0,0,negative_candidate,0.0
CDC42EP3,False,False,0,,0.0,0,negative_candidate,0.0
SLC29A2,True,False,1,NCG,1.0,1,single_source_positive,
NPHS1,False,False,0,,0.0,0,negative_candidate,0.0
ZRANB3,True,False,1,NCG,1.0,1,single_source_positive,
RCN2,False,False,0,,0.0,0,negative_candidate,0.0
SUOX,False,False,0,,0.0,0,negative_candidate,0.0
KIAA0895L,False,False,0,,0.0,0,negative_candidate,0.0
TRAPPC4,False,False,0,,0.0,0,negative_candidate,0.0
NOXA1,True,False,1,NCG,1.0,1,single_source_positive,
HBP1,False,False,0,,0.0,0,negative_candidate,0.0
UGDH,False,False,0,,0.0,0,negative_candidate,0.0
ISCA1,False,False,0,,0.0,0,negative_candidate,0.0
HMSD,False,False,0,,0.0,0,negative_candidate,0.0
PTPRE,False,False,0,,0.0,0,negative_candidate,0.0
CHMP6,False,False,0,,0.0,0,negative_candidate,0.0
MAP2K4,True,True,2,NCG;CIViC,1.0,1,high_confidence_positive,1.0
YJU2,False,False,0,,0.0,0,negative_candidate,0.0
GPR19,False,False,0,,0.0,0,negative_candidate,0.0
FRMPD1,False,False,0,,0.0,0,negative_candidate,0.0
RBMX2,True,False,1,NCG,1.0,1,single_source_positive,
NSRP1,True,False,1,NCG,1.0,1,single_source_positive,
OTUD4,False,False,0,,0.0,0,negative_candidate,0.0
TFDP1,True,False,1,NCG,1.0,1,single_source_positive,
GLP1R,False,False,0,,0.0,0,negative_candidate,0.0
ARMS2,False,False,0,,0.0,0,negative_candidate,0.0
APPL2,False,False,0,,0.0,0,negative_candidate,0.0
DYNC1H1,False,False,0,,0.0,0,negative_candidate,0.0
SLC4A1AP,False,False,0,,0.0,0,negative_candidate,0.0
DMTN,False,False,0,,0.0,0,negative_candidate,0.0
PARVA,False,False,0,,0.0,0,negative_candidate,0.0
POP4,False,False,0,,0.0,0,negative_candidate,0.0
OPRL1,False,False,0,,0.0,0,negative_candidate,0.0
ZNF236,False,False,0,,0.0,0,negative_candidate,0.0
SBNO1,False,False,0,,0.0,0,negative_candidate,0.0
TEX11,False,False,0,,0.0,0,negative_candidate,0.0
FAM168A,False,False,0,,0.0,0,negative_candidate,0.0
CXCR2,True,False,1,NCG,1.0,1,single_source_positive,
SENP6,False,False,0,,0.0,0,negative_candidate,0.0
AMY2A,False,False,0,,0.0,0,negative_candidate,0.0
CCNDBP1,False,False,0,,0.0,0,negative_candidate,0.0
CYTH2,False,False,0,,0.0,0,negative_candidate,0.0
CREB5,False,False,0,,0.0,0,negative_candidate,0.0
GTF2A1,False,False,0,,0.0,0,negative_candidate,0.0
VIPAS39,True,False,1,NCG,1.0,1,single_source_positive,
MICAL3,False,False,0,,0.0,0,negative_candidate,0.0
MARCHF9,False,False,0,,0.0,0,negative_candidate,0.0
MID2,False,False,0,,0.0,0,negative_candidate,0.0
TMEM161A,False,False,0,,0.0,0,negative_candidate,0.0
AP4E1,False,False,0,,0.0,0,negative_candidate,0.0
WIPI1,False,False,0,,0.0,0,negative_candidate,0.0
FZD5,False,False,0,,0.0,0,negative_candidate,0.0
RNF38,False,False,0,,0.0,0,negative_candidate,0.0
ALG11,False,False,0,,0.0,0,negative_candidate,0.0
NEURL2,False,False,0,,0.0,0,negative_candidate,0.0
HGFAC,False,False,0,,0.0,0,negative_candidate,0.0
NR4A2,True,True,2,NCG;CIViC,1.0,1,high_confidence_positive,1.0
ANKS1A,False,False,0,,0.0,0,negative_candidate,0.0
TBC1D12,True,False,1,NCG,1.0,1,single_source_positive,
NIPA1,False,False,0,,0.0,0,negative_candidate,0.0
ASB9,True,False,1,NCG,1.0,1,single_source_positive,
PHAX,True,False,1,NCG,1.0,1,single_source_positive,
POLR1A,False,False,0,,0.0,0,negative_candidate,0.0
PCNX4,True,False,1,NCG,1.0,1,single_source_positive,
CBX6,True,False,1,NCG,1.0,1,single_source_positive,
IGHG4,False,False,0,,0.0,0,negative_candidate,0.0
RILP,False,False,0,,0.0,0,negative_candidate,0.0
PSD,False,False,0,,0.0,0,negative_candidate,0.0
DDX27,True,False,1,NCG,1.0,1,single_source_positive,
LARGE1,False,False,0,,0.0,0,negative_candidate,0.0
CISD1,False,False,0,,0.0,0,negative_candidate,0.0
GPA33,False,False,0,,0.0,0,negative_candidate,0.0
MAGEE1,False,False,0,,0.0,0,negative_candidate,0.0
P2RX7,False,False,0,,0.0,0,negative_candidate,0.0
CWC25,False,False,0,,0.0,0,negative_candidate,0.0
LRIT3,False,False,0,,0.0,0,negative_candidate,0.0
TPRKB,False,False,0,,0.0,0,negative_candidate,0.0
PPP1R3D,False,False,0,,0.0,0,negative_candidate,0.0
PAFAH2,False,False,0,,0.0,0,negative_candidate,0.0
ARHGEF3,True,False,1,NCG,1.0,1,single_source_positive,
ZMYM2,True,True,2,NCG;CIViC,1.0,1,high_confidence_positive,1.0
SPAG5,False,False,0,,0.0,0,negative_candidate,0.0
CSPP1,False,False,0,,0.0,0,negative_candidate,0.0
PIFO,False,False,0,,0.0,0,negative_candidate,0.0
PLEKHB1,False,False,0,,0.0,0,negative_candidate,0.0
ZFAND2B,False,False,0,,0.0,0,negative_candidate,0.0
CDYL2,False,False,0,,0.0,0,negative_candidate,0.0
FOSL1,False,False,0,,0.0,0,negative_candidate,0.0
CH25H,False,False,0,,0.0,0,negative_candidate,0.0
DVL2,False,False,0,,0.0,0,negative_candidate,0.0
IL13,False,False,0,,0.0,0,negative_candidate,0.0
APOL4,False,False,0,,0.0,0,negative_candidate,0.0
KRT39,False,False,0,,0.0,0,negative_candidate,0.0
ZFYVE27,False,False,0,,0.0,0,negative_candidate,0.0
ARMC10,False,False,0,,0.0,0,negative_candidate,0.0
CUL3,True,True,2,NCG;CIViC,1.0,1,high_confidence_positive,1.0
TBL3,False,False,0,,0.0,0,negative_candidate,0.0
HMGCLL1,False,False,0,,0.0,0,negative_candidate,0.0
ZNF618,False,False,0,,0.0,0,negative_candidate,0.0
TRIM55,False,False,0,,0.0,0,negative_candidate,0.0
SYCP2,False,False,0,,0.0,0,negative_candidate,0.0
RPS6KL1,False,False,0,,0.0,0,negative_candidate,0.0
GCH1,False,False,0,,0.0,0,negative_candidate,0.0
MCUR1,False,False,0,,0.0,0,negative_candidate,0.0
OMA1,True,False,1,NCG,1.0,1,single_source_positive,
SLC23A3,False,False,0,,0.0,0,negative_candidate,0.0
ASB8,False,False,0,,0.0,0,negative_candidate,0.0
SGCB,False,False,0,,0.0,0,negative_candidate,0.0
LEFTY1,False,False,0,,0.0,0,negative_candidate,0.0
DOK5,False,False,0,,0.0,0,negative_candidate,0.0
USP12,False,False,0,,0.0,0,negative_candidate,0.0
GALNT6,False,False,0,,0.0,0,negative_candidate,0.0
GLI2,False,False,0,,0.0,0,negative_candidate,0.0
PTGS2,False,True,1,CIViC,0.9,1,single_source_positive,
RAB29,False,False,0,,0.0,0,negative_candidate,0.0
ZBTB2,False,False,0,,0.0,0,negative_candidate,0.0
TPTE2,True,False,1,NCG,1.0,1,single_source_positive,
UQCC1,False,False,0,,0.0,0,negative_candidate,0.0
DROSHA,True,True,2,NCG;CIViC,1.0,1,high_confidence_positive,1.0
ADAM2,True,False,1,NCG,1.0,1,single_source_positive,
TXNL4A,False,False,0,,0.0,0,negative_candidate,0.0
MAFG,False,False,0,,0.0,0,negative_candidate,0.0
NQO2,False,False,0,,0.0,0,negative_candidate,0.0
ARL4D,False,False,0,,0.0,0,negative_candidate,0.0
CMTM7,False,False,0,,0.0,0,negative_candidate,0.0
ESRP1,False,False,0,,0.0,0,negative_candidate,0.0
RPA3,False,False,0,,0.0,0,negative_candidate,0.0
CABYR,False,False,0,,0.0,0,negative_candidate,0.0
LURAP1L,False,False,0,,0.0,0,negative_candidate,0.0
RSAD2,False,False,0,,0.0,0,negative_candidate,0.0
KCNJ6,False,False,0,,0.0,0,negative_candidate,0.0
SVOPL,False,False,0,,0.0,0,negative_candidate,0.0
RPUSD2,False,False,0,,0.0,0,negative_candidate,0.0
OXTR,False,False,0,,0.0,0,negative_candidate,0.0
C12ORF4,False,False,0,,0.0,0,negative_candidate,0.0
ZMYND19,False,False,0,,0.0,0,negative_candidate,0.0
MAB21L4,False,False,0,,0.0,0,negative_candidate,0.0
PCGF5,False,False,0,,0.0,0,negative_candidate,0.0
ALDH3A1,False,False,0,,0.0,0,negative_candidate,0.0
CACNA1G,False,False,0,,0.0,0,negative_candidate,0.0
ABITRAM,False,False,0,,0.0,0,negative_candidate,0.0
CYSLTR2,True,True,2,NCG;CIViC,1.0,1,high_confidence_positive,1.0
AAAS,False,False,0,,0.0,0,negative_candidate,0.0
LEO1,False,False,0,,0.0,0,negative_candidate,0.0
RNLS,False,False,0,,0.0,0,negative_candidate,0.0
SLC4A10,True,False,1,NCG,1.0,1,single_source_positive,
DENND1B,False,False,0,,0.0,0,negative_candidate,0.0
ZNF76,False,False,0,,0.0,0,negative_candidate,0.0
TMEM223,False,False,0,,0.0,0,negative_candidate,0.0
LEMD3,True,False,1,NCG,1.0,1,single_source_positive,
SUMF1,False,False,0,,0.0,0,negative_candidate,0.0
ALDOC,False,False,0,,0.0,0,negative_candidate,0.0
SOX6,False,False,0,,0.0,0,negative_candidate,0.0
RAB3GAP2,False,False,0,,0.0,0,negative_candidate,0.0
EDNRA,False,False,0,,0.0,0,negative_candidate,0.0
SECISBP2L,False,False,0,,0.0,0,negative_candidate,0.0
ABCB11,False,False,0,,0.0,0,negative_candidate,0.0
LIPJ,False,False,0,,0.0,0,negative_candidate,0.0
RIN1,False,False,0,,0.0,0,negative_candidate,0.0
BTNL3,True,False,1,NCG,1.0,1,single_source_positive,
OSCP1,False,False,0,,0.0,0,negative_candidate,0.0
LRRC36,False,False,0,,0.0,0,negative_candidate,0.0
COPG2,False,False,0,,0.0,0,negative_candidate,0.0
ZWILCH,True,False,1,NCG,1.0,1,single_source_positive,
FGD1,False,False,0,,0.0,0,negative_candidate,0.0
GMNN,False,False,0,,0.0,0,negative_candidate,0.0
NUP58,False,False,0,,0.0,0,negative_candidate,0.0
RHBDD3,False,False,0,,0.0,0,negative_candidate,0.0
HAGH,False,False,0,,0.0,0,negative_candidate,0.0
GRIA4,False,False,0,,0.0,0,negative_candidate,0.0
GTF2H3,False,False,0,,0.0,0,negative_candidate,0.0
FIGN,False,False,0,,0.0,0,negative_candidate,0.0
RAB2B,False,False,0,,0.0,0,negative_candidate,0.0
LYSMD2,False,False,0,,0.0,0,negative_candidate,0.0
RYBP,True,False,1,NCG,1.0,1,single_source_positive,
APPBP2,False,False,0,,0.0,0,negative_candidate,0.0
TSPEAR,True,False,1,NCG,1.0,1,single_source_positive,
CYB5D2,False,False,0,,0.0,0,negative_candidate,0.0
HCAR2,False,False,0,,0.0,0,negative_candidate,0.0
PDIA2,False,False,0,,0.0,0,negative_candidate,0.0
SEL1L,False,False,0,,0.0,0,negative_candidate,0.0
EID3,False,False,0,,0.0,0,negative_candidate,0.0
HSH2D,False,False,0,,0.0,0,negative_candidate,0.0
CLCN2,False,False,0,,0.0,0,negative_candidate,0.0
PDCL2,False,False,0,,0.0,0,negative_candidate,0.0
ERICH1,False,False,0,,0.0,0,negative_candidate,0.0
NIPSNAP3A,False,False,0,,0.0,0,negative_candidate,0.0
FAM187B,False,False,0,,0.0,0,negative_candidate,0.0
COMMD4,False,False,0,,0.0,0,negative_candidate,0.0
LGR5,False,True,1,CIViC,0.9,1,single_source_positive,
MARCHF11,True,False,1,NCG,1.0,1,single_source_positive,
GINS2,False,False,0,,0.0,0,negative_candidate,0.0
FAM110A,False,False,0,,0.0,0,negative_candidate,0.0
GNAL,False,False,0,,0.0,0,negative_candidate,0.0
BID,False,False,0,,0.0,0,negative_candidate,0.0
RPP25,False,False,0,,0.0,0,negative_candidate,0.0
RGS4,False,False,0,,0.0,0,negative_candidate,0.0
CDH16,False,False,0,,0.0,0,negative_candidate,0.0
C16ORF72,False,False,0,,0.0,0,negative_candidate,0.0
GCA,False,False,0,,0.0,0,negative_candidate,0.0
PSG11,False,False,0,,0.0,0,negative_candidate,0.0
CASP8,True,True,2,NCG;CIViC,1.0,1,high_confidence_positive,1.0
RIT1,True,True,2,NCG;CIViC,1.0,1,high_confidence_positive,1.0
VWA3A,False,False,0,,0.0,0,negative_candidate,0.0
ZNF570,False,False,0,,0.0,0,negative_candidate,0.0
EXOC5,False,False,0,,0.0,0,negative_candidate,0.0
OSBPL6,False,False,0,,0.0,0,negative_candidate,0.0
LOXL1,False,False,0,,0.0,0,negative_candidate,0.0
GPR15,False,False,0,,0.0,0,negative_candidate,0.0
KCNH7,False,False,0,,0.0,0,negative_candidate,0.0
RALYL,True,False,1,NCG,1.0,1,single_source_positive,
C8ORF82,False,False,0,,0.0,0,negative_candidate,0.0
RRP8,False,False,0,,0.0,0,negative_candidate,0.0
SLC2A2,False,False,0,,0.0,0,negative_candidate,0.0
BMF,False,False,0,,0.0,0,negative_candidate,0.0
ZNF786,False,False,0,,0.0,0,negative_candidate,0.0
SSX3,False,False,0,,0.0,0,negative_candidate,0.0
TRHDE,True,False,1,NCG,1.0,1,single_source_positive,
UBE2S,False,False,0,,0.0,0,negative_candidate,0.0
CAND2,False,False,0,,0.0,0,negative_candidate,0.0
RAB22A,False,False,0,,0.0,0,negative_candidate,0.0
TIMM29,False,False,0,,0.0,0,negative_candidate,0.0
IFT74,False,False,0,,0.0,0,negative_candidate,0.0
PRB2,True,False,1,NCG,1.0,1,single_source_positive,
LYSMD3,False,False,0,,0.0,0,negative_candidate,0.0
SH3TC2,False,False,0,,0.0,0,negative_candidate,0.0
GRID2,False,False,0,,0.0,0,negative_candidate,0.0
RP2,False,False,0,,0.0,0,negative_candidate,0.0
MYB,True,True,2,NCG;CIViC,1.0,1,high_confidence_positive,1.0
TULP1,False,False,0,,0.0,0,negative_candidate,0.0
ERVW-1,False,False,0,,0.0,0,negative_candidate,0.0
ZNF765,True,False,1,NCG,1.0,1,single_source_positive,
TSPYL1,True,True,2,NCG;CIViC,1.0,1,high_confidence_positive,1.0
PLEKHG6,False,False,0,,0.0,0,negative_candidate,0.0
CTXN3,False,False,0,,0.0,0,negative_candidate,0.0
ZFYVE19,False,False,0,,0.0,0,negative_candidate,0.0
UPF3B,False,False,0,,0.0,0,negative_candidate,0.0
MRPS9,False,False,0,,0.0,0,negative_candidate,0.0
OTUD6B,False,False,0,,0.0,0,negative_candidate,0.0
FAM118B,True,False,1,NCG,1.0,1,single_source_positive,
RNF113B,False,False,0,,0.0,0,negative_candidate,0.0
KRBA1,False,False,0,,0.0,0,negative_candidate,0.0
ISOC1,False,False,0,,0.0,0,negative_candidate,0.0
GRSF1,True,False,1,NCG,1.0,1,single_source_positive,
RAD1,False,False,0,,0.0,0,negative_candidate,0.0
ACTL6B,True,False,1,NCG,1.0,1,single_source_positive,
CNOT7,False,False,0,,0.0,0,negative_candidate,0.0
GDF6,False,False,0,,0.0,0,negative_candidate,0.0
DMGDH,False,False,0,,0.0,0,negative_candidate,0.0
TDRP,False,False,0,,0.0,0,negative_candidate,0.0
ITGA8,False,False,0,,0.0,0,negative_candidate,0.0
LNX1,False,False,0,,0.0,0,negative_candidate,0.0
COG7,False,False,0,,0.0,0,negative_candidate,0.0
CHCHD4,False,False,0,,0.0,0,negative_candidate,0.0
GLCE,False,False,0,,0.0,0,negative_candidate,0.0
OXGR1,False,False,0,,0.0,0,negative_candidate,0.0
RCE1,False,False,0,,0.0,0,negative_candidate,0.0
LRPPRC,False,False,0,,0.0,0,negative_candidate,0.0
RABEPK,True,False,1,NCG,1.0,1,single_source_positive,
KRT9,False,False,0,,0.0,0,negative_candidate,0.0
MN1,True,True,2,NCG;CIViC,1.0,1,high_confidence_positive,1.0
CHURC1,False,False,0,,0.0,0,negative_candidate,0.0
BICD1,False,False,0,,0.0,0,negative_candidate,0.0
KIAA1522,False,False,0,,0.0,0,negative_candidate,0.0
MYH3,False,False,0,,0.0,0,negative_candidate,0.0
CFAP97,False,False,0,,0.0,0,negative_candidate,0.0
NTAQ1,False,False,0,,0.0,0,negative_candidate,0.0
GABRD,False,False,0,,0.0,0,negative_candidate,0.0
RPUSD4,False,False,0,,0.0,0,negative_candidate,0.0
ALG10,False,False,0,,0.0,0,negative_candidate,0.0
NEPRO,False,False,0,,0.0,0,negative_candidate,0.0
ABHD1,False,False,0,,0.0,0,negative_candidate,0.0
RECQL,False,False,0,,0.0,0,negative_candidate,0.0
SLC25A22,False,False,0,,0.0,0,negative_candidate,0.0
HECA,False,False,0,,0.0,0,negative_candidate,0.0
SLC41A3,False,False,0,,0.0,0,negative_candidate,0.0
NF2,True,True,2,NCG;CIViC,1.0,1,high_confidence_positive,1.0
TTYH1,False,False,0,,0.0,0,negative_candidate,0.0
SLC25A44,False,False,0,,0.0,0,negative_candidate,0.0
CTTNBP2NL,False,False,0,,0.0,0,negative_candidate,0.0
WSCD2,True,False,1,NCG,1.0,1,single_source_positive,
NSMCE2,True,False,1,NCG,1.0,1,single_source_positive,
FLT3,True,True,2,NCG;CIViC,1.0,1,high_confidence_positive,1.0
CD226,False,False,0,,0.0,0,negative_candidate,0.0
MRPL42,False,False,0,,0.0,0,negative_candidate,0.0
MLH3,True,False,1,NCG,1.0,1,single_source_positive,
TMC4,False,False,0,,0.0,0,negative_candidate,0.0
ATP8B3,False,False,0,,0.0,0,negative_candidate,0.0
DBX1,False,False,0,,0.0,0,negative_candidate,0.0
CWF19L2,False,False,0,,0.0,0,negative_candidate,0.0
SLC66A1,False,False,0,,0.0,0,negative_candidate,0.0
CYP2C9,True,False,1,NCG,1.0,1,single_source_positive,
CDK13,True,False,1,NCG,1.0,1,single_source_positive,
APOL3,False,False,0,,0.0,0,negative_candidate,0.0
GALNT12,False,False,0,,0.0,0,negative_candidate,0.0
C6ORF226,False,False,0,,0.0,0,negative_candidate,0.0
ZNF266,False,False,0,,0.0,0,negative_candidate,0.0
ATP6V1G2,True,False,1,NCG,1.0,1,single_source_positive,
PTCD3,False,False,0,,0.0,0,negative_candidate,0.0
SNTG1,False,False,0,,0.0,0,negative_candidate,0.0
HDHD5,False,False,0,,0.0,0,negative_candidate,0.0
ZNF155,False,False,0,,0.0,0,negative_candidate,0.0
LTV1,False,False,0,,0.0,0,negative_candidate,0.0
LPAR2,False,False,0,,0.0,0,negative_candidate,0.0
CRYBA4,False,False,0,,0.0,0,negative_candidate,0.0
ADIPOQ,True,False,1,NCG,1.0,1,single_source_positive,
IPCEF1,False,False,0,,0.0,0,negative_candidate,0.0
AKAP10,False,False,0,,0.0,0,negative_candidate,0.0
POLR1E,False,False,0,,0.0,0,negative_candidate,0.0
LYPLAL1,False,False,0,,0.0,0,negative_candidate,0.0
SERPINE2,False,False,0,,0.0,0,negative_candidate,0.0
ZNF454,False,False,0,,0.0,0,negative_candidate,0.0
STXBP5,False,False,0,,0.0,0,negative_candidate,0.0
TROAP,False,False,0,,0.0,0,negative_candidate,0.0
TMEM254,False,False,0,,0.0,0,negative_candidate,0.0
SLC12A5,True,False,1,NCG,1.0,1,single_source_positive,
CCDC73,False,False,0,,0.0,0,negative_candidate,0.0
GLRB,False,False,0,,0.0,0,negative_candidate,0.0
TEAD4,False,False,0,,0.0,0,negative_candidate,0.0
PCDH17,True,False,1,NCG,1.0,1,single_source_positive,
METTL5,False,False,0,,0.0,0,negative_candidate,0.0
COG1,False,False,0,,0.0,0,negative_candidate,0.0
TARBP2,False,False,0,,0.0,0,negative_candidate,0.0
FRG2C,False,False,0,,0.0,0,negative_candidate,0.0
ZC3H14,False,False,0,,0.0,0,negative_candidate,0.0
NUP50,True,False,1,NCG,1.0,1,single_source_positive,
NIPA2,True,False,1,NCG,1.0,1,single_source_positive,
ZBTB1,False,False,0,,0.0,0,negative_candidate,0.0
TAF7L,False,False,0,,0.0,0,negative_candidate,0.0
SCN5A,True,False,1,NCG,1.0,1,single_source_positive,
BLMH,False,False,0,,0.0,0,negative_candidate,0.0
DRICH1,False,False,0,,0.0,0,negative_candidate,0.0
SLC46A3,False,False,0,,0.0,0,negative_candidate,0.0
CPNE8,False,False,0,,0.0,0,negative_candidate,0.0
PTCH1,True,True,2,NCG;CIViC,1.0,1,high_confidence_positive,1.0
RASSF4,False,False,0,,0.0,0,negative_candidate,0.0
ASAP3,False,False,0,,0.0,0,negative_candidate,0.0
SNX11,False,False,0,,0.0,0,negative_candidate,0.0
GABRQ,False,False,0,,0.0,0,negative_candidate,0.0
ATG4A,False,False,0,,0.0,0,negative_candidate,0.0
FBXW2,False,False,0,,0.0,0,negative_candidate,0.0
UBR4,False,False,0,,0.0,0,negative_candidate,0.0
DCTN6,False,False,0,,0.0,0,negative_candidate,0.0
HOXA11,True,False,1,NCG,1.0,1,single_source_positive,
GPR137,False,False,0,,0.0,0,negative_candidate,0.0
ALDH1A2,False,True,1,CIViC,1.0,1,single_source_positive,
CCDC12,False,False,0,,0.0,0,negative_candidate,0.0
MRPS31,True,False,1,NCG,1.0,1,single_source_positive,
ATP1A3,False,False,0,,0.0,0,negative_candidate,0.0
PROS1,False,False,0,,0.0,0,negative_candidate,0.0
PCYT1B,False,False,0,,0.0,0,negative_candidate,0.0
USE1,False,False,0,,0.0,0,negative_candidate,0.0
ZNF473,False,False,0,,0.0,0,negative_candidate,0.0
PREX2,True,True,2,NCG;CIViC,1.0,1,high_confidence_positive,1.0
APOA1,False,False,0,,0.0,0,negative_candidate,0.0
ASPHD2,False,False,0,,0.0,0,negative_candidate,0.0
CLTCL1,True,False,1,NCG,1.0,1,single_source_positive,
ZPR1,False,False,0,,0.0,0,negative_candidate,0.0
ANKAR,False,False,0,,0.0,0,negative_candidate,0.0
CAPN7,False,False,0,,0.0,0,negative_candidate,0.0
SFXN5,False,False,0,,0.0,0,negative_candidate,0.0
TRMT61A,False,False,0,,0.0,0,negative_candidate,0.0
ACP4,False,False,0,,0.0,0,negative_candidate,0.0
RXRA,True,False,1,NCG,1.0,1,single_source_positive,
PHIP,True,False,1,NCG,1.0,1,single_source_positive,
KIFC3,True,False,1,NCG,1.0,1,single_source_positive,
C5,False,False,0,,0.0,0,negative_candidate,0.0
UBE2E2,False,False,0,,0.0,0,negative_candidate,0.0
AIMP1,False,False,0,,0.0,0,negative_candidate,0.0
ZNF624,True,False,1,NCG,1.0,1,single_source_positive,
AQP10,False,False,0,,0.0,0,negative_candidate,0.0
PICK1,False,False,0,,0.0,0,negative_candidate,0.0
CCNT2,False,False,0,,0.0,0,negative_candidate,0.0
MORN1,True,False,1,NCG,1.0,1,single_source_positive,
GPR75,False,False,0,,0.0,0,negative_candidate,0.0
MAS1L,True,False,1,NCG,1.0,1,single_source_positive,
NIP7,False,False,0,,0.0,0,negative_candidate,0.0
ADNP2,False,False,0,,0.0,0,negative_candidate,0.0
NLGN4Y,False,False,0,,0.0,0,negative_candidate,0.0
CCDC59,False,False,0,,0.0,0,negative_candidate,0.0
CD244,False,False,0,,0.0,0,negative_candidate,0.0
DLGAP2,False,False,0,,0.0,0,negative_candidate,0.0
RMDN1,True,False,1,NCG,1.0,1,single_source_positive,
GEMIN8,False,False,0,,0.0,0,negative_candidate,0.0
RIMKLA,False,False,0,,0.0,0,negative_candidate,0.0
CACNG8,False,False,0,,0.0,0,negative_candidate,0.0
ARRDC4,False,False,0,,0.0,0,negative_candidate,0.0
C21ORF91,False,False,0,,0.0,0,negative_candidate,0.0
ADCY8,True,False,1,NCG,1.0,1,single_source_positive,
PLA2G1B,False,False,0,,0.0,0,negative_candidate,0.0
C12ORF65,False,False,0,,0.0,0,negative_candidate,0.0
RANBP3L,False,False,0,,0.0,0,negative_candidate,0.0
TRIM58,True,False,1,NCG,1.0,1,single_source_positive,
CCDC43,False,False,0,,0.0,0,negative_candidate,0.0
ZNF202,False,False,0,,0.0,0,negative_candidate,0.0
ZNHIT2,False,False,0,,0.0,0,negative_candidate,0.0
FAM122A,False,False,0,,0.0,0,negative_candidate,0.0
GAL3ST1,True,False,1,NCG,1.0,1,single_source_positive,
ZNF827,False,False,0,,0.0,0,negative_candidate,0.0
SLC35G2,True,False,1,NCG,1.0,1,single_source_positive,
CTSW,False,False,0,,0.0,0,negative_candidate,0.0
ZNF100,False,False,0,,0.0,0,negative_candidate,0.0
AGO4,True,False,1,NCG,1.0,1,single_source_positive,
IL1RN,False,False,0,,0.0,0,negative_candidate,0.0
ADGRB1,False,False,0,,0.0,0,negative_candidate,0.0
H2AC13,False,False,0,,0.0,0,negative_candidate,0.0
SLC30A2,False,False,0,,0.0,0,negative_candidate,0.0
STXBP3,False,False,0,,0.0,0,negative_candidate,0.0
MCAT,False,False,0,,0.0,0,negative_candidate,0.0
TPH1,False,False,0,,0.0,0,negative_candidate,0.0
CCK,True,False,1,NCG,1.0,1,single_source_positive,
TRIM46,False,False,0,,0.0,0,negative_candidate,0.0
GCG,False,False,0,,0.0,0,negative_candidate,0.0
SMNDC1,False,False,0,,0.0,0,negative_candidate,0.0
APOH,False,False,0,,0.0,0,negative_candidate,0.0
EXOSC1,False,False,0,,0.0,0,negative_candidate,0.0
LRRC55,True,False,1,NCG,1.0,1,single_source_positive,
CDH20,False,False,0,,0.0,0,negative_candidate,0.0
GINS4,False,False,0,,0.0,0,negative_candidate,0.0
MED19,False,False,0,,0.0,0,negative_candidate,0.0
IQCF1,False,False,0,,0.0,0,negative_candidate,0.0
CAAP1,False,False,0,,0.0,0,negative_candidate,0.0
UBE2O,False,False,0,,0.0,0,negative_candidate,0.0
KLHL28,False,False,0,,0.0,0,negative_candidate,0.0
DR1,False,False,0,,0.0,0,negative_candidate,0.0
PIN1,False,False,0,,0.0,0,negative_candidate,0.0
SCAI,False,False,0,,0.0,0,negative_candidate,0.0
PREPL,False,False,0,,0.0,0,negative_candidate,0.0
UNK,False,False,0,,0.0,0,negative_candidate,0.0
ALDH4A1,False,False,0,,0.0,0,negative_candidate,0.0
ACOT2,False,False,0,,0.0,0,negative_candidate,0.0
LEMD1,False,False,0,,0.0,0,negative_candidate,0.0
BAZ1B,False,False,0,,0.0,0,negative_candidate,0.0
BICD2,False,False,0,,0.0,0,negative_candidate,0.0
SLC37A1,False,False,0,,0.0,0,negative_candidate,0.0
DTNBP1,False,False,0,,0.0,0,negative_candidate,0.0
FRRS1,False,False,0,,0.0,0,negative_candidate,0.0
CRB2,False,False,0,,0.0,0,negative_candidate,0.0
TAS1R3,False,False,0,,0.0,0,negative_candidate,0.0
MEIOB,False,False,0,,0.0,0,negative_candidate,0.0
MRPL30,False,False,0,,0.0,0,negative_candidate,0.0
PM20D2,False,False,0,,0.0,0,negative_candidate,0.0
ELP3,False,False,0,,0.0,0,negative_candidate,0.0
DNM1,False,False,0,,0.0,0,negative_candidate,0.0
ADGRG2,False,False,0,,0.0,0,negative_candidate,0.0
EIF2B4,False,False,0,,0.0,0,negative_candidate,0.0
GUCY1A1,False,False,0,,0.0,0,negative_candidate,0.0
SAV1,True,False,1,NCG,1.0,1,single_source_positive,
NAP1L3,False,False,0,,0.0,0,negative_candidate,0.0
PAN3,True,False,1,NCG,1.0,1,single_source_positive,
KIAA1755,False,False,0,,0.0,0,negative_candidate,0.0
KCNH5,True,False,1,NCG,1.0,1,single_source_positive,
ZXDB,False,False,0,,0.0,0,negative_candidate,0.0
MAGT1,False,False,0,,0.0,0,negative_candidate,0.0
MIER1,False,False,0,,0.0,0,negative_candidate,0.0
WIPF3,False,False,0,,0.0,0,negative_candidate,0.0
TM4SF5,False,False,0,,0.0,0,negative_candidate,0.0
LGALS9C,False,False,0,,0.0,0,negative_candidate,0.0
KLHL10,True,False,1,NCG,1.0,1,single_source_positive,
NUGGC,False,False,0,,0.0,0,negative_candidate,0.0
TAF2,False,False,0,,0.0,0,negative_candidate,0.0
SACM1L,False,False,0,,0.0,0,negative_candidate,0.0
GTF3C3,False,False,0,,0.0,0,negative_candidate,0.0
KIRREL2,False,False,0,,0.0,0,negative_candidate,0.0
SNF8,False,False,0,,0.0,0,negative_candidate,0.0
SIRPD,True,False,1,NCG,1.0,1,single_source_positive,
ZNF200,False,False,0,,0.0,0,negative_candidate,0.0
CASP10,True,False,1,NCG,1.0,1,single_source_positive,
CRISP1,False,False,0,,0.0,0,negative_candidate,0.0
ZRSR2,True,True,2,NCG;CIViC,1.0,1,high_confidence_positive,1.0
MUS81,False,True,1,CIViC,0.9,1,single_source_positive,
TADA1,False,False,0,,0.0,0,negative_candidate,0.0
FBXO46,False,False,0,,0.0,0,negative_candidate,0.0
TMEM190,False,False,0,,0.0,0,negative_candidate,0.0
ASB5,False,False,0,,0.0,0,negative_candidate,0.0
HOXA2,False,False,0,,0.0,0,negative_candidate,0.0
CYP4F12,False,False,0,,0.0,0,negative_candidate,0.0
ST6GALNAC3,True,False,1,NCG,1.0,1,single_source_positive,
SLC26A11,False,False,0,,0.0,0,negative_candidate,0.0
MGAT4A,False,False,0,,0.0,0,negative_candidate,0.0
PM20D1,True,False,1,NCG,1.0,1,single_source_positive,
ZNF436,False,False,0,,0.0,0,negative_candidate,0.0
SV2A,False,False,0,,0.0,0,negative_candidate,0.0
PLXNA4,False,False,0,,0.0,0,negative_candidate,0.0
WFDC8,False,False,0,,0.0,0,negative_candidate,0.0
STT3A,False,False,0,,0.0,0,negative_candidate,0.0
ZNF10,False,False,0,,0.0,0,negative_candidate,0.0
DST,True,False,1,NCG,1.0,1,single_source_positive,
HTR1E,True,False,1,NCG,1.0,1,single_source_positive,
CHST10,True,False,1,NCG,1.0,1,single_source_positive,
ZMYND11,False,False,0,,0.0,0,negative_candidate,0.0
CRYL1,False,False,0,,0.0,0,negative_candidate,0.0
TRIL,False,False,0,,0.0,0,negative_candidate,0.0
RDH5,False,False,0,,0.0,0,negative_candidate,0.0
PRPF40B,True,False,1,NCG,1.0,1,single_source_positive,
FGFR1OP2,False,True,1,CIViC,1.0,1,single_source_positive,
ZP2,False,False,0,,0.0,0,negative_candidate,0.0
TMEM132E,False,False,0,,0.0,0,negative_candidate,0.0
SLC41A2,False,False,0,,0.0,0,negative_candidate,0.0
SIRT6,False,False,0,,0.0,0,negative_candidate,0.0
TSLP,False,False,0,,0.0,0,negative_candidate,0.0
NAB1,False,False,0,,0.0,0,negative_candidate,0.0
EYA3,False,False,0,,0.0,0,negative_candidate,0.0
KCNN2,True,False,1,NCG,1.0,1,single_source_positive,
HEATR3,False,False,0,,0.0,0,negative_candidate,0.0
ARHGEF6,True,False,1,NCG,1.0,1,single_source_positive,
MSH4,False,False,0,,0.0,0,negative_candidate,0.0
LMBR1L,False,False,0,,0.0,0,negative_candidate,0.0
PCDHB10,False,False,0,,0.0,0,negative_candidate,0.0
DNAJB4,False,False,0,,0.0,0,negative_candidate,0.0
DHTKD1,False,False,0,,0.0,0,negative_candidate,0.0
CNOT10,False,False,0,,0.0,0,negative_candidate,0.0
RUNX1T1,True,True,2,NCG;CIViC,1.0,1,high_confidence_positive,1.0
TRIM63,False,True,1,CIViC,1.0,1,single_source_positive,
CBLIF,False,False,0,,0.0,0,negative_candidate,0.0
BDP1,False,False,0,,0.0,0,negative_candidate,0.0
PIWIL1,False,False,0,,0.0,0,negative_candidate,0.0
CCDC170,False,True,1,CIViC,0.9,1,single_source_positive,
YIPF4,False,False,0,,0.0,0,negative_candidate,0.0
EMG1,True,False,1,NCG,1.0,1,single_source_positive,
GUCA1C,False,False,0,,0.0,0,negative_candidate,0.0
FBXO16,False,False,0,,0.0,0,negative_candidate,0.0
CCL4,False,False,0,,0.0,0,negative_candidate,0.0
F13A1,False,False,0,,0.0,0,negative_candidate,0.0
NLRP4,False,False,0,,0.0,0,negative_candidate,0.0
DNAJC13,False,False,0,,0.0,0,negative_candidate,0.0
FAM98A,False,False,0,,0.0,0,negative_candidate,0.0
VPS9D1,False,False,0,,0.0,0,negative_candidate,0.0
FASLG,False,False,0,,0.0,0,negative_candidate,0.0
CDK1,False,False,0,,0.0,0,negative_candidate,0.0
IPO11,False,False,0,,0.0,0,negative_candidate,0.0
ANO9,False,False,0,,0.0,0,negative_candidate,0.0
TNFSF13B,False,False,0,,0.0,0,negative_candidate,0.0
NBPF10,False,False,0,,0.0,0,negative_candidate,0.0
CCDC25,False,False,0,,0.0,0,negative_candidate,0.0
STK24,False,False,0,,0.0,0,negative_candidate,0.0
TAPT1,False,False,0,,0.0,0,negative_candidate,0.0
MIS18BP1,False,False,0,,0.0,0,negative_candidate,0.0
FASTKD2,False,False,0,,0.0,0,negative_candidate,0.0
PCDHA3,False,False,0,,0.0,0,negative_candidate,0.0
FRMPD2,True,False,1,NCG,1.0,1,single_source_positive,
LRRC37A3,True,False,1,NCG,1.0,1,single_source_positive,
PRSS35,False,False,0,,0.0,0,negative_candidate,0.0
KLHL11,True,False,1,NCG,1.0,1,single_source_positive,
TREML4,False,False,0,,0.0,0,negative_candidate,0.0
ACTN3,False,False,0,,0.0,0,negative_candidate,0.0
NYAP2,False,False,0,,0.0,0,negative_candidate,0.0
WASHC3,False,False,0,,0.0,0,negative_candidate,0.0
HLCS,False,False,0,,0.0,0,negative_candidate,0.0
CFL2,False,False,0,,0.0,0,negative_candidate,0.0
SDHAF4,False,False,0,,0.0,0,negative_candidate,0.0
OR6T1,False,False,0,,0.0,0,negative_candidate,0.0
NPRL2,False,False,0,,0.0,0,negative_candidate,0.0
DNAJB6,False,False,0,,0.0,0,negative_candidate,0.0
UBALD1,False,False,0,,0.0,0,negative_candidate,0.0
NR1I2,True,False,1,NCG,1.0,1,single_source_positive,
CD40LG,False,False,0,,0.0,0,negative_candidate,0.0
KASH5,True,False,1,NCG,1.0,1,single_source_positive,
RAF1,True,True,2,NCG;CIViC,1.0,1,high_confidence_positive,1.0
GSK3A,True,False,1,NCG,1.0,1,single_source_positive,
ACSL6,True,False,1,NCG,1.0,1,single_source_positive,
DYNC1LI1,False,False,0,,0.0,0,negative_candidate,0.0
PCID2,False,False,0,,0.0,0,negative_candidate,0.0
ACTR6,False,False,0,,0.0,0,negative_candidate,0.0
SEMA6C,False,False,0,,0.0,0,negative_candidate,0.0
NKX6-1,False,False,0,,0.0,0,negative_candidate,0.0
FLRT3,False,False,0,,0.0,0,negative_candidate,0.0
CCNT1,False,False,0,,0.0,0,negative_candidate,0.0
HTR3B,False,False,0,,0.0,0,negative_candidate,0.0
RPF2,False,False,0,,0.0,0,negative_candidate,0.0
LIMD2,True,False,1,NCG,1.0,1,single_source_positive,
ARL5B,False,False,0,,0.0,0,negative_candidate,0.0
KLC2,False,False,0,,0.0,0,negative_candidate,0.0
PRDM13,False,False,0,,0.0,0,negative_candidate,0.0
FBN1,False,False,0,,0.0,0,negative_candidate,0.0
OSTM1,False,False,0,,0.0,0,negative_candidate,0.0
NFYB,False,False,0,,0.0,0,negative_candidate,0.0
STX18,False,False,0,,0.0,0,negative_candidate,0.0
COPS7B,False,False,0,,0.0,0,negative_candidate,0.0
USP13,True,False,1,NCG,1.0,1,single_source_positive,
PPP2R2B,False,False,0,,0.0,0,negative_candidate,0.0
SLC35B4,False,False,0,,0.0,0,negative_candidate,0.0
PIBF1,False,False,0,,0.0,0,negative_candidate,0.0
POFUT2,False,False,0,,0.0,0,negative_candidate,0.0
UNC5A,False,False,0,,0.0,0,negative_candidate,0.0
PLAC8,False,False,0,,0.0,0,negative_candidate,0.0
CLEC18A,False,False,0,,0.0,0,negative_candidate,0.0
DERL2,False,False,0,,0.0,0,negative_candidate,0.0
SGCD,False,False,0,,0.0,0,negative_candidate,0.0
ITGB8,False,False,0,,0.0,0,negative_candidate,0.0
DMAP1,False,False,0,,0.0,0,negative_candidate,0.0
IFIT2,False,False,0,,0.0,0,negative_candidate,0.0
HOXC10,False,True,1,CIViC,0.9,1,single_source_positive,
FAM219A,False,False,0,,0.0,0,negative_candidate,0.0
SLC4A11,False,False,0,,0.0,0,negative_candidate,0.0
TYW1,False,False,0,,0.0,0,negative_candidate,0.0
TRAV20,False,False,0,,0.0,0,negative_candidate,0.0
ABO,False,False,0,,0.0,0,negative_candidate,0.0
IPO8,False,False,0,,0.0,0,negative_candidate,0.0
CDKL3,False,False,0,,0.0,0,negative_candidate,0.0
CAPN13,False,False,0,,0.0,0,negative_candidate,0.0
KAT6B,True,False,1,NCG,1.0,1,single_source_positive,
MCEE,False,False,0,,0.0,0,negative_candidate,0.0
TLNRD1,False,False,0,,0.0,0,negative_candidate,0.0
CHCHD7,False,False,0,,0.0,0,negative_candidate,0.0
VMO1,False,False,0,,0.0,0,negative_candidate,0.0
IL1RL2,False,False,0,,0.0,0,negative_candidate,0.0
MZT2A,False,False,0,,0.0,0,negative_candidate,0.0
PDCD2,True,False,1,NCG,1.0,1,single_source_positive,
INO80E,False,False,0,,0.0,0,negative_candidate,0.0
TFAP2C,False,False,0,,0.0,0,negative_candidate,0.0
ME3,False,False,0,,0.0,0,negative_candidate,0.0
VARS1,False,False,0,,0.0,0,negative_candidate,0.0
LINGO3,False,False,0,,0.0,0,negative_candidate,0.0
TSPAN10,False,False,0,,0.0,0,negative_candidate,0.0
TAS2R30,False,False,0,,0.0,0,negative_candidate,0.0
PHTF1,False,False,0,,0.0,0,negative_candidate,0.0
URI1,False,False,0,,0.0,0,negative_candidate,0.0
SLC1A1,False,False,0,,0.0,0,negative_candidate,0.0
ATP5MG,False,False,0,,0.0,0,negative_candidate,0.0
ASH1L,True,False,1,NCG,1.0,1,single_source_positive,
HDDC2,False,False,0,,0.0,0,negative_candidate,0.0
AJUBA,True,False,1,NCG,1.0,1,single_source_positive,
IMPG2,True,False,1,NCG,1.0,1,single_source_positive,
CCDC186,False,False,0,,0.0,0,negative_candidate,0.0
FPR2,False,False,0,,0.0,0,negative_candidate,0.0
RABEP1,False,False,0,,0.0,0,negative_candidate,0.0
UBR3,True,False,1,NCG,1.0,1,single_source_positive,
OSBPL2,False,False,0,,0.0,0,negative_candidate,0.0
MIS12,False,False,0,,0.0,0,negative_candidate,0.0
B3GALT4,False,False,0,,0.0,0,negative_candidate,0.0
ATG14,True,False,1,NCG,1.0,1,single_source_positive,
AGAP1,False,False,0,,0.0,0,negative_candidate,0.0
CPEB4,True,False,1,NCG,1.0,1,single_source_positive,
KRR1,False,False,0,,0.0,0,negative_candidate,0.0
FAM120AOS,False,False,0,,0.0,0,negative_candidate,0.0
SLC26A5,False,False,0,,0.0,0,negative_candidate,0.0
GYG1,False,False,0,,0.0,0,negative_candidate,0.0
ZNF428,False,False,0,,0.0,0,negative_candidate,0.0
LDHC,False,False,0,,0.0,0,negative_candidate,0.0
PAWR,False,False,0,,0.0,0,negative_candidate,0.0
TMEM178A,False,False,0,,0.0,0,negative_candidate,0.0
SPSB4,False,False,0,,0.0,0,negative_candidate,0.0
MOB4,False,False,0,,0.0,0,negative_candidate,0.0
ANKRA2,False,False,0,,0.0,0,negative_candidate,0.0
EFNB2,False,False,0,,0.0,0,negative_candidate,0.0
FYB2,True,False,1,NCG,1.0,1,single_source_positive,
NDUFB9,True,False,1,NCG,1.0,1,single_source_positive,
SLC49A3,False,False,0,,0.0,0,negative_candidate,0.0
CDCA7,False,False,0,,0.0,0,negative_candidate,0.0
UBE2W,False,False,0,,0.0,0,negative_candidate,0.0
RPAP3,False,False,0,,0.0,0,negative_candidate,0.0
DNAJC19,False,False,0,,0.0,0,negative_candidate,0.0
STEAP2,False,False,0,,0.0,0,negative_candidate,0.0
KLK10,False,False,0,,0.0,0,negative_candidate,0.0
GOSR1,False,False,0,,0.0,0,negative_candidate,0.0
ATG101,False,False,0,,0.0,0,negative_candidate,0.0
KLHL5,True,False,1,NCG,1.0,1,single_source_positive,
TPK1,False,False,0,,0.0,0,negative_candidate,0.0
ZNF117,False,False,0,,0.0,0,negative_candidate,0.0
SCNN1D,False,False,0,,0.0,0,negative_candidate,0.0
ZNF45,False,False,0,,0.0,0,negative_candidate,0.0
PLAG1,True,True,2,NCG;CIViC,1.0,1,high_confidence_positive,1.0
STK33,False,False,0,,0.0,0,negative_candidate,0.0
NSMCE4A,False,False,0,,0.0,0,negative_candidate,0.0
CHRND,False,False,0,,0.0,0,negative_candidate,0.0
DKK1,False,True,1,CIViC,1.0,1,single_source_positive,
GAS2L3,False,False,0,,0.0,0,negative_candidate,0.0
NAT1,False,False,0,,0.0,0,negative_candidate,0.0
ZNF488,False,False,0,,0.0,0,negative_candidate,0.0
SCARB1,False,False,0,,0.0,0,negative_candidate,0.0
MAP4K5,False,False,0,,0.0,0,negative_candidate,0.0
ST7,False,False,0,,0.0,0,negative_candidate,0.0
TUBGCP3,False,False,0,,0.0,0,negative_candidate,0.0
USH1C,False,False,0,,0.0,0,negative_candidate,0.0
MCRIP2,False,False,0,,0.0,0,negative_candidate,0.0
POLM,True,False,1,NCG,1.0,1,single_source_positive,
H1-4,True,False,1,NCG,1.0,1,single_source_positive,
DCLRE1C,True,False,1,NCG,1.0,1,single_source_positive,
SYNE1,True,False,1,NCG,1.0,1,single_source_positive,
CENPC,False,True,1,CIViC,1.0,1,single_source_positive,
FOXRED1,False,False,0,,0.0,0,negative_candidate,0.0
SMAD1,False,False,0,,0.0,0,negative_candidate,0.0
MMRN1,False,False,0,,0.0,0,negative_candidate,0.0
SDHAF2,True,False,1,NCG,1.0,1,single_source_positive,
HSPA14,False,False,0,,0.0,0,negative_candidate,0.0
AKAP14,False,False,0,,0.0,0,negative_candidate,0.0
CFAP58,False,False,0,,0.0,0,negative_candidate,0.0
EEPD1,False,False,0,,0.0,0,negative_candidate,0.0
ZBTB11,False,False,0,,0.0,0,negative_candidate,0.0
MTHFD2,True,False,1,NCG,1.0,1,single_source_positive,
LAMB3,False,False,0,,0.0,0,negative_candidate,0.0
SCYL2,True,False,1,NCG,1.0,1,single_source_positive,
CCDC158,False,False,0,,0.0,0,negative_candidate,0.0
DPH5,False,False,0,,0.0,0,negative_candidate,0.0
PRPSAP2,False,False,0,,0.0,0,negative_candidate,0.0
CNKSR1,True,False,1,NCG,1.0,1,single_source_positive,
GEN1,False,False,0,,0.0,0,negative_candidate,0.0
PKP4,True,False,1,NCG,1.0,1,single_source_positive,
TPR,True,True,2,NCG;CIViC,1.0,1,high_confidence_positive,1.0
ASIC4,False,False,0,,0.0,0,negative_candidate,0.0
SLC4A8,False,False,0,,0.0,0,negative_candidate,0.0
GLMN,False,False,0,,0.0,0,negative_candidate,0.0
SH2D3A,False,False,0,,0.0,0,negative_candidate,0.0
FREM1,False,False,0,,0.0,0,negative_candidate,0.0
ARPIN,False,False,0,,0.0,0,negative_candidate,0.0
E2F3,True,False,1,NCG,1.0,1,single_source_positive,
FNIP1,False,False,0,,0.0,0,negative_candidate,0.0
KIAA0895,False,False,0,,0.0,0,negative_candidate,0.0
CTRB2,False,False,0,,0.0,0,negative_candidate,0.0
FOXJ2,False,False,0,,0.0,0,negative_candidate,0.0
CHP2,False,False,0,,0.0,0,negative_candidate,0.0
GTF2H1,False,False,0,,0.0,0,negative_candidate,0.0
BTG4,False,False,0,,0.0,0,negative_candidate,0.0
EVA1C,False,False,0,,0.0,0,negative_candidate,0.0
TIMM8A,False,False,0,,0.0,0,negative_candidate,0.0
AQP6,False,False,0,,0.0,0,negative_candidate,0.0
C3ORF14,False,False,0,,0.0,0,negative_candidate,0.0
PCGF3,False,False,0,,0.0,0,negative_candidate,0.0
ZBTB8OS,False,False,0,,0.0,0,negative_candidate,0.0
PCDHGA10,False,False,0,,0.0,0,negative_candidate,0.0
NMRK1,False,False,0,,0.0,0,negative_candidate,0.0
ZNF691,False,False,0,,0.0,0,negative_candidate,0.0
EXT2,True,False,1,NCG,1.0,1,single_source_positive,
BCS1L,False,False,0,,0.0,0,negative_candidate,0.0
SLC22A23,False,False,0,,0.0,0,negative_candidate,0.0
C12ORF66,False,False,0,,0.0,0,negative_candidate,0.0
TRIM68,False,False,0,,0.0,0,negative_candidate,0.0
GPATCH2,False,False,0,,0.0,0,negative_candidate,0.0
PCDHB3,False,False,0,,0.0,0,negative_candidate,0.0
GPR26,False,False,0,,0.0,0,negative_candidate,0.0
EXOSC7,False,False,0,,0.0,0,negative_candidate,0.0
KCTD9,False,False,0,,0.0,0,negative_candidate,0.0
PTRHD1,False,False,0,,0.0,0,negative_candidate,0.0
INPP5A,False,False,0,,0.0,0,negative_candidate,0.0
CNGB1,False,False,0,,0.0,0,negative_candidate,0.0
RCAN2,True,False,1,NCG,1.0,1,single_source_positive,
HRC,False,False,0,,0.0,0,negative_candidate,0.0
PRR5L,False,False,0,,0.0,0,negative_candidate,0.0
CCDC28A,True,False,1,NCG,1.0,1,single_source_positive,
NUBP1,True,False,1,NCG,1.0,1,single_source_positive,
ARHGAP15,False,False,0,,0.0,0,negative_candidate,0.0
GCNT4,False,False,0,,0.0,0,negative_candidate,0.0
RBM12,True,False,1,NCG,1.0,1,single_source_positive,
OR2AE1,False,False,0,,0.0,0,negative_candidate,0.0
UBE2I,False,False,0,,0.0,0,negative_candidate,0.0
LENG1,False,False,0,,0.0,0,negative_candidate,0.0
RBM33,False,False,0,,0.0,0,negative_candidate,0.0
KSR1,False,False,0,,0.0,0,negative_candidate,0.0
TRBV20-1,False,False,0,,0.0,0,negative_candidate,0.0
FETUB,False,False,0,,0.0,0,negative_candidate,0.0
CYP2C19,False,False,0,,0.0,0,negative_candidate,0.0
PCYT2,False,False,0,,0.0,0,negative_candidate,0.0
DOCK9,False,False,0,,0.0,0,negative_candidate,0.0
NME8,True,False,1,NCG,1.0,1,single_source_positive,
ZNF407,False,False,0,,0.0,0,negative_candidate,0.0
PTPN2,True,False,1,NCG,1.0,1,single_source_positive,
CHI3L2,False,False,0,,0.0,0,negative_candidate,0.0
ENPP1,False,False,0,,0.0,0,negative_candidate,0.0
CDKN2AIP,True,False,1,NCG,1.0,1,single_source_positive,
LYST,False,False,0,,0.0,0,negative_candidate,0.0
NEIL2,False,False,0,,0.0,0,negative_candidate,0.0
IFT20,False,False,0,,0.0,0,negative_candidate,0.0
CTTNBP2,False,False,0,,0.0,0,negative_candidate,0.0
NLK,False,False,0,,0.0,0,negative_candidate,0.0
ZNF121,False,False,0,,0.0,0,negative_candidate,0.0
TLR10,False,False,0,,0.0,0,negative_candidate,0.0
LOXL4,False,False,0,,0.0,0,negative_candidate,0.0
ANKRD26,True,False,1,NCG,1.0,1,single_source_positive,
C9ORF24,False,False,0,,0.0,0,negative_candidate,0.0
EMC8,False,False,0,,0.0,0,negative_candidate,0.0
MCUB,False,False,0,,0.0,0,negative_candidate,0.0
PDGFB,True,True,2,NCG;CIViC,1.0,1,high_confidence_positive,1.0
PTH,False,False,0,,0.0,0,negative_candidate,0.0
IPP,False,False,0,,0.0,0,negative_candidate,0.0
TRPC1,False,False,0,,0.0,0,negative_candidate,0.0
CTAG2,False,True,1,CIViC,1.0,1,single_source_positive,
TRMO,False,False,0,,0.0,0,negative_candidate,0.0
NUP153,False,True,1,CIViC,1.0,1,single_source_positive,
GRAMD2B,False,False,0,,0.0,0,negative_candidate,0.0
PGM3,False,False,0,,0.0,0,negative_candidate,0.0
CCDC14,False,False,0,,0.0,0,negative_candidate,0.0
STN1,False,False,0,,0.0,0,negative_candidate,0.0
PPARGC1B,False,False,0,,0.0,0,negative_candidate,0.0
RNF43,True,False,1,NCG,1.0,1,single_source_positive,
FARP1,False,False,0,,0.0,0,negative_candidate,0.0
TBP,True,False,1,NCG,1.0,1,single_source_positive,
EMC9,False,False,0,,0.0,0,negative_candidate,0.0
COPS5,False,False,0,,0.0,0,negative_candidate,0.0
TRIM25,False,False,0,,0.0,0,negative_candidate,0.0
NR2E1,False,False,0,,0.0,0,negative_candidate,0.0
CCDC174,False,False,0,,0.0,0,negative_candidate,0.0
ZCRB1,True,False,1,NCG,1.0,1,single_source_positive,
NAA40,False,False,0,,0.0,0,negative_candidate,0.0
CDH26,False,False,0,,0.0,0,negative_candidate,0.0
FITM1,False,False,0,,0.0,0,negative_candidate,0.0
CCNYL1,False,False,0,,0.0,0,negative_candidate,0.0
HTR1F,False,False,0,,0.0,0,negative_candidate,0.0
PRKG2,False,False,0,,0.0,0,negative_candidate,0.0
ARMCX6,False,False,0,,0.0,0,negative_candidate,0.0
EPB41L4B,False,False,0,,0.0,0,negative_candidate,0.0
C2ORF42,False,False,0,,0.0,0,negative_candidate,0.0
ZNF639,False,False,0,,0.0,0,negative_candidate,0.0
FEZ2,False,False,0,,0.0,0,negative_candidate,0.0
TPST2,False,False,0,,0.0,0,negative_candidate,0.0
EFHD1,True,False,1,NCG,1.0,1,single_source_positive,
C9ORF43,False,False,0,,0.0,0,negative_candidate,0.0
PRPF39,True,False,1,NCG,1.0,1,single_source_positive,
RAD54B,False,False,0,,0.0,0,negative_candidate,0.0
KLF16,False,False,0,,0.0,0,negative_candidate,0.0
KLF7,False,False,0,,0.0,0,negative_candidate,0.0
USP7,True,True,2,NCG;CIViC,1.0,1,high_confidence_positive,1.0
N4BP1,True,False,1,NCG,1.0,1,single_source_positive,
SMIM19,False,False,0,,0.0,0,negative_candidate,0.0
BRINP1,False,False,0,,0.0,0,negative_candidate,0.0
TM2D1,False,False,0,,0.0,0,negative_candidate,0.0
ATG2A,True,False,1,NCG,1.0,1,single_source_positive,
SOX13,False,False,0,,0.0,0,negative_candidate,0.0
ORMDL2,False,False,0,,0.0,0,negative_candidate,0.0
ERC2,False,False,0,,0.0,0,negative_candidate,0.0
KATNB1,True,False,1,NCG,1.0,1,single_source_positive,
SLA,False,False,0,,0.0,0,negative_candidate,0.0
KIAA1614,False,False,0,,0.0,0,negative_candidate,0.0
KLHL15,False,False,0,,0.0,0,negative_candidate,0.0
PLA2G15,False,False,0,,0.0,0,negative_candidate,0.0
P4HTM,True,False,1,NCG,1.0,1,single_source_positive,
DPYD,True,True,2,NCG;CIViC,1.0,1,high_confidence_positive,1.0
AMMECR1,False,False,0,,0.0,0,negative_candidate,0.0
NLRX1,False,False,0,,0.0,0,negative_candidate,0.0
HEBP2,False,False,0,,0.0,0,negative_candidate,0.0
BRD3,True,False,1,NCG,1.0,1,single_source_positive,
EREG,False,True,1,CIViC,1.0,1,single_source_positive,
FOXN3,False,False,0,,0.0,0,negative_candidate,0.0
XPA,True,False,1,NCG,1.0,1,single_source_positive,
TMEM45A,False,False,0,,0.0,0,negative_candidate,0.0
NAIP,False,False,0,,0.0,0,negative_candidate,0.0
SNAPC3,False,False,0,,0.0,0,negative_candidate,0.0
STRADB,False,False,0,,0.0,0,negative_candidate,0.0
FABP2,False,False,0,,0.0,0,negative_candidate,0.0
MFNG,False,False,0,,0.0,0,negative_candidate,0.0
ZSWIM5,False,False,0,,0.0,0,negative_candidate,0.0
HSF2,False,False,0,,0.0,0,negative_candidate,0.0
SLC8A3,False,False,0,,0.0,0,negative_candidate,0.0
SH2D5,False,False,0,,0.0,0,negative_candidate,0.0
NT5DC1,False,False,0,,0.0,0,negative_candidate,0.0
TRIM5,False,False,0,,0.0,0,negative_candidate,0.0
RPS27L,False,False,0,,0.0,0,negative_candidate,0.0
INTS7,True,False,1,NCG,1.0,1,single_source_positive,
TRAF3,True,False,1,NCG,1.0,1,single_source_positive,
SLC4A4,False,True,1,CIViC,1.0,1,single_source_positive,
PLEKHA2,False,False,0,,0.0,0,negative_candidate,0.0
KCNJ3,False,False,0,,0.0,0,negative_candidate,0.0
USP50,False,False,0,,0.0,0,negative_candidate,0.0
TMEM132B,True,False,1,NCG,1.0,1,single_source_positive,
SETX,False,False,0,,0.0,0,negative_candidate,0.0
OTP,False,False,0,,0.0,0,negative_candidate,0.0
GXYLT1,True,False,1,NCG,1.0,1,single_source_positive,
RNF220,False,False,0,,0.0,0,negative_candidate,0.0
AMTN,False,False,0,,0.0,0,negative_candidate,0.0
RPL3L,False,False,0,,0.0,0,negative_candidate,0.0
RAPSN,False,False,0,,0.0,0,negative_candidate,0.0
SALL3,True,False,1,NCG,1.0,1,single_source_positive,
LUZP1,True,False,1,NCG,1.0,1,single_source_positive,
CDKL4,False,False,0,,0.0,0,negative_candidate,0.0
WEE1,False,True,1,CIViC,1.0,1,single_source_positive,
GALNT5,False,False,0,,0.0,0,negative_candidate,0.0
WDR48,False,False,0,,0.0,0,negative_candidate,0.0
PTK2,True,False,1,NCG,1.0,1,single_source_positive,
HOXA13,True,False,1,NCG,1.0,1,single_source_positive,
PPP2R2C,False,False,0,,0.0,0,negative_candidate,0.0
MPV17L2,False,False,0,,0.0,0,negative_candidate,0.0
TIMM22,False,False,0,,0.0,0,negative_candidate,0.0
CACNA1C,True,False,1,NCG,1.0,1,single_source_positive,
FAM53C,False,False,0,,0.0,0,negative_candidate,0.0
FAM124A,False,False,0,,0.0,0,negative_candidate,0.0
HSD3B2,False,False,0,,0.0,0,negative_candidate,0.0
NCAPG2,True,False,1,NCG,1.0,1,single_source_positive,
NDOR1,False,False,0,,0.0,0,negative_candidate,0.0
IWS1,True,False,1,NCG,1.0,1,single_source_positive,
B3GAT1,False,False,0,,0.0,0,negative_candidate,0.0
DYNC2I1,False,False,0,,0.0,0,negative_candidate,0.0
DNAJC27,False,False,0,,0.0,0,negative_candidate,0.0
C1ORF174,False,False,0,,0.0,0,negative_candidate,0.0
BACH1,False,False,0,,0.0,0,negative_candidate,0.0
PKD2L2,False,False,0,,0.0,0,negative_candidate,0.0
THAP5,True,False,1,NCG,1.0,1,single_source_positive,
SLC31A2,False,False,0,,0.0,0,negative_candidate,0.0
MIER3,True,False,1,NCG,1.0,1,single_source_positive,
ADAT1,False,False,0,,0.0,0,negative_candidate,0.0
MEIS2,False,False,0,,0.0,0,negative_candidate,0.0
ODF1,False,False,0,,0.0,0,negative_candidate,0.0
PTCHD1,False,False,0,,0.0,0,negative_candidate,0.0
BANK1,False,False,0,,0.0,0,negative_candidate,0.0
BICDL2,False,False,0,,0.0,0,negative_candidate,0.0
SEL1L3,False,False,0,,0.0,0,negative_candidate,0.0
MAGEB1,False,False,0,,0.0,0,negative_candidate,0.0
PIK3R3,True,False,1,NCG,1.0,1,single_source_positive,
ZNF619,False,False,0,,0.0,0,negative_candidate,0.0
ADGRL1,True,False,1,NCG,1.0,1,single_source_positive,
KMO,True,False,1,NCG,1.0,1,single_source_positive,
ZDHHC21,False,False,0,,0.0,0,negative_candidate,0.0
AGT,False,False,0,,0.0,0,negative_candidate,0.0
CABLES1,True,False,1,NCG,1.0,1,single_source_positive,
TBL1X,False,False,0,,0.0,0,negative_candidate,0.0
DOCK2,True,False,1,NCG,1.0,1,single_source_positive,
C1ORF35,False,False,0,,0.0,0,negative_candidate,0.0
SRL,False,False,0,,0.0,0,negative_candidate,0.0
BPTF,True,False,1,NCG,1.0,1,single_source_positive,
MAPK4,True,False,1,NCG,1.0,1,single_source_positive,
DGKG,False,False,0,,0.0,0,negative_candidate,0.0
IMPA1,False,False,0,,0.0,0,negative_candidate,0.0
CCDC106,False,False,0,,0.0,0,negative_candidate,0.0
BHLHE41,True,False,1,NCG,1.0,1,single_source_positive,
GNA14,True,False,1,NCG,1.0,1,single_source_positive,
VWA5A,False,False,0,,0.0,0,negative_candidate,0.0
CDK14,True,False,1,NCG,1.0,1,single_source_positive,
CACUL1,False,False,0,,0.0,0,negative_candidate,0.0
TMEM41A,False,False,0,,0.0,0,negative_candidate,0.0
UBXN11,False,False,0,,0.0,0,negative_candidate,0.0
GFRA1,True,False,1,NCG,1.0,1,single_source_positive,
PAPPA,False,False,0,,0.0,0,negative_candidate,0.0
PIEZO2,True,False,1,NCG,1.0,1,single_source_positive,
SPIN2B,False,False,0,,0.0,0,negative_candidate,0.0
ABHD15,True,False,1,NCG,1.0,1,single_source_positive,
PNPLA5,False,False,0,,0.0,0,negative_candidate,0.0
NHLRC3,False,False,0,,0.0,0,negative_candidate,0.0
TMEM163,False,False,0,,0.0,0,negative_candidate,0.0
PARD3,True,False,1,NCG,1.0,1,single_source_positive,
KIF3C,False,False,0,,0.0,0,negative_candidate,0.0
CDT1,False,False,0,,0.0,0,negative_candidate,0.0
SYNJ2BP,False,False,0,,0.0,0,negative_candidate,0.0
U2SURP,True,False,1,NCG,1.0,1,single_source_positive,
MAPRE3,True,False,1,NCG,1.0,1,single_source_positive,
PUS7L,False,False,0,,0.0,0,negative_candidate,0.0
C3ORF20,False,False,0,,0.0,0,negative_candidate,0.0
ZCCHC24,True,False,1,NCG,1.0,1,single_source_positive,
KRT12,False,False,0,,0.0,0,negative_candidate,0.0
C14ORF180,False,False,0,,0.0,0,negative_candidate,0.0
ENKD1,False,False,0,,0.0,0,negative_candidate,0.0
RNF24,False,False,0,,0.0,0,negative_candidate,0.0
TMEM47,False,False,0,,0.0,0,negative_candidate,0.0
AQP9,False,False,0,,0.0,0,negative_candidate,0.0
PANK1,False,False,0,,0.0,0,negative_candidate,0.0
PGP,False,False,0,,0.0,0,negative_candidate,0.0
SERPINA10,False,False,0,,0.0,0,negative_candidate,0.0
TOP3A,False,False,0,,0.0,0,negative_candidate,0.0
LORICRIN,False,False,0,,0.0,0,negative_candidate,0.0
SMC4,True,False,1,NCG,1.0,1,single_source_positive,
CIC,True,True,2,NCG;CIViC,1.0,1,high_confidence_positive,1.0
PSG6,False,False,0,,0.0,0,negative_candidate,0.0
DPPA2,False,False,0,,0.0,0,negative_candidate,0.0
GSDMB,False,False,0,,0.0,0,negative_candidate,0.0
TNRC6A,True,False,1,NCG,1.0,1,single_source_positive,
GRB14,False,False,0,,0.0,0,negative_candidate,0.0
TEX10,False,False,0,,0.0,0,negative_candidate,0.0
KCNH1,False,False,0,,0.0,0,negative_candidate,0.0
C6,False,False,0,,0.0,0,negative_candidate,0.0
TKTL2,True,False,1,NCG,1.0,1,single_source_positive,
MSRB2,False,False,0,,0.0,0,negative_candidate,0.0
EOGT,False,False,0,,0.0,0,negative_candidate,0.0
MBIP,False,False,0,,0.0,0,negative_candidate,0.0
GPR55,False,False,0,,0.0,0,negative_candidate,0.0
GET4,False,False,0,,0.0,0,negative_candidate,0.0
EXOSC8,False,False,0,,0.0,0,negative_candidate,0.0
SMPD3,False,False,0,,0.0,0,negative_candidate,0.0
MYLK2,False,False,0,,0.0,0,negative_candidate,0.0
C19ORF44,False,False,0,,0.0,0,negative_candidate,0.0
ATP13A3,False,False,0,,0.0,0,negative_candidate,0.0
RNF111,True,False,1,NCG,1.0,1,single_source_positive,
HSPA4L,False,False,0,,0.0,0,negative_candidate,0.0
IAH1,False,False,0,,0.0,0,negative_candidate,0.0
ZNF808,False,False,0,,0.0,0,negative_candidate,0.0
OTOA,False,False,0,,0.0,0,negative_candidate,0.0
TMED1,False,False,0,,0.0,0,negative_candidate,0.0
GATA3,True,True,2,NCG;CIViC,1.0,1,high_confidence_positive,1.0
ZNF600,False,False,0,,0.0,0,negative_candidate,0.0
CEP57,False,False,0,,0.0,0,negative_candidate,0.0
DOCK3,False,False,0,,0.0,0,negative_candidate,0.0
IL27,False,False,0,,0.0,0,negative_candidate,0.0
VGLL4,False,False,0,,0.0,0,negative_candidate,0.0
PTCHD3,False,False,0,,0.0,0,negative_candidate,0.0
BEST2,False,False,0,,0.0,0,negative_candidate,0.0
GALNT15,False,False,0,,0.0,0,negative_candidate,0.0
COL24A1,False,False,0,,0.0,0,negative_candidate,0.0
HOMER1,False,False,0,,0.0,0,negative_candidate,0.0
LONRF2,False,False,0,,0.0,0,negative_candidate,0.0
PTS,False,False,0,,0.0,0,negative_candidate,0.0
CDC37L1,True,False,1,NCG,1.0,1,single_source_positive,
AIFM3,False,False,0,,0.0,0,negative_candidate,0.0
MAPK7,True,False,1,NCG,1.0,1,single_source_positive,
GHR,False,False,0,,0.0,0,negative_candidate,0.0
TMCO4,False,False,0,,0.0,0,negative_candidate,0.0
VPS8,False,False,0,,0.0,0,negative_candidate,0.0
ANAPC4,False,False,0,,0.0,0,negative_candidate,0.0
SMAGP,False,False,0,,0.0,0,negative_candidate,0.0
CEP44,False,False,0,,0.0,0,negative_candidate,0.0
C1ORF54,False,False,0,,0.0,0,negative_candidate,0.0
EIPR1,False,False,0,,0.0,0,negative_candidate,0.0
PNCK,False,False,0,,0.0,0,negative_candidate,0.0
FAM3D,False,False,0,,0.0,0,negative_candidate,0.0
ILKAP,False,False,0,,0.0,0,negative_candidate,0.0
DUSP2,True,True,2,NCG;CIViC,1.0,1,high_confidence_positive,1.0
TMA16,False,False,0,,0.0,0,negative_candidate,0.0
C5ORF49,False,False,0,,0.0,0,negative_candidate,0.0
ACMSD,False,False,0,,0.0,0,negative_candidate,0.0
PRXL2C,False,False,0,,0.0,0,negative_candidate,0.0
CCDC127,False,False,0,,0.0,0,negative_candidate,0.0
MPP5,False,False,0,,0.0,0,negative_candidate,0.0
SMARCB1,True,True,2,NCG;CIViC,1.0,1,high_confidence_positive,1.0
SASS6,False,False,0,,0.0,0,negative_candidate,0.0
XIRP1,False,False,0,,0.0,0,negative_candidate,0.0
MOCS2,False,False,0,,0.0,0,negative_candidate,0.0
ALKBH2,False,False,0,,0.0,0,negative_candidate,0.0
ALKBH4,False,False,0,,0.0,0,negative_candidate,0.0
UPRT,False,False,0,,0.0,0,negative_candidate,0.0
ZNF622,False,False,0,,0.0,0,negative_candidate,0.0
IKZF5,False,False,0,,0.0,0,negative_candidate,0.0
TMEM138,False,False,0,,0.0,0,negative_candidate,0.0
FNDC4,False,False,0,,0.0,0,negative_candidate,0.0
SHROOM1,False,False,0,,0.0,0,negative_candidate,0.0
CDHR3,True,False,1,NCG,1.0,1,single_source_positive,
GTF3C4,False,False,0,,0.0,0,negative_candidate,0.0
FOXI1,False,False,0,,0.0,0,negative_candidate,0.0
TRBV27,False,False,0,,0.0,0,negative_candidate,0.0
ATF7,False,False,0,,0.0,0,negative_candidate,0.0
RHOH,True,False,1,NCG,1.0,1,single_source_positive,
EPX,False,False,0,,0.0,0,negative_candidate,0.0
PDE11A,False,False,0,,0.0,0,negative_candidate,0.0
TTC17,False,False,0,,0.0,0,negative_candidate,0.0
KCTD17,False,False,0,,0.0,0,negative_candidate,0.0
ZSCAN30,False,False,0,,0.0,0,negative_candidate,0.0
GDAP1L1,False,False,0,,0.0,0,negative_candidate,0.0
DECR2,False,False,0,,0.0,0,negative_candidate,0.0
PRMT8,False,False,0,,0.0,0,negative_candidate,0.0
ZBTB46,False,False,0,,0.0,0,negative_candidate,0.0
BET1,False,False,0,,0.0,0,negative_candidate,0.0
NUP98,True,True,2,NCG;CIViC,1.0,1,high_confidence_positive,1.0
CHPT1,True,False,1,NCG,1.0,1,single_source_positive,
FAM181A,False,False,0,,0.0,0,negative_candidate,0.0
TAS2R46,True,False,1,NCG,1.0,1,single_source_positive,
BLK,True,True,2,NCG;CIViC,1.0,1,high_confidence_positive,1.0
ATRX,True,True,2,NCG;CIViC,1.0,1,high_confidence_positive,1.0
TUSC3,False,False,0,,0.0,0,negative_candidate,0.0
SLC25A12,False,False,0,,0.0,0,negative_candidate,0.0
NSUN2,False,False,0,,0.0,0,negative_candidate,0.0
ZBTB5,True,False,1,NCG,1.0,1,single_source_positive,
EEF1AKMT3,False,False,0,,0.0,0,negative_candidate,0.0
PLA2G4A,False,False,0,,0.0,0,negative_candidate,0.0
ZNF652,False,False,0,,0.0,0,negative_candidate,0.0
SHQ1,True,False,1,NCG,1.0,1,single_source_positive,
UBASH3A,False,False,0,,0.0,0,negative_candidate,0.0
ZNF426,False,False,0,,0.0,0,negative_candidate,0.0
TCERG1L,False,False,0,,0.0,0,negative_candidate,0.0
RHCE,False,False,0,,0.0,0,negative_candidate,0.0
PRSS53,False,False,0,,0.0,0,negative_candidate,0.0
GNE,False,False,0,,0.0,0,negative_candidate,0.0
GGNBP2,False,False,0,,0.0,0,negative_candidate,0.0
MYO15A,False,False,0,,0.0,0,negative_candidate,0.0
PLA2G12A,False,False,0,,0.0,0,negative_candidate,0.0
ABHD2,False,False,0,,0.0,0,negative_candidate,0.0
OR3A2,False,False,0,,0.0,0,negative_candidate,0.0
IRS4,True,False,1,NCG,1.0,1,single_source_positive,
R3HCC1L,False,False,0,,0.0,0,negative_candidate,0.0
TSHR,True,False,1,NCG,1.0,1,single_source_positive,
TNFAIP8L2,False,False,0,,0.0,0,negative_candidate,0.0
GMPR,False,False,0,,0.0,0,negative_candidate,0.0
SMIM7,False,False,0,,0.0,0,negative_candidate,0.0
SUPT20H,False,False,0,,0.0,0,negative_candidate,0.0
SV2B,False,False,0,,0.0,0,negative_candidate,0.0
OSM,False,False,0,,0.0,0,negative_candidate,0.0
ZNF263,False,False,0,,0.0,0,negative_candidate,0.0
PEMT,False,False,0,,0.0,0,negative_candidate,0.0
IGLV3-12,False,False,0,,0.0,0,negative_candidate,0.0
AKTIP,False,False,0,,0.0,0,negative_candidate,0.0
KBTBD6,False,False,0,,0.0,0,negative_candidate,0.0
ZNF568,False,False,0,,0.0,0,negative_candidate,0.0
FAM153A,False,False,0,,0.0,0,negative_candidate,0.0
PCTP,False,False,0,,0.0,0,negative_candidate,0.0
INHA,False,False,0,,0.0,0,negative_candidate,0.0
DLAT,False,False,0,,0.0,0,negative_candidate,0.0
CCDC40,False,False,0,,0.0,0,negative_candidate,0.0
KRT3,False,False,0,,0.0,0,negative_candidate,0.0
ROCK1,False,False,0,,0.0,0,negative_candidate,0.0
PXYLP1,False,False,0,,0.0,0,negative_candidate,0.0
TMEM72,False,False,0,,0.0,0,negative_candidate,0.0
CRYBB3,False,False,0,,0.0,0,negative_candidate,0.0
FMO4,False,False,0,,0.0,0,negative_candidate,0.0
DENND6A,False,False,0,,0.0,0,negative_candidate,0.0
SPATA5L1,True,False,1,NCG,1.0,1,single_source_positive,
NADK2,False,False,0,,0.0,0,negative_candidate,0.0
HSF4,False,False,0,,0.0,0,negative_candidate,0.0
BCL9L,True,False,1,NCG,1.0,1,single_source_positive,
MTF2,False,False,0,,0.0,0,negative_candidate,0.0
PCDH1,False,False,0,,0.0,0,negative_candidate,0.0
TLR5,True,False,1,NCG,1.0,1,single_source_positive,
TRIM62,False,False,0,,0.0,0,negative_candidate,0.0
STAT1,False,True,1,CIViC,0.9,1,single_source_positive,
LPAR3,True,False,1,NCG,1.0,1,single_source_positive,
ZNF773,False,False,0,,0.0,0,negative_candidate,0.0
PDE7B,True,False,1,NCG,1.0,1,single_source_positive,
LRRK2,True,False,1,NCG,1.0,1,single_source_positive,
SHMT1,False,False,0,,0.0,0,negative_candidate,0.0
IRX5,False,False,0,,0.0,0,negative_candidate,0.0
PLCXD3,False,False,0,,0.0,0,negative_candidate,0.0
GAD1,False,False,0,,0.0,0,negative_candidate,0.0
TRPV3,False,False,0,,0.0,0,negative_candidate,0.0
CDK6,True,True,2,NCG;CIViC,1.0,1,high_confidence_positive,1.0
PPIE,False,False,0,,0.0,0,negative_candidate,0.0
TMEM200A,False,False,0,,0.0,0,negative_candidate,0.0
TRIML2,False,False,0,,0.0,0,negative_candidate,0.0
FOXG1,False,False,0,,0.0,0,negative_candidate,0.0
RNF133,False,False,0,,0.0,0,negative_candidate,0.0
FANCD2,True,False,1,NCG,1.0,1,single_source_positive,
ANKFY1,False,False,0,,0.0,0,negative_candidate,0.0
CIPC,True,False,1,NCG,1.0,1,single_source_positive,
ASB2,False,False,0,,0.0,0,negative_candidate,0.0
DALRD3,False,False,0,,0.0,0,negative_candidate,0.0
ARL15,False,False,0,,0.0,0,negative_candidate,0.0
GRIN1,True,False,1,NCG,1.0,1,single_source_positive,
C9ORF135,False,False,0,,0.0,0,negative_candidate,0.0
HINFP,True,False,1,NCG,1.0,1,single_source_positive,
DNAH14,True,False,1,NCG,1.0,1,single_source_positive,
PGR,True,True,2,NCG;CIViC,1.0,1,high_confidence_positive,1.0
DAGLA,False,False,0,,0.0,0,negative_candidate,0.0
COL15A1,False,False,0,,0.0,0,negative_candidate,0.0
SMARCA2,False,True,1,CIViC,1.0,1,single_source_positive,
UFD1,False,True,1,CIViC,1.0,1,single_source_positive,
PKN3,False,False,0,,0.0,0,negative_candidate,0.0
GABRG2,False,False,0,,0.0,0,negative_candidate,0.0
DXO,False,False,0,,0.0,0,negative_candidate,0.0
L3MBTL3,False,False,0,,0.0,0,negative_candidate,0.0
TENT4A,False,False,0,,0.0,0,negative_candidate,0.0
ANKRD30A,False,False,0,,0.0,0,negative_candidate,0.0
ZNF75D,False,False,0,,0.0,0,negative_candidate,0.0
ABHD8,False,False,0,,0.0,0,negative_candidate,0.0
ITSN1,False,False,0,,0.0,0,negative_candidate,0.0
NTN5,False,False,0,,0.0,0,negative_candidate,0.0
SIX6,False,False,0,,0.0,0,negative_candidate,0.0
TRARG1,False,False,0,,0.0,0,negative_candidate,0.0
DBF4,False,False,0,,0.0,0,negative_candidate,0.0
B3GALNT2,False,False,0,,0.0,0,negative_candidate,0.0
TUBB8,False,False,0,,0.0,0,negative_candidate,0.0
OR13A1,False,False,0,,0.0,0,negative_candidate,0.0
SLC25A25,False,False,0,,0.0,0,negative_candidate,0.0
PROM2,False,False,0,,0.0,0,negative_candidate,0.0
HACL1,False,False,0,,0.0,0,negative_candidate,0.0
IL12B,False,False,0,,0.0,0,negative_candidate,0.0
SGF29,False,False,0,,0.0,0,negative_candidate,0.0
SLC24A2,False,False,0,,0.0,0,negative_candidate,0.0
GGPS1,False,False,0,,0.0,0,negative_candidate,0.0
SLC25A16,False,False,0,,0.0,0,negative_candidate,0.0
PEDS1,False,False,0,,0.0,0,negative_candidate,0.0
CALN1,False,False,0,,0.0,0,negative_candidate,0.0
DCAF10,False,False,0,,0.0,0,negative_candidate,0.0
DAAM1,True,False,1,NCG,1.0,1,single_source_positive,
CPD,False,False,0,,0.0,0,negative_candidate,0.0
NTF3,False,False,0,,0.0,0,negative_candidate,0.0
RBP2,False,False,0,,0.0,0,negative_candidate,0.0
ADAMTSL1,False,False,0,,0.0,0,negative_candidate,0.0
RMND5B,False,False,0,,0.0,0,negative_candidate,0.0
NBPF26,False,False,0,,0.0,0,negative_candidate,0.0
CFAP46,False,False,0,,0.0,0,negative_candidate,0.0
CCDC90B,False,False,0,,0.0,0,negative_candidate,0.0
SHPRH,True,False,1,NCG,1.0,1,single_source_positive,
DDI2,False,False,0,,0.0,0,negative_candidate,0.0
GRK1,False,False,0,,0.0,0,negative_candidate,0.0
B3GNT5,False,False,0,,0.0,0,negative_candidate,0.0
EAF1,False,False,0,,0.0,0,negative_candidate,0.0
NR1H4,True,False,1,NCG,1.0,1,single_source_positive,
ZNF19,False,False,0,,0.0,0,negative_candidate,0.0
CLASP1,True,False,1,NCG,1.0,1,single_source_positive,
SOX3,False,False,0,,0.0,0,negative_candidate,0.0
PJVK,False,False,0,,0.0,0,negative_candidate,0.0
PI15,False,False,0,,0.0,0,negative_candidate,0.0
LSMEM1,False,False,0,,0.0,0,negative_candidate,0.0
SPOCD1,False,False,0,,0.0,0,negative_candidate,0.0
REG1B,False,False,0,,0.0,0,negative_candidate,0.0
PPARGC1A,False,True,1,CIViC,0.9,1,single_source_positive,
PLIN1,False,False,0,,0.0,0,negative_candidate,0.0
TXK,False,False,0,,0.0,0,negative_candidate,0.0
LPAR6,False,False,0,,0.0,0,negative_candidate,0.0
FEM1A,True,False,1,NCG,1.0,1,single_source_positive,
CCDC113,False,False,0,,0.0,0,negative_candidate,0.0
FANCL,False,True,1,CIViC,0.9,1,single_source_positive,
NCS1,False,False,0,,0.0,0,negative_candidate,0.0
CPA2,False,False,0,,0.0,0,negative_candidate,0.0
PROKR1,False,False,0,,0.0,0,negative_candidate,0.0
HS2ST1,True,False,1,NCG,1.0,1,single_source_positive,
ZKSCAN5,False,False,0,,0.0,0,negative_candidate,0.0
PRKCZ,True,False,1,NCG,1.0,1,single_source_positive,
BRINP2,False,False,0,,0.0,0,negative_candidate,0.0
NGFR,False,False,0,,0.0,0,negative_candidate,0.0
BAZ1A,True,False,1,NCG,1.0,1,single_source_positive,
UTP14A,False,False,0,,0.0,0,negative_candidate,0.0
ZBTB7C,False,False,0,,0.0,0,negative_candidate,0.0
KIF13A,True,False,1,NCG,1.0,1,single_source_positive,
TTLL1,False,False,0,,0.0,0,negative_candidate,0.0
IRF5,True,False,1,NCG,1.0,1,single_source_positive,
HCRTR2,False,False,0,,0.0,0,negative_candidate,0.0
GABRG3,False,False,0,,0.0,0,negative_candidate,0.0
STIM1,True,False,1,NCG,1.0,1,single_source_positive,
GPR87,False,False,0,,0.0,0,negative_candidate,0.0
TTC33,False,False,0,,0.0,0,negative_candidate,0.0
MED22,False,False,0,,0.0,0,negative_candidate,0.0
BOLL,False,False,0,,0.0,0,negative_candidate,0.0
OTUD7A,True,False,1,NCG,1.0,1,single_source_positive,
SNAP47,False,False,0,,0.0,0,negative_candidate,0.0
SLC38A9,False,False,0,,0.0,0,negative_candidate,0.0
KATNBL1,False,False,0,,0.0,0,negative_candidate,0.0
HSPA4,True,False,1,NCG,1.0,1,single_source_positive,
CREB1,True,True,2,NCG;CIViC,1.0,1,high_confidence_positive,1.0
PALM,False,False,0,,0.0,0,negative_candidate,0.0
IL17RA,False,False,0,,0.0,0,negative_candidate,0.0
SLC5A5,False,False,0,,0.0,0,negative_candidate,0.0
LEP,False,False,0,,0.0,0,negative_candidate,0.0
CHTF8,False,False,0,,0.0,0,negative_candidate,0.0
CDK12,True,True,2,NCG;CIViC,1.0,1,high_confidence_positive,1.0
MORC4,True,False,1,NCG,1.0,1,single_source_positive,
DKK2,False,False,0,,0.0,0,negative_candidate,0.0
EIF3E,True,False,1,NCG,1.0,1,single_source_positive,
MBD3,False,False,0,,0.0,0,negative_candidate,0.0
FAM47C,True,False,1,NCG,1.0,1,single_source_positive,
RNASE10,False,False,0,,0.0,0,negative_candidate,0.0
TTI2,False,False,0,,0.0,0,negative_candidate,0.0
CACNA1A,True,False,1,NCG,1.0,1,single_source_positive,
FBXO42,False,False,0,,0.0,0,negative_candidate,0.0
ADCY7,False,False,0,,0.0,0,negative_candidate,0.0
SVOP,False,False,0,,0.0,0,negative_candidate,0.0
C1D,False,False,0,,0.0,0,negative_candidate,0.0
DDX31,False,False,0,,0.0,0,negative_candidate,0.0
POLD3,False,False,0,,0.0,0,negative_candidate,0.0
ZNF84,False,False,0,,0.0,0,negative_candidate,0.0
WDR7,True,False,1,NCG,1.0,1,single_source_positive,
SYT8,False,False,0,,0.0,0,negative_candidate,0.0
L3MBTL2,False,False,0,,0.0,0,negative_candidate,0.0
JDP2,False,False,0,,0.0,0,negative_candidate,0.0
SGTB,False,False,0,,0.0,0,negative_candidate,0.0
STX17,False,False,0,,0.0,0,negative_candidate,0.0
SPATA5,False,False,0,,0.0,0,negative_candidate,0.0
TLR1,False,False,0,,0.0,0,negative_candidate,0.0
RAB3IL1,False,False,0,,0.0,0,negative_candidate,0.0
FAM167B,False,False,0,,0.0,0,negative_candidate,0.0
KCNE2,False,False,0,,0.0,0,negative_candidate,0.0
C9ORF50,False,False,0,,0.0,0,negative_candidate,0.0
SEPTIN12,True,False,1,NCG,1.0,1,single_source_positive,
HARS1,False,False,0,,0.0,0,negative_candidate,0.0
ATP6V0D2,False,False,0,,0.0,0,negative_candidate,0.0
IP6K3,False,False,0,,0.0,0,negative_candidate,0.0
MSH5,True,False,1,NCG,1.0,1,single_source_positive,
ITGAE,True,False,1,NCG,1.0,1,single_source_positive,
TRAV8-3,False,False,0,,0.0,0,negative_candidate,0.0
UHMK1,False,False,0,,0.0,0,negative_candidate,0.0
TP53I11,False,False,0,,0.0,0,negative_candidate,0.0
HOGA1,False,False,0,,0.0,0,negative_candidate,0.0
OARD1,False,False,0,,0.0,0,negative_candidate,0.0
TAS2R38,False,False,0,,0.0,0,negative_candidate,0.0
APOBEC3G,False,False,0,,0.0,0,negative_candidate,0.0
CYRIA,False,False,0,,0.0,0,negative_candidate,0.0
ZNF561,False,False,0,,0.0,0,negative_candidate,0.0
OSBPL3,False,False,0,,0.0,0,negative_candidate,0.0
PPP1R3C,False,False,0,,0.0,0,negative_candidate,0.0
EVI5,False,False,0,,0.0,0,negative_candidate,0.0
ZNF134,False,False,0,,0.0,0,negative_candidate,0.0
GALNT1,False,False,0,,0.0,0,negative_candidate,0.0
H1-6,False,False,0,,0.0,0,negative_candidate,0.0
PLEKHG4,False,False,0,,0.0,0,negative_candidate,0.0
NEU4,False,False,0,,0.0,0,negative_candidate,0.0
KRT222,True,False,1,NCG,1.0,1,single_source_positive,
MRPS35,False,False,0,,0.0,0,negative_candidate,0.0
ANTXR1,False,False,0,,0.0,0,negative_candidate,0.0
TVP23B,False,False,0,,0.0,0,negative_candidate,0.0
IFT81,False,False,0,,0.0,0,negative_candidate,0.0
EPOR,False,True,1,CIViC,1.0,1,single_source_positive,
AMACR,False,False,0,,0.0,0,negative_candidate,0.0
CSGALNACT1,False,False,0,,0.0,0,negative_candidate,0.0
USP1,False,False,0,,0.0,0,negative_candidate,0.0
RPRD2,False,False,0,,0.0,0,negative_candidate,0.0
SLC37A4,False,False,0,,0.0,0,negative_candidate,0.0
CTLA4,False,True,1,CIViC,1.0,1,single_source_positive,
RASAL3,False,False,0,,0.0,0,negative_candidate,0.0
ADRA2C,False,False,0,,0.0,0,negative_candidate,0.0
NPLOC4,False,False,0,,0.0,0,negative_candidate,0.0
KIAA0100,False,False,0,,0.0,0,negative_candidate,0.0
BOD1L1,False,False,0,,0.0,0,negative_candidate,0.0
COL5A2,False,False,0,,0.0,0,negative_candidate,0.0
RPUSD3,False,False,0,,0.0,0,negative_candidate,0.0
FBLL1,False,False,0,,0.0,0,negative_candidate,0.0
HRH4,True,False,1,NCG,1.0,1,single_source_positive,
PLCL2,False,False,0,,0.0,0,negative_candidate,0.0
SLC25A2,False,False,0,,0.0,0,negative_candidate,0.0
RAB30,False,False,0,,0.0,0,negative_candidate,0.0
MIOS,True,False,1,NCG,1.0,1,single_source_positive,
CACNA1D,True,False,1,NCG,1.0,1,single_source_positive,
BTAF1,False,False,0,,0.0,0,negative_candidate,0.0
PTDSS2,False,False,0,,0.0,0,negative_candidate,0.0
ULBP2,False,False,0,,0.0,0,negative_candidate,0.0
KIAA1210,False,False,0,,0.0,0,negative_candidate,0.0
LPP,True,True,2,NCG;CIViC,1.0,1,high_confidence_positive,1.0
RTL3,False,False,0,,0.0,0,negative_candidate,0.0
SPRYD7,False,False,0,,0.0,0,negative_candidate,0.0
KCTD18,False,False,0,,0.0,0,negative_candidate,0.0
MMAB,True,False,1,NCG,1.0,1,single_source_positive,
CRYBB2,False,False,0,,0.0,0,negative_candidate,0.0
MYLK3,False,False,0,,0.0,0,negative_candidate,0.0
MRM3,False,False,0,,0.0,0,negative_candidate,0.0
SIRT3,False,False,0,,0.0,0,negative_candidate,0.0
STX7,False,False,0,,0.0,0,negative_candidate,0.0
FCHO2,False,False,0,,0.0,0,negative_candidate,0.0
SS18L2,False,False,0,,0.0,0,negative_candidate,0.0
CCL25,False,False,0,,0.0,0,negative_candidate,0.0
CRADD,True,False,1,NCG,1.0,1,single_source_positive,
KRT24,False,False,0,,0.0,0,negative_candidate,0.0
KDM6B,False,False,0,,0.0,0,negative_candidate,0.0
IRGQ,False,False,0,,0.0,0,negative_candidate,0.0
ZNF37A,False,False,0,,0.0,0,negative_candidate,0.0
ADGRL4,False,False,0,,0.0,0,negative_candidate,0.0
GBA3,False,False,0,,0.0,0,negative_candidate,0.0
RHOXF2B,False,False,0,,0.0,0,negative_candidate,0.0
CFAP65,False,False,0,,0.0,0,negative_candidate,0.0
ZSCAN9,False,False,0,,0.0,0,negative_candidate,0.0
CCDC18,False,False,0,,0.0,0,negative_candidate,0.0
DONSON,False,False,0,,0.0,0,negative_candidate,0.0
NOM1,False,False,0,,0.0,0,negative_candidate,0.0
SYNE3,True,False,1,NCG,1.0,1,single_source_positive,
HIBCH,False,False,0,,0.0,0,negative_candidate,0.0
GBP4,False,False,0,,0.0,0,negative_candidate,0.0
MKLN1,False,False,0,,0.0,0,negative_candidate,0.0
CPT1C,False,False,0,,0.0,0,negative_candidate,0.0
DPH7,False,False,0,,0.0,0,negative_candidate,0.0
CRYBG2,False,False,0,,0.0,0,negative_candidate,0.0
PSG5,False,False,0,,0.0,0,negative_candidate,0.0
SEC24A,False,False,0,,0.0,0,negative_candidate,0.0
GRAMD2A,False,False,0,,0.0,0,negative_candidate,0.0
DCUN1D3,False,False,0,,0.0,0,negative_candidate,0.0
SCGB1C1,False,False,0,,0.0,0,negative_candidate,0.0
GP1BA,False,False,0,,0.0,0,negative_candidate,0.0
MAGIX,False,False,0,,0.0,0,negative_candidate,0.0
STYXL1,False,False,0,,0.0,0,negative_candidate,0.0
RAB21,False,False,0,,0.0,0,negative_candidate,0.0
B4GALNT2,False,False,0,,0.0,0,negative_candidate,0.0
C19ORF25,False,False,0,,0.0,0,negative_candidate,0.0
LRIG3,True,False,1,NCG,1.0,1,single_source_positive,
SNX31,True,False,1,NCG,1.0,1,single_source_positive,
ABCF2,True,False,1,NCG,1.0,1,single_source_positive,
SIRPB1,True,False,1,NCG,1.0,1,single_source_positive,
PTAFR,False,False,0,,0.0,0,negative_candidate,0.0
LSG1,False,False,0,,0.0,0,negative_candidate,0.0
LHFPL1,False,False,0,,0.0,0,negative_candidate,0.0
PPFIBP2,False,True,1,CIViC,1.0,1,single_source_positive,
TPRN,False,False,0,,0.0,0,negative_candidate,0.0
NECAP1,False,False,0,,0.0,0,negative_candidate,0.0
GP5,False,False,0,,0.0,0,negative_candidate,0.0
KIN,True,False,1,NCG,1.0,1,single_source_positive,
NKAIN2,False,False,0,,0.0,0,negative_candidate,0.0
UBAP2,False,False,0,,0.0,0,negative_candidate,0.0
LIPE,False,False,0,,0.0,0,negative_candidate,0.0
RAB11FIP1,False,False,0,,0.0,0,negative_candidate,0.0
QTRT1,False,False,0,,0.0,0,negative_candidate,0.0
ZNF25,False,False,0,,0.0,0,negative_candidate,0.0
NDUFAF7,False,False,0,,0.0,0,negative_candidate,0.0
ZNF766,False,False,0,,0.0,0,negative_candidate,0.0
RBM12B,False,False,0,,0.0,0,negative_candidate,0.0
ZNF449,False,False,0,,0.0,0,negative_candidate,0.0
ANXA10,False,False,0,,0.0,0,negative_candidate,0.0
ARHGEF26,False,False,0,,0.0,0,negative_candidate,0.0
CYB5R4,False,False,0,,0.0,0,negative_candidate,0.0
SERPINB2,False,False,0,,0.0,0,negative_candidate,0.0
BIRC7,False,True,1,CIViC,1.0,1,single_source_positive,
GSTM3,False,False,0,,0.0,0,negative_candidate,0.0
MPP6,False,False,0,,0.0,0,negative_candidate,0.0
PTBP2,False,False,0,,0.0,0,negative_candidate,0.0
LRRN3,True,False,1,NCG,1.0,1,single_source_positive,
DNAJC25,False,False,0,,0.0,0,negative_candidate,0.0
EEA1,False,False,0,,0.0,0,negative_candidate,0.0
ESRRG,True,False,1,NCG,1.0,1,single_source_positive,
VCX2,False,False,0,,0.0,0,negative_candidate,0.0
TTF1,False,True,1,CIViC,1.0,1,single_source_positive,
SULT1A1,False,False,0,,0.0,0,negative_candidate,0.0
NUMBL,False,False,0,,0.0,0,negative_candidate,0.0
VPREB1,False,False,0,,0.0,0,negative_candidate,0.0
ACOX2,False,False,0,,0.0,0,negative_candidate,0.0
RASL11A,False,False,0,,0.0,0,negative_candidate,0.0
TRPC5,False,False,0,,0.0,0,negative_candidate,0.0
KCNK10,True,False,1,NCG,1.0,1,single_source_positive,
PHF3,True,False,1,NCG,1.0,1,single_source_positive,
ZNF26,False,False,0,,0.0,0,negative_candidate,0.0
IGKV2-30,False,False,0,,0.0,0,negative_candidate,0.0
ZNF384,True,True,2,NCG;CIViC,1.0,1,high_confidence_positive,1.0
ACSM3,False,False,0,,0.0,0,negative_candidate,0.0
KCNMB1,False,False,0,,0.0,0,negative_candidate,0.0
TBX1,False,False,0,,0.0,0,negative_candidate,0.0
MPIG6B,False,False,0,,0.0,0,negative_candidate,0.0
TNRC6B,True,False,1,NCG,1.0,1,single_source_positive,
LRRC14,False,False,0,,0.0,0,negative_candidate,0.0
VCAM1,False,False,0,,0.0,0,negative_candidate,0.0
KLHL23,False,False,0,,0.0,0,negative_candidate,0.0
CYP4V2,False,False,0,,0.0,0,negative_candidate,0.0
HAUS2,False,False,0,,0.0,0,negative_candidate,0.0
CEP95,False,False,0,,0.0,0,negative_candidate,0.0
SLC6A18,False,False,0,,0.0,0,negative_candidate,0.0
ZNF813,False,False,0,,0.0,0,negative_candidate,0.0
SLC35F6,False,False,0,,0.0,0,negative_candidate,0.0
PDE9A,False,False,0,,0.0,0,negative_candidate,0.0
MAPK15,False,False,0,,0.0,0,negative_candidate,0.0
AXIN2,True,True,2,NCG;CIViC,1.0,1,high_confidence_positive,1.0
RAB9B,False,False,0,,0.0,0,negative_candidate,0.0
CTU2,True,False,1,NCG,1.0,1,single_source_positive,
PCCB,False,False,0,,0.0,0,negative_candidate,0.0
ERCC6L2,True,False,1,NCG,1.0,1,single_source_positive,
HSPA13,False,False,0,,0.0,0,negative_candidate,0.0
HS3ST1,False,False,0,,0.0,0,negative_candidate,0.0
PPP1R21,False,False,0,,0.0,0,negative_candidate,0.0
ASCC1,False,False,0,,0.0,0,negative_candidate,0.0
LCE3E,False,False,0,,0.0,0,negative_candidate,0.0
KYNU,False,False,0,,0.0,0,negative_candidate,0.0
FIGLA,False,False,0,,0.0,0,negative_candidate,0.0
CREBBP,True,True,2,NCG;CIViC,1.0,1,high_confidence_positive,1.0
PDGFD,False,True,1,CIViC,0.9,1,single_source_positive,
MYL7,False,False,0,,0.0,0,negative_candidate,0.0
PCDHGB6,False,False,0,,0.0,0,negative_candidate,0.0
SLC39A6,False,False,0,,0.0,0,negative_candidate,0.0
PREP,False,False,0,,0.0,0,negative_candidate,0.0
PPARD,True,False,1,NCG,1.0,1,single_source_positive,
FKBP7,False,False,0,,0.0,0,negative_candidate,0.0
ANXA9,False,False,0,,0.0,0,negative_candidate,0.0
RANGAP1,False,False,0,,0.0,0,negative_candidate,0.0
WDR41,False,False,0,,0.0,0,negative_candidate,0.0
DCST1,False,False,0,,0.0,0,negative_candidate,0.0
FBF1,True,False,1,NCG,1.0,1,single_source_positive,
OR1L8,False,False,0,,0.0,0,negative_candidate,0.0
TOR2A,False,False,0,,0.0,0,negative_candidate,0.0
CECR2,False,False,0,,0.0,0,negative_candidate,0.0
CD69,False,False,0,,0.0,0,negative_candidate,0.0
RAD9A,False,False,0,,0.0,0,negative_candidate,0.0
GPRC6A,False,False,0,,0.0,0,negative_candidate,0.0
MAML3,True,True,2,NCG;CIViC,1.0,1,high_confidence_positive,1.0
ACSF3,False,False,0,,0.0,0,negative_candidate,0.0
MED6,False,False,0,,0.0,0,negative_candidate,0.0
VCPKMT,False,False,0,,0.0,0,negative_candidate,0.0
MYH13,False,False,0,,0.0,0,negative_candidate,0.0
SIPA1L2,False,False,0,,0.0,0,negative_candidate,0.0
SMARCD3,False,False,0,,0.0,0,negative_candidate,0.0
SP100,False,False,0,,0.0,0,negative_candidate,0.0
ACER3,False,False,0,,0.0,0,negative_candidate,0.0
HRG,False,False,0,,0.0,0,negative_candidate,0.0
NXPH2,False,False,0,,0.0,0,negative_candidate,0.0
RWDD4,False,False,0,,0.0,0,negative_candidate,0.0
NEFH,True,False,1,NCG,1.0,1,single_source_positive,
RTN2,False,False,0,,0.0,0,negative_candidate,0.0
ARHGEF37,False,False,0,,0.0,0,negative_candidate,0.0
MEF2C,True,True,2,NCG;CIViC,1.0,1,high_confidence_positive,1.0
PUSL1,False,False,0,,0.0,0,negative_candidate,0.0
PHC3,False,False,0,,0.0,0,negative_candidate,0.0
NDUFAF4,False,False,0,,0.0,0,negative_candidate,0.0
SETMAR,False,False,0,,0.0,0,negative_candidate,0.0
FLT4,True,True,2,NCG;CIViC,1.0,1,high_confidence_positive,1.0
ZNF547,False,False,0,,0.0,0,negative_candidate,0.0
ZMYND8,False,False,0,,0.0,0,negative_candidate,0.0
KRT34,False,False,0,,0.0,0,negative_candidate,0.0
DRD5,True,True,2,NCG;CIViC,1.0,1,high_confidence_positive,1.0
CNTRL,True,True,2,NCG;CIViC,1.0,1,high_confidence_positive,1.0
HSF5,False,False,0,,0.0,0,negative_candidate,0.0
KHDRBS2,True,False,1,NCG,1.0,1,single_source_positive,
MYO1G,True,False,1,NCG,1.0,1,single_source_positive,
PAMR1,False,False,0,,0.0,0,negative_candidate,0.0
SIN3A,True,True,2,NCG;CIViC,1.0,1,high_confidence_positive,1.0
RILPL2,False,False,0,,0.0,0,negative_candidate,0.0
TSPAN2,False,False,0,,0.0,0,negative_candidate,0.0
CAPRIN1,False,False,0,,0.0,0,negative_candidate,0.0
BMP2K,False,False,0,,0.0,0,negative_candidate,0.0
PTK7,False,False,0,,0.0,0,negative_candidate,0.0
ARHGAP11B,False,False,0,,0.0,0,negative_candidate,0.0
MYPOP,False,False,0,,0.0,0,negative_candidate,0.0
ORAI3,False,False,0,,0.0,0,negative_candidate,0.0
MACROD2,True,False,1,NCG,1.0,1,single_source_positive,
ABCB5,True,False,1,NCG,1.0,1,single_source_positive,
ATP8B4,False,False,0,,0.0,0,negative_candidate,0.0
CARD14,False,False,0,,0.0,0,negative_candidate,0.0
CTNNA3,True,False,1,NCG,1.0,1,single_source_positive,
MSLNL,False,False,0,,0.0,0,negative_candidate,0.0
FGF13,False,True,1,CIViC,1.0,1,single_source_positive,
METTL15,False,False,0,,0.0,0,negative_candidate,0.0
GMPPB,False,False,0,,0.0,0,negative_candidate,0.0
RNF20,True,False,1,NCG,1.0,1,single_source_positive,
ZNF213,False,False,0,,0.0,0,negative_candidate,0.0
PDE1C,False,False,0,,0.0,0,negative_candidate,0.0
ATP2C2,True,False,1,NCG,1.0,1,single_source_positive,
SNAPC1,False,False,0,,0.0,0,negative_candidate,0.0
NEUROG3,False,False,0,,0.0,0,negative_candidate,0.0
ZNF646,False,False,0,,0.0,0,negative_candidate,0.0
MGAT5,False,False,0,,0.0,0,negative_candidate,0.0
TAB2,False,False,0,,0.0,0,negative_candidate,0.0
PKD2,True,False,1,NCG,1.0,1,single_source_positive,
HGF,True,True,2,NCG;CIViC,1.0,1,high_confidence_positive,1.0
MEGF6,False,False,0,,0.0,0,negative_candidate,0.0
FOLR3,False,False,0,,0.0,0,negative_candidate,0.0
CRISP3,False,False,0,,0.0,0,negative_candidate,0.0
KIR3DL1,True,False,1,NCG,1.0,1,single_source_positive,
RASSF8,True,False,1,NCG,1.0,1,single_source_positive,
WDR24,True,False,1,NCG,1.0,1,single_source_positive,
KIAA1549,False,True,1,CIViC,1.0,1,single_source_positive,
MFN2,False,False,0,,0.0,0,negative_candidate,0.0
CHD9,True,False,1,NCG,1.0,1,single_source_positive,
ZNF71,False,False,0,,0.0,0,negative_candidate,0.0
SSTR3,False,False,0,,0.0,0,negative_candidate,0.0
COCH,False,False,0,,0.0,0,negative_candidate,0.0
CPEB2,True,False,1,NCG,1.0,1,single_source_positive,
KRT33A,False,False,0,,0.0,0,negative_candidate,0.0
EFTUD2,True,False,1,NCG,1.0,1,single_source_positive,
STIL,True,False,1,NCG,1.0,1,single_source_positive,
DNAJC3,False,False,0,,0.0,0,negative_candidate,0.0
PAK5,True,False,1,NCG,1.0,1,single_source_positive,
ZNF30,False,False,0,,0.0,0,negative_candidate,0.0
CCL3L3,False,False,0,,0.0,0,negative_candidate,0.0
NMNAT1,False,False,0,,0.0,0,negative_candidate,0.0
INPP5F,False,False,0,,0.0,0,negative_candidate,0.0
FRZB,False,False,0,,0.0,0,negative_candidate,0.0
HAS1,False,False,0,,0.0,0,negative_candidate,0.0
ZNHIT3,False,False,0,,0.0,0,negative_candidate,0.0
CDH23,True,False,1,NCG,1.0,1,single_source_positive,
MLYCD,False,False,0,,0.0,0,negative_candidate,0.0
MOB3C,False,False,0,,0.0,0,negative_candidate,0.0
EFCAB5,False,False,0,,0.0,0,negative_candidate,0.0
GSX2,False,False,0,,0.0,0,negative_candidate,0.0
GLI1,True,True,2,NCG;CIViC,1.0,1,high_confidence_positive,1.0
ACSM1,True,False,1,NCG,1.0,1,single_source_positive,
PCDHB15,False,False,0,,0.0,0,negative_candidate,0.0
RAB8A,False,False,0,,0.0,0,negative_candidate,0.0
MOGAT1,False,False,0,,0.0,0,negative_candidate,0.0
FCRL1,True,False,1,NCG,1.0,1,single_source_positive,
HNF4G,False,False,0,,0.0,0,negative_candidate,0.0
EPDR1,False,False,0,,0.0,0,negative_candidate,0.0
RERGL,False,False,0,,0.0,0,negative_candidate,0.0
TRBV28,False,False,0,,0.0,0,negative_candidate,0.0
EML5,True,False,1,NCG,1.0,1,single_source_positive,
COL4A6,False,False,0,,0.0,0,negative_candidate,0.0
JMJD1C,True,False,1,NCG,1.0,1,single_source_positive,
CEP104,False,False,0,,0.0,0,negative_candidate,0.0
CORIN,False,False,0,,0.0,0,negative_candidate,0.0
MAZ,True,False,1,NCG,1.0,1,single_source_positive,
CYP39A1,False,False,0,,0.0,0,negative_candidate,0.0
MARK1,False,False,0,,0.0,0,negative_candidate,0.0
CLIC5,True,False,1,NCG,1.0,1,single_source_positive,
JAML,False,False,0,,0.0,0,negative_candidate,0.0
RNF166,False,False,0,,0.0,0,negative_candidate,0.0
CD101,False,False,0,,0.0,0,negative_candidate,0.0
SEMA4C,False,False,0,,0.0,0,negative_candidate,0.0
TRIO,True,False,1,NCG,1.0,1,single_source_positive,
LILRB2,True,False,1,NCG,1.0,1,single_source_positive,
EED,True,False,1,NCG,1.0,1,single_source_positive,
NR2C1,False,False,0,,0.0,0,negative_candidate,0.0
CCDC74A,False,False,0,,0.0,0,negative_candidate,0.0
ENTPD2,False,False,0,,0.0,0,negative_candidate,0.0
TANC2,False,False,0,,0.0,0,negative_candidate,0.0
PACRGL,False,False,0,,0.0,0,negative_candidate,0.0
USP34,False,False,0,,0.0,0,negative_candidate,0.0
EXTL2,False,False,0,,0.0,0,negative_candidate,0.0
TRBV29-1,False,False,0,,0.0,0,negative_candidate,0.0
TMPRSS11D,True,False,1,NCG,1.0,1,single_source_positive,
MYH4,True,False,1,NCG,1.0,1,single_source_positive,
CNKSR3,False,False,0,,0.0,0,negative_candidate,0.0
MYOM2,True,False,1,NCG,1.0,1,single_source_positive,
SH3PXD2A,False,True,1,CIViC,0.9,1,single_source_positive,
FYCO1,False,False,0,,0.0,0,negative_candidate,0.0
HYKK,False,False,0,,0.0,0,negative_candidate,0.0
SREK1,False,False,0,,0.0,0,negative_candidate,0.0
CERT1,False,False,0,,0.0,0,negative_candidate,0.0
SERPINB8,False,False,0,,0.0,0,negative_candidate,0.0
ZNF540,False,False,0,,0.0,0,negative_candidate,0.0
SAMD10,False,False,0,,0.0,0,negative_candidate,0.0
TTBK1,False,False,0,,0.0,0,negative_candidate,0.0
PTGFRN,True,False,1,NCG,1.0,1,single_source_positive,
LAMA2,True,False,1,NCG,1.0,1,single_source_positive,
RANBP10,True,False,1,NCG,1.0,1,single_source_positive,
KRBOX4,False,False,0,,0.0,0,negative_candidate,0.0
OR2B11,False,False,0,,0.0,0,negative_candidate,0.0
XRRA1,False,False,0,,0.0,0,negative_candidate,0.0
CCKAR,False,False,0,,0.0,0,negative_candidate,0.0
DLD,False,False,0,,0.0,0,negative_candidate,0.0
SLFN5,False,False,0,,0.0,0,negative_candidate,0.0
NSD1,True,True,2,NCG;CIViC,1.0,1,high_confidence_positive,1.0
PCARE,False,False,0,,0.0,0,negative_candidate,0.0
GRM5,True,False,1,NCG,1.0,1,single_source_positive,
XKR7,False,False,0,,0.0,0,negative_candidate,0.0
DOT1L,True,False,1,NCG,1.0,1,single_source_positive,
CCNH,False,False,0,,0.0,0,negative_candidate,0.0
ZNF621,False,False,0,,0.0,0,negative_candidate,0.0
CD209,True,False,1,NCG,1.0,1,single_source_positive,
C1ORF112,False,False,0,,0.0,0,negative_candidate,0.0
ZSWIM3,True,False,1,NCG,1.0,1,single_source_positive,
IDI2,False,False,0,,0.0,0,negative_candidate,0.0
STON2,False,False,0,,0.0,0,negative_candidate,0.0
PDK2,True,False,1,NCG,1.0,1,single_source_positive,
NKAP,False,False,0,,0.0,0,negative_candidate,0.0
IGKV1-17,False,False,0,,0.0,0,negative_candidate,0.0
TP53TG5,False,False,0,,0.0,0,negative_candidate,0.0
MTERF3,True,False,1,NCG,1.0,1,single_source_positive,
AKR7A2,False,False,0,,0.0,0,negative_candidate,0.0
PLPPR1,False,False,0,,0.0,0,negative_candidate,0.0
DSPP,True,False,1,NCG,1.0,1,single_source_positive,
MEPE,False,False,0,,0.0,0,negative_candidate,0.0
COX8C,False,False,0,,0.0,0,negative_candidate,0.0
ELMOD2,False,False,0,,0.0,0,negative_candidate,0.0
CYP1A2,False,False,0,,0.0,0,negative_candidate,0.0
SOX5,True,False,1,NCG,1.0,1,single_source_positive,
IFNA1,False,False,0,,0.0,0,negative_candidate,0.0
DEFB135,False,False,0,,0.0,0,negative_candidate,0.0
ZNF219,False,False,0,,0.0,0,negative_candidate,0.0
PLOD2,False,False,0,,0.0,0,negative_candidate,0.0
RPTN,False,False,0,,0.0,0,negative_candidate,0.0
RCOR2,False,False,0,,0.0,0,negative_candidate,0.0
SYCN,False,False,0,,0.0,0,negative_candidate,0.0
KMT2A,True,True,2,NCG;CIViC,1.0,1,high_confidence_positive,1.0
CNGA4,True,False,1,NCG,1.0,1,single_source_positive,
KDM3A,False,False,0,,0.0,0,negative_candidate,0.0
EPHA2,True,True,2,NCG;CIViC,1.0,1,high_confidence_positive,1.0
KIAA0319,False,False,0,,0.0,0,negative_candidate,0.0
ARNTL2,False,False,0,,0.0,0,negative_candidate,0.0
FMR1,True,False,1,NCG,1.0,1,single_source_positive,
PRRT3,True,False,1,NCG,1.0,1,single_source_positive,
YOD1,False,False,0,,0.0,0,negative_candidate,0.0
BAIAP3,False,False,0,,0.0,0,negative_candidate,0.0
RCL1,True,False,1,NCG,1.0,1,single_source_positive,
SCML2,False,False,0,,0.0,0,negative_candidate,0.0
KIAA0513,False,False,0,,0.0,0,negative_candidate,0.0
MTSS2,False,False,0,,0.0,0,negative_candidate,0.0
ZIM2,True,False,1,NCG,1.0,1,single_source_positive,
TNPO3,False,False,0,,0.0,0,negative_candidate,0.0
IER5L,False,False,0,,0.0,0,negative_candidate,0.0
CNPY4,False,False,0,,0.0,0,negative_candidate,0.0
ZNF480,False,False,0,,0.0,0,negative_candidate,0.0
SLC30A3,False,False,0,,0.0,0,negative_candidate,0.0
BMPER,False,False,0,,0.0,0,negative_candidate,0.0
PDE7A,False,False,0,,0.0,0,negative_candidate,0.0
SH2D2A,False,False,0,,0.0,0,negative_candidate,0.0
ZDHHC14,False,False,0,,0.0,0,negative_candidate,0.0
NR5A1,True,False,1,NCG,1.0,1,single_source_positive,
NXPE4,False,False,0,,0.0,0,negative_candidate,0.0
MNS1,False,False,0,,0.0,0,negative_candidate,0.0
STARD4,False,False,0,,0.0,0,negative_candidate,0.0
PRKD2,True,False,1,NCG,1.0,1,single_source_positive,
TRANK1,False,False,0,,0.0,0,negative_candidate,0.0
CSAD,False,False,0,,0.0,0,negative_candidate,0.0
CIB3,False,False,0,,0.0,0,negative_candidate,0.0
SNTB2,True,False,1,NCG,1.0,1,single_source_positive,
ZNF397,False,False,0,,0.0,0,negative_candidate,0.0
PIGM,False,False,0,,0.0,0,negative_candidate,0.0
TEX14,True,False,1,NCG,1.0,1,single_source_positive,
STH,False,False,0,,0.0,0,negative_candidate,0.0
BZW2,False,False,0,,0.0,0,negative_candidate,0.0
UBOX5,False,False,0,,0.0,0,negative_candidate,0.0
PHOSPHO2,False,False,0,,0.0,0,negative_candidate,0.0
SNTG2,False,False,0,,0.0,0,negative_candidate,0.0
BARHL2,False,False,0,,0.0,0,negative_candidate,0.0
ACKR4,False,False,0,,0.0,0,negative_candidate,0.0
MADD,False,False,0,,0.0,0,negative_candidate,0.0
PCLAF,False,False,0,,0.0,0,negative_candidate,0.0
H3-4,False,False,0,,0.0,0,negative_candidate,0.0
XIAP,False,False,0,,0.0,0,negative_candidate,0.0
ZNF740,False,False,0,,0.0,0,negative_candidate,0.0
DCSTAMP,True,False,1,NCG,1.0,1,single_source_positive,
SEH1L,False,False,0,,0.0,0,negative_candidate,0.0
EEF2K,True,False,1,NCG,1.0,1,single_source_positive,
HEPH,False,False,0,,0.0,0,negative_candidate,0.0
RPS6KC1,False,False,0,,0.0,0,negative_candidate,0.0
PRAG1,False,False,0,,0.0,0,negative_candidate,0.0
LAMA3,True,False,1,NCG,1.0,1,single_source_positive,
ZC3H13,True,False,1,NCG,1.0,1,single_source_positive,
FNIP2,False,False,0,,0.0,0,negative_candidate,0.0
TNFRSF10D,False,False,0,,0.0,0,negative_candidate,0.0
DNM3,False,False,0,,0.0,0,negative_candidate,0.0
PGLYRP1,False,False,0,,0.0,0,negative_candidate,0.0
RASGEF1A,True,False,1,NCG,1.0,1,single_source_positive,
ZBTB18,False,False,0,,0.0,0,negative_candidate,0.0
PLB1,True,False,1,NCG,1.0,1,single_source_positive,
DDX1,False,False,0,,0.0,0,negative_candidate,0.0
SHE,True,False,1,NCG,1.0,1,single_source_positive,
PPIH,False,False,0,,0.0,0,negative_candidate,0.0
CLIP1,True,False,1,NCG,1.0,1,single_source_positive,
CATSPERG,False,False,0,,0.0,0,negative_candidate,0.0
TUBGCP5,False,False,0,,0.0,0,negative_candidate,0.0
CYP4F11,False,False,0,,0.0,0,negative_candidate,0.0
BRSK2,False,False,0,,0.0,0,negative_candidate,0.0
ZNF418,False,False,0,,0.0,0,negative_candidate,0.0
ZNF784,False,False,0,,0.0,0,negative_candidate,0.0
HMG20A,False,False,0,,0.0,0,negative_candidate,0.0
MRC1,False,False,0,,0.0,0,negative_candidate,0.0
SASH1,False,False,0,,0.0,0,negative_candidate,0.0
CR1L,False,False,0,,0.0,0,negative_candidate,0.0
C1ORF21,False,False,0,,0.0,0,negative_candidate,0.0
CADM2,True,False,1,NCG,1.0,1,single_source_positive,
SPATA16,False,False,0,,0.0,0,negative_candidate,0.0
ZNF365,False,False,0,,0.0,0,negative_candidate,0.0
CBWD2,False,False,0,,0.0,0,negative_candidate,0.0
AHR,False,False,0,,0.0,0,negative_candidate,0.0
SLC45A3,False,False,0,,0.0,0,negative_candidate,0.0
ARHGEF10L,True,False,1,NCG,1.0,1,single_source_positive,
GSTO2,False,False,0,,0.0,0,negative_candidate,0.0
MRPS30,False,False,0,,0.0,0,negative_candidate,0.0
BLNK,False,False,0,,0.0,0,negative_candidate,0.0
CFAP74,True,False,1,NCG,1.0,1,single_source_positive,
SH2D1A,False,False,0,,0.0,0,negative_candidate,0.0
KDM5B,False,False,0,,0.0,0,negative_candidate,0.0
FBXO3,False,False,0,,0.0,0,negative_candidate,0.0
GPR52,False,False,0,,0.0,0,negative_candidate,0.0
TATDN1,False,False,0,,0.0,0,negative_candidate,0.0
MB21D2,True,False,1,NCG,1.0,1,single_source_positive,
MAP4K1,False,False,0,,0.0,0,negative_candidate,0.0
PSG1,False,False,0,,0.0,0,negative_candidate,0.0
RBAK,False,False,0,,0.0,0,negative_candidate,0.0
HIP1,True,True,2,NCG;CIViC,1.0,1,high_confidence_positive,1.0
OPN3,False,False,0,,0.0,0,negative_candidate,0.0
LGI2,False,False,0,,0.0,0,negative_candidate,0.0
PPP1R1A,False,False,0,,0.0,0,negative_candidate,0.0
USP3,False,False,0,,0.0,0,negative_candidate,0.0
CD80,False,True,1,CIViC,0.9,1,single_source_positive,
ZNF57,False,False,0,,0.0,0,negative_candidate,0.0
RHBDL3,False,False,0,,0.0,0,negative_candidate,0.0
YPEL2,False,False,0,,0.0,0,negative_candidate,0.0
ARG1,False,False,0,,0.0,0,negative_candidate,0.0
HHEX,False,False,0,,0.0,0,negative_candidate,0.0
FBXW8,False,False,0,,0.0,0,negative_candidate,0.0
MMUT,False,False,0,,0.0,0,negative_candidate,0.0
ASB1,False,False,0,,0.0,0,negative_candidate,0.0
ASCC2,True,False,1,NCG,1.0,1,single_source_positive,
ZSWIM4,False,False,0,,0.0,0,negative_candidate,0.0
BRAT1,False,False,0,,0.0,0,negative_candidate,0.0
FAM166B,False,False,0,,0.0,0,negative_candidate,0.0
SYNGR4,False,False,0,,0.0,0,negative_candidate,0.0
TMIGD2,False,False,0,,0.0,0,negative_candidate,0.0
ZKSCAN7,False,False,0,,0.0,0,negative_candidate,0.0
USP33,False,False,0,,0.0,0,negative_candidate,0.0
RBM7,True,False,1,NCG,1.0,1,single_source_positive,
CBLN2,False,False,0,,0.0,0,negative_candidate,0.0
PLXNA2,True,False,1,NCG,1.0,1,single_source_positive,
SLC17A9,False,False,0,,0.0,0,negative_candidate,0.0
GALNT7,False,False,0,,0.0,0,negative_candidate,0.0
UAP1L1,False,False,0,,0.0,0,negative_candidate,0.0
TMEM182,False,False,0,,0.0,0,negative_candidate,0.0
ZNF366,False,False,0,,0.0,0,negative_candidate,0.0
ZBTB39,False,False,0,,0.0,0,negative_candidate,0.0
CYP4F2,False,False,0,,0.0,0,negative_candidate,0.0
CLDN9,False,False,0,,0.0,0,negative_candidate,0.0
UTP25,False,False,0,,0.0,0,negative_candidate,0.0
NUP42,False,False,0,,0.0,0,negative_candidate,0.0
TTC27,False,False,0,,0.0,0,negative_candidate,0.0
SYNJ2,False,False,0,,0.0,0,negative_candidate,0.0
RABEP2,False,False,0,,0.0,0,negative_candidate,0.0
FH,True,True,2,NCG;CIViC,1.0,1,high_confidence_positive,1.0
FGF18,False,False,0,,0.0,0,negative_candidate,0.0
MNDA,False,False,0,,0.0,0,negative_candidate,0.0
TULP2,False,False,0,,0.0,0,negative_candidate,0.0
GCNA,False,False,0,,0.0,0,negative_candidate,0.0
CENPU,False,False,0,,0.0,0,negative_candidate,0.0
PDE6B,False,False,0,,0.0,0,negative_candidate,0.0
TRIM2,False,False,0,,0.0,0,negative_candidate,0.0
GJB2,False,False,0,,0.0,0,negative_candidate,0.0
ABCB7,False,False,0,,0.0,0,negative_candidate,0.0
LONP1,False,False,0,,0.0,0,negative_candidate,0.0
CHST2,False,False,0,,0.0,0,negative_candidate,0.0
CEBPE,False,False,0,,0.0,0,negative_candidate,0.0
MSTO1,False,False,0,,0.0,0,negative_candidate,0.0
IGIP,False,False,0,,0.0,0,negative_candidate,0.0
MAP3K7CL,False,False,0,,0.0,0,negative_candidate,0.0
HOXB9,False,False,0,,0.0,0,negative_candidate,0.0
USP31,True,False,1,NCG,1.0,1,single_source_positive,
TMC1,False,False,0,,0.0,0,negative_candidate,0.0
TRIM13,False,False,0,,0.0,0,negative_candidate,0.0
C11ORF54,False,False,0,,0.0,0,negative_candidate,0.0
DRG2,False,False,0,,0.0,0,negative_candidate,0.0
KRT32,False,False,0,,0.0,0,negative_candidate,0.0
TMPRSS13,True,False,1,NCG,1.0,1,single_source_positive,
H2BC17,True,False,1,NCG,1.0,1,single_source_positive,
ORAI2,False,False,0,,0.0,0,negative_candidate,0.0
RFPL2,False,False,0,,0.0,0,negative_candidate,0.0
THBS2,True,True,2,NCG;CIViC,1.0,1,high_confidence_positive,1.0
C7ORF31,True,False,1,NCG,1.0,1,single_source_positive,
EPO,False,False,0,,0.0,0,negative_candidate,0.0
EIF2D,False,False,0,,0.0,0,negative_candidate,0.0
AP4M1,False,False,0,,0.0,0,negative_candidate,0.0
HES7,False,False,0,,0.0,0,negative_candidate,0.0
UTRN,False,False,0,,0.0,0,negative_candidate,0.0
CEACAM21,True,False,1,NCG,1.0,1,single_source_positive,
PPM1F,True,False,1,NCG,1.0,1,single_source_positive,
CUL4A,False,False,0,,0.0,0,negative_candidate,0.0
IGSF21,False,False,0,,0.0,0,negative_candidate,0.0
SLC8A2,False,False,0,,0.0,0,negative_candidate,0.0
TAP2,False,False,0,,0.0,0,negative_candidate,0.0
L3MBTL1,False,False,0,,0.0,0,negative_candidate,0.0
SLC13A4,False,False,0,,0.0,0,negative_candidate,0.0
KCNV1,False,False,0,,0.0,0,negative_candidate,0.0
AP3B2,False,False,0,,0.0,0,negative_candidate,0.0
HCFC2,True,False,1,NCG,1.0,1,single_source_positive,
SHCBP1,False,False,0,,0.0,0,negative_candidate,0.0
LRP5,False,False,0,,0.0,0,negative_candidate,0.0
KIF19,False,False,0,,0.0,0,negative_candidate,0.0
SYNE4,False,False,0,,0.0,0,negative_candidate,0.0
PINK1,False,False,0,,0.0,0,negative_candidate,0.0
TM2D3,False,False,0,,0.0,0,negative_candidate,0.0
IGSF9B,False,False,0,,0.0,0,negative_candidate,0.0
DCAF6,False,False,0,,0.0,0,negative_candidate,0.0
SYDE1,False,False,0,,0.0,0,negative_candidate,0.0
LDLRAD4,False,False,0,,0.0,0,negative_candidate,0.0
TMEM87B,False,False,0,,0.0,0,negative_candidate,0.0
UPK1B,False,False,0,,0.0,0,negative_candidate,0.0
FCHSD1,False,False,0,,0.0,0,negative_candidate,0.0
CD300C,False,False,0,,0.0,0,negative_candidate,0.0
ABCC4,False,False,0,,0.0,0,negative_candidate,0.0
SLC16A10,False,False,0,,0.0,0,negative_candidate,0.0
SPATA31E1,False,False,0,,0.0,0,negative_candidate,0.0
VSTM4,False,False,0,,0.0,0,negative_candidate,0.0
PGBD2,False,False,0,,0.0,0,negative_candidate,0.0
NFAM1,False,False,0,,0.0,0,negative_candidate,0.0
LRRC75B,True,False,1,NCG,1.0,1,single_source_positive,
CYP2R1,False,False,0,,0.0,0,negative_candidate,0.0
ST8SIA6,False,False,0,,0.0,0,negative_candidate,0.0
SNX25,True,False,1,NCG,1.0,1,single_source_positive,
PRMT3,False,False,0,,0.0,0,negative_candidate,0.0
SRGAP2,False,False,0,,0.0,0,negative_candidate,0.0
NCOR1,True,False,1,NCG,1.0,1,single_source_positive,
ZNF800,False,False,0,,0.0,0,negative_candidate,0.0
GFRA3,False,False,0,,0.0,0,negative_candidate,0.0
RNF32,False,False,0,,0.0,0,negative_candidate,0.0
CLVS2,False,False,0,,0.0,0,negative_candidate,0.0
MMP20,False,False,0,,0.0,0,negative_candidate,0.0
KERA,False,False,0,,0.0,0,negative_candidate,0.0
LHX8,False,False,0,,0.0,0,negative_candidate,0.0
BRF1,False,False,0,,0.0,0,negative_candidate,0.0
CRTC1,True,False,1,NCG,1.0,1,single_source_positive,
DDX43,False,True,1,CIViC,1.0,1,single_source_positive,
YIPF1,False,False,0,,0.0,0,negative_candidate,0.0
CEP68,False,False,0,,0.0,0,negative_candidate,0.0
MAGEC3,True,False,1,NCG,1.0,1,single_source_positive,
SORL1,False,False,0,,0.0,0,negative_candidate,0.0
H2BC8,True,False,1,NCG,1.0,1,single_source_positive,
BBC3,False,False,0,,0.0,0,negative_candidate,0.0
CHTF18,False,False,0,,0.0,0,negative_candidate,0.0
NKPD1,False,False,0,,0.0,0,negative_candidate,0.0
TMEM95,False,False,0,,0.0,0,negative_candidate,0.0
FAM3C,False,False,0,,0.0,0,negative_candidate,0.0
MYO6,False,False,0,,0.0,0,negative_candidate,0.0
SMCO1,False,False,0,,0.0,0,negative_candidate,0.0
PRDM2,True,False,1,NCG,1.0,1,single_source_positive,
MTMR2,False,False,0,,0.0,0,negative_candidate,0.0
TAGAP,False,False,0,,0.0,0,negative_candidate,0.0
BMP7,True,True,2,NCG;CIViC,1.0,1,high_confidence_positive,1.0
COL6A5,False,False,0,,0.0,0,negative_candidate,0.0
CEP63,False,False,0,,0.0,0,negative_candidate,0.0
MLXIPL,True,False,1,NCG,1.0,1,single_source_positive,
PAGE5,False,False,0,,0.0,0,negative_candidate,0.0
C1ORF105,False,False,0,,0.0,0,negative_candidate,0.0
PRTG,False,False,0,,0.0,0,negative_candidate,0.0
BCL11B,True,True,2,NCG;CIViC,1.0,1,high_confidence_positive,1.0
TRAPPC13,False,False,0,,0.0,0,negative_candidate,0.0
YTHDC1,False,False,0,,0.0,0,negative_candidate,0.0
SULT2B1,True,False,1,NCG,1.0,1,single_source_positive,
SLC16A6,False,False,0,,0.0,0,negative_candidate,0.0
CCDC102A,True,False,1,NCG,1.0,1,single_source_positive,
COL3A1,True,False,1,NCG,1.0,1,single_source_positive,
TTC32,False,False,0,,0.0,0,negative_candidate,0.0
UBE3B,False,False,0,,0.0,0,negative_candidate,0.0
USP30,False,False,0,,0.0,0,negative_candidate,0.0
RPAIN,True,False,1,NCG,1.0,1,single_source_positive,
PGLYRP4,False,False,0,,0.0,0,negative_candidate,0.0
SULT1B1,True,False,1,NCG,1.0,1,single_source_positive,
ZBTB43,False,False,0,,0.0,0,negative_candidate,0.0
SLC6A17,False,False,0,,0.0,0,negative_candidate,0.0
ZFP37,False,False,0,,0.0,0,negative_candidate,0.0
BDH2,False,False,0,,0.0,0,negative_candidate,0.0
RTTN,True,False,1,NCG,1.0,1,single_source_positive,
CARMIL3,False,False,0,,0.0,0,negative_candidate,0.0
CDSN,False,False,0,,0.0,0,negative_candidate,0.0
SLC39A3,False,False,0,,0.0,0,negative_candidate,0.0
TXNL4B,False,False,0,,0.0,0,negative_candidate,0.0
FRG1,True,False,1,NCG,1.0,1,single_source_positive,
BTN3A2,True,False,1,NCG,1.0,1,single_source_positive,
SLC16A7,False,False,0,,0.0,0,negative_candidate,0.0
NUP210,False,False,0,,0.0,0,negative_candidate,0.0
DLC1,True,False,1,NCG,1.0,1,single_source_positive,
ALDH7A1,False,False,0,,0.0,0,negative_candidate,0.0
DNASE1L1,False,False,0,,0.0,0,negative_candidate,0.0
TBX22,True,False,1,NCG,1.0,1,single_source_positive,
SLC13A3,False,False,0,,0.0,0,negative_candidate,0.0
RBM15,True,True,2,NCG;CIViC,1.0,1,high_confidence_positive,1.0
SETBP1,True,True,2,NCG;CIViC,1.0,1,high_confidence_positive,1.0
CBLN1,False,False,0,,0.0,0,negative_candidate,0.0
COLGALT2,False,False,0,,0.0,0,negative_candidate,0.0
TEKT3,False,False,0,,0.0,0,negative_candidate,0.0
ZNF93,False,False,0,,0.0,0,negative_candidate,0.0
ARX,False,False,0,,0.0,0,negative_candidate,0.0
SUGP1,False,False,0,,0.0,0,negative_candidate,0.0
TBXAS1,False,False,0,,0.0,0,negative_candidate,0.0
RABGGTA,False,False,0,,0.0,0,negative_candidate,0.0
DNAJC9,False,False,0,,0.0,0,negative_candidate,0.0
SYCP2L,False,False,0,,0.0,0,negative_candidate,0.0
TRIM16,False,False,0,,0.0,0,negative_candidate,0.0
UPP2,False,False,0,,0.0,0,negative_candidate,0.0
TMCO6,False,False,0,,0.0,0,negative_candidate,0.0
PCDHGB2,False,False,0,,0.0,0,negative_candidate,0.0
ALDH5A1,True,False,1,NCG,1.0,1,single_source_positive,
CGB5,True,False,1,NCG,1.0,1,single_source_positive,
GJC3,False,False,0,,0.0,0,negative_candidate,0.0
MYOZ2,False,False,0,,0.0,0,negative_candidate,0.0
CLEC18B,False,False,0,,0.0,0,negative_candidate,0.0
PIK3C2B,True,False,1,NCG,1.0,1,single_source_positive,
CLCN3,False,False,0,,0.0,0,negative_candidate,0.0
MATN3,False,False,0,,0.0,0,negative_candidate,0.0
ARHGAP21,False,False,0,,0.0,0,negative_candidate,0.0
PPL,False,False,0,,0.0,0,negative_candidate,0.0
TBX20,False,False,0,,0.0,0,negative_candidate,0.0
HOXD9,False,False,0,,0.0,0,negative_candidate,0.0
SLC13A5,False,False,0,,0.0,0,negative_candidate,0.0
KRT38,False,False,0,,0.0,0,negative_candidate,0.0
PTPRC,True,False,1,NCG,1.0,1,single_source_positive,
EVI2A,True,False,1,NCG,1.0,1,single_source_positive,
LCA5L,False,False,0,,0.0,0,negative_candidate,0.0
GPR176,False,False,0,,0.0,0,negative_candidate,0.0
TRAPPC12,False,False,0,,0.0,0,negative_candidate,0.0
SMAD4,True,True,2,NCG;CIViC,1.0,1,high_confidence_positive,1.0
LRTOMT,False,False,0,,0.0,0,negative_candidate,0.0
EGR2,True,False,1,NCG,1.0,1,single_source_positive,
ARHGAP39,False,False,0,,0.0,0,negative_candidate,0.0
PARVG,True,False,1,NCG,1.0,1,single_source_positive,
MAK16,False,False,0,,0.0,0,negative_candidate,0.0
KITLG,False,False,0,,0.0,0,negative_candidate,0.0
NCOA2,True,True,2,NCG;CIViC,1.0,1,high_confidence_positive,1.0
PACC1,False,False,0,,0.0,0,negative_candidate,0.0
KDM4C,False,False,0,,0.0,0,negative_candidate,0.0
SLC7A11,False,False,0,,0.0,0,negative_candidate,0.0
NAPB,False,False,0,,0.0,0,negative_candidate,0.0
NR5A2,False,False,0,,0.0,0,negative_candidate,0.0
FILIP1,False,True,1,CIViC,0.9,1,single_source_positive,
NOL6,False,False,0,,0.0,0,negative_candidate,0.0
ABCB9,False,False,0,,0.0,0,negative_candidate,0.0
FITM2,False,False,0,,0.0,0,negative_candidate,0.0
BMPR2,True,False,1,NCG,1.0,1,single_source_positive,
KCTD7,True,False,1,NCG,1.0,1,single_source_positive,
FRMPD4,True,False,1,NCG,1.0,1,single_source_positive,
CRTAM,True,False,1,NCG,1.0,1,single_source_positive,
CD48,False,False,0,,0.0,0,negative_candidate,0.0
SLC18A1,False,False,0,,0.0,0,negative_candidate,0.0
PIAS1,False,False,0,,0.0,0,negative_candidate,0.0
GALT,False,False,0,,0.0,0,negative_candidate,0.0
APOLD1,False,False,0,,0.0,0,negative_candidate,0.0
SP4,False,False,0,,0.0,0,negative_candidate,0.0
CCDC96,False,False,0,,0.0,0,negative_candidate,0.0
CPA5,False,False,0,,0.0,0,negative_candidate,0.0
SULF1,True,False,1,NCG,1.0,1,single_source_positive,
RBP7,False,False,0,,0.0,0,negative_candidate,0.0
PABPC1L2A,False,False,0,,0.0,0,negative_candidate,0.0
SNRNP48,True,False,1,NCG,1.0,1,single_source_positive,
PPM1E,False,False,0,,0.0,0,negative_candidate,0.0
SLC47A2,False,False,0,,0.0,0,negative_candidate,0.0
MECOM,True,True,2,NCG;CIViC,1.0,1,high_confidence_positive,1.0
KMT2D,True,True,2,NCG;CIViC,1.0,1,high_confidence_positive,1.0
WNT9B,False,False,0,,0.0,0,negative_candidate,0.0
AP1G1,False,False,0,,0.0,0,negative_candidate,0.0
SETD4,False,False,0,,0.0,0,negative_candidate,0.0
ERBIN,True,False,1,NCG,1.0,1,single_source_positive,
GALNT8,False,False,0,,0.0,0,negative_candidate,0.0
ARFIP1,False,False,0,,0.0,0,negative_candidate,0.0
OSR2,True,False,1,NCG,1.0,1,single_source_positive,
COA8,False,False,0,,0.0,0,negative_candidate,0.0
DHX29,False,False,0,,0.0,0,negative_candidate,0.0
PATZ1,True,True,2,NCG;CIViC,1.0,1,high_confidence_positive,1.0
UBE3A,False,False,0,,0.0,0,negative_candidate,0.0
CACNB4,False,False,0,,0.0,0,negative_candidate,0.0
TRMT5,False,False,0,,0.0,0,negative_candidate,0.0
WHRN,False,False,0,,0.0,0,negative_candidate,0.0
ANKLE2,True,False,1,NCG,1.0,1,single_source_positive,
STXBP1,True,False,1,NCG,1.0,1,single_source_positive,
ARAP2,False,False,0,,0.0,0,negative_candidate,0.0
DYNC1I1,True,False,1,NCG,1.0,1,single_source_positive,
POU2F3,False,False,0,,0.0,0,negative_candidate,0.0
NKX3-1,True,False,1,NCG,1.0,1,single_source_positive,
GRID1,True,False,1,NCG,1.0,1,single_source_positive,
SUSD1,False,False,0,,0.0,0,negative_candidate,0.0
DCDC2,False,False,0,,0.0,0,negative_candidate,0.0
DAPP1,False,False,0,,0.0,0,negative_candidate,0.0
MKRN2,False,False,0,,0.0,0,negative_candidate,0.0
BNIP1,False,False,0,,0.0,0,negative_candidate,0.0
PLN,False,False,0,,0.0,0,negative_candidate,0.0
IGKV1-16,False,False,0,,0.0,0,negative_candidate,0.0
APLP1,False,False,0,,0.0,0,negative_candidate,0.0
BMP15,False,False,0,,0.0,0,negative_candidate,0.0
MLEC,False,False,0,,0.0,0,negative_candidate,0.0
TNKS2,False,True,1,CIViC,1.0,1,single_source_positive,
USP28,True,False,1,NCG,1.0,1,single_source_positive,
INSL5,False,False,0,,0.0,0,negative_candidate,0.0
TCTN1,False,False,0,,0.0,0,negative_candidate,0.0
SLX4,False,False,0,,0.0,0,negative_candidate,0.0
METAP1,False,False,0,,0.0,0,negative_candidate,0.0
ACAP1,False,False,0,,0.0,0,negative_candidate,0.0
NAV2,False,False,0,,0.0,0,negative_candidate,0.0
KCNJ10,False,False,0,,0.0,0,negative_candidate,0.0
OPRD1,True,False,1,NCG,1.0,1,single_source_positive,
OR56B4,False,False,0,,0.0,0,negative_candidate,0.0
INSYN1,False,False,0,,0.0,0,negative_candidate,0.0
TFCP2,False,True,1,CIViC,1.0,1,single_source_positive,
ACTN2,False,False,0,,0.0,0,negative_candidate,0.0
ERP44,False,False,0,,0.0,0,negative_candidate,0.0
GOLGA4,False,True,1,CIViC,1.0,1,single_source_positive,
XKR8,False,False,0,,0.0,0,negative_candidate,0.0
IL9R,False,False,0,,0.0,0,negative_candidate,0.0
B4GALNT3,False,False,0,,0.0,0,negative_candidate,0.0
GCLC,False,False,0,,0.0,0,negative_candidate,0.0
TSPAN18,True,False,1,NCG,1.0,1,single_source_positive,
EYA4,True,False,1,NCG,1.0,1,single_source_positive,
PACSIN3,False,False,0,,0.0,0,negative_candidate,0.0
CRLF2,True,True,2,NCG;CIViC,1.0,1,high_confidence_positive,1.0
LIMD1,False,False,0,,0.0,0,negative_candidate,0.0
TCF7L2,True,False,1,NCG,1.0,1,single_source_positive,
PPP1R10,False,False,0,,0.0,0,negative_candidate,0.0
LHX3,False,False,0,,0.0,0,negative_candidate,0.0
TRAK2,False,False,0,,0.0,0,negative_candidate,0.0
CCDC68,False,False,0,,0.0,0,negative_candidate,0.0
CAPS2,False,False,0,,0.0,0,negative_candidate,0.0
RXRG,False,False,0,,0.0,0,negative_candidate,0.0
SMCP,False,False,0,,0.0,0,negative_candidate,0.0
ZKSCAN1,False,True,1,CIViC,1.0,1,single_source_positive,
ZFYVE26,False,False,0,,0.0,0,negative_candidate,0.0
PCDHGA6,False,False,0,,0.0,0,negative_candidate,0.0
ZFAND4,False,False,0,,0.0,0,negative_candidate,0.0
ABCG5,False,False,0,,0.0,0,negative_candidate,0.0
RGS21,False,False,0,,0.0,0,negative_candidate,0.0
GLB1L2,False,False,0,,0.0,0,negative_candidate,0.0
PPM1L,True,False,1,NCG,1.0,1,single_source_positive,
TMEM71,True,False,1,NCG,1.0,1,single_source_positive,
ZNF595,True,False,1,NCG,1.0,1,single_source_positive,
MMS22L,True,False,1,NCG,1.0,1,single_source_positive,
TCEAL2,False,False,0,,0.0,0,negative_candidate,0.0
ZNF573,False,False,0,,0.0,0,negative_candidate,0.0
TAF1,True,False,1,NCG,1.0,1,single_source_positive,
CYP17A1,False,False,0,,0.0,0,negative_candidate,0.0
HYAL4,False,False,0,,0.0,0,negative_candidate,0.0
SNX29,False,True,1,CIViC,1.0,1,single_source_positive,
FAM43A,False,False,0,,0.0,0,negative_candidate,0.0
GNG2,True,False,1,NCG,1.0,1,single_source_positive,
LINGO4,False,False,0,,0.0,0,negative_candidate,0.0
DUOX2,False,False,0,,0.0,0,negative_candidate,0.0
GDPD3,False,False,0,,0.0,0,negative_candidate,0.0
CCDC6,True,True,2,NCG;CIViC,1.0,1,high_confidence_positive,1.0
P2RY2,False,False,0,,0.0,0,negative_candidate,0.0
ZNRF1,False,False,0,,0.0,0,negative_candidate,0.0
KCNG1,False,False,0,,0.0,0,negative_candidate,0.0
CYREN,False,False,0,,0.0,0,negative_candidate,0.0
RALGAPA2,False,False,0,,0.0,0,negative_candidate,0.0
RBPMS2,False,False,0,,0.0,0,negative_candidate,0.0
CFAP44,False,False,0,,0.0,0,negative_candidate,0.0
FBXW12,False,False,0,,0.0,0,negative_candidate,0.0
ZNF678,False,False,0,,0.0,0,negative_candidate,0.0
CTC1,False,False,0,,0.0,0,negative_candidate,0.0
TAS2R14,False,False,0,,0.0,0,negative_candidate,0.0
PRSS38,True,False,1,NCG,1.0,1,single_source_positive,
HSD17B7,False,False,0,,0.0,0,negative_candidate,0.0
SPATA31D1,False,False,0,,0.0,0,negative_candidate,0.0
ZNF223,False,False,0,,0.0,0,negative_candidate,0.0
PIK3R4,True,False,1,NCG,1.0,1,single_source_positive,
URGCP,False,False,0,,0.0,0,negative_candidate,0.0
SHC4,False,False,0,,0.0,0,negative_candidate,0.0
KAT2B,False,False,0,,0.0,0,negative_candidate,0.0
SIAH2,False,False,0,,0.0,0,negative_candidate,0.0
ENTPD1,False,False,0,,0.0,0,negative_candidate,0.0
VEZT,False,False,0,,0.0,0,negative_candidate,0.0
MYOC,False,False,0,,0.0,0,negative_candidate,0.0
LYAR,False,False,0,,0.0,0,negative_candidate,0.0
TOB1,True,False,1,NCG,1.0,1,single_source_positive,
MCM3,False,False,0,,0.0,0,negative_candidate,0.0
PCSK4,False,False,0,,0.0,0,negative_candidate,0.0
TAF5L,False,False,0,,0.0,0,negative_candidate,0.0
ITGBL1,False,False,0,,0.0,0,negative_candidate,0.0
PALM2AKAP2,False,False,0,,0.0,0,negative_candidate,0.0
DLEC1,True,False,1,NCG,1.0,1,single_source_positive,
INSC,False,False,0,,0.0,0,negative_candidate,0.0
TBCD,True,False,1,NCG,1.0,1,single_source_positive,
SAMD9L,True,False,1,NCG,1.0,1,single_source_positive,
FPGT,False,False,0,,0.0,0,negative_candidate,0.0
C1QTNF4,False,False,0,,0.0,0,negative_candidate,0.0
NAIF1,False,False,0,,0.0,0,negative_candidate,0.0
KRT37,False,False,0,,0.0,0,negative_candidate,0.0
ARID4A,False,False,0,,0.0,0,negative_candidate,0.0
CRYZL1,False,False,0,,0.0,0,negative_candidate,0.0
MYBPC2,False,False,0,,0.0,0,negative_candidate,0.0
EIF4E,False,False,0,,0.0,0,negative_candidate,0.0
ATP10D,True,False,1,NCG,1.0,1,single_source_positive,
UBASH3B,False,False,0,,0.0,0,negative_candidate,0.0
FKBP14,False,False,0,,0.0,0,negative_candidate,0.0
FCGR2B,True,True,2,NCG;CIViC,1.0,1,high_confidence_positive,1.0
POLR1H,False,False,0,,0.0,0,negative_candidate,0.0
MBD5,False,False,0,,0.0,0,negative_candidate,0.0
CUEDC1,False,False,0,,0.0,0,negative_candidate,0.0
BRF2,False,False,0,,0.0,0,negative_candidate,0.0
OR10J5,False,False,0,,0.0,0,negative_candidate,0.0
FAM199X,False,False,0,,0.0,0,negative_candidate,0.0
TRGV5,False,False,0,,0.0,0,negative_candidate,0.0
RNF169,False,False,0,,0.0,0,negative_candidate,0.0
GNL1,False,False,0,,0.0,0,negative_candidate,0.0
NCKAP5L,False,False,0,,0.0,0,negative_candidate,0.0
PCDHGC4,False,False,0,,0.0,0,negative_candidate,0.0
USP17L2,False,False,0,,0.0,0,negative_candidate,0.0
ZBTB34,False,False,0,,0.0,0,negative_candidate,0.0
RBM14,False,False,0,,0.0,0,negative_candidate,0.0
ZNF430,False,True,1,CIViC,1.0,1,single_source_positive,
THOC1,False,False,0,,0.0,0,negative_candidate,0.0
TM4SF20,False,False,0,,0.0,0,negative_candidate,0.0
OSBPL1A,False,False,0,,0.0,0,negative_candidate,0.0
NOL9,True,True,2,NCG;CIViC,1.0,1,high_confidence_positive,1.0
LMTK2,False,False,0,,0.0,0,negative_candidate,0.0
SOCS6,False,False,0,,0.0,0,negative_candidate,0.0
STEAP4,False,False,0,,0.0,0,negative_candidate,0.0
SASH3,False,False,0,,0.0,0,negative_candidate,0.0
CPT1A,False,False,0,,0.0,0,negative_candidate,0.0
BUD13,False,False,0,,0.0,0,negative_candidate,0.0
TASOR2,False,False,0,,0.0,0,negative_candidate,0.0
NEUROD2,False,False,0,,0.0,0,negative_candidate,0.0
HELZ,False,False,0,,0.0,0,negative_candidate,0.0
PSTK,False,False,0,,0.0,0,negative_candidate,0.0
CCDC24,False,False,0,,0.0,0,negative_candidate,0.0
FAM76B,False,False,0,,0.0,0,negative_candidate,0.0
IGKV1-12,False,False,0,,0.0,0,negative_candidate,0.0
IGHE,False,False,0,,0.0,0,negative_candidate,0.0
CLEC17A,False,False,0,,0.0,0,negative_candidate,0.0
ZC3H12B,False,False,0,,0.0,0,negative_candidate,0.0
CAVIN3,False,False,0,,0.0,0,negative_candidate,0.0
LARP4,False,False,0,,0.0,0,negative_candidate,0.0
FOXO4,True,False,1,NCG,1.0,1,single_source_positive,
RETREG1,False,False,0,,0.0,0,negative_candidate,0.0
TAF8,False,False,0,,0.0,0,negative_candidate,0.0
GPR50,True,False,1,NCG,1.0,1,single_source_positive,
NAA30,False,False,0,,0.0,0,negative_candidate,0.0
SCFD1,False,False,0,,0.0,0,negative_candidate,0.0
C10ORF62,False,False,0,,0.0,0,negative_candidate,0.0
CCDC146,False,False,0,,0.0,0,negative_candidate,0.0
GLMP,False,False,0,,0.0,0,negative_candidate,0.0
KHDC3L,True,False,1,NCG,1.0,1,single_source_positive,
MIEF2,False,False,0,,0.0,0,negative_candidate,0.0
AP4B1,False,False,0,,0.0,0,negative_candidate,0.0
REV3L,True,False,1,NCG,1.0,1,single_source_positive,
MRPS28,False,False,0,,0.0,0,negative_candidate,0.0
AP3B1,False,False,0,,0.0,0,negative_candidate,0.0
ZFYVE21,False,False,0,,0.0,0,negative_candidate,0.0
CEPT1,False,False,0,,0.0,0,negative_candidate,0.0
GCC2,True,False,1,NCG,1.0,1,single_source_positive,
OPRK1,True,False,1,NCG,1.0,1,single_source_positive,
ZNF544,False,False,0,,0.0,0,negative_candidate,0.0
EMCN,False,False,0,,0.0,0,negative_candidate,0.0
TRIM37,True,False,1,NCG,1.0,1,single_source_positive,
TK2,False,False,0,,0.0,0,negative_candidate,0.0
GAL3ST2,False,False,0,,0.0,0,negative_candidate,0.0
MTUS1,False,False,0,,0.0,0,negative_candidate,0.0
L3MBTL4,False,False,0,,0.0,0,negative_candidate,0.0
COMMD3,False,False,0,,0.0,0,negative_candidate,0.0
GLI4,False,False,0,,0.0,0,negative_candidate,0.0
CYP4A11,True,False,1,NCG,1.0,1,single_source_positive,
SSTR2,False,False,0,,0.0,0,negative_candidate,0.0
CDX2,True,True,2,NCG;CIViC,1.0,1,high_confidence_positive,1.0
SNUPN,False,False,0,,0.0,0,negative_candidate,0.0
LAMP2,False,False,0,,0.0,0,negative_candidate,0.0
ALDH1L2,False,False,0,,0.0,0,negative_candidate,0.0
TRBC2,False,False,0,,0.0,0,negative_candidate,0.0
KIR2DL4,False,False,0,,0.0,0,negative_candidate,0.0
IPO13,False,False,0,,0.0,0,negative_candidate,0.0
PRRC1,False,False,0,,0.0,0,negative_candidate,0.0
BAG2,False,False,0,,0.0,0,negative_candidate,0.0
DCLK2,False,False,0,,0.0,0,negative_candidate,0.0
PIGP,False,False,0,,0.0,0,negative_candidate,0.0
MAP3K7,False,False,0,,0.0,0,negative_candidate,0.0
ERICH6,False,False,0,,0.0,0,negative_candidate,0.0
PBX4,False,False,0,,0.0,0,negative_candidate,0.0
HERC4,False,False,0,,0.0,0,negative_candidate,0.0
EMID1,False,False,0,,0.0,0,negative_candidate,0.0
MRPS5,False,False,0,,0.0,0,negative_candidate,0.0
DRAXIN,False,False,0,,0.0,0,negative_candidate,0.0
RASGRF1,False,True,1,CIViC,0.9,1,single_source_positive,
ANGEL1,False,False,0,,0.0,0,negative_candidate,0.0
C1QTNF8,False,False,0,,0.0,0,negative_candidate,0.0
CNOT11,False,False,0,,0.0,0,negative_candidate,0.0
DPYSL4,False,False,0,,0.0,0,negative_candidate,0.0
ZNF747,False,False,0,,0.0,0,negative_candidate,0.0
OR6A2,True,False,1,NCG,1.0,1,single_source_positive,
NCKAP1L,False,False,0,,0.0,0,negative_candidate,0.0
ZBTB7B,True,False,1,NCG,1.0,1,single_source_positive,
APAF1,False,False,0,,0.0,0,negative_candidate,0.0
MICAL2,False,False,0,,0.0,0,negative_candidate,0.0
RIOX2,False,False,0,,0.0,0,negative_candidate,0.0
POGLUT1,True,False,1,NCG,1.0,1,single_source_positive,
SOS2,False,False,0,,0.0,0,negative_candidate,0.0
KLK15,False,False,0,,0.0,0,negative_candidate,0.0
FRMD5,False,False,0,,0.0,0,negative_candidate,0.0
DCT,False,False,0,,0.0,0,negative_candidate,0.0
CCDC63,True,False,1,NCG,1.0,1,single_source_positive,
PPP1R16B,False,False,0,,0.0,0,negative_candidate,0.0
VEZF1,True,False,1,NCG,1.0,1,single_source_positive,
SULT1C3,False,False,0,,0.0,0,negative_candidate,0.0
ADAMTSL5,False,False,0,,0.0,0,negative_candidate,0.0
METTL2A,False,False,0,,0.0,0,negative_candidate,0.0
APBA3,False,False,0,,0.0,0,negative_candidate,0.0
ENTPD6,True,False,1,NCG,1.0,1,single_source_positive,
PLCZ1,False,False,0,,0.0,0,negative_candidate,0.0
SIGLEC15,False,False,0,,0.0,0,negative_candidate,0.0
SPHK2,False,False,0,,0.0,0,negative_candidate,0.0
AHCTF1,True,False,1,NCG,1.0,1,single_source_positive,
VENTX,False,False,0,,0.0,0,negative_candidate,0.0
PIK3C2A,True,False,1,NCG,1.0,1,single_source_positive,
S100A5,False,False,0,,0.0,0,negative_candidate,0.0
DUXA,True,False,1,NCG,1.0,1,single_source_positive,
CD200R1,False,False,0,,0.0,0,negative_candidate,0.0
PDZRN3,True,False,1,NCG,1.0,1,single_source_positive,
NABP1,True,False,1,NCG,1.0,1,single_source_positive,
CYP11A1,False,False,0,,0.0,0,negative_candidate,0.0
FTSJ3,False,False,0,,0.0,0,negative_candidate,0.0
PROSER1,True,False,1,NCG,1.0,1,single_source_positive,
JARID2,False,False,0,,0.0,0,negative_candidate,0.0
LUZP2,True,False,1,NCG,1.0,1,single_source_positive,
ESYT3,False,False,0,,0.0,0,negative_candidate,0.0
LRATD1,False,False,0,,0.0,0,negative_candidate,0.0
IGHV3-16,False,False,0,,0.0,0,negative_candidate,0.0
CPQ,True,False,1,NCG,1.0,1,single_source_positive,
MSANTD2,False,False,0,,0.0,0,negative_candidate,0.0
REL,True,True,2,NCG;CIViC,1.0,1,high_confidence_positive,1.0
SEMA5B,True,False,1,NCG,1.0,1,single_source_positive,
TJP1,True,False,1,NCG,1.0,1,single_source_positive,
THNSL2,False,False,0,,0.0,0,negative_candidate,0.0
TUB,False,False,0,,0.0,0,negative_candidate,0.0
SENP2,False,False,0,,0.0,0,negative_candidate,0.0
PCDHGA5,False,False,0,,0.0,0,negative_candidate,0.0
STAG3,True,True,2,NCG;CIViC,1.0,1,high_confidence_positive,1.0
AK7,False,False,0,,0.0,0,negative_candidate,0.0
SERPINA7,False,False,0,,0.0,0,negative_candidate,0.0
MPPE1,False,False,0,,0.0,0,negative_candidate,0.0
TAX1BP1,False,False,0,,0.0,0,negative_candidate,0.0
PRKCE,False,False,0,,0.0,0,negative_candidate,0.0
CREBRF,False,False,0,,0.0,0,negative_candidate,0.0
ASZ1,True,False,1,NCG,1.0,1,single_source_positive,
OR4A16,False,False,0,,0.0,0,negative_candidate,0.0
SLC12A1,False,False,0,,0.0,0,negative_candidate,0.0
CDH11,True,False,1,NCG,1.0,1,single_source_positive,
C16ORF92,False,False,0,,0.0,0,negative_candidate,0.0
CDC45,False,False,0,,0.0,0,negative_candidate,0.0
TRPC6,True,False,1,NCG,1.0,1,single_source_positive,
NOX4,True,False,1,NCG,1.0,1,single_source_positive,
TRMU,False,False,0,,0.0,0,negative_candidate,0.0
RPS6KA5,False,False,0,,0.0,0,negative_candidate,0.0
ACVR2B,True,False,1,NCG,1.0,1,single_source_positive,
VIRMA,True,False,1,NCG,1.0,1,single_source_positive,
JAZF1,False,False,0,,0.0,0,negative_candidate,0.0
MUC7,False,False,0,,0.0,0,negative_candidate,0.0
FRS3,False,False,0,,0.0,0,negative_candidate,0.0
PSD2,False,False,0,,0.0,0,negative_candidate,0.0
FAM89B,False,False,0,,0.0,0,negative_candidate,0.0
ZMYM3,True,False,1,NCG,1.0,1,single_source_positive,
GALNT16,False,False,0,,0.0,0,negative_candidate,0.0
ELMO2,False,False,0,,0.0,0,negative_candidate,0.0
DHX57,False,False,0,,0.0,0,negative_candidate,0.0
ITGA2B,False,False,0,,0.0,0,negative_candidate,0.0
KRT5,False,False,0,,0.0,0,negative_candidate,0.0
PHEX,False,False,0,,0.0,0,negative_candidate,0.0
POTEE,False,False,0,,0.0,0,negative_candidate,0.0
ZNF558,True,False,1,NCG,1.0,1,single_source_positive,
DNAI2,False,False,0,,0.0,0,negative_candidate,0.0
PRKD1,True,False,1,NCG,1.0,1,single_source_positive,
C9ORF64,False,False,0,,0.0,0,negative_candidate,0.0
FEZF2,False,False,0,,0.0,0,negative_candidate,0.0
TTYH2,False,False,0,,0.0,0,negative_candidate,0.0
ZNF605,True,False,1,NCG,1.0,1,single_source_positive,
TNNI2,False,False,0,,0.0,0,negative_candidate,0.0
MRGPRX3,False,False,0,,0.0,0,negative_candidate,0.0
GJB4,False,False,0,,0.0,0,negative_candidate,0.0
AGXT,False,False,0,,0.0,0,negative_candidate,0.0
PMEPA1,False,False,0,,0.0,0,negative_candidate,0.0
ESRRB,False,False,0,,0.0,0,negative_candidate,0.0
PON3,False,False,0,,0.0,0,negative_candidate,0.0
FAM124B,False,False,0,,0.0,0,negative_candidate,0.0
MTUS2,True,False,1,NCG,1.0,1,single_source_positive,
SLC25A13,False,False,0,,0.0,0,negative_candidate,0.0
C11ORF53,False,False,0,,0.0,0,negative_candidate,0.0
TRRAP,True,False,1,NCG,1.0,1,single_source_positive,
SIGLEC6,False,False,0,,0.0,0,negative_candidate,0.0
SIGLEC8,True,False,1,NCG,1.0,1,single_source_positive,
LIN52,False,False,0,,0.0,0,negative_candidate,0.0
CLEC4F,False,False,0,,0.0,0,negative_candidate,0.0
CCRL2,False,False,0,,0.0,0,negative_candidate,0.0
GRAMD1B,True,False,1,NCG,1.0,1,single_source_positive,
AADACL2,False,False,0,,0.0,0,negative_candidate,0.0
GADL1,False,False,0,,0.0,0,negative_candidate,0.0
SYT11,False,False,0,,0.0,0,negative_candidate,0.0
CACNB2,False,False,0,,0.0,0,negative_candidate,0.0
NYAP1,False,False,0,,0.0,0,negative_candidate,0.0
HS6ST1,False,False,0,,0.0,0,negative_candidate,0.0
OR2A2,True,False,1,NCG,1.0,1,single_source_positive,
QRSL1,False,False,0,,0.0,0,negative_candidate,0.0
SMTNL2,False,False,0,,0.0,0,negative_candidate,0.0
NME7,False,False,0,,0.0,0,negative_candidate,0.0
SLC26A3,True,False,1,NCG,1.0,1,single_source_positive,
GBP3,False,False,0,,0.0,0,negative_candidate,0.0
CAPSL,False,False,0,,0.0,0,negative_candidate,0.0
TAS2R1,False,False,0,,0.0,0,negative_candidate,0.0
CAPN5,False,False,0,,0.0,0,negative_candidate,0.0
XCL1,False,False,0,,0.0,0,negative_candidate,0.0
ZNF665,False,False,0,,0.0,0,negative_candidate,0.0
TREM2,False,False,0,,0.0,0,negative_candidate,0.0
CASP2,False,False,0,,0.0,0,negative_candidate,0.0
BMPR1A,True,False,1,NCG,1.0,1,single_source_positive,
SCN1A,False,False,0,,0.0,0,negative_candidate,0.0
PLEKHA1,False,False,0,,0.0,0,negative_candidate,0.0
ADRA1B,True,False,1,NCG,1.0,1,single_source_positive,
SLC4A5,True,False,1,NCG,1.0,1,single_source_positive,
SCML4,False,False,0,,0.0,0,negative_candidate,0.0
B4GAT1,False,False,0,,0.0,0,negative_candidate,0.0
SCAF11,False,False,0,,0.0,0,negative_candidate,0.0
SLC24A1,False,False,0,,0.0,0,negative_candidate,0.0
CKM,False,False,0,,0.0,0,negative_candidate,0.0
HOXC9,False,False,0,,0.0,0,negative_candidate,0.0
KHNYN,False,False,0,,0.0,0,negative_candidate,0.0
DTL,True,False,1,NCG,1.0,1,single_source_positive,
SHOC2,False,False,0,,0.0,0,negative_candidate,0.0
PSMD1,False,False,0,,0.0,0,negative_candidate,0.0
TMX3,True,False,1,NCG,1.0,1,single_source_positive,
MED12,True,False,1,NCG,1.0,1,single_source_positive,
NSUN4,False,False,0,,0.0,0,negative_candidate,0.0
POMGNT1,False,False,0,,0.0,0,negative_candidate,0.0
INPP5E,False,False,0,,0.0,0,negative_candidate,0.0
BTBD10,False,False,0,,0.0,0,negative_candidate,0.0
DNAI3,False,False,0,,0.0,0,negative_candidate,0.0
CAMKK1,False,False,0,,0.0,0,negative_candidate,0.0
SLC13A2,False,False,0,,0.0,0,negative_candidate,0.0
CD2AP,False,False,0,,0.0,0,negative_candidate,0.0
CIZ1,True,False,1,NCG,1.0,1,single_source_positive,
PCDHGA4,False,False,0,,0.0,0,negative_candidate,0.0
PWWP3A,False,False,0,,0.0,0,negative_candidate,0.0
TBK1,True,True,2,NCG;CIViC,1.0,1,high_confidence_positive,1.0
RAPGEF2,False,False,0,,0.0,0,negative_candidate,0.0
NOL11,False,False,0,,0.0,0,negative_candidate,0.0
MTERF4,False,False,0,,0.0,0,negative_candidate,0.0
CEP97,False,False,0,,0.0,0,negative_candidate,0.0
NDUFB5,False,False,0,,0.0,0,negative_candidate,0.0
THAP12,True,False,1,NCG,1.0,1,single_source_positive,
WWP2,False,False,0,,0.0,0,negative_candidate,0.0
UVRAG,False,False,0,,0.0,0,negative_candidate,0.0
FN1,False,True,1,CIViC,0.9,1,single_source_positive,
ABCA2,False,False,0,,0.0,0,negative_candidate,0.0
YY2,False,False,0,,0.0,0,negative_candidate,0.0
CFI,False,False,0,,0.0,0,negative_candidate,0.0
SPINDOC,False,False,0,,0.0,0,negative_candidate,0.0
MTMR6,False,False,0,,0.0,0,negative_candidate,0.0
NCOA1,False,True,1,CIViC,1.0,1,single_source_positive,
GRP,False,False,0,,0.0,0,negative_candidate,0.0
ATG16L1,False,False,0,,0.0,0,negative_candidate,0.0
SOCS7,False,False,0,,0.0,0,negative_candidate,0.0
MYCBP2,True,False,1,NCG,1.0,1,single_source_positive,
ELMOD3,False,False,0,,0.0,0,negative_candidate,0.0
JPH3,False,False,0,,0.0,0,negative_candidate,0.0
FOXC2,False,True,1,CIViC,0.9,1,single_source_positive,
TCHHL1,False,False,0,,0.0,0,negative_candidate,0.0
H2AC21,False,False,0,,0.0,0,negative_candidate,0.0
MYOM1,False,False,0,,0.0,0,negative_candidate,0.0
LMBRD1,False,False,0,,0.0,0,negative_candidate,0.0
CCDC65,False,False,0,,0.0,0,negative_candidate,0.0
MTM1,False,False,0,,0.0,0,negative_candidate,0.0
ERBB3,True,True,2,NCG;CIViC,1.0,1,high_confidence_positive,1.0
MBD1,True,False,1,NCG,1.0,1,single_source_positive,
RIPOR2,True,False,1,NCG,1.0,1,single_source_positive,
HABP4,False,False,0,,0.0,0,negative_candidate,0.0
TREX2,False,False,0,,0.0,0,negative_candidate,0.0
ENAH,False,False,0,,0.0,0,negative_candidate,0.0
PHRF1,False,False,0,,0.0,0,negative_candidate,0.0
FAHD2A,False,False,0,,0.0,0,negative_candidate,0.0
PCSK6,True,False,1,NCG,1.0,1,single_source_positive,
ATP13A2,False,False,0,,0.0,0,negative_candidate,0.0
DSCAML1,False,False,0,,0.0,0,negative_candidate,0.0
ZNF284,False,False,0,,0.0,0,negative_candidate,0.0
ARMT1,False,False,0,,0.0,0,negative_candidate,0.0
POU3F3,True,False,1,NCG,1.0,1,single_source_positive,
AZI2,True,False,1,NCG,1.0,1,single_source_positive,
ZNF667,False,False,0,,0.0,0,negative_candidate,0.0
OSBPL10,False,True,1,CIViC,0.9,1,single_source_positive,
SELP,True,False,1,NCG,1.0,1,single_source_positive,
BRPF3,True,False,1,NCG,1.0,1,single_source_positive,
TUBD1,False,False,0,,0.0,0,negative_candidate,0.0
FZD2,False,False,0,,0.0,0,negative_candidate,0.0
TRPV1,False,False,0,,0.0,0,negative_candidate,0.0
SNAP23,False,False,0,,0.0,0,negative_candidate,0.0
COL1A1,True,True,2,NCG;CIViC,1.0,1,high_confidence_positive,1.0
MRI1,False,False,0,,0.0,0,negative_candidate,0.0
C14ORF39,False,False,0,,0.0,0,negative_candidate,0.0
AMY1A,False,False,0,,0.0,0,negative_candidate,0.0
CD86,True,False,1,NCG,1.0,1,single_source_positive,
VGLL1,False,False,0,,0.0,0,negative_candidate,0.0
CUL4B,True,False,1,NCG,1.0,1,single_source_positive,
F2R,False,False,0,,0.0,0,negative_candidate,0.0
FAM210A,False,False,0,,0.0,0,negative_candidate,0.0
STAM2,True,False,1,NCG,1.0,1,single_source_positive,
EIF4E3,False,False,0,,0.0,0,negative_candidate,0.0
FLNC,False,False,0,,0.0,0,negative_candidate,0.0
SLC25A30,False,False,0,,0.0,0,negative_candidate,0.0
DMRTA1,False,False,0,,0.0,0,negative_candidate,0.0
PABPC5,False,False,0,,0.0,0,negative_candidate,0.0
ACACA,False,False,0,,0.0,0,negative_candidate,0.0
PPRC1,False,False,0,,0.0,0,negative_candidate,0.0
GFER,False,False,0,,0.0,0,negative_candidate,0.0
DCLRE1B,False,False,0,,0.0,0,negative_candidate,0.0
CLEC3A,False,False,0,,0.0,0,negative_candidate,0.0
CALHM4,False,False,0,,0.0,0,negative_candidate,0.0
CARD18,False,False,0,,0.0,0,negative_candidate,0.0
DYSF,True,False,1,NCG,1.0,1,single_source_positive,
RABGGTB,False,False,0,,0.0,0,negative_candidate,0.0
NECTIN3,False,False,0,,0.0,0,negative_candidate,0.0
PRPF3,True,False,1,NCG,1.0,1,single_source_positive,
ELF2,False,False,0,,0.0,0,negative_candidate,0.0
ZNF229,False,False,0,,0.0,0,negative_candidate,0.0
TMC3,True,False,1,NCG,1.0,1,single_source_positive,
ME1,False,False,0,,0.0,0,negative_candidate,0.0
APEX2,False,False,0,,0.0,0,negative_candidate,0.0
PTPN11,True,True,2,NCG;CIViC,1.0,1,high_confidence_positive,1.0
OFD1,True,True,2,NCG;CIViC,1.0,1,high_confidence_positive,1.0
ABCC6,False,False,0,,0.0,0,negative_candidate,0.0
STK39,False,False,0,,0.0,0,negative_candidate,0.0
TRPV4,False,False,0,,0.0,0,negative_candidate,0.0
RTL8B,False,False,0,,0.0,0,negative_candidate,0.0
SLC22A16,False,False,0,,0.0,0,negative_candidate,0.0
TMCO5A,False,False,0,,0.0,0,negative_candidate,0.0
CASD1,False,False,0,,0.0,0,negative_candidate,0.0
TACC3,False,True,1,CIViC,1.0,1,single_source_positive,
RHEX,False,False,0,,0.0,0,negative_candidate,0.0
MUC15,False,False,0,,0.0,0,negative_candidate,0.0
RAB11FIP5,False,False,0,,0.0,0,negative_candidate,0.0
TSG101,False,False,0,,0.0,0,negative_candidate,0.0
TMTC2,True,False,1,NCG,1.0,1,single_source_positive,
SFMBT2,False,False,0,,0.0,0,negative_candidate,0.0
ESF1,False,False,0,,0.0,0,negative_candidate,0.0
IGHV1-18,False,False,0,,0.0,0,negative_candidate,0.0
ZNF337,False,False,0,,0.0,0,negative_candidate,0.0
CSTL1,False,False,0,,0.0,0,negative_candidate,0.0
UNC80,True,False,1,NCG,1.0,1,single_source_positive,
F12,False,False,0,,0.0,0,negative_candidate,0.0
TRAPPC10,False,False,0,,0.0,0,negative_candidate,0.0
TMPRSS7,False,False,0,,0.0,0,negative_candidate,0.0
DGKK,False,False,0,,0.0,0,negative_candidate,0.0
IGHV3-21,False,False,0,,0.0,0,negative_candidate,0.0
NPY5R,False,False,0,,0.0,0,negative_candidate,0.0
NKAPL,False,False,0,,0.0,0,negative_candidate,0.0
ATP13A4,True,False,1,NCG,1.0,1,single_source_positive,
SYNPR,False,False,0,,0.0,0,negative_candidate,0.0
KLHL25,False,False,0,,0.0,0,negative_candidate,0.0
NUP160,False,False,0,,0.0,0,negative_candidate,0.0
TMEM108,False,False,0,,0.0,0,negative_candidate,0.0
IDH3A,False,False,0,,0.0,0,negative_candidate,0.0
TBC1D23,False,False,0,,0.0,0,negative_candidate,0.0
UTP6,False,False,0,,0.0,0,negative_candidate,0.0
CEP78,False,False,0,,0.0,0,negative_candidate,0.0
BNC2,True,False,1,NCG,1.0,1,single_source_positive,
RPTOR,True,False,1,NCG,1.0,1,single_source_positive,
PPP1R13B,False,False,0,,0.0,0,negative_candidate,0.0
BIN2,False,False,0,,0.0,0,negative_candidate,0.0
RESF1,True,False,1,NCG,1.0,1,single_source_positive,
RDH12,False,False,0,,0.0,0,negative_candidate,0.0
RILPL1,False,False,0,,0.0,0,negative_candidate,0.0
ZNF761,False,False,0,,0.0,0,negative_candidate,0.0
HMBOX1,False,False,0,,0.0,0,negative_candidate,0.0
GLA,False,False,0,,0.0,0,negative_candidate,0.0
DLX4,False,False,0,,0.0,0,negative_candidate,0.0
NT5C1B,False,False,0,,0.0,0,negative_candidate,0.0
CLSTN2,True,False,1,NCG,1.0,1,single_source_positive,
TTR,False,False,0,,0.0,0,negative_candidate,0.0
MAPK8IP1,True,False,1,NCG,1.0,1,single_source_positive,
RANBP6,True,False,1,NCG,1.0,1,single_source_positive,
GBGT1,False,False,0,,0.0,0,negative_candidate,0.0
SLAMF7,False,False,0,,0.0,0,negative_candidate,0.0
CEP135,False,False,0,,0.0,0,negative_candidate,0.0
ANKS3,False,False,0,,0.0,0,negative_candidate,0.0
RNF112,False,False,0,,0.0,0,negative_candidate,0.0
SOX1,False,False,0,,0.0,0,negative_candidate,0.0
TTC3,False,False,0,,0.0,0,negative_candidate,0.0
ZRANB1,False,False,0,,0.0,0,negative_candidate,0.0
STIM2,True,False,1,NCG,1.0,1,single_source_positive,
SLC34A1,False,False,0,,0.0,0,negative_candidate,0.0
HEATR5B,False,False,0,,0.0,0,negative_candidate,0.0
USPL1,False,False,0,,0.0,0,negative_candidate,0.0
UGT1A8,False,False,0,,0.0,0,negative_candidate,0.0
CD5L,False,False,0,,0.0,0,negative_candidate,0.0
CSE1L,False,False,0,,0.0,0,negative_candidate,0.0
SLC7A7,False,False,0,,0.0,0,negative_candidate,0.0
CCL15,False,False,0,,0.0,0,negative_candidate,0.0
TBPL1,False,False,0,,0.0,0,negative_candidate,0.0
CFHR2,True,False,1,NCG,1.0,1,single_source_positive,
LY9,False,False,0,,0.0,0,negative_candidate,0.0
SRPK3,False,False,0,,0.0,0,negative_candidate,0.0
TTC39B,False,False,0,,0.0,0,negative_candidate,0.0
NEIL1,False,False,0,,0.0,0,negative_candidate,0.0
MARS2,False,False,0,,0.0,0,negative_candidate,0.0
CMSS1,False,False,0,,0.0,0,negative_candidate,0.0
PLAGL1,False,False,0,,0.0,0,negative_candidate,0.0
TNFAIP8L3,True,False,1,NCG,1.0,1,single_source_positive,
SLC2A14,False,False,0,,0.0,0,negative_candidate,0.0
PEX11A,False,False,0,,0.0,0,negative_candidate,0.0
RNPC3,False,False,0,,0.0,0,negative_candidate,0.0
PPIG,True,False,1,NCG,1.0,1,single_source_positive,
GAPT,False,False,0,,0.0,0,negative_candidate,0.0
FGF7,False,False,0,,0.0,0,negative_candidate,0.0
KLRC4,False,False,0,,0.0,0,negative_candidate,0.0
RAD52,False,False,0,,0.0,0,negative_candidate,0.0
CNRIP1,False,False,0,,0.0,0,negative_candidate,0.0
DPY19L2,False,False,0,,0.0,0,negative_candidate,0.0
ANKRD37,False,False,0,,0.0,0,negative_candidate,0.0
CYP4F22,True,False,1,NCG,1.0,1,single_source_positive,
FBN3,True,False,1,NCG,1.0,1,single_source_positive,
IGHV3-48,False,False,0,,0.0,0,negative_candidate,0.0
MCHR2,True,False,1,NCG,1.0,1,single_source_positive,
RNF183,False,False,0,,0.0,0,negative_candidate,0.0
CCDC185,False,False,0,,0.0,0,negative_candidate,0.0
CHID1,False,False,0,,0.0,0,negative_candidate,0.0
OR52K1,False,False,0,,0.0,0,negative_candidate,0.0
GRIN2B,False,False,0,,0.0,0,negative_candidate,0.0
PLEKHG7,False,False,0,,0.0,0,negative_candidate,0.0
SLC16A12,False,False,0,,0.0,0,negative_candidate,0.0
GLB1L,False,False,0,,0.0,0,negative_candidate,0.0
DHX30,True,False,1,NCG,1.0,1,single_source_positive,
GALR2,False,False,0,,0.0,0,negative_candidate,0.0
CPLX1,False,False,0,,0.0,0,negative_candidate,0.0
SKIV2L,False,False,0,,0.0,0,negative_candidate,0.0
IL1B,True,False,1,NCG,1.0,1,single_source_positive,
OR13H1,False,False,0,,0.0,0,negative_candidate,0.0
CLEC2D,False,False,0,,0.0,0,negative_candidate,0.0
KSR2,False,False,0,,0.0,0,negative_candidate,0.0
TMEM106A,False,False,0,,0.0,0,negative_candidate,0.0
UBA6,True,False,1,NCG,1.0,1,single_source_positive,
DENND6B,False,False,0,,0.0,0,negative_candidate,0.0
ATRN,False,False,0,,0.0,0,negative_candidate,0.0
SUGT1,False,False,0,,0.0,0,negative_candidate,0.0
JAM3,False,False,0,,0.0,0,negative_candidate,0.0
CACHD1,True,False,1,NCG,1.0,1,single_source_positive,
CHRM4,False,False,0,,0.0,0,negative_candidate,0.0
SUV39H2,False,False,0,,0.0,0,negative_candidate,0.0
FAM162B,False,False,0,,0.0,0,negative_candidate,0.0
RNF8,False,False,0,,0.0,0,negative_candidate,0.0
TGFBR1,True,False,1,NCG,1.0,1,single_source_positive,
GNAT3,False,True,1,CIViC,0.9,1,single_source_positive,
RUNX2,False,False,0,,0.0,0,negative_candidate,0.0
GAST,False,False,0,,0.0,0,negative_candidate,0.0
IZUMO1,False,False,0,,0.0,0,negative_candidate,0.0
C1ORF189,False,False,0,,0.0,0,negative_candidate,0.0
ROCK2,False,False,0,,0.0,0,negative_candidate,0.0
RAB25,False,False,0,,0.0,0,negative_candidate,0.0
ZNF331,True,False,1,NCG,1.0,1,single_source_positive,
EFS,False,False,0,,0.0,0,negative_candidate,0.0
CATSPER1,False,False,0,,0.0,0,negative_candidate,0.0
SERINC5,False,False,0,,0.0,0,negative_candidate,0.0
FN3KRP,True,False,1,NCG,1.0,1,single_source_positive,
SLC25A47,False,False,0,,0.0,0,negative_candidate,0.0
NUDCD1,False,False,0,,0.0,0,negative_candidate,0.0
CFAP69,False,False,0,,0.0,0,negative_candidate,0.0
IGHV3-33,False,False,0,,0.0,0,negative_candidate,0.0
TGM4,False,False,0,,0.0,0,negative_candidate,0.0
GRXCR2,False,False,0,,0.0,0,negative_candidate,0.0
TTLL12,False,False,0,,0.0,0,negative_candidate,0.0
BAZ2B,True,False,1,NCG,1.0,1,single_source_positive,
KDM3B,False,False,0,,0.0,0,negative_candidate,0.0
WDR70,False,False,0,,0.0,0,negative_candidate,0.0
ZNF534,False,False,0,,0.0,0,negative_candidate,0.0
CLN8,False,False,0,,0.0,0,negative_candidate,0.0
RGPD1,False,False,0,,0.0,0,negative_candidate,0.0
FBXL16,False,False,0,,0.0,0,negative_candidate,0.0
ALOX15,False,False,0,,0.0,0,negative_candidate,0.0
ELAPOR2,False,False,0,,0.0,0,negative_candidate,0.0
ELSPBP1,False,False,0,,0.0,0,negative_candidate,0.0
FGFRL1,False,False,0,,0.0,0,negative_candidate,0.0
CADM1,False,False,0,,0.0,0,negative_candidate,0.0
ZNF566,False,False,0,,0.0,0,negative_candidate,0.0
CD300LB,False,False,0,,0.0,0,negative_candidate,0.0
SCRIB,False,False,0,,0.0,0,negative_candidate,0.0
PARP15,False,False,0,,0.0,0,negative_candidate,0.0
HHIPL1,False,False,0,,0.0,0,negative_candidate,0.0
ENPP2,False,False,0,,0.0,0,negative_candidate,0.0
FGG,False,False,0,,0.0,0,negative_candidate,0.0
RC3H1,False,False,0,,0.0,0,negative_candidate,0.0
BPNT1,False,False,0,,0.0,0,negative_candidate,0.0
TREML1,False,False,0,,0.0,0,negative_candidate,0.0
PBRM1,True,True,2,NCG;CIViC,1.0,1,high_confidence_positive,1.0
PRDM14,False,False,0,,0.0,0,negative_candidate,0.0
INCENP,False,False,0,,0.0,0,negative_candidate,0.0
MCM6,False,False,0,,0.0,0,negative_candidate,0.0
IL1R2,False,False,0,,0.0,0,negative_candidate,0.0
SPRTN,False,False,0,,0.0,0,negative_candidate,0.0
IGLV8-61,False,False,0,,0.0,0,negative_candidate,0.0
ACTR3B,False,False,0,,0.0,0,negative_candidate,0.0
TRIOBP,True,False,1,NCG,1.0,1,single_source_positive,
ZNF614,False,False,0,,0.0,0,negative_candidate,0.0
SH3RF1,False,False,0,,0.0,0,negative_candidate,0.0
IVD,False,False,0,,0.0,0,negative_candidate,0.0
GGT7,False,False,0,,0.0,0,negative_candidate,0.0
SSUH2,False,False,0,,0.0,0,negative_candidate,0.0
TMEM209,False,False,0,,0.0,0,negative_candidate,0.0
CC2D1B,False,False,0,,0.0,0,negative_candidate,0.0
CSN1S1,False,False,0,,0.0,0,negative_candidate,0.0
RND3,False,False,0,,0.0,0,negative_candidate,0.0
CBX4,False,False,0,,0.0,0,negative_candidate,0.0
MMP8,False,False,0,,0.0,0,negative_candidate,0.0
KCNN4,False,False,0,,0.0,0,negative_candidate,0.0
PCDHA9,False,False,0,,0.0,0,negative_candidate,0.0
APOA4,False,False,0,,0.0,0,negative_candidate,0.0
PASK,True,False,1,NCG,1.0,1,single_source_positive,
CDKL5,False,False,0,,0.0,0,negative_candidate,0.0
CAMKV,False,False,0,,0.0,0,negative_candidate,0.0
FLT1,True,False,1,NCG,1.0,1,single_source_positive,
ZFR,False,False,0,,0.0,0,negative_candidate,0.0
TRMT2B,False,False,0,,0.0,0,negative_candidate,0.0
IL11RA,False,False,0,,0.0,0,negative_candidate,0.0
SLC5A4,False,False,0,,0.0,0,negative_candidate,0.0
CCDC126,False,False,0,,0.0,0,negative_candidate,0.0
FTCD,True,False,1,NCG,1.0,1,single_source_positive,
ZNF18,False,False,0,,0.0,0,negative_candidate,0.0
ANGPTL3,False,False,0,,0.0,0,negative_candidate,0.0
JAG2,False,False,0,,0.0,0,negative_candidate,0.0
C1ORF50,False,False,0,,0.0,0,negative_candidate,0.0
ZNF251,False,False,0,,0.0,0,negative_candidate,0.0
TUBG1,False,False,0,,0.0,0,negative_candidate,0.0
GJA5,False,False,0,,0.0,0,negative_candidate,0.0
ASIC5,False,False,0,,0.0,0,negative_candidate,0.0
CCDC93,False,False,0,,0.0,0,negative_candidate,0.0
AMER3,False,False,0,,0.0,0,negative_candidate,0.0
RAB23,False,False,0,,0.0,0,negative_candidate,0.0
LCP2,False,False,0,,0.0,0,negative_candidate,0.0
TMEM168,False,False,0,,0.0,0,negative_candidate,0.0
WWTR1,True,True,2,NCG;CIViC,1.0,1,high_confidence_positive,1.0
ERMAP,False,False,0,,0.0,0,negative_candidate,0.0
TRGC1,False,False,0,,0.0,0,negative_candidate,0.0
PCBP3,True,False,1,NCG,1.0,1,single_source_positive,
DEGS2,False,False,0,,0.0,0,negative_candidate,0.0
XPNPEP1,False,False,0,,0.0,0,negative_candidate,0.0
DUSP22,False,False,0,,0.0,0,negative_candidate,0.0
CEACAM19,False,False,0,,0.0,0,negative_candidate,0.0
MAN1C1,False,False,0,,0.0,0,negative_candidate,0.0
CKMT2,False,False,0,,0.0,0,negative_candidate,0.0
BRD4,True,True,2,NCG;CIViC,1.0,1,high_confidence_positive,1.0
AMBRA1,False,False,0,,0.0,0,negative_candidate,0.0
CHTOP,False,False,0,,0.0,0,negative_candidate,0.0
C1ORF141,False,False,0,,0.0,0,negative_candidate,0.0
CTPS2,False,False,0,,0.0,0,negative_candidate,0.0
STK17B,False,False,0,,0.0,0,negative_candidate,0.0
DUSP10,False,False,0,,0.0,0,negative_candidate,0.0
RASEF,False,False,0,,0.0,0,negative_candidate,0.0
PAK1IP1,False,False,0,,0.0,0,negative_candidate,0.0
TLX1,True,False,1,NCG,1.0,1,single_source_positive,
UPK2,False,False,0,,0.0,0,negative_candidate,0.0
CDC5L,True,False,1,NCG,1.0,1,single_source_positive,
SPATA4,False,False,0,,0.0,0,negative_candidate,0.0
IGSF5,False,False,0,,0.0,0,negative_candidate,0.0
RTKN2,False,False,0,,0.0,0,negative_candidate,0.0
DPY19L4,False,False,0,,0.0,0,negative_candidate,0.0
SOX8,False,False,0,,0.0,0,negative_candidate,0.0
ADGRB2,False,False,0,,0.0,0,negative_candidate,0.0
SLC25A18,False,False,0,,0.0,0,negative_candidate,0.0
CHD8,True,True,2,NCG;CIViC,1.0,1,high_confidence_positive,1.0
PLXDC2,False,False,0,,0.0,0,negative_candidate,0.0
KLRD1,False,False,0,,0.0,0,negative_candidate,0.0
DSG1,True,False,1,NCG,1.0,1,single_source_positive,
RSF1,False,True,1,CIViC,1.0,1,single_source_positive,
GSTM1,False,False,0,,0.0,0,negative_candidate,0.0
SMARCA5,False,False,0,,0.0,0,negative_candidate,0.0
HAO1,False,False,0,,0.0,0,negative_candidate,0.0
CELF2,False,False,0,,0.0,0,negative_candidate,0.0
MIB1,False,False,0,,0.0,0,negative_candidate,0.0
IGHV1-2,False,False,0,,0.0,0,negative_candidate,0.0
ZNF75A,False,False,0,,0.0,0,negative_candidate,0.0
IGHV3-73,False,False,0,,0.0,0,negative_candidate,0.0
MRGBP,False,False,0,,0.0,0,negative_candidate,0.0
NOC4L,False,False,0,,0.0,0,negative_candidate,0.0
ERLEC1,False,False,0,,0.0,0,negative_candidate,0.0
PSG8,False,False,0,,0.0,0,negative_candidate,0.0
KIAA0586,False,False,0,,0.0,0,negative_candidate,0.0
NANP,True,False,1,NCG,1.0,1,single_source_positive,
AMELX,False,False,0,,0.0,0,negative_candidate,0.0
STX19,False,False,0,,0.0,0,negative_candidate,0.0
H2BC11,True,False,1,NCG,1.0,1,single_source_positive,
LMX1A,True,False,1,NCG,1.0,1,single_source_positive,
DNAAF2,False,False,0,,0.0,0,negative_candidate,0.0
SIMC1,False,False,0,,0.0,0,negative_candidate,0.0
CDK15,False,False,0,,0.0,0,negative_candidate,0.0
SRSF10,False,False,0,,0.0,0,negative_candidate,0.0
AWAT1,False,False,0,,0.0,0,negative_candidate,0.0
HPCA,False,False,0,,0.0,0,negative_candidate,0.0
SEMA4G,False,False,0,,0.0,0,negative_candidate,0.0
ALPP,False,False,0,,0.0,0,negative_candidate,0.0
GPR107,True,False,1,NCG,1.0,1,single_source_positive,
RRM1,False,True,1,CIViC,1.0,1,single_source_positive,
SLC5A3,True,False,1,NCG,1.0,1,single_source_positive,
BLM,True,False,1,NCG,1.0,1,single_source_positive,
A1CF,True,False,1,NCG,1.0,1,single_source_positive,
COX16,False,False,0,,0.0,0,negative_candidate,0.0
GABRR1,False,False,0,,0.0,0,negative_candidate,0.0
TYR,False,True,1,CIViC,0.9,1,single_source_positive,
SYDE2,False,False,0,,0.0,0,negative_candidate,0.0
SYMPK,False,False,0,,0.0,0,negative_candidate,0.0
HOXB3,False,False,0,,0.0,0,negative_candidate,0.0
ALDH1A3,False,False,0,,0.0,0,negative_candidate,0.0
ARMCX2,False,False,0,,0.0,0,negative_candidate,0.0
CGA,False,False,0,,0.0,0,negative_candidate,0.0
MDC1,True,False,1,NCG,1.0,1,single_source_positive,
TNS3,False,False,0,,0.0,0,negative_candidate,0.0
PARP8,False,False,0,,0.0,0,negative_candidate,0.0
SLC6A5,False,False,0,,0.0,0,negative_candidate,0.0
ACSBG1,False,False,0,,0.0,0,negative_candidate,0.0
YIPF7,False,False,0,,0.0,0,negative_candidate,0.0
ATE1,False,False,0,,0.0,0,negative_candidate,0.0
ADAM8,False,False,0,,0.0,0,negative_candidate,0.0
DIDO1,False,False,0,,0.0,0,negative_candidate,0.0
HCST,False,False,0,,0.0,0,negative_candidate,0.0
LTN1,False,False,0,,0.0,0,negative_candidate,0.0
MYO7B,False,False,0,,0.0,0,negative_candidate,0.0
RTL9,True,False,1,NCG,1.0,1,single_source_positive,
FAAH2,True,False,1,NCG,1.0,1,single_source_positive,
FAM91A1,False,False,0,,0.0,0,negative_candidate,0.0
UTS2B,False,False,0,,0.0,0,negative_candidate,0.0
CMKLR1,True,False,1,NCG,1.0,1,single_source_positive,
LHX9,False,False,0,,0.0,0,negative_candidate,0.0
RBBP8,False,False,0,,0.0,0,negative_candidate,0.0
LETMD1,False,False,0,,0.0,0,negative_candidate,0.0
CACNA1F,False,False,0,,0.0,0,negative_candidate,0.0
SMC1B,True,False,1,NCG,1.0,1,single_source_positive,
EIF4ENIF1,False,False,0,,0.0,0,negative_candidate,0.0
DCAF1,True,False,1,NCG,1.0,1,single_source_positive,
TMEM175,False,False,0,,0.0,0,negative_candidate,0.0
ACCS,False,False,0,,0.0,0,negative_candidate,0.0
ENTPD5,False,False,0,,0.0,0,negative_candidate,0.0
ORC1,False,True,1,CIViC,0.9,1,single_source_positive,
COL21A1,True,False,1,NCG,1.0,1,single_source_positive,
PCDHB1,True,False,1,NCG,1.0,1,single_source_positive,
MEAK7,False,False,0,,0.0,0,negative_candidate,0.0
TERB2,False,False,0,,0.0,0,negative_candidate,0.0
USP9X,True,False,1,NCG,1.0,1,single_source_positive,
AGPS,False,False,0,,0.0,0,negative_candidate,0.0
PRMT5,True,False,1,NCG,1.0,1,single_source_positive,
FGF12,False,False,0,,0.0,0,negative_candidate,0.0
DNAJB5,False,False,0,,0.0,0,negative_candidate,0.0
GPATCH8,True,False,1,NCG,1.0,1,single_source_positive,
INTS5,False,False,0,,0.0,0,negative_candidate,0.0
TBC1D5,False,False,0,,0.0,0,negative_candidate,0.0
HPSE,False,False,0,,0.0,0,negative_candidate,0.0
GPR152,False,False,0,,0.0,0,negative_candidate,0.0
EMC1,False,False,0,,0.0,0,negative_candidate,0.0
ZNF689,False,False,0,,0.0,0,negative_candidate,0.0
XAF1,False,False,0,,0.0,0,negative_candidate,0.0
TACC2,False,False,0,,0.0,0,negative_candidate,0.0
HIPK2,True,False,1,NCG,1.0,1,single_source_positive,
SLC2A10,False,False,0,,0.0,0,negative_candidate,0.0
OR51B4,False,False,0,,0.0,0,negative_candidate,0.0
PCNX1,False,False,0,,0.0,0,negative_candidate,0.0
PPP1R36,False,False,0,,0.0,0,negative_candidate,0.0
ACOT11,False,False,0,,0.0,0,negative_candidate,0.0
SPOPL,False,False,0,,0.0,0,negative_candidate,0.0
POTEM,False,False,0,,0.0,0,negative_candidate,0.0
NAE1,False,False,0,,0.0,0,negative_candidate,0.0
GGTLC1,False,False,0,,0.0,0,negative_candidate,0.0
TAC3,False,False,0,,0.0,0,negative_candidate,0.0
SHROOM3,True,False,1,NCG,1.0,1,single_source_positive,
COX10,False,False,0,,0.0,0,negative_candidate,0.0
ALG9,False,False,0,,0.0,0,negative_candidate,0.0
CLIC6,False,False,0,,0.0,0,negative_candidate,0.0
CNOT2,False,False,0,,0.0,0,negative_candidate,0.0
PZP,True,False,1,NCG,1.0,1,single_source_positive,
TSPYL6,False,False,0,,0.0,0,negative_candidate,0.0
CAD,False,True,1,CIViC,1.0,1,single_source_positive,
ANAPC2,False,False,0,,0.0,0,negative_candidate,0.0
LMNTD2,True,False,1,NCG,1.0,1,single_source_positive,
DCBLD2,False,False,0,,0.0,0,negative_candidate,0.0
HECTD1,True,False,1,NCG,1.0,1,single_source_positive,
SMG1,True,False,1,NCG,1.0,1,single_source_positive,
GJA10,False,False,0,,0.0,0,negative_candidate,0.0
SUSD4,False,False,0,,0.0,0,negative_candidate,0.0
EPHB2,False,True,1,CIViC,0.9,1,single_source_positive,
MAST2,False,False,0,,0.0,0,negative_candidate,0.0
ZNF12,False,False,0,,0.0,0,negative_candidate,0.0
TMEM67,False,False,0,,0.0,0,negative_candidate,0.0
LYL1,True,False,1,NCG,1.0,1,single_source_positive,
KDM4A,False,False,0,,0.0,0,negative_candidate,0.0
MYL5,False,False,0,,0.0,0,negative_candidate,0.0
SEC23A,False,False,0,,0.0,0,negative_candidate,0.0
P4HA1,False,False,0,,0.0,0,negative_candidate,0.0
H1-3,True,True,2,NCG;CIViC,1.0,1,high_confidence_positive,1.0
EXD3,False,False,0,,0.0,0,negative_candidate,0.0
RCOR1,False,False,0,,0.0,0,negative_candidate,0.0
RAI14,False,False,0,,0.0,0,negative_candidate,0.0
CRLF1,False,False,0,,0.0,0,negative_candidate,0.0
ADAMTSL3,True,False,1,NCG,1.0,1,single_source_positive,
STX3,False,False,0,,0.0,0,negative_candidate,0.0
CHST6,False,False,0,,0.0,0,negative_candidate,0.0
ILDR1,False,False,0,,0.0,0,negative_candidate,0.0
RGS6,False,False,0,,0.0,0,negative_candidate,0.0
NFIA,False,False,0,,0.0,0,negative_candidate,0.0
CSF1R,True,True,2,NCG;CIViC,1.0,1,high_confidence_positive,1.0
CFAP221,False,False,0,,0.0,0,negative_candidate,0.0
DPH2,False,False,0,,0.0,0,negative_candidate,0.0
TGFBR3,True,True,2,NCG;CIViC,1.0,1,high_confidence_positive,1.0
MMP27,False,False,0,,0.0,0,negative_candidate,0.0
HEXIM1,False,False,0,,0.0,0,negative_candidate,0.0
RAD51B,True,True,2,NCG;CIViC,1.0,1,high_confidence_positive,1.0
CLEC12A,False,False,0,,0.0,0,negative_candidate,0.0
ICE1,False,False,0,,0.0,0,negative_candidate,0.0
ARID2,True,True,2,NCG;CIViC,1.0,1,high_confidence_positive,1.0
FNTB,False,True,1,CIViC,1.0,1,single_source_positive,
CNTFR,False,False,0,,0.0,0,negative_candidate,0.0
GPR78,False,False,0,,0.0,0,negative_candidate,0.0
DMXL2,True,False,1,NCG,1.0,1,single_source_positive,
LARP1,True,False,1,NCG,1.0,1,single_source_positive,
NLE1,False,False,0,,0.0,0,negative_candidate,0.0
ADAP1,False,False,0,,0.0,0,negative_candidate,0.0
TMEM86A,False,False,0,,0.0,0,negative_candidate,0.0
ZNF20,False,False,0,,0.0,0,negative_candidate,0.0
INKA1,False,False,0,,0.0,0,negative_candidate,0.0
IGHD,False,False,0,,0.0,0,negative_candidate,0.0
FARP2,False,False,0,,0.0,0,negative_candidate,0.0
CXCL14,False,False,0,,0.0,0,negative_candidate,0.0
MELK,False,False,0,,0.0,0,negative_candidate,0.0
OPN1SW,False,False,0,,0.0,0,negative_candidate,0.0
TMEM131,False,False,0,,0.0,0,negative_candidate,0.0
NECAB1,False,False,0,,0.0,0,negative_candidate,0.0
TRPV5,True,False,1,NCG,1.0,1,single_source_positive,
RXFP1,False,False,0,,0.0,0,negative_candidate,0.0
MCTP1,False,False,0,,0.0,0,negative_candidate,0.0
DNAJC14,False,False,0,,0.0,0,negative_candidate,0.0
NUAK1,True,False,1,NCG,1.0,1,single_source_positive,
DSG4,True,False,1,NCG,1.0,1,single_source_positive,
KY,False,False,0,,0.0,0,negative_candidate,0.0
NAF1,False,False,0,,0.0,0,negative_candidate,0.0
POU3F1,False,False,0,,0.0,0,negative_candidate,0.0
AC136428.1,False,False,0,,0.0,0,negative_candidate,0.0
STX2,True,False,1,NCG,1.0,1,single_source_positive,
PPP1R3F,False,False,0,,0.0,0,negative_candidate,0.0
ALPK1,True,False,1,NCG,1.0,1,single_source_positive,
ARID3C,False,False,0,,0.0,0,negative_candidate,0.0
NLRP8,False,False,0,,0.0,0,negative_candidate,0.0
NOP14,False,False,0,,0.0,0,negative_candidate,0.0
DAPK2,False,False,0,,0.0,0,negative_candidate,0.0
FGF5,True,False,1,NCG,1.0,1,single_source_positive,
EDAR,True,False,1,NCG,1.0,1,single_source_positive,
COL4A2,True,False,1,NCG,1.0,1,single_source_positive,
SCYL3,False,False,0,,0.0,0,negative_candidate,0.0
P2RY12,False,False,0,,0.0,0,negative_candidate,0.0
ZNF230,False,False,0,,0.0,0,negative_candidate,0.0
FAM209B,False,False,0,,0.0,0,negative_candidate,0.0
SLC38A11,False,False,0,,0.0,0,negative_candidate,0.0
FBXO25,False,False,0,,0.0,0,negative_candidate,0.0
AASS,False,False,0,,0.0,0,negative_candidate,0.0
KHDC1,False,False,0,,0.0,0,negative_candidate,0.0
LATS1,True,False,1,NCG,1.0,1,single_source_positive,
MTRR,False,False,0,,0.0,0,negative_candidate,0.0
TBC1D9,False,False,0,,0.0,0,negative_candidate,0.0
PDCD11,True,False,1,NCG,1.0,1,single_source_positive,
ANKRD35,False,False,0,,0.0,0,negative_candidate,0.0
ZNF585A,False,False,0,,0.0,0,negative_candidate,0.0
MTMR4,False,False,0,,0.0,0,negative_candidate,0.0
SLC12A2,False,True,1,CIViC,0.9,1,single_source_positive,
KLHL2,False,False,0,,0.0,0,negative_candidate,0.0
PPME1,False,False,0,,0.0,0,negative_candidate,0.0
THRB,False,False,0,,0.0,0,negative_candidate,0.0
HAAO,False,False,0,,0.0,0,negative_candidate,0.0
MRPL15,False,False,0,,0.0,0,negative_candidate,0.0
AMOTL1,True,False,1,NCG,1.0,1,single_source_positive,
NKX2-4,False,False,0,,0.0,0,negative_candidate,0.0
DDX25,True,False,1,NCG,1.0,1,single_source_positive,
LAD1,False,False,0,,0.0,0,negative_candidate,0.0
CYP26A1,False,False,0,,0.0,0,negative_candidate,0.0
TBC1D14,False,False,0,,0.0,0,negative_candidate,0.0
PDP2,True,False,1,NCG,1.0,1,single_source_positive,
SLC38A1,False,False,0,,0.0,0,negative_candidate,0.0
TMCC3,False,False,0,,0.0,0,negative_candidate,0.0
POLA2,False,False,0,,0.0,0,negative_candidate,0.0
CYFIP2,False,False,0,,0.0,0,negative_candidate,0.0
EPN2,False,False,0,,0.0,0,negative_candidate,0.0
AANAT,False,False,0,,0.0,0,negative_candidate,0.0
FBXL13,False,False,0,,0.0,0,negative_candidate,0.0
YLPM1,False,False,0,,0.0,0,negative_candidate,0.0
ERO1A,False,False,0,,0.0,0,negative_candidate,0.0
C11ORF45,False,False,0,,0.0,0,negative_candidate,0.0
CALHM5,False,False,0,,0.0,0,negative_candidate,0.0
CEP170,True,False,1,NCG,1.0,1,single_source_positive,
GRAMD1C,False,False,0,,0.0,0,negative_candidate,0.0
C10ORF90,True,False,1,NCG,1.0,1,single_source_positive,
SIK2,False,False,0,,0.0,0,negative_candidate,0.0
KANK4,False,True,1,CIViC,1.0,1,single_source_positive,
PLA2G2A,False,False,0,,0.0,0,negative_candidate,0.0
COPA,False,False,0,,0.0,0,negative_candidate,0.0
PEAK1,False,False,0,,0.0,0,negative_candidate,0.0
HAP1,False,False,0,,0.0,0,negative_candidate,0.0
SLC44A1,False,False,0,,0.0,0,negative_candidate,0.0
MRPL1,False,False,0,,0.0,0,negative_candidate,0.0
TRIM52,False,False,0,,0.0,0,negative_candidate,0.0
RCC1L,False,False,0,,0.0,0,negative_candidate,0.0
RTN4R,False,False,0,,0.0,0,negative_candidate,0.0
ZNF254,False,False,0,,0.0,0,negative_candidate,0.0
AP5S1,False,False,0,,0.0,0,negative_candidate,0.0
HASPIN,False,False,0,,0.0,0,negative_candidate,0.0
VSTM2A,False,True,1,CIViC,0.9,1,single_source_positive,
OR5AK2,False,False,0,,0.0,0,negative_candidate,0.0
TMEM200B,False,False,0,,0.0,0,negative_candidate,0.0
MRE11,False,True,1,CIViC,1.0,1,single_source_positive,
MACO1,False,False,0,,0.0,0,negative_candidate,0.0
CYB561D1,False,False,0,,0.0,0,negative_candidate,0.0
RBM46,False,False,0,,0.0,0,negative_candidate,0.0
SPATC1,False,False,0,,0.0,0,negative_candidate,0.0
TBC1D16,False,False,0,,0.0,0,negative_candidate,0.0
ZZEF1,True,False,1,NCG,1.0,1,single_source_positive,
F10,False,False,0,,0.0,0,negative_candidate,0.0
R3HDM1,False,False,0,,0.0,0,negative_candidate,0.0
C3ORF70,False,False,0,,0.0,0,negative_candidate,0.0
TTC13,False,False,0,,0.0,0,negative_candidate,0.0
NCKAP1,False,False,0,,0.0,0,negative_candidate,0.0
BPIFC,False,False,0,,0.0,0,negative_candidate,0.0
TTI1,False,False,0,,0.0,0,negative_candidate,0.0
CELSR2,False,False,0,,0.0,0,negative_candidate,0.0
ZEB2,False,True,1,CIViC,0.9,1,single_source_positive,
BPGM,False,False,0,,0.0,0,negative_candidate,0.0
FFAR4,False,False,0,,0.0,0,negative_candidate,0.0
SCN2B,False,False,0,,0.0,0,negative_candidate,0.0
MTG2,True,False,1,NCG,1.0,1,single_source_positive,
SYNPO2,False,False,0,,0.0,0,negative_candidate,0.0
C1GALT1,False,False,0,,0.0,0,negative_candidate,0.0
IGKV6D-41,False,False,0,,0.0,0,negative_candidate,0.0
IFNW1,False,False,0,,0.0,0,negative_candidate,0.0
ITFG1,False,False,0,,0.0,0,negative_candidate,0.0
ADGRE3,False,False,0,,0.0,0,negative_candidate,0.0
PRDM8,False,False,0,,0.0,0,negative_candidate,0.0
OLFML2B,False,False,0,,0.0,0,negative_candidate,0.0
OPLAH,False,False,0,,0.0,0,negative_candidate,0.0
COL6A3,True,False,1,NCG,1.0,1,single_source_positive,
SIX5,False,False,0,,0.0,0,negative_candidate,0.0
ENPP6,False,False,0,,0.0,0,negative_candidate,0.0
PCMTD1,True,False,1,NCG,1.0,1,single_source_positive,
NAA16,False,False,0,,0.0,0,negative_candidate,0.0
AXL,False,True,1,CIViC,1.0,1,single_source_positive,
NR3C1,True,False,1,NCG,1.0,1,single_source_positive,
FRMD6,False,False,0,,0.0,0,negative_candidate,0.0
TTC7B,False,False,0,,0.0,0,negative_candidate,0.0
GUCA1A,False,False,0,,0.0,0,negative_candidate,0.0
SLC6A12,False,False,0,,0.0,0,negative_candidate,0.0
PPM1B,False,False,0,,0.0,0,negative_candidate,0.0
CYP19A1,False,False,0,,0.0,0,negative_candidate,0.0
GPN2,False,False,0,,0.0,0,negative_candidate,0.0
HACD1,False,False,0,,0.0,0,negative_candidate,0.0
RICTOR,True,True,2,NCG;CIViC,1.0,1,high_confidence_positive,1.0
IL3,False,True,1,CIViC,1.0,1,single_source_positive,
H2BC9,True,False,1,NCG,1.0,1,single_source_positive,
TRAV8-4,False,False,0,,0.0,0,negative_candidate,0.0
PDZD7,False,False,0,,0.0,0,negative_candidate,0.0
MOB3B,False,False,0,,0.0,0,negative_candidate,0.0
PCF11,True,False,1,NCG,1.0,1,single_source_positive,
IL22RA1,False,False,0,,0.0,0,negative_candidate,0.0
CHST5,False,False,0,,0.0,0,negative_candidate,0.0
DDX19A,False,False,0,,0.0,0,negative_candidate,0.0
GALK2,False,False,0,,0.0,0,negative_candidate,0.0
PPM1H,False,False,0,,0.0,0,negative_candidate,0.0
ERCC6,True,True,2,NCG;CIViC,1.0,1,high_confidence_positive,1.0
OTOS,False,False,0,,0.0,0,negative_candidate,0.0
VGLL3,False,False,0,,0.0,0,negative_candidate,0.0
NMD3,False,False,0,,0.0,0,negative_candidate,0.0
ZCCHC14,False,False,0,,0.0,0,negative_candidate,0.0
KRTAP21-2,False,False,0,,0.0,0,negative_candidate,0.0
SMAD6,True,False,1,NCG,1.0,1,single_source_positive,
LOX,False,False,0,,0.0,0,negative_candidate,0.0
C20ORF194,False,False,0,,0.0,0,negative_candidate,0.0
KPTN,False,False,0,,0.0,0,negative_candidate,0.0
TBC1D22A,True,False,1,NCG,1.0,1,single_source_positive,
MTR,False,False,0,,0.0,0,negative_candidate,0.0
GID4,False,False,0,,0.0,0,negative_candidate,0.0
ZNF232,False,False,0,,0.0,0,negative_candidate,0.0
OSGEPL1,False,False,0,,0.0,0,negative_candidate,0.0
CCDC116,False,False,0,,0.0,0,negative_candidate,0.0
CXORF21,False,False,0,,0.0,0,negative_candidate,0.0
PLEC,True,False,1,NCG,1.0,1,single_source_positive,
CSTF1,False,False,0,,0.0,0,negative_candidate,0.0
H4-16,False,False,0,,0.0,0,negative_candidate,0.0
ACOX1,False,False,0,,0.0,0,negative_candidate,0.0
UNC45B,False,False,0,,0.0,0,negative_candidate,0.0
ZNF750,True,False,1,NCG,1.0,1,single_source_positive,
DIP2B,False,False,0,,0.0,0,negative_candidate,0.0
NVL,False,False,0,,0.0,0,negative_candidate,0.0
SMG7,True,False,1,NCG,1.0,1,single_source_positive,
EFCAB12,False,False,0,,0.0,0,negative_candidate,0.0
ASB16,False,False,0,,0.0,0,negative_candidate,0.0
MOGAT2,False,False,0,,0.0,0,negative_candidate,0.0
SLC32A1,False,False,0,,0.0,0,negative_candidate,0.0
MTERF1,False,False,0,,0.0,0,negative_candidate,0.0
SMYD5,False,False,0,,0.0,0,negative_candidate,0.0
ARHGEF11,True,False,1,NCG,1.0,1,single_source_positive,
C5ORF51,False,False,0,,0.0,0,negative_candidate,0.0
SIDT1,False,False,0,,0.0,0,negative_candidate,0.0
CATSPERB,False,False,0,,0.0,0,negative_candidate,0.0
PCDHGA3,False,False,0,,0.0,0,negative_candidate,0.0
PRKAA1,False,False,0,,0.0,0,negative_candidate,0.0
ARHGAP35,True,True,2,NCG;CIViC,1.0,1,high_confidence_positive,1.0
MMP15,False,False,0,,0.0,0,negative_candidate,0.0
CTNNBL1,False,False,0,,0.0,0,negative_candidate,0.0
IGKV1-9,False,False,0,,0.0,0,negative_candidate,0.0
SELL,False,False,0,,0.0,0,negative_candidate,0.0
FCGR3B,False,False,0,,0.0,0,negative_candidate,0.0
POLA1,False,False,0,,0.0,0,negative_candidate,0.0
DDX50,True,False,1,NCG,1.0,1,single_source_positive,
LCE2A,False,False,0,,0.0,0,negative_candidate,0.0
FAM47A,False,False,0,,0.0,0,negative_candidate,0.0
CDC14B,False,False,0,,0.0,0,negative_candidate,0.0
GATA5,False,False,0,,0.0,0,negative_candidate,0.0
DCAF12,False,False,0,,0.0,0,negative_candidate,0.0
UAP1,True,False,1,NCG,1.0,1,single_source_positive,
SGCE,False,False,0,,0.0,0,negative_candidate,0.0
TCEANC,False,False,0,,0.0,0,negative_candidate,0.0
UHRF1BP1L,False,False,0,,0.0,0,negative_candidate,0.0
FOXD4L3,False,False,0,,0.0,0,negative_candidate,0.0
HEATR1,True,False,1,NCG,1.0,1,single_source_positive,
NOS2,False,False,0,,0.0,0,negative_candidate,0.0
KIAA0753,False,False,0,,0.0,0,negative_candidate,0.0
MCM5,True,False,1,NCG,1.0,1,single_source_positive,
USP2,False,False,0,,0.0,0,negative_candidate,0.0
OR10G2,False,False,0,,0.0,0,negative_candidate,0.0
NXNL2,False,False,0,,0.0,0,negative_candidate,0.0
CD34,False,False,0,,0.0,0,negative_candidate,0.0
DNMT3L,False,False,0,,0.0,0,negative_candidate,0.0
GIT2,False,False,0,,0.0,0,negative_candidate,0.0
ZNF425,False,False,0,,0.0,0,negative_candidate,0.0
TAS2R13,False,False,0,,0.0,0,negative_candidate,0.0
JMJD4,False,False,0,,0.0,0,negative_candidate,0.0
HACD4,False,False,0,,0.0,0,negative_candidate,0.0
NET1,False,False,0,,0.0,0,negative_candidate,0.0
MPP4,False,False,0,,0.0,0,negative_candidate,0.0
RC3H2,False,False,0,,0.0,0,negative_candidate,0.0
TEP1,True,False,1,NCG,1.0,1,single_source_positive,
ALDH8A1,False,False,0,,0.0,0,negative_candidate,0.0
PEX1,False,False,0,,0.0,0,negative_candidate,0.0
GSTCD,False,False,0,,0.0,0,negative_candidate,0.0
AGBL1,False,False,0,,0.0,0,negative_candidate,0.0
DHDH,False,False,0,,0.0,0,negative_candidate,0.0
LGALS13,False,False,0,,0.0,0,negative_candidate,0.0
KCNS2,False,False,0,,0.0,0,negative_candidate,0.0
RNF19B,False,False,0,,0.0,0,negative_candidate,0.0
XPNPEP2,True,False,1,NCG,1.0,1,single_source_positive,
MYOZ3,True,False,1,NCG,1.0,1,single_source_positive,
TRIM69,False,False,0,,0.0,0,negative_candidate,0.0
ZNF823,True,False,1,NCG,1.0,1,single_source_positive,
GPR135,False,False,0,,0.0,0,negative_candidate,0.0
PROZ,True,False,1,NCG,1.0,1,single_source_positive,
DENND5A,False,False,0,,0.0,0,negative_candidate,0.0
XKR4,False,False,0,,0.0,0,negative_candidate,0.0
ANKMY1,False,False,0,,0.0,0,negative_candidate,0.0
MFSD6L,False,False,0,,0.0,0,negative_candidate,0.0
MSANTD3,False,False,0,,0.0,0,negative_candidate,0.0
NUP107,False,False,0,,0.0,0,negative_candidate,0.0
DLG5,False,False,0,,0.0,0,negative_candidate,0.0
MTOR,True,True,2,NCG;CIViC,1.0,1,high_confidence_positive,1.0
ADD2,True,False,1,NCG,1.0,1,single_source_positive,
THBS4,False,False,0,,0.0,0,negative_candidate,0.0
TRMT11,False,False,0,,0.0,0,negative_candidate,0.0
RBPJL,False,False,0,,0.0,0,negative_candidate,0.0
TTC23L,False,False,0,,0.0,0,negative_candidate,0.0
PKMYT1,False,False,0,,0.0,0,negative_candidate,0.0
EXOC6B,False,False,0,,0.0,0,negative_candidate,0.0
TAS2R31,False,False,0,,0.0,0,negative_candidate,0.0
AMDHD1,False,False,0,,0.0,0,negative_candidate,0.0
RASAL2,False,False,0,,0.0,0,negative_candidate,0.0
PSMC6,False,False,0,,0.0,0,negative_candidate,0.0
SNX20,False,False,0,,0.0,0,negative_candidate,0.0
PARP1,False,True,1,CIViC,1.0,1,single_source_positive,
CA6,False,False,0,,0.0,0,negative_candidate,0.0
SPEN,True,True,2,NCG;CIViC,1.0,1,high_confidence_positive,1.0
GPR141,True,False,1,NCG,1.0,1,single_source_positive,
DDX59,False,False,0,,0.0,0,negative_candidate,0.0
ARID5B,True,False,1,NCG,1.0,1,single_source_positive,
UBXN10,False,False,0,,0.0,0,negative_candidate,0.0
SPATA2,False,False,0,,0.0,0,negative_candidate,0.0
SDK2,True,False,1,NCG,1.0,1,single_source_positive,
HTR1D,False,False,0,,0.0,0,negative_candidate,0.0
STPG2,False,False,0,,0.0,0,negative_candidate,0.0
ABCC2,False,False,0,,0.0,0,negative_candidate,0.0
LDLRAD3,False,False,0,,0.0,0,negative_candidate,0.0
RBM15B,True,False,1,NCG,1.0,1,single_source_positive,
GPD1,False,False,0,,0.0,0,negative_candidate,0.0
GPR31,False,False,0,,0.0,0,negative_candidate,0.0
HIPK1,False,False,0,,0.0,0,negative_candidate,0.0
VWC2L,False,False,0,,0.0,0,negative_candidate,0.0
SLC4A7,False,False,0,,0.0,0,negative_candidate,0.0
FOXL1,False,False,0,,0.0,0,negative_candidate,0.0
DISC1,False,False,0,,0.0,0,negative_candidate,0.0
GPR34,False,False,0,,0.0,0,negative_candidate,0.0
DYDC1,False,False,0,,0.0,0,negative_candidate,0.0
KLHL1,False,False,0,,0.0,0,negative_candidate,0.0
UNC5B,False,False,0,,0.0,0,negative_candidate,0.0
KCNIP3,False,False,0,,0.0,0,negative_candidate,0.0
USP32,False,False,0,,0.0,0,negative_candidate,0.0
SNAI2,False,False,0,,0.0,0,negative_candidate,0.0
CCZ1,False,False,0,,0.0,0,negative_candidate,0.0
TCEAL6,True,False,1,NCG,1.0,1,single_source_positive,
C12ORF45,False,False,0,,0.0,0,negative_candidate,0.0
GJC1,False,False,0,,0.0,0,negative_candidate,0.0
SMARCAL1,False,False,0,,0.0,0,negative_candidate,0.0
GSG1L,False,False,0,,0.0,0,negative_candidate,0.0
CUX2,False,False,0,,0.0,0,negative_candidate,0.0
TRPC4,False,False,0,,0.0,0,negative_candidate,0.0
LRRC17,True,False,1,NCG,1.0,1,single_source_positive,
HSP90B1,False,True,1,CIViC,0.9,1,single_source_positive,
DMRT2,False,False,0,,0.0,0,negative_candidate,0.0
WNT2B,False,False,0,,0.0,0,negative_candidate,0.0
C3ORF62,True,False,1,NCG,1.0,1,single_source_positive,
CHRNG,False,False,0,,0.0,0,negative_candidate,0.0
GLB1,False,False,0,,0.0,0,negative_candidate,0.0
PBDC1,False,False,0,,0.0,0,negative_candidate,0.0
PLXNA1,False,False,0,,0.0,0,negative_candidate,0.0
DCST2,False,False,0,,0.0,0,negative_candidate,0.0
E2F2,True,False,1,NCG,1.0,1,single_source_positive,
ENDOU,False,False,0,,0.0,0,negative_candidate,0.0
FJX1,False,False,0,,0.0,0,negative_candidate,0.0
CFHR1,False,False,0,,0.0,0,negative_candidate,0.0
ARHGAP29,False,False,0,,0.0,0,negative_candidate,0.0
FCGR1A,False,False,0,,0.0,0,negative_candidate,0.0
CARD6,True,False,1,NCG,1.0,1,single_source_positive,
PITPNM3,False,False,0,,0.0,0,negative_candidate,0.0
ZNF592,False,False,0,,0.0,0,negative_candidate,0.0
STON1-GTF2A1L,False,False,0,,0.0,0,negative_candidate,0.0
UBQLN3,False,False,0,,0.0,0,negative_candidate,0.0
PSPC1,False,False,0,,0.0,0,negative_candidate,0.0
ZNF502,False,False,0,,0.0,0,negative_candidate,0.0
WDR86,True,False,1,NCG,1.0,1,single_source_positive,
CTDP1,False,False,0,,0.0,0,negative_candidate,0.0
KRTAP1-3,False,False,0,,0.0,0,negative_candidate,0.0
RABL2A,False,False,0,,0.0,0,negative_candidate,0.0
DOCK4,True,False,1,NCG,1.0,1,single_source_positive,
ZNF280C,False,False,0,,0.0,0,negative_candidate,0.0
TUBA1C,True,False,1,NCG,1.0,1,single_source_positive,
ACADM,False,False,0,,0.0,0,negative_candidate,0.0
NLRC4,False,False,0,,0.0,0,negative_candidate,0.0
TBR1,True,False,1,NCG,1.0,1,single_source_positive,
RGMB,False,False,0,,0.0,0,negative_candidate,0.0
SECISBP2,False,False,0,,0.0,0,negative_candidate,0.0
FOXI2,False,False,0,,0.0,0,negative_candidate,0.0
SYT6,False,False,0,,0.0,0,negative_candidate,0.0
MAP3K4,True,False,1,NCG,1.0,1,single_source_positive,
API5,True,False,1,NCG,1.0,1,single_source_positive,
ARSH,False,False,0,,0.0,0,negative_candidate,0.0
MS4A4A,False,False,0,,0.0,0,negative_candidate,0.0
PRAMEF17,False,False,0,,0.0,0,negative_candidate,0.0
ZIC3,True,False,1,NCG,1.0,1,single_source_positive,
LUZP4,False,False,0,,0.0,0,negative_candidate,0.0
TMEM266,False,False,0,,0.0,0,negative_candidate,0.0
STKLD1,False,False,0,,0.0,0,negative_candidate,0.0
CLCA1,False,False,0,,0.0,0,negative_candidate,0.0
ARHGEF18,True,False,1,NCG,1.0,1,single_source_positive,
FAM234B,False,False,0,,0.0,0,negative_candidate,0.0
GTPBP4,False,False,0,,0.0,0,negative_candidate,0.0
TUT4,False,False,0,,0.0,0,negative_candidate,0.0
BOC,True,False,1,NCG,1.0,1,single_source_positive,
LAMC1,True,False,1,NCG,1.0,1,single_source_positive,
ZNF512B,False,False,0,,0.0,0,negative_candidate,0.0
ETV6,True,True,2,NCG;CIViC,1.0,1,high_confidence_positive,1.0
AKR1D1,True,False,1,NCG,1.0,1,single_source_positive,
GLRX3,False,False,0,,0.0,0,negative_candidate,0.0
OR10A5,False,False,0,,0.0,0,negative_candidate,0.0
KCNA2,False,False,0,,0.0,0,negative_candidate,0.0
DACH2,True,False,1,NCG,1.0,1,single_source_positive,
SEMA3C,True,False,1,NCG,1.0,1,single_source_positive,
NUP205,False,False,0,,0.0,0,negative_candidate,0.0
ZNF354A,False,False,0,,0.0,0,negative_candidate,0.0
SP8,True,False,1,NCG,1.0,1,single_source_positive,
USP26,False,False,0,,0.0,0,negative_candidate,0.0
CDH9,True,False,1,NCG,1.0,1,single_source_positive,
PAQR5,False,False,0,,0.0,0,negative_candidate,0.0
CYTIP,False,False,0,,0.0,0,negative_candidate,0.0
DNAH17,False,False,0,,0.0,0,negative_candidate,0.0
SP3,False,False,0,,0.0,0,negative_candidate,0.0
RFWD3,True,False,1,NCG,1.0,1,single_source_positive,
JAKMIP3,False,False,0,,0.0,0,negative_candidate,0.0
OR5K2,False,False,0,,0.0,0,negative_candidate,0.0
ZNF804B,True,False,1,NCG,1.0,1,single_source_positive,
EXOC8,True,False,1,NCG,1.0,1,single_source_positive,
SEMA5A,True,False,1,NCG,1.0,1,single_source_positive,
CSNK1A1L,False,False,0,,0.0,0,negative_candidate,0.0
GFI1,False,False,0,,0.0,0,negative_candidate,0.0
PCDHB13,False,False,0,,0.0,0,negative_candidate,0.0
FBXO17,False,False,0,,0.0,0,negative_candidate,0.0
GRIN3B,False,False,0,,0.0,0,negative_candidate,0.0
TIGD7,False,False,0,,0.0,0,negative_candidate,0.0
CENPL,False,False,0,,0.0,0,negative_candidate,0.0
FAM234A,True,False,1,NCG,1.0,1,single_source_positive,
HS3ST3A1,False,False,0,,0.0,0,negative_candidate,0.0
NAT2,False,False,0,,0.0,0,negative_candidate,0.0
GPR137B,False,False,0,,0.0,0,negative_candidate,0.0
TUBA3E,False,False,0,,0.0,0,negative_candidate,0.0
LARS2,False,False,0,,0.0,0,negative_candidate,0.0
SLC22A25,False,False,0,,0.0,0,negative_candidate,0.0
FAM126A,False,False,0,,0.0,0,negative_candidate,0.0
PTDSS1,True,False,1,NCG,1.0,1,single_source_positive,
TFPT,False,False,0,,0.0,0,negative_candidate,0.0
LCE5A,False,False,0,,0.0,0,negative_candidate,0.0
CBL,True,True,2,NCG;CIViC,1.0,1,high_confidence_positive,1.0
AGO1,False,False,0,,0.0,0,negative_candidate,0.0
DMP1,False,False,0,,0.0,0,negative_candidate,0.0
POLD1,True,True,2,NCG;CIViC,1.0,1,high_confidence_positive,1.0
TMC5,False,False,0,,0.0,0,negative_candidate,0.0
PRR5,False,False,0,,0.0,0,negative_candidate,0.0
TCTEX1D1,False,False,0,,0.0,0,negative_candidate,0.0
UGGT1,False,False,0,,0.0,0,negative_candidate,0.0
GRM2,False,False,0,,0.0,0,negative_candidate,0.0
KCNA3,False,False,0,,0.0,0,negative_candidate,0.0
NFASC,False,True,1,CIViC,0.9,1,single_source_positive,
POU1F1,False,False,0,,0.0,0,negative_candidate,0.0
PPP2R5E,False,False,0,,0.0,0,negative_candidate,0.0
KCTD16,False,False,0,,0.0,0,negative_candidate,0.0
VIPR2,False,False,0,,0.0,0,negative_candidate,0.0
CNR2,False,False,0,,0.0,0,negative_candidate,0.0
SULT6B1,False,False,0,,0.0,0,negative_candidate,0.0
PDE4DIP,True,True,2,NCG;CIViC,1.0,1,high_confidence_positive,1.0
ANOS1,False,False,0,,0.0,0,negative_candidate,0.0
CAGE1,False,False,0,,0.0,0,negative_candidate,0.0
XPR1,False,False,0,,0.0,0,negative_candidate,0.0
CRY1,False,False,0,,0.0,0,negative_candidate,0.0
SETD5,False,False,0,,0.0,0,negative_candidate,0.0
ESX1,False,False,0,,0.0,0,negative_candidate,0.0
ZNF599,False,False,0,,0.0,0,negative_candidate,0.0
AHDC1,False,False,0,,0.0,0,negative_candidate,0.0
SULT2A1,False,False,0,,0.0,0,negative_candidate,0.0
LRRK1,True,False,1,NCG,1.0,1,single_source_positive,
PLEKHH3,False,False,0,,0.0,0,negative_candidate,0.0
SCP2,False,True,1,CIViC,1.0,1,single_source_positive,
ANKRD24,True,False,1,NCG,1.0,1,single_source_positive,
YIPF5,False,False,0,,0.0,0,negative_candidate,0.0
INO80C,False,False,0,,0.0,0,negative_candidate,0.0
NHEJ1,False,False,0,,0.0,0,negative_candidate,0.0
LRRFIP2,False,False,0,,0.0,0,negative_candidate,0.0
HERC1,True,False,1,NCG,1.0,1,single_source_positive,
EPHA8,False,False,0,,0.0,0,negative_candidate,0.0
HSPH1,False,True,1,CIViC,1.0,1,single_source_positive,
NR0B2,False,False,0,,0.0,0,negative_candidate,0.0
EML2,False,False,0,,0.0,0,negative_candidate,0.0
TECPR2,False,False,0,,0.0,0,negative_candidate,0.0
TRBJ2-2,False,False,0,,0.0,0,negative_candidate,0.0
PCDHGB3,False,False,0,,0.0,0,negative_candidate,0.0
PLXDC1,True,False,1,NCG,1.0,1,single_source_positive,
TSKS,False,False,0,,0.0,0,negative_candidate,0.0
SLC22A5,False,False,0,,0.0,0,negative_candidate,0.0
PJA1,False,False,0,,0.0,0,negative_candidate,0.0
TMEM102,False,False,0,,0.0,0,negative_candidate,0.0
FSCN3,False,False,0,,0.0,0,negative_candidate,0.0
IKBKG,False,False,0,,0.0,0,negative_candidate,0.0
NAA11,False,False,0,,0.0,0,negative_candidate,0.0
IL12RB1,False,False,0,,0.0,0,negative_candidate,0.0
TRAPPC6B,False,False,0,,0.0,0,negative_candidate,0.0
IRX2,False,False,0,,0.0,0,negative_candidate,0.0
SOGA1,False,False,0,,0.0,0,negative_candidate,0.0
LRRN4CL,False,False,0,,0.0,0,negative_candidate,0.0
VEGFC,False,True,1,CIViC,0.9,1,single_source_positive,
CORO2A,False,False,0,,0.0,0,negative_candidate,0.0
METTL27,False,False,0,,0.0,0,negative_candidate,0.0
DPY19L3,True,False,1,NCG,1.0,1,single_source_positive,
KCNV2,False,False,0,,0.0,0,negative_candidate,0.0
DNM1L,False,False,0,,0.0,0,negative_candidate,0.0
UBR1,True,False,1,NCG,1.0,1,single_source_positive,
XYLT2,False,False,0,,0.0,0,negative_candidate,0.0
BBS5,False,False,0,,0.0,0,negative_candidate,0.0
SLC35A4,False,False,0,,0.0,0,negative_candidate,0.0
XRCC6,False,False,0,,0.0,0,negative_candidate,0.0
KIF17,False,False,0,,0.0,0,negative_candidate,0.0
KCNS3,False,False,0,,0.0,0,negative_candidate,0.0
ABCG4,False,False,0,,0.0,0,negative_candidate,0.0
FAM171A1,True,False,1,NCG,1.0,1,single_source_positive,
OR13D1,False,False,0,,0.0,0,negative_candidate,0.0
TRAV8-2,False,False,0,,0.0,0,negative_candidate,0.0
NPPB,False,False,0,,0.0,0,negative_candidate,0.0
RENBP,False,False,0,,0.0,0,negative_candidate,0.0
ZKSCAN4,False,False,0,,0.0,0,negative_candidate,0.0
CAND1,False,False,0,,0.0,0,negative_candidate,0.0
TRIM10,False,False,0,,0.0,0,negative_candidate,0.0
ZFP2,False,False,0,,0.0,0,negative_candidate,0.0
TCEA2,False,False,0,,0.0,0,negative_candidate,0.0
INPP1,False,False,0,,0.0,0,negative_candidate,0.0
UCMA,False,False,0,,0.0,0,negative_candidate,0.0
ERG,True,True,2,NCG;CIViC,1.0,1,high_confidence_positive,1.0
ADRA1D,False,False,0,,0.0,0,negative_candidate,0.0
ULBP1,False,False,0,,0.0,0,negative_candidate,0.0
HAUS3,False,False,0,,0.0,0,negative_candidate,0.0
VASH2,False,False,0,,0.0,0,negative_candidate,0.0
SLC9A7,False,False,0,,0.0,0,negative_candidate,0.0
GOLGA3,False,False,0,,0.0,0,negative_candidate,0.0
DAPK1,False,False,0,,0.0,0,negative_candidate,0.0
STRIP1,False,False,0,,0.0,0,negative_candidate,0.0
CKAP5,False,False,0,,0.0,0,negative_candidate,0.0
TMTC1,False,False,0,,0.0,0,negative_candidate,0.0
TRAPPC8,False,False,0,,0.0,0,negative_candidate,0.0
DMRTB1,False,False,0,,0.0,0,negative_candidate,0.0
TOR1AIP1,False,False,0,,0.0,0,negative_candidate,0.0
TRIM40,False,False,0,,0.0,0,negative_candidate,0.0
SQLE,False,False,0,,0.0,0,negative_candidate,0.0
ERLIN2,False,False,0,,0.0,0,negative_candidate,0.0
LRRC14B,False,False,0,,0.0,0,negative_candidate,0.0
NKAIN4,False,False,0,,0.0,0,negative_candidate,0.0
SEC14L3,False,False,0,,0.0,0,negative_candidate,0.0
HNRNPA2B1,True,False,1,NCG,1.0,1,single_source_positive,
LUM,True,False,1,NCG,1.0,1,single_source_positive,
ADCY6,False,False,0,,0.0,0,negative_candidate,0.0
EXOC2,True,False,1,NCG,1.0,1,single_source_positive,
CHRNA7,False,False,0,,0.0,0,negative_candidate,0.0
KLC1,False,False,0,,0.0,0,negative_candidate,0.0
FGF17,False,False,0,,0.0,0,negative_candidate,0.0
FOXD4,False,False,0,,0.0,0,negative_candidate,0.0
SH3BP1,False,False,0,,0.0,0,negative_candidate,0.0
EVPL,True,False,1,NCG,1.0,1,single_source_positive,
TM6SF1,False,False,0,,0.0,0,negative_candidate,0.0
GLT1D1,False,False,0,,0.0,0,negative_candidate,0.0
GPC2,False,False,0,,0.0,0,negative_candidate,0.0
KCNJ5,True,False,1,NCG,1.0,1,single_source_positive,
CAMK2D,False,False,0,,0.0,0,negative_candidate,0.0
PATE1,False,False,0,,0.0,0,negative_candidate,0.0
QDPR,False,False,0,,0.0,0,negative_candidate,0.0
JAK2,True,True,2,NCG;CIViC,1.0,1,high_confidence_positive,1.0
OXSR1,False,False,0,,0.0,0,negative_candidate,0.0
GTF3C1,False,False,0,,0.0,0,negative_candidate,0.0
SLC1A6,True,False,1,NCG,1.0,1,single_source_positive,
CCDC120,True,False,1,NCG,1.0,1,single_source_positive,
CASP5,False,False,0,,0.0,0,negative_candidate,0.0
ARPP21,False,False,0,,0.0,0,negative_candidate,0.0
ALOXE3,False,False,0,,0.0,0,negative_candidate,0.0
XKRX,False,False,0,,0.0,0,negative_candidate,0.0
RCOR3,False,False,0,,0.0,0,negative_candidate,0.0
PDCD1LG2,True,True,2,NCG;CIViC,1.0,1,high_confidence_positive,1.0
KRT7,False,False,0,,0.0,0,negative_candidate,0.0
PTPRB,True,True,2,NCG;CIViC,1.0,1,high_confidence_positive,1.0
ADAM17,False,False,0,,0.0,0,negative_candidate,0.0
PXDN,True,False,1,NCG,1.0,1,single_source_positive,
BMI1,False,False,0,,0.0,0,negative_candidate,0.0
SKIL,False,False,0,,0.0,0,negative_candidate,0.0
ZNF2,False,False,0,,0.0,0,negative_candidate,0.0
GABRA4,False,False,0,,0.0,0,negative_candidate,0.0
TRIM49,False,False,0,,0.0,0,negative_candidate,0.0
CLECL1,False,False,0,,0.0,0,negative_candidate,0.0
SF3B4,False,False,0,,0.0,0,negative_candidate,0.0
CACNA2D4,False,False,0,,0.0,0,negative_candidate,0.0
CCT6A,False,False,0,,0.0,0,negative_candidate,0.0
DSTYK,False,False,0,,0.0,0,negative_candidate,0.0
C1ORF116,False,False,0,,0.0,0,negative_candidate,0.0
LRRC42,False,False,0,,0.0,0,negative_candidate,0.0
ZSWIM2,False,False,0,,0.0,0,negative_candidate,0.0
DEFB136,False,False,0,,0.0,0,negative_candidate,0.0
PCDHGB1,True,False,1,NCG,1.0,1,single_source_positive,
NCOA3,True,True,2,NCG;CIViC,1.0,1,high_confidence_positive,1.0
PRAMEF19,False,False,0,,0.0,0,negative_candidate,0.0
TPTE,True,False,1,NCG,1.0,1,single_source_positive,
PDE8B,False,False,0,,0.0,0,negative_candidate,0.0
NDUFA9,False,False,0,,0.0,0,negative_candidate,0.0
ZNF491,False,False,0,,0.0,0,negative_candidate,0.0
FXYD6,False,False,0,,0.0,0,negative_candidate,0.0
CD1D,True,False,1,NCG,1.0,1,single_source_positive,
MYO1E,False,False,0,,0.0,0,negative_candidate,0.0
ATP2B3,True,False,1,NCG,1.0,1,single_source_positive,
SLC25A23,False,False,0,,0.0,0,negative_candidate,0.0
CCDC80,False,False,0,,0.0,0,negative_candidate,0.0
PGM2,False,False,0,,0.0,0,negative_candidate,0.0
R3HDM2,False,False,0,,0.0,0,negative_candidate,0.0
FNBP1,False,False,0,,0.0,0,negative_candidate,0.0
EMILIN2,False,True,1,CIViC,0.9,1,single_source_positive,
TMOD3,False,False,0,,0.0,0,negative_candidate,0.0
PRIM1,False,False,0,,0.0,0,negative_candidate,0.0
GPATCH3,False,False,0,,0.0,0,negative_candidate,0.0
MTARC1,False,False,0,,0.0,0,negative_candidate,0.0
NYNRIN,False,False,0,,0.0,0,negative_candidate,0.0
KDM7A,False,False,0,,0.0,0,negative_candidate,0.0
BTK,True,True,2,NCG;CIViC,1.0,1,high_confidence_positive,1.0
HSP90AA1,False,False,0,,0.0,0,negative_candidate,0.0
RSPH10B,False,False,0,,0.0,0,negative_candidate,0.0
RFC2,False,False,0,,0.0,0,negative_candidate,0.0
DNAJC10,False,False,0,,0.0,0,negative_candidate,0.0
NCOA6,False,False,0,,0.0,0,negative_candidate,0.0
CD44,False,True,1,CIViC,1.0,1,single_source_positive,
EFHC2,False,False,0,,0.0,0,negative_candidate,0.0
H2BC14,False,False,0,,0.0,0,negative_candidate,0.0
SLC30A8,False,False,0,,0.0,0,negative_candidate,0.0
KRTAP19-5,False,False,0,,0.0,0,negative_candidate,0.0
KRTAP4-12,False,False,0,,0.0,0,negative_candidate,0.0
ZNF653,False,False,0,,0.0,0,negative_candidate,0.0
CBLN3,False,False,0,,0.0,0,negative_candidate,0.0
TIMM17B,False,False,0,,0.0,0,negative_candidate,0.0
XRN1,True,False,1,NCG,1.0,1,single_source_positive,
KAT7,True,False,1,NCG,1.0,1,single_source_positive,
PTPRG,False,False,0,,0.0,0,negative_candidate,0.0
TIGIT,True,False,1,NCG,1.0,1,single_source_positive,
OR11H4,False,False,0,,0.0,0,negative_candidate,0.0
MMD,False,False,0,,0.0,0,negative_candidate,0.0
SOS1,True,True,2,NCG;CIViC,1.0,1,high_confidence_positive,1.0
UBIAD1,False,False,0,,0.0,0,negative_candidate,0.0
C6ORF118,True,False,1,NCG,1.0,1,single_source_positive,
GEMIN7,False,False,0,,0.0,0,negative_candidate,0.0
EPHX1,False,False,0,,0.0,0,negative_candidate,0.0
ZNF577,False,False,0,,0.0,0,negative_candidate,0.0
PIGN,False,False,0,,0.0,0,negative_candidate,0.0
HNRNPM,False,False,0,,0.0,0,negative_candidate,0.0
ZNF772,False,False,0,,0.0,0,negative_candidate,0.0
HK2,False,False,0,,0.0,0,negative_candidate,0.0
GJB7,False,False,0,,0.0,0,negative_candidate,0.0
INSM2,False,False,0,,0.0,0,negative_candidate,0.0
PSCA,False,False,0,,0.0,0,negative_candidate,0.0
CD79B,True,True,2,NCG;CIViC,1.0,1,high_confidence_positive,1.0
WDR47,False,False,0,,0.0,0,negative_candidate,0.0
BCOR,True,True,2,NCG;CIViC,1.0,1,high_confidence_positive,1.0
FSHB,False,False,0,,0.0,0,negative_candidate,0.0
CD163,False,False,0,,0.0,0,negative_candidate,0.0
CYB5R2,False,False,0,,0.0,0,negative_candidate,0.0
SNX14,False,False,0,,0.0,0,negative_candidate,0.0
TIGD2,False,False,0,,0.0,0,negative_candidate,0.0
XPO1,True,True,2,NCG;CIViC,1.0,1,high_confidence_positive,1.0
TCF7,True,False,1,NCG,1.0,1,single_source_positive,
PAK1,False,False,0,,0.0,0,negative_candidate,0.0
CSPG5,False,False,0,,0.0,0,negative_candidate,0.0
FAM117B,True,False,1,NCG,1.0,1,single_source_positive,
KCTD5,False,False,0,,0.0,0,negative_candidate,0.0
TMLHE,False,False,0,,0.0,0,negative_candidate,0.0
ANKRD44,False,False,0,,0.0,0,negative_candidate,0.0
MYRIP,False,False,0,,0.0,0,negative_candidate,0.0
ABCC3,True,True,2,NCG;CIViC,1.0,1,high_confidence_positive,1.0
GRM6,False,False,0,,0.0,0,negative_candidate,0.0
SFTPA1,False,False,0,,0.0,0,negative_candidate,0.0
RGS18,True,False,1,NCG,1.0,1,single_source_positive,
RAD21,True,False,1,NCG,1.0,1,single_source_positive,
FUT7,False,False,0,,0.0,0,negative_candidate,0.0
XAGE5,False,False,0,,0.0,0,negative_candidate,0.0
HLA-A,True,True,2,NCG;CIViC,1.0,1,high_confidence_positive,1.0
STMN2,False,False,0,,0.0,0,negative_candidate,0.0
FOXB1,False,False,0,,0.0,0,negative_candidate,0.0
MIA3,False,False,0,,0.0,0,negative_candidate,0.0
GOLGA1,False,False,0,,0.0,0,negative_candidate,0.0
GPR161,False,False,0,,0.0,0,negative_candidate,0.0
UACA,True,False,1,NCG,1.0,1,single_source_positive,
ZMYND12,False,False,0,,0.0,0,negative_candidate,0.0
FADS6,False,False,0,,0.0,0,negative_candidate,0.0
ZNF699,False,False,0,,0.0,0,negative_candidate,0.0
ZER1,False,False,0,,0.0,0,negative_candidate,0.0
LHX4,False,False,0,,0.0,0,negative_candidate,0.0
INSM1,False,False,0,,0.0,0,negative_candidate,0.0
CT45A3,False,False,0,,0.0,0,negative_candidate,0.0
PRORP,False,False,0,,0.0,0,negative_candidate,0.0
SCRT2,False,False,0,,0.0,0,negative_candidate,0.0
CCT4,False,False,0,,0.0,0,negative_candidate,0.0
RASA1,True,True,2,NCG;CIViC,1.0,1,high_confidence_positive,1.0
BAIAP2L1,False,True,1,CIViC,1.0,1,single_source_positive,
FAM151A,False,False,0,,0.0,0,negative_candidate,0.0
EIF3A,True,False,1,NCG,1.0,1,single_source_positive,
PPIP5K2,False,False,0,,0.0,0,negative_candidate,0.0
KARS1,True,False,1,NCG,1.0,1,single_source_positive,
SEC24D,False,False,0,,0.0,0,negative_candidate,0.0
TANGO6,False,False,0,,0.0,0,negative_candidate,0.0
STK35,False,False,0,,0.0,0,negative_candidate,0.0
GMDS,False,False,0,,0.0,0,negative_candidate,0.0
PNLIPRP3,True,False,1,NCG,1.0,1,single_source_positive,
AURKC,False,False,0,,0.0,0,negative_candidate,0.0
RBM19,False,False,0,,0.0,0,negative_candidate,0.0
DOK1,False,False,0,,0.0,0,negative_candidate,0.0
PRODH2,False,False,0,,0.0,0,negative_candidate,0.0
HJV,False,False,0,,0.0,0,negative_candidate,0.0
KRTAP20-2,True,False,1,NCG,1.0,1,single_source_positive,
CUL5,False,False,0,,0.0,0,negative_candidate,0.0
NEO1,False,False,0,,0.0,0,negative_candidate,0.0
ACTL7A,False,False,0,,0.0,0,negative_candidate,0.0
ADCK2,False,False,0,,0.0,0,negative_candidate,0.0
CNPY2,False,False,0,,0.0,0,negative_candidate,0.0
EPG5,True,False,1,NCG,1.0,1,single_source_positive,
NLRP6,False,False,0,,0.0,0,negative_candidate,0.0
SDR39U1,False,False,0,,0.0,0,negative_candidate,0.0
EXTL3,False,False,0,,0.0,0,negative_candidate,0.0
ABCG2,True,True,2,NCG;CIViC,1.0,1,high_confidence_positive,1.0
COL27A1,False,False,0,,0.0,0,negative_candidate,0.0
CCL1,False,False,0,,0.0,0,negative_candidate,0.0
SCN4B,False,False,0,,0.0,0,negative_candidate,0.0
R3HDML,False,False,0,,0.0,0,negative_candidate,0.0
RMND5A,False,False,0,,0.0,0,negative_candidate,0.0
TMEM8B,False,False,0,,0.0,0,negative_candidate,0.0
CHRM2,False,False,0,,0.0,0,negative_candidate,0.0
HDAC6,False,True,1,CIViC,0.9,1,single_source_positive,
ACHE,False,False,0,,0.0,0,negative_candidate,0.0
PSAPL1,False,False,0,,0.0,0,negative_candidate,0.0
ZNF33B,False,False,0,,0.0,0,negative_candidate,0.0
HIC1,False,False,0,,0.0,0,negative_candidate,0.0
REN,False,False,0,,0.0,0,negative_candidate,0.0
FFAR1,False,False,0,,0.0,0,negative_candidate,0.0
EGFL6,False,False,0,,0.0,0,negative_candidate,0.0
MICOS10,False,False,0,,0.0,0,negative_candidate,0.0
TFB2M,False,False,0,,0.0,0,negative_candidate,0.0
SLC2A5,False,False,0,,0.0,0,negative_candidate,0.0
LRP6,False,False,0,,0.0,0,negative_candidate,0.0
ZNF318,False,False,0,,0.0,0,negative_candidate,0.0
KIF4B,False,False,0,,0.0,0,negative_candidate,0.0
ZBTB33,False,False,0,,0.0,0,negative_candidate,0.0
ADAM9,False,False,0,,0.0,0,negative_candidate,0.0
AVPR1B,False,False,0,,0.0,0,negative_candidate,0.0
FBL,False,False,0,,0.0,0,negative_candidate,0.0
URAD,False,False,0,,0.0,0,negative_candidate,0.0
MX2,False,False,0,,0.0,0,negative_candidate,0.0
SH2D4B,False,False,0,,0.0,0,negative_candidate,0.0
SYNRG,True,False,1,NCG,1.0,1,single_source_positive,
ZNF846,False,False,0,,0.0,0,negative_candidate,0.0
ARNT2,True,False,1,NCG,1.0,1,single_source_positive,
OVCH2,False,False,0,,0.0,0,negative_candidate,0.0
PELI2,False,False,0,,0.0,0,negative_candidate,0.0
NSMAF,True,False,1,NCG,1.0,1,single_source_positive,
CLCN5,False,False,0,,0.0,0,negative_candidate,0.0
DPP8,False,False,0,,0.0,0,negative_candidate,0.0
RRP9,False,False,0,,0.0,0,negative_candidate,0.0
PRG2,False,False,0,,0.0,0,negative_candidate,0.0
FAF1,False,False,0,,0.0,0,negative_candidate,0.0
RIPK1,True,False,1,NCG,1.0,1,single_source_positive,
BEND5,False,False,0,,0.0,0,negative_candidate,0.0
PPP1R26,False,False,0,,0.0,0,negative_candidate,0.0
TASOR,False,False,0,,0.0,0,negative_candidate,0.0
DGKH,False,True,1,CIViC,0.9,1,single_source_positive,
CDS2,False,False,0,,0.0,0,negative_candidate,0.0
BEND3,False,False,0,,0.0,0,negative_candidate,0.0
KLF11,False,False,0,,0.0,0,negative_candidate,0.0
PPP1R13L,False,False,0,,0.0,0,negative_candidate,0.0
CANX,True,False,1,NCG,1.0,1,single_source_positive,
SOX17,True,False,1,NCG,1.0,1,single_source_positive,
MTFR2,False,False,0,,0.0,0,negative_candidate,0.0
ANXA5,False,False,0,,0.0,0,negative_candidate,0.0
KRTAP10-3,False,False,0,,0.0,0,negative_candidate,0.0
ITPRIPL1,False,False,0,,0.0,0,negative_candidate,0.0
DENND5B,False,False,0,,0.0,0,negative_candidate,0.0
FBXO15,False,False,0,,0.0,0,negative_candidate,0.0
BRSK1,True,False,1,NCG,1.0,1,single_source_positive,
FRYL,False,False,0,,0.0,0,negative_candidate,0.0
ZNF608,True,False,1,NCG,1.0,1,single_source_positive,
IL36A,True,False,1,NCG,1.0,1,single_source_positive,
MAP3K21,True,False,1,NCG,1.0,1,single_source_positive,
SYF2,True,False,1,NCG,1.0,1,single_source_positive,
LTK,True,False,1,NCG,1.0,1,single_source_positive,
TRIM28,True,False,1,NCG,1.0,1,single_source_positive,
DDN,False,False,0,,0.0,0,negative_candidate,0.0
PRDX6,False,False,0,,0.0,0,negative_candidate,0.0
GABPA,False,False,0,,0.0,0,negative_candidate,0.0
LCE2B,False,False,0,,0.0,0,negative_candidate,0.0
HPS3,False,False,0,,0.0,0,negative_candidate,0.0
FRMD8,True,False,1,NCG,1.0,1,single_source_positive,
TSHB,False,False,0,,0.0,0,negative_candidate,0.0
TOP3B,False,False,0,,0.0,0,negative_candidate,0.0
TUBA1A,False,False,0,,0.0,0,negative_candidate,0.0
H2AC6,True,True,2,NCG;CIViC,1.0,1,high_confidence_positive,1.0
CEP164,False,False,0,,0.0,0,negative_candidate,0.0
PPP1R12A,False,False,0,,0.0,0,negative_candidate,0.0
SHH,True,False,1,NCG,1.0,1,single_source_positive,
TRIP12,True,False,1,NCG,1.0,1,single_source_positive,
UNC5C,True,False,1,NCG,1.0,1,single_source_positive,
TRIM45,False,False,0,,0.0,0,negative_candidate,0.0
SNCA,False,False,0,,0.0,0,negative_candidate,0.0
SCN7A,False,False,0,,0.0,0,negative_candidate,0.0
STAMBPL1,False,False,0,,0.0,0,negative_candidate,0.0
SENP7,False,False,0,,0.0,0,negative_candidate,0.0
USP47,False,False,0,,0.0,0,negative_candidate,0.0
CCNI,True,False,1,NCG,1.0,1,single_source_positive,
RB1CC1,True,False,1,NCG,1.0,1,single_source_positive,
HSPA2,False,False,0,,0.0,0,negative_candidate,0.0
ITSN2,False,False,0,,0.0,0,negative_candidate,0.0
ELL3,False,False,0,,0.0,0,negative_candidate,0.0
NUCKS1,False,False,0,,0.0,0,negative_candidate,0.0
GRK3,False,False,0,,0.0,0,negative_candidate,0.0
OCRL,True,False,1,NCG,1.0,1,single_source_positive,
DCAF8L1,False,False,0,,0.0,0,negative_candidate,0.0
FGF14,False,False,0,,0.0,0,negative_candidate,0.0
BTN1A1,False,False,0,,0.0,0,negative_candidate,0.0
ZNF479,True,False,1,NCG,1.0,1,single_source_positive,
NKX2-2,False,False,0,,0.0,0,negative_candidate,0.0
PLXNA3,True,False,1,NCG,1.0,1,single_source_positive,
B3GNT2,False,False,0,,0.0,0,negative_candidate,0.0
GRAMD4,False,False,0,,0.0,0,negative_candidate,0.0
IGHV4-39,False,False,0,,0.0,0,negative_candidate,0.0
REXO5,False,False,0,,0.0,0,negative_candidate,0.0
ERRFI1,True,True,2,NCG;CIViC,1.0,1,high_confidence_positive,1.0
SPANXN2,True,False,1,NCG,1.0,1,single_source_positive,
DIPK2A,False,False,0,,0.0,0,negative_candidate,0.0
SLC2A7,False,False,0,,0.0,0,negative_candidate,0.0
SERPINE3,False,False,0,,0.0,0,negative_candidate,0.0
SLC45A2,False,False,0,,0.0,0,negative_candidate,0.0
NID2,False,False,0,,0.0,0,negative_candidate,0.0
DUS3L,False,False,0,,0.0,0,negative_candidate,0.0
UNG,False,False,0,,0.0,0,negative_candidate,0.0
DOCK11,False,False,0,,0.0,0,negative_candidate,0.0
SLC5A1,False,False,0,,0.0,0,negative_candidate,0.0
CTSZ,False,False,0,,0.0,0,negative_candidate,0.0
INTS2,False,False,0,,0.0,0,negative_candidate,0.0
LRRC28,False,False,0,,0.0,0,negative_candidate,0.0
GRN,False,False,0,,0.0,0,negative_candidate,0.0
IGLV6-57,False,False,0,,0.0,0,negative_candidate,0.0
NCOA4,True,False,1,NCG,1.0,1,single_source_positive,
CD200R1L,False,False,0,,0.0,0,negative_candidate,0.0
INTS6L,True,False,1,NCG,1.0,1,single_source_positive,
TNMD,False,False,0,,0.0,0,negative_candidate,0.0
TMED10,False,False,0,,0.0,0,negative_candidate,0.0
HNRNPA3,True,False,1,NCG,1.0,1,single_source_positive,
PCDHA13,True,False,1,NCG,1.0,1,single_source_positive,
POTEF,False,False,0,,0.0,0,negative_candidate,0.0
PPP1CB,False,False,0,,0.0,0,negative_candidate,0.0
GPR142,False,False,0,,0.0,0,negative_candidate,0.0
GPR83,False,False,0,,0.0,0,negative_candidate,0.0
SLC25A6,False,False,0,,0.0,0,negative_candidate,0.0
MBOAT1,False,False,0,,0.0,0,negative_candidate,0.0
GORAB,False,False,0,,0.0,0,negative_candidate,0.0
OR10A2,False,False,0,,0.0,0,negative_candidate,0.0
FAM214B,False,False,0,,0.0,0,negative_candidate,0.0
LECT2,False,False,0,,0.0,0,negative_candidate,0.0
KEL,True,False,1,NCG,1.0,1,single_source_positive,
TMEM30A,True,False,1,NCG,1.0,1,single_source_positive,
PSMD3,False,False,0,,0.0,0,negative_candidate,0.0
IL31,False,False,0,,0.0,0,negative_candidate,0.0
TRAV8-7,False,False,0,,0.0,0,negative_candidate,0.0
FZD7,False,False,0,,0.0,0,negative_candidate,0.0
SH3BP5L,False,False,0,,0.0,0,negative_candidate,0.0
BST2,False,False,0,,0.0,0,negative_candidate,0.0
AVIL,False,False,0,,0.0,0,negative_candidate,0.0
COG8,False,False,0,,0.0,0,negative_candidate,0.0
GUCY2F,False,False,0,,0.0,0,negative_candidate,0.0
FAM53A,False,False,0,,0.0,0,negative_candidate,0.0
APC2,False,False,0,,0.0,0,negative_candidate,0.0
MYMK,False,False,0,,0.0,0,negative_candidate,0.0
MFAP1,False,False,0,,0.0,0,negative_candidate,0.0
TTC37,False,False,0,,0.0,0,negative_candidate,0.0
SFTPA2,False,False,0,,0.0,0,negative_candidate,0.0
RAB28,False,False,0,,0.0,0,negative_candidate,0.0
SPN,True,False,1,NCG,1.0,1,single_source_positive,
DGCR8,True,False,1,NCG,1.0,1,single_source_positive,
MORF4L1,False,False,0,,0.0,0,negative_candidate,0.0
TXNRD1,False,False,0,,0.0,0,negative_candidate,0.0
CLIC2,False,False,0,,0.0,0,negative_candidate,0.0
TNP2,False,False,0,,0.0,0,negative_candidate,0.0
RHOA,True,True,2,NCG;CIViC,1.0,1,high_confidence_positive,1.0
HLA-C,False,True,1,CIViC,1.0,1,single_source_positive,
SLC25A38,False,False,0,,0.0,0,negative_candidate,0.0
CEACAM6,False,False,0,,0.0,0,negative_candidate,0.0
OSBP2,True,False,1,NCG,1.0,1,single_source_positive,
CLMP,False,False,0,,0.0,0,negative_candidate,0.0
EEF1AKNMT,False,False,0,,0.0,0,negative_candidate,0.0
KLRC3,False,False,0,,0.0,0,negative_candidate,0.0
CCZ1B,False,False,0,,0.0,0,negative_candidate,0.0
CCDC60,False,False,0,,0.0,0,negative_candidate,0.0
ALDH1A1,False,False,0,,0.0,0,negative_candidate,0.0
KCNK1,True,False,1,NCG,1.0,1,single_source_positive,
CDK20,False,False,0,,0.0,0,negative_candidate,0.0
SMARCA1,True,False,1,NCG,1.0,1,single_source_positive,
ZNF267,False,False,0,,0.0,0,negative_candidate,0.0
RPLP2,False,False,0,,0.0,0,negative_candidate,0.0
DDX4,False,False,0,,0.0,0,negative_candidate,0.0
FOS,False,True,1,CIViC,1.0,1,single_source_positive,
RGS9,False,False,0,,0.0,0,negative_candidate,0.0
LTBP2,True,False,1,NCG,1.0,1,single_source_positive,
CYP2F1,False,False,0,,0.0,0,negative_candidate,0.0
PKLR,False,False,0,,0.0,0,negative_candidate,0.0
YWHAQ,False,False,0,,0.0,0,negative_candidate,0.0
RFX4,False,False,0,,0.0,0,negative_candidate,0.0
GON4L,False,True,1,CIViC,1.0,1,single_source_positive,
SGCZ,True,False,1,NCG,1.0,1,single_source_positive,
MCM7,True,False,1,NCG,1.0,1,single_source_positive,
IGLV1-40,False,False,0,,0.0,0,negative_candidate,0.0
FOLR1,False,False,0,,0.0,0,negative_candidate,0.0
IQSEC1,False,False,0,,0.0,0,negative_candidate,0.0
FAM177B,True,False,1,NCG,1.0,1,single_source_positive,
SELENBP1,False,False,0,,0.0,0,negative_candidate,0.0
ARFGEF1,False,False,0,,0.0,0,negative_candidate,0.0
GABRB1,False,False,0,,0.0,0,negative_candidate,0.0
XAGE3,False,False,0,,0.0,0,negative_candidate,0.0
OR56A3,False,False,0,,0.0,0,negative_candidate,0.0
LMAN2,False,False,0,,0.0,0,negative_candidate,0.0
LYPD6,False,False,0,,0.0,0,negative_candidate,0.0
ALCAM,False,True,1,CIViC,1.0,1,single_source_positive,
SMAD3,True,True,2,NCG;CIViC,1.0,1,high_confidence_positive,1.0
HSPA5,False,True,1,CIViC,1.0,1,single_source_positive,
LMAN1,False,False,0,,0.0,0,negative_candidate,0.0
ECHS1,False,False,0,,0.0,0,negative_candidate,0.0
STAP1,False,False,0,,0.0,0,negative_candidate,0.0
CAPG,False,False,0,,0.0,0,negative_candidate,0.0
GPX1,True,False,1,NCG,1.0,1,single_source_positive,
ARHGEF40,False,False,0,,0.0,0,negative_candidate,0.0
PLEKHG2,False,False,0,,0.0,0,negative_candidate,0.0
TUBAL3,False,False,0,,0.0,0,negative_candidate,0.0
MED16,True,False,1,NCG,1.0,1,single_source_positive,
FOXN2,False,False,0,,0.0,0,negative_candidate,0.0
GAB4,False,False,0,,0.0,0,negative_candidate,0.0
IGKV1-33,False,False,0,,0.0,0,negative_candidate,0.0
GRK7,False,False,0,,0.0,0,negative_candidate,0.0
TEX55,False,False,0,,0.0,0,negative_candidate,0.0
CEP89,False,False,0,,0.0,0,negative_candidate,0.0
SEC14L4,False,False,0,,0.0,0,negative_candidate,0.0
RBP3,False,False,0,,0.0,0,negative_candidate,0.0
PTMA,True,False,1,NCG,1.0,1,single_source_positive,
MAP3K1,True,True,2,NCG;CIViC,1.0,1,high_confidence_positive,1.0
TADA2A,False,False,0,,0.0,0,negative_candidate,0.0
H1-8,True,False,1,NCG,1.0,1,single_source_positive,
BRICD5,False,False,0,,0.0,0,negative_candidate,0.0
FRMD7,True,False,1,NCG,1.0,1,single_source_positive,
OS9,True,False,1,NCG,1.0,1,single_source_positive,
NCOA5,False,False,0,,0.0,0,negative_candidate,0.0
GFAP,False,False,0,,0.0,0,negative_candidate,0.0
MYOCD,True,False,1,NCG,1.0,1,single_source_positive,
PPP1R1B,False,False,0,,0.0,0,negative_candidate,0.0
GPM6A,False,False,0,,0.0,0,negative_candidate,0.0
KRT8,False,False,0,,0.0,0,negative_candidate,0.0
TUBB,False,False,0,,0.0,0,negative_candidate,0.0
SH3GL2,False,False,0,,0.0,0,negative_candidate,0.0
SLC25A21,False,False,0,,0.0,0,negative_candidate,0.0
DPRX,False,False,0,,0.0,0,negative_candidate,0.0
SMC6,False,False,0,,0.0,0,negative_candidate,0.0
OCA2,False,False,0,,0.0,0,negative_candidate,0.0
TEX13A,False,False,0,,0.0,0,negative_candidate,0.0
TGFBRAP1,False,False,0,,0.0,0,negative_candidate,0.0
TRPM7,False,False,0,,0.0,0,negative_candidate,0.0
GCC1,False,False,0,,0.0,0,negative_candidate,0.0
NR1H3,False,False,0,,0.0,0,negative_candidate,0.0
RNF215,False,False,0,,0.0,0,negative_candidate,0.0
KRT6C,False,False,0,,0.0,0,negative_candidate,0.0
LARS1,False,False,0,,0.0,0,negative_candidate,0.0
FOCAD,False,False,0,,0.0,0,negative_candidate,0.0
ENOSF1,False,False,0,,0.0,0,negative_candidate,0.0
SAP30BP,False,False,0,,0.0,0,negative_candidate,0.0
MAP3K5,True,False,1,NCG,1.0,1,single_source_positive,
GRB2,True,False,1,NCG,1.0,1,single_source_positive,
CCL16,False,False,0,,0.0,0,negative_candidate,0.0
A2M,False,False,0,,0.0,0,negative_candidate,0.0
IRF2BP2,True,False,1,NCG,1.0,1,single_source_positive,
ST14,False,False,0,,0.0,0,negative_candidate,0.0
TRIP11,False,False,0,,0.0,0,negative_candidate,0.0
CNBD1,True,False,1,NCG,1.0,1,single_source_positive,
MAF1,False,False,0,,0.0,0,negative_candidate,0.0
CALU,False,False,0,,0.0,0,negative_candidate,0.0
SMARCD2,False,False,0,,0.0,0,negative_candidate,0.0
MPHOSPH6,False,False,0,,0.0,0,negative_candidate,0.0
RFPL4B,False,False,0,,0.0,0,negative_candidate,0.0
DCN,False,False,0,,0.0,0,negative_candidate,0.0
MAN1B1,False,False,0,,0.0,0,negative_candidate,0.0
HERPUD2,False,False,0,,0.0,0,negative_candidate,0.0
ZNF790,False,False,0,,0.0,0,negative_candidate,0.0
PTGER2,False,False,0,,0.0,0,negative_candidate,0.0
SPATA22,False,False,0,,0.0,0,negative_candidate,0.0
POMK,False,False,0,,0.0,0,negative_candidate,0.0
ARID4B,False,False,0,,0.0,0,negative_candidate,0.0
PTF1A,False,False,0,,0.0,0,negative_candidate,0.0
RAD17,True,False,1,NCG,1.0,1,single_source_positive,
NFXL1,False,False,0,,0.0,0,negative_candidate,0.0
RPL6,False,False,0,,0.0,0,negative_candidate,0.0
EFL1,False,False,0,,0.0,0,negative_candidate,0.0
PTPN13,True,False,1,NCG,1.0,1,single_source_positive,
PPP3R1,False,False,0,,0.0,0,negative_candidate,0.0
NDUFAF5,False,False,0,,0.0,0,negative_candidate,0.0
HLA-B,True,True,2,NCG;CIViC,1.0,1,high_confidence_positive,1.0
SYT10,True,False,1,NCG,1.0,1,single_source_positive,
PPM1G,False,False,0,,0.0,0,negative_candidate,0.0
CDH19,True,False,1,NCG,1.0,1,single_source_positive,
TLE1,True,False,1,NCG,1.0,1,single_source_positive,
RPS6,False,True,1,CIViC,1.0,1,single_source_positive,
KMT5B,False,False,0,,0.0,0,negative_candidate,0.0
EHBP1,False,False,0,,0.0,0,negative_candidate,0.0
IGKV4-1,False,False,0,,0.0,0,negative_candidate,0.0
UBAC1,True,False,1,NCG,1.0,1,single_source_positive,
SERINC1,False,False,0,,0.0,0,negative_candidate,0.0
RPS4X,False,False,0,,0.0,0,negative_candidate,0.0
PLP2,False,False,0,,0.0,0,negative_candidate,0.0
RPL10A,False,False,0,,0.0,0,negative_candidate,0.0
NEUROD4,False,False,0,,0.0,0,negative_candidate,0.0
TRIM56,False,False,0,,0.0,0,negative_candidate,0.0
CACNA2D3,True,False,1,NCG,1.0,1,single_source_positive,
PLEKHH1,False,False,0,,0.0,0,negative_candidate,0.0
LRP10,False,False,0,,0.0,0,negative_candidate,0.0
EXT1,True,False,1,NCG,1.0,1,single_source_positive,
GUCY1B1,False,False,0,,0.0,0,negative_candidate,0.0
CHRDL2,False,False,0,,0.0,0,negative_candidate,0.0
LETM1,True,False,1,NCG,1.0,1,single_source_positive,
ARHGAP27,False,False,0,,0.0,0,negative_candidate,0.0
EMD,False,False,0,,0.0,0,negative_candidate,0.0
NKX2-1,True,False,1,NCG,1.0,1,single_source_positive,
RPLP0,False,False,0,,0.0,0,negative_candidate,0.0
HLA-E,False,False,0,,0.0,0,negative_candidate,0.0
ATP5F1C,False,False,0,,0.0,0,negative_candidate,0.0
RPS16,False,False,0,,0.0,0,negative_candidate,0.0
WNT10B,False,False,0,,0.0,0,negative_candidate,0.0
IQGAP2,True,False,1,NCG,1.0,1,single_source_positive,
AKAP9,True,True,2,NCG;CIViC,1.0,1,high_confidence_positive,1.0
AHCYL2,True,False,1,NCG,1.0,1,single_source_positive,
MRFAP1,False,False,0,,0.0,0,negative_candidate,0.0
CHD6,True,False,1,NCG,1.0,1,single_source_positive,
OR7A5,False,False,0,,0.0,0,negative_candidate,0.0
UMPS,True,False,1,NCG,1.0,1,single_source_positive,
KANSL1L,False,False,0,,0.0,0,negative_candidate,0.0
PLEKHM1,False,False,0,,0.0,0,negative_candidate,0.0
IGFALS,False,False,0,,0.0,0,negative_candidate,0.0
TP53BP1,True,True,2,NCG;CIViC,1.0,1,high_confidence_positive,1.0
KMT2E,True,True,2,NCG;CIViC,1.0,1,high_confidence_positive,1.0
PPDPF,False,False,0,,0.0,0,negative_candidate,0.0
NT5M,False,False,0,,0.0,0,negative_candidate,0.0
SAP130,False,False,0,,0.0,0,negative_candidate,0.0
MANBA,False,False,0,,0.0,0,negative_candidate,0.0
OTULINL,False,False,0,,0.0,0,negative_candidate,0.0
NAA15,False,False,0,,0.0,0,negative_candidate,0.0
NOTCH2,True,True,2,NCG;CIViC,1.0,1,high_confidence_positive,1.0
ADCK1,True,False,1,NCG,1.0,1,single_source_positive,
RNASE2,False,False,0,,0.0,0,negative_candidate,0.0
RBMX,True,False,1,NCG,1.0,1,single_source_positive,
LEPR,True,True,2,NCG;CIViC,1.0,1,high_confidence_positive,1.0
ATF6,False,False,0,,0.0,0,negative_candidate,0.0
SDC4,False,True,1,CIViC,1.0,1,single_source_positive,
CNTF,False,False,0,,0.0,0,negative_candidate,0.0
AJAP1,True,False,1,NCG,1.0,1,single_source_positive,
SPTY2D1,False,False,0,,0.0,0,negative_candidate,0.0
ADGRE5,False,False,0,,0.0,0,negative_candidate,0.0
ARF1,False,False,0,,0.0,0,negative_candidate,0.0
TWIST1,True,False,1,NCG,1.0,1,single_source_positive,
AQP2,False,False,0,,0.0,0,negative_candidate,0.0
GABRG1,True,False,1,NCG,1.0,1,single_source_positive,
TOX4,False,False,0,,0.0,0,negative_candidate,0.0
DNAAF3,False,False,0,,0.0,0,negative_candidate,0.0
HNRNPC,True,False,1,NCG,1.0,1,single_source_positive,
ACVR1,True,True,2,NCG;CIViC,1.0,1,high_confidence_positive,1.0
MRPL14,False,False,0,,0.0,0,negative_candidate,0.0
OR1N2,False,False,0,,0.0,0,negative_candidate,0.0
GPRC5A,False,False,0,,0.0,0,negative_candidate,0.0
ZMAT1,False,False,0,,0.0,0,negative_candidate,0.0
LHFPL3,False,False,0,,0.0,0,negative_candidate,0.0
CXCR4,True,True,2,NCG;CIViC,1.0,1,high_confidence_positive,1.0
SLC25A5,False,False,0,,0.0,0,negative_candidate,0.0
NUTM1,True,True,2,NCG;CIViC,1.0,1,high_confidence_positive,1.0
STRN3,False,True,1,CIViC,1.0,1,single_source_positive,
ATP4A,True,False,1,NCG,1.0,1,single_source_positive,
SMARCD1,True,False,1,NCG,1.0,1,single_source_positive,
CD55,False,False,0,,0.0,0,negative_candidate,0.0
ACSM2B,False,False,0,,0.0,0,negative_candidate,0.0
ACTR2,False,False,0,,0.0,0,negative_candidate,0.0
FAM193A,False,False,0,,0.0,0,negative_candidate,0.0
WNT9A,False,False,0,,0.0,0,negative_candidate,0.0
NDUFA1,False,False,0,,0.0,0,negative_candidate,0.0
CA8,False,False,0,,0.0,0,negative_candidate,0.0
NAT16,False,False,0,,0.0,0,negative_candidate,0.0
PEBP1,False,False,0,,0.0,0,negative_candidate,0.0
PBX1,True,True,2,NCG;CIViC,1.0,1,high_confidence_positive,1.0
HNRNPH1,False,True,1,CIViC,0.9,1,single_source_positive,
NPBWR1,False,False,0,,0.0,0,negative_candidate,0.0
TSC22D1,True,False,1,NCG,1.0,1,single_source_positive,
H1-0,False,False,0,,0.0,0,negative_candidate,0.0
CRNN,False,False,0,,0.0,0,negative_candidate,0.0
BSG,False,False,0,,0.0,0,negative_candidate,0.0
APH1A,False,False,0,,0.0,0,negative_candidate,0.0
SP140L,False,False,0,,0.0,0,negative_candidate,0.0
PLEK2,False,False,0,,0.0,0,negative_candidate,0.0
LDHAL6A,True,False,1,NCG,1.0,1,single_source_positive,
AFF3,True,False,1,NCG,1.0,1,single_source_positive,
YWHAG,False,False,0,,0.0,0,negative_candidate,0.0
ANKRD28,False,False,0,,0.0,0,negative_candidate,0.0
EXOC6,False,False,0,,0.0,0,negative_candidate,0.0
SLC9A3,False,False,0,,0.0,0,negative_candidate,0.0
EIF3K,False,False,0,,0.0,0,negative_candidate,0.0
ADA,False,False,0,,0.0,0,negative_candidate,0.0
DDX53,False,False,0,,0.0,0,negative_candidate,0.0
CTSD,False,False,0,,0.0,0,negative_candidate,0.0
MTMR14,False,False,0,,0.0,0,negative_candidate,0.0
SSR4,False,False,0,,0.0,0,negative_candidate,0.0
S100A16,False,False,0,,0.0,0,negative_candidate,0.0
DDX5,True,False,1,NCG,1.0,1,single_source_positive,
MYO18A,False,False,0,,0.0,0,negative_candidate,0.0
SFPQ,True,False,1,NCG,1.0,1,single_source_positive,
PTTG1IP,False,False,0,,0.0,0,negative_candidate,0.0
IRAK2,False,False,0,,0.0,0,negative_candidate,0.0
MARK3,True,False,1,NCG,1.0,1,single_source_positive,
C9,False,False,0,,0.0,0,negative_candidate,0.0
ETV4,True,True,2,NCG;CIViC,1.0,1,high_confidence_positive,1.0
SUSD2,False,False,0,,0.0,0,negative_candidate,0.0
YWHAZ,False,False,0,,0.0,0,negative_candidate,0.0
RPS18,False,False,0,,0.0,0,negative_candidate,0.0
MTCH1,False,False,0,,0.0,0,negative_candidate,0.0
S100A11,False,False,0,,0.0,0,negative_candidate,0.0
HERC6,False,False,0,,0.0,0,negative_candidate,0.0
RWDD3,False,False,0,,0.0,0,negative_candidate,0.0
PSD3,False,False,0,,0.0,0,negative_candidate,0.0
RPS11,False,False,0,,0.0,0,negative_candidate,0.0
EPHB6,True,False,1,NCG,1.0,1,single_source_positive,
RPS27,True,False,1,NCG,1.0,1,single_source_positive,
POU5F2,False,False,0,,0.0,0,negative_candidate,0.0
ERGIC3,True,False,1,NCG,1.0,1,single_source_positive,
S100A9,False,False,0,,0.0,0,negative_candidate,0.0
LRRC56,False,False,0,,0.0,0,negative_candidate,0.0
EIF4E1B,False,False,0,,0.0,0,negative_candidate,0.0
ASPH,False,False,0,,0.0,0,negative_candidate,0.0
CPED1,False,False,0,,0.0,0,negative_candidate,0.0
RECK,False,False,0,,0.0,0,negative_candidate,0.0
KRT76,False,False,0,,0.0,0,negative_candidate,0.0
S100P,False,False,0,,0.0,0,negative_candidate,0.0
SPANXN5,False,False,0,,0.0,0,negative_candidate,0.0
EOLA2,False,False,0,,0.0,0,negative_candidate,0.0
TAOK1,False,False,0,,0.0,0,negative_candidate,0.0
EID1,False,False,0,,0.0,0,negative_candidate,0.0
TAS2R9,False,False,0,,0.0,0,negative_candidate,0.0
CFAP206,False,False,0,,0.0,0,negative_candidate,0.0
GSTP1,False,True,1,CIViC,1.0,1,single_source_positive,
PYGB,False,False,0,,0.0,0,negative_candidate,0.0
YBX1,False,False,0,,0.0,0,negative_candidate,0.0
IGLV3-1,False,False,0,,0.0,0,negative_candidate,0.0
ADH4,False,False,0,,0.0,0,negative_candidate,0.0
CD63,False,False,0,,0.0,0,negative_candidate,0.0
EIF2S3,False,False,0,,0.0,0,negative_candidate,0.0
SNRPC,False,False,0,,0.0,0,negative_candidate,0.0
BRD2,False,False,0,,0.0,0,negative_candidate,0.0
RPS15,True,False,1,NCG,1.0,1,single_source_positive,
CBX3,False,False,0,,0.0,0,negative_candidate,0.0
PRDX3,False,False,0,,0.0,0,negative_candidate,0.0
RPLP1,False,False,0,,0.0,0,negative_candidate,0.0
PAX2,True,False,1,NCG,1.0,1,single_source_positive,
REG3G,False,False,0,,0.0,0,negative_candidate,0.0
SFTPC,False,False,0,,0.0,0,negative_candidate,0.0
MYT1L,True,False,1,NCG,1.0,1,single_source_positive,
ICAM5,False,False,0,,0.0,0,negative_candidate,0.0
P2RX3,False,False,0,,0.0,0,negative_candidate,0.0
GRB10,False,False,0,,0.0,0,negative_candidate,0.0
RPS25,False,False,0,,0.0,0,negative_candidate,0.0
PSMA7,False,False,0,,0.0,0,negative_candidate,0.0
ACSM4,True,False,1,NCG,1.0,1,single_source_positive,
C1QTNF9,False,False,0,,0.0,0,negative_candidate,0.0
ZHX1,False,False,0,,0.0,0,negative_candidate,0.0
MAGED1,True,False,1,NCG,1.0,1,single_source_positive,
CPSF1,False,False,0,,0.0,0,negative_candidate,0.0
HSPB1,False,True,1,CIViC,1.0,1,single_source_positive,
SIGLECL1,False,False,0,,0.0,0,negative_candidate,0.0
UBXN7,True,False,1,NCG,1.0,1,single_source_positive,
NUP133,True,False,1,NCG,1.0,1,single_source_positive,
ODF3L1,False,False,0,,0.0,0,negative_candidate,0.0
EDRF1,False,False,0,,0.0,0,negative_candidate,0.0
RPL29,True,False,1,NCG,1.0,1,single_source_positive,
NCAM1,False,False,0,,0.0,0,negative_candidate,0.0
CCDC9B,False,False,0,,0.0,0,negative_candidate,0.0
HNRNPAB,False,False,0,,0.0,0,negative_candidate,0.0
LAMP3,False,False,0,,0.0,0,negative_candidate,0.0
GPAM,True,False,1,NCG,1.0,1,single_source_positive,
RPL37,False,False,0,,0.0,0,negative_candidate,0.0
LGALS1,True,False,1,NCG,1.0,1,single_source_positive,
HCAR3,False,False,0,,0.0,0,negative_candidate,0.0
NOL12,False,False,0,,0.0,0,negative_candidate,0.0
TRAF3IP2,False,False,0,,0.0,0,negative_candidate,0.0
SEPTIN2,False,False,0,,0.0,0,negative_candidate,0.0
CHCHD2,False,False,0,,0.0,0,negative_candidate,0.0
VAMP8,False,False,0,,0.0,0,negative_candidate,0.0
MYL9,False,False,0,,0.0,0,negative_candidate,0.0
HEATR5A,False,False,0,,0.0,0,negative_candidate,0.0
EIF5A,True,False,1,NCG,1.0,1,single_source_positive,
MLF2,False,False,0,,0.0,0,negative_candidate,0.0
RPS19,False,False,0,,0.0,0,negative_candidate,0.0
KIAA0930,False,False,0,,0.0,0,negative_candidate,0.0
IZUMO1R,False,False,0,,0.0,0,negative_candidate,0.0
SERBP1,False,False,0,,0.0,0,negative_candidate,0.0
PCDHGC5,True,False,1,NCG,1.0,1,single_source_positive,
SCD,False,False,0,,0.0,0,negative_candidate,0.0
NAT8,False,False,0,,0.0,0,negative_candidate,0.0
RPL36AL,False,False,0,,0.0,0,negative_candidate,0.0
GPR119,False,False,0,,0.0,0,negative_candidate,0.0
PPFIA4,False,False,0,,0.0,0,negative_candidate,0.0
ACER1,False,False,0,,0.0,0,negative_candidate,0.0
CCN2,False,True,1,CIViC,0.9,1,single_source_positive,
NDUFS5,False,False,0,,0.0,0,negative_candidate,0.0
TNNT3,False,False,0,,0.0,0,negative_candidate,0.0
S100A4,False,False,0,,0.0,0,negative_candidate,0.0
EIF6,False,False,0,,0.0,0,negative_candidate,0.0
PHLDB2,False,False,0,,0.0,0,negative_candidate,0.0
ZNF133,True,False,1,NCG,1.0,1,single_source_positive,
LCN1,False,False,0,,0.0,0,negative_candidate,0.0
NONO,False,False,0,,0.0,0,negative_candidate,0.0
TAF15,True,True,2,NCG;CIViC,1.0,1,high_confidence_positive,1.0
PEG10,False,False,0,,0.0,0,negative_candidate,0.0
GET3,False,False,0,,0.0,0,negative_candidate,0.0
HAT1,False,False,0,,0.0,0,negative_candidate,0.0
PGAM4,False,False,0,,0.0,0,negative_candidate,0.0
ADAT2,False,False,0,,0.0,0,negative_candidate,0.0
DAP,False,False,0,,0.0,0,negative_candidate,0.0
ACO1,True,False,1,NCG,1.0,1,single_source_positive,
TACSTD2,False,True,1,CIViC,0.9,1,single_source_positive,
ZNF33A,True,False,1,NCG,1.0,1,single_source_positive,
NOP53,True,False,1,NCG,1.0,1,single_source_positive,
C1QL1,False,False,0,,0.0,0,negative_candidate,0.0
CCL18,False,False,0,,0.0,0,negative_candidate,0.0
RPL14,False,False,0,,0.0,0,negative_candidate,0.0
DHX8,False,False,0,,0.0,0,negative_candidate,0.0
MFAP4,False,False,0,,0.0,0,negative_candidate,0.0
DLGAP4,False,False,0,,0.0,0,negative_candidate,0.0
AKAP11,True,False,1,NCG,1.0,1,single_source_positive,
CTDSP2,False,False,0,,0.0,0,negative_candidate,0.0
ARRDC3,False,False,0,,0.0,0,negative_candidate,0.0
ADGRL2,True,False,1,NCG,1.0,1,single_source_positive,
MAPT,False,False,0,,0.0,0,negative_candidate,0.0
PLPP2,False,False,0,,0.0,0,negative_candidate,0.0
SH3BGRL3,False,False,0,,0.0,0,negative_candidate,0.0
LGALS3,False,False,0,,0.0,0,negative_candidate,0.0
TGIF2LX,False,False,0,,0.0,0,negative_candidate,0.0
FKBP8,False,False,0,,0.0,0,negative_candidate,0.0
WASL,False,False,0,,0.0,0,negative_candidate,0.0
OR56B1,False,False,0,,0.0,0,negative_candidate,0.0
EIF4E2,False,False,0,,0.0,0,negative_candidate,0.0
LY6E,False,False,0,,0.0,0,negative_candidate,0.0
NPC2,False,False,0,,0.0,0,negative_candidate,0.0
PGRMC1,False,False,0,,0.0,0,negative_candidate,0.0
UQCRH,False,False,0,,0.0,0,negative_candidate,0.0
APEX1,False,False,0,,0.0,0,negative_candidate,0.0
SUMO1,False,False,0,,0.0,0,negative_candidate,0.0
AARS2,False,False,0,,0.0,0,negative_candidate,0.0
PROX2,False,False,0,,0.0,0,negative_candidate,0.0
RPS13,True,False,1,NCG,1.0,1,single_source_positive,
TMEM248,False,False,0,,0.0,0,negative_candidate,0.0
SAMD4A,False,False,0,,0.0,0,negative_candidate,0.0
RPL18,False,False,0,,0.0,0,negative_candidate,0.0
EIF3D,False,False,0,,0.0,0,negative_candidate,0.0
AOC2,False,False,0,,0.0,0,negative_candidate,0.0
KCNAB3,False,False,0,,0.0,0,negative_candidate,0.0
USP19,False,False,0,,0.0,0,negative_candidate,0.0
ASPRV1,False,False,0,,0.0,0,negative_candidate,0.0
MT2A,False,False,0,,0.0,0,negative_candidate,0.0
GAPDHS,False,False,0,,0.0,0,negative_candidate,0.0
PSMD2,False,False,0,,0.0,0,negative_candidate,0.0
TSPAN8,False,False,0,,0.0,0,negative_candidate,0.0
COL4A5,False,False,0,,0.0,0,negative_candidate,0.0
AGPAT2,False,False,0,,0.0,0,negative_candidate,0.0
ZCCHC8,True,False,1,NCG,1.0,1,single_source_positive,
APOE,False,False,0,,0.0,0,negative_candidate,0.0
KCTD3,False,False,0,,0.0,0,negative_candidate,0.0
PSKH2,False,False,0,,0.0,0,negative_candidate,0.0
DCAF7,False,False,0,,0.0,0,negative_candidate,0.0
FAU,False,False,0,,0.0,0,negative_candidate,0.0
ZNF212,False,False,0,,0.0,0,negative_candidate,0.0
KCNK16,False,False,0,,0.0,0,negative_candidate,0.0
SRGN,False,False,0,,0.0,0,negative_candidate,0.0
USH1G,False,False,0,,0.0,0,negative_candidate,0.0
CEACAM18,False,False,0,,0.0,0,negative_candidate,0.0
SLC50A1,False,False,0,,0.0,0,negative_candidate,0.0
KIF3A,False,False,0,,0.0,0,negative_candidate,0.0
ARHGAP25,False,False,0,,0.0,0,negative_candidate,0.0
COX4I1,False,False,0,,0.0,0,negative_candidate,0.0
ZNF415,False,False,0,,0.0,0,negative_candidate,0.0
MTMR12,False,False,0,,0.0,0,negative_candidate,0.0
RASA2,True,False,1,NCG,1.0,1,single_source_positive,
RPL31,True,False,1,NCG,1.0,1,single_source_positive,
TDRD10,True,False,1,NCG,1.0,1,single_source_positive,
RPS20,False,False,0,,0.0,0,negative_candidate,0.0
YWHAE,True,True,2,NCG;CIViC,1.0,1,high_confidence_positive,1.0
SCNN1G,False,False,0,,0.0,0,negative_candidate,0.0
NUP214,True,True,2,NCG;CIViC,1.0,1,high_confidence_positive,1.0
PTMS,False,False,0,,0.0,0,negative_candidate,0.0
TSC2,True,True,2,NCG;CIViC,1.0,1,high_confidence_positive,1.0
POU2AF1,True,True,2,NCG;CIViC,1.0,1,high_confidence_positive,1.0
NOP10,False,False,0,,0.0,0,negative_candidate,0.0
CNN3,False,False,0,,0.0,0,negative_candidate,0.0
MYL6,False,False,0,,0.0,0,negative_candidate,0.0
COX5B,False,False,0,,0.0,0,negative_candidate,0.0
CD9,False,False,0,,0.0,0,negative_candidate,0.0
CFL1,False,False,0,,0.0,0,negative_candidate,0.0
HRH3,False,False,0,,0.0,0,negative_candidate,0.0
KIR3DL2,False,False,0,,0.0,0,negative_candidate,0.0
CXADR,True,False,1,NCG,1.0,1,single_source_positive,
PTPMT1,False,False,0,,0.0,0,negative_candidate,0.0
RPL34,True,False,1,NCG,1.0,1,single_source_positive,
CHST8,False,False,0,,0.0,0,negative_candidate,0.0
ARHGEF7,False,False,0,,0.0,0,negative_candidate,0.0
CDH13,True,False,1,NCG,1.0,1,single_source_positive,
RRAGC,False,False,0,,0.0,0,negative_candidate,0.0
ADA2,False,False,0,,0.0,0,negative_candidate,0.0
ADAD1,False,False,0,,0.0,0,negative_candidate,0.0
NIBAN1,False,False,0,,0.0,0,negative_candidate,0.0
FGF4,False,False,0,,0.0,0,negative_candidate,0.0
ARV1,False,False,0,,0.0,0,negative_candidate,0.0
DGCR2,False,False,0,,0.0,0,negative_candidate,0.0
TLDC2,False,False,0,,0.0,0,negative_candidate,0.0
TM7SF2,False,False,0,,0.0,0,negative_candidate,0.0
ADAMTS9,True,False,1,NCG,1.0,1,single_source_positive,
NELFB,False,False,0,,0.0,0,negative_candidate,0.0
SPTSSA,False,False,0,,0.0,0,negative_candidate,0.0
FCGRT,False,False,0,,0.0,0,negative_candidate,0.0
TMED2,False,False,0,,0.0,0,negative_candidate,0.0
ANKK1,False,False,0,,0.0,0,negative_candidate,0.0
VEPH1,False,False,0,,0.0,0,negative_candidate,0.0
IL7,False,False,0,,0.0,0,negative_candidate,0.0
FANCC,True,True,2,NCG;CIViC,1.0,1,high_confidence_positive,1.0
PTBP1,False,False,0,,0.0,0,negative_candidate,0.0
C1S,False,False,0,,0.0,0,negative_candidate,0.0
LMO4,False,False,0,,0.0,0,negative_candidate,0.0
CST3,False,False,0,,0.0,0,negative_candidate,0.0
PIM3,False,False,0,,0.0,0,negative_candidate,0.0
DBN1,False,False,0,,0.0,0,negative_candidate,0.0
RAD23B,True,True,2,NCG;CIViC,1.0,1,high_confidence_positive,1.0
GPRIN3,False,False,0,,0.0,0,negative_candidate,0.0
TEX2,False,False,0,,0.0,0,negative_candidate,0.0
SMIM21,False,False,0,,0.0,0,negative_candidate,0.0
FANCA,True,True,2,NCG;CIViC,1.0,1,high_confidence_positive,1.0
MTHFD2L,False,False,0,,0.0,0,negative_candidate,0.0
SELENOF,False,False,0,,0.0,0,negative_candidate,0.0
AP1M2,False,False,0,,0.0,0,negative_candidate,0.0
COX8A,False,False,0,,0.0,0,negative_candidate,0.0
KTN1,True,False,1,NCG,1.0,1,single_source_positive,
MYH6,False,False,0,,0.0,0,negative_candidate,0.0
CNST,False,False,0,,0.0,0,negative_candidate,0.0
RPL15,False,False,0,,0.0,0,negative_candidate,0.0
UBE2NL,False,False,0,,0.0,0,negative_candidate,0.0
HECTD4,False,False,0,,0.0,0,negative_candidate,0.0
BTG2,True,True,2,NCG;CIViC,1.0,1,high_confidence_positive,1.0
WDR45B,False,False,0,,0.0,0,negative_candidate,0.0
APOL1,False,False,0,,0.0,0,negative_candidate,0.0
ZAN,True,False,1,NCG,1.0,1,single_source_positive,
CNBP,True,False,1,NCG,1.0,1,single_source_positive,
SF3B5,False,False,0,,0.0,0,negative_candidate,0.0
SOBP,False,False,0,,0.0,0,negative_candidate,0.0
RPS28,False,False,0,,0.0,0,negative_candidate,0.0
LRCH2,False,False,0,,0.0,0,negative_candidate,0.0
IGFBP7,False,False,0,,0.0,0,negative_candidate,0.0
AZIN1,True,False,1,NCG,1.0,1,single_source_positive,
OAT,False,False,0,,0.0,0,negative_candidate,0.0
MAG,False,False,0,,0.0,0,negative_candidate,0.0
TCP11,True,False,1,NCG,1.0,1,single_source_positive,
ANXA7,False,False,0,,0.0,0,negative_candidate,0.0
PNMA8A,False,False,0,,0.0,0,negative_candidate,0.0
IBA57,False,False,0,,0.0,0,negative_candidate,0.0
RPL21,False,False,0,,0.0,0,negative_candidate,0.0
ABCD3,False,False,0,,0.0,0,negative_candidate,0.0
SOD1,False,False,0,,0.0,0,negative_candidate,0.0
RPH3A,False,False,0,,0.0,0,negative_candidate,0.0
ST8SIA2,False,False,0,,0.0,0,negative_candidate,0.0
SLC9A9,False,False,0,,0.0,0,negative_candidate,0.0
SRP9,False,False,0,,0.0,0,negative_candidate,0.0
PTPRO,True,False,1,NCG,1.0,1,single_source_positive,
CRIM1,False,False,0,,0.0,0,negative_candidate,0.0
PFKFB3,False,False,0,,0.0,0,negative_candidate,0.0
CAPZA1,False,False,0,,0.0,0,negative_candidate,0.0
LCMT2,False,False,0,,0.0,0,negative_candidate,0.0
SMS,False,False,0,,0.0,0,negative_candidate,0.0
PAQR9,False,False,0,,0.0,0,negative_candidate,0.0
OLAH,False,False,0,,0.0,0,negative_candidate,0.0
MS4A6A,False,False,0,,0.0,0,negative_candidate,0.0
CSTB,False,False,0,,0.0,0,negative_candidate,0.0
TMEM14C,False,False,0,,0.0,0,negative_candidate,0.0
ZNF829,False,False,0,,0.0,0,negative_candidate,0.0
TEX13B,False,False,0,,0.0,0,negative_candidate,0.0
CD53,False,False,0,,0.0,0,negative_candidate,0.0
UNC13B,False,False,0,,0.0,0,negative_candidate,0.0
C4ORF3,False,False,0,,0.0,0,negative_candidate,0.0
CALM1,False,False,0,,0.0,0,negative_candidate,0.0
BLVRA,False,False,0,,0.0,0,negative_candidate,0.0
MMP14,False,False,0,,0.0,0,negative_candidate,0.0
DNASE2,False,False,0,,0.0,0,negative_candidate,0.0
GAS2L2,False,False,0,,0.0,0,negative_candidate,0.0
DGKE,True,False,1,NCG,1.0,1,single_source_positive,
AKR1C1,False,False,0,,0.0,0,negative_candidate,0.0
PON2,False,False,0,,0.0,0,negative_candidate,0.0
SBDS,True,False,1,NCG,1.0,1,single_source_positive,
HVCN1,True,True,2,NCG;CIViC,1.0,1,high_confidence_positive,1.0
TNFRSF12A,False,False,0,,0.0,0,negative_candidate,0.0
TDRD6,False,False,0,,0.0,0,negative_candidate,0.0
COL1A2,True,False,1,NCG,1.0,1,single_source_positive,
PEX26,False,False,0,,0.0,0,negative_candidate,0.0
EFHC1,False,False,0,,0.0,0,negative_candidate,0.0
TRMT9B,False,False,0,,0.0,0,negative_candidate,0.0
BANF1,False,False,0,,0.0,0,negative_candidate,0.0
ANKRD12,True,False,1,NCG,1.0,1,single_source_positive,
OXER1,False,False,0,,0.0,0,negative_candidate,0.0
SPICE1,False,False,0,,0.0,0,negative_candidate,0.0
DNAJA1,False,False,0,,0.0,0,negative_candidate,0.0
LRRC2,False,False,0,,0.0,0,negative_candidate,0.0
TMX2,False,False,0,,0.0,0,negative_candidate,0.0
POLRMT,True,False,1,NCG,1.0,1,single_source_positive,
NDUFS6,False,False,0,,0.0,0,negative_candidate,0.0
IFI27,True,False,1,NCG,1.0,1,single_source_positive,
ATP2B2,False,False,0,,0.0,0,negative_candidate,0.0
FAM13C,False,False,0,,0.0,0,negative_candidate,0.0
TMEM59,False,False,0,,0.0,0,negative_candidate,0.0
COL13A1,False,False,0,,0.0,0,negative_candidate,0.0
GLO1,False,False,0,,0.0,0,negative_candidate,0.0
JAM2,False,False,0,,0.0,0,negative_candidate,0.0
CCL21,False,False,0,,0.0,0,negative_candidate,0.0
EMC7,False,False,0,,0.0,0,negative_candidate,0.0
VPS33B,False,False,0,,0.0,0,negative_candidate,0.0
JUND,False,False,0,,0.0,0,negative_candidate,0.0
CALHM1,False,False,0,,0.0,0,negative_candidate,0.0
ARHGAP24,False,False,0,,0.0,0,negative_candidate,0.0
NYX,False,False,0,,0.0,0,negative_candidate,0.0
ATP6V1H,False,False,0,,0.0,0,negative_candidate,0.0
PGK2,False,False,0,,0.0,0,negative_candidate,0.0
GPX3,False,False,0,,0.0,0,negative_candidate,0.0
UBE2U,False,False,0,,0.0,0,negative_candidate,0.0
CD47,False,False,0,,0.0,0,negative_candidate,0.0
CHAF1B,True,False,1,NCG,1.0,1,single_source_positive,
CNPY3,False,False,0,,0.0,0,negative_candidate,0.0
SET,True,False,1,NCG,1.0,1,single_source_positive,
SRP72,False,False,0,,0.0,0,negative_candidate,0.0
RPS26,False,False,0,,0.0,0,negative_candidate,0.0
B4GALT1,False,True,1,CIViC,1.0,1,single_source_positive,
DYNLL1,True,False,1,NCG,1.0,1,single_source_positive,
ABLIM3,False,False,0,,0.0,0,negative_candidate,0.0
TIMP2,False,False,0,,0.0,0,negative_candidate,0.0
PCNA,False,True,1,CIViC,0.9,1,single_source_positive,
SNX27,False,False,0,,0.0,0,negative_candidate,0.0
DEFB115,True,False,1,NCG,1.0,1,single_source_positive,
TBC1D15,False,False,0,,0.0,0,negative_candidate,0.0
CENPS,False,False,0,,0.0,0,negative_candidate,0.0
ACTBL2,False,False,0,,0.0,0,negative_candidate,0.0
ATP5PB,False,False,0,,0.0,0,negative_candidate,0.0
PDLIM1,False,False,0,,0.0,0,negative_candidate,0.0
TRAF3IP1,False,False,0,,0.0,0,negative_candidate,0.0
SYPL1,False,False,0,,0.0,0,negative_candidate,0.0
CTDSP1,False,False,0,,0.0,0,negative_candidate,0.0
LRRC8C,False,False,0,,0.0,0,negative_candidate,0.0
SPX,False,False,0,,0.0,0,negative_candidate,0.0
PTTG2,False,False,0,,0.0,0,negative_candidate,0.0
ZSCAN10,False,False,0,,0.0,0,negative_candidate,0.0
BTF3,False,False,0,,0.0,0,negative_candidate,0.0
WBP4,True,False,1,NCG,1.0,1,single_source_positive,
AGBL2,True,False,1,NCG,1.0,1,single_source_positive,
SSMEM1,False,False,0,,0.0,0,negative_candidate,0.0
ZC3H4,True,False,1,NCG,1.0,1,single_source_positive,
CDC42BPA,False,False,0,,0.0,0,negative_candidate,0.0
CYP26C1,False,False,0,,0.0,0,negative_candidate,0.0
EXOC1,False,False,0,,0.0,0,negative_candidate,0.0
MUCL3,False,False,0,,0.0,0,negative_candidate,0.0
NOP56,False,False,0,,0.0,0,negative_candidate,0.0
KANSL1,True,False,1,NCG,1.0,1,single_source_positive,
CREG1,False,False,0,,0.0,0,negative_candidate,0.0
CCT8,False,False,0,,0.0,0,negative_candidate,0.0
FBXO4,False,False,0,,0.0,0,negative_candidate,0.0
CARD9,False,False,0,,0.0,0,negative_candidate,0.0
RCN3,False,False,0,,0.0,0,negative_candidate,0.0
HTR3D,False,False,0,,0.0,0,negative_candidate,0.0
MYH7,True,False,1,NCG,1.0,1,single_source_positive,
MTMR10,False,False,0,,0.0,0,negative_candidate,0.0
OGA,False,True,1,CIViC,1.0,1,single_source_positive,
MTSS1,False,False,0,,0.0,0,negative_candidate,0.0
YWHAH,False,False,0,,0.0,0,negative_candidate,0.0
POLDIP2,False,False,0,,0.0,0,negative_candidate,0.0
MRPS21,True,False,1,NCG,1.0,1,single_source_positive,
PRSS8,False,False,0,,0.0,0,negative_candidate,0.0
KYAT3,False,False,0,,0.0,0,negative_candidate,0.0
STK11IP,True,False,1,NCG,1.0,1,single_source_positive,
TTLL9,True,False,1,NCG,1.0,1,single_source_positive,
RFPL3,False,False,0,,0.0,0,negative_candidate,0.0
VDAC1,False,False,0,,0.0,0,negative_candidate,0.0
VPS33A,False,False,0,,0.0,0,negative_candidate,0.0
FTH1,True,False,1,NCG,1.0,1,single_source_positive,
ITM2C,False,False,0,,0.0,0,negative_candidate,0.0
BAG3,False,False,0,,0.0,0,negative_candidate,0.0
CAPN15,False,False,0,,0.0,0,negative_candidate,0.0
MYCBPAP,False,False,0,,0.0,0,negative_candidate,0.0
ALKBH5,False,False,0,,0.0,0,negative_candidate,0.0
NDUFB10,False,False,0,,0.0,0,negative_candidate,0.0
EPB41L5,False,False,0,,0.0,0,negative_candidate,0.0
PSMD13,False,False,0,,0.0,0,negative_candidate,0.0
GLUD1,False,False,0,,0.0,0,negative_candidate,0.0
GRIPAP1,False,False,0,,0.0,0,negative_candidate,0.0
SYT7,False,False,0,,0.0,0,negative_candidate,0.0
HECTD3,False,False,0,,0.0,0,negative_candidate,0.0
ARPC3,False,False,0,,0.0,0,negative_candidate,0.0
PSMB6,False,False,0,,0.0,0,negative_candidate,0.0
TNFRSF13B,False,False,0,,0.0,0,negative_candidate,0.0
KIAA1841,False,False,0,,0.0,0,negative_candidate,0.0
TRIR,False,False,0,,0.0,0,negative_candidate,0.0
CORO1B,False,False,0,,0.0,0,negative_candidate,0.0
RAB40AL,False,False,0,,0.0,0,negative_candidate,0.0
MAPRE1,False,False,0,,0.0,0,negative_candidate,0.0
SESTD1,False,False,0,,0.0,0,negative_candidate,0.0
DAZAP2,False,False,0,,0.0,0,negative_candidate,0.0
TBC1D3B,True,False,1,NCG,1.0,1,single_source_positive,
RERE,False,False,0,,0.0,0,negative_candidate,0.0
DGKD,False,False,0,,0.0,0,negative_candidate,0.0
ZNF17,False,False,0,,0.0,0,negative_candidate,0.0
LILRB1,True,False,1,NCG,1.0,1,single_source_positive,
ARHGAP33,False,False,0,,0.0,0,negative_candidate,0.0
APRT,False,False,0,,0.0,0,negative_candidate,0.0
C5ORF15,False,False,0,,0.0,0,negative_candidate,0.0
IDH2,True,True,2,NCG;CIViC,1.0,1,high_confidence_positive,1.0
CIAO2B,False,False,0,,0.0,0,negative_candidate,0.0
SCNN1B,False,False,0,,0.0,0,negative_candidate,0.0
ST13,False,False,0,,0.0,0,negative_candidate,0.0
RARS2,False,False,0,,0.0,0,negative_candidate,0.0
NARS1,False,False,0,,0.0,0,negative_candidate,0.0
LLCFC1,False,False,0,,0.0,0,negative_candidate,0.0
TMEM109,False,False,0,,0.0,0,negative_candidate,0.0
HDAC1,True,False,1,NCG,1.0,1,single_source_positive,
BBX,True,False,1,NCG,1.0,1,single_source_positive,
CMPK1,False,False,0,,0.0,0,negative_candidate,0.0
CUTA,False,False,0,,0.0,0,negative_candidate,0.0
COX5A,False,False,0,,0.0,0,negative_candidate,0.0
RBM42,False,False,0,,0.0,0,negative_candidate,0.0
RXFP4,False,False,0,,0.0,0,negative_candidate,0.0
RRAGB,False,False,0,,0.0,0,negative_candidate,0.0
HSD17B10,False,False,0,,0.0,0,negative_candidate,0.0
ATP6V0B,True,False,1,NCG,1.0,1,single_source_positive,
GIPC1,False,False,0,,0.0,0,negative_candidate,0.0
AOPEP,False,False,0,,0.0,0,negative_candidate,0.0
VPS28,False,False,0,,0.0,0,negative_candidate,0.0
WASF2,False,False,0,,0.0,0,negative_candidate,0.0
BLVRB,False,False,0,,0.0,0,negative_candidate,0.0
SLC2A12,False,False,0,,0.0,0,negative_candidate,0.0
TLK2,False,True,1,CIViC,1.0,1,single_source_positive,
PTPRK,True,False,1,NCG,1.0,1,single_source_positive,
CHMP5,False,False,0,,0.0,0,negative_candidate,0.0
STRAP,False,False,0,,0.0,0,negative_candidate,0.0
MRPL51,False,False,0,,0.0,0,negative_candidate,0.0
RAB10,False,False,0,,0.0,0,negative_candidate,0.0
NUDC,False,False,0,,0.0,0,negative_candidate,0.0
TYMP,False,False,0,,0.0,0,negative_candidate,0.0
CD164,False,False,0,,0.0,0,negative_candidate,0.0
LIPA,False,False,0,,0.0,0,negative_candidate,0.0
ARHGEF19,False,False,0,,0.0,0,negative_candidate,0.0
DCD,False,False,0,,0.0,0,negative_candidate,0.0
UBQLN2,False,False,0,,0.0,0,negative_candidate,0.0
MTMR1,False,False,0,,0.0,0,negative_candidate,0.0
PLSCR1,False,False,0,,0.0,0,negative_candidate,0.0
STARD10,True,False,1,NCG,1.0,1,single_source_positive,
FGF1,False,False,0,,0.0,0,negative_candidate,0.0
SLCO4C1,False,False,0,,0.0,0,negative_candidate,0.0
MPZL1,False,False,0,,0.0,0,negative_candidate,0.0
PARP3,False,False,0,,0.0,0,negative_candidate,0.0
ATF2,False,False,0,,0.0,0,negative_candidate,0.0
SH3BGRL,False,False,0,,0.0,0,negative_candidate,0.0
BPIFB1,True,False,1,NCG,1.0,1,single_source_positive,
POMT2,False,False,0,,0.0,0,negative_candidate,0.0
EIF3L,False,False,0,,0.0,0,negative_candidate,0.0
SEPHS2,False,False,0,,0.0,0,negative_candidate,0.0
AOX1,True,False,1,NCG,1.0,1,single_source_positive,
NPTN,False,False,0,,0.0,0,negative_candidate,0.0
CXCL16,False,False,0,,0.0,0,negative_candidate,0.0
IL13RA1,True,False,1,NCG,1.0,1,single_source_positive,
FCRL3,False,False,0,,0.0,0,negative_candidate,0.0
NUP85,False,False,0,,0.0,0,negative_candidate,0.0
CNPPD1,False,False,0,,0.0,0,negative_candidate,0.0
C2CD2L,False,False,0,,0.0,0,negative_candidate,0.0
SLC4A2,True,False,1,NCG,1.0,1,single_source_positive,
UBL5,False,False,0,,0.0,0,negative_candidate,0.0
AREG,True,True,2,NCG;CIViC,1.0,1,high_confidence_positive,1.0
INA,False,False,0,,0.0,0,negative_candidate,0.0
SOD2,False,False,0,,0.0,0,negative_candidate,0.0
DRAP1,False,False,0,,0.0,0,negative_candidate,0.0
MTA2,False,False,0,,0.0,0,negative_candidate,0.0
ZP4,False,False,0,,0.0,0,negative_candidate,0.0
TRIM38,False,False,0,,0.0,0,negative_candidate,0.0
COPZ1,False,False,0,,0.0,0,negative_candidate,0.0
MTPN,False,False,0,,0.0,0,negative_candidate,0.0
PLEKHG5,False,False,0,,0.0,0,negative_candidate,0.0
CLTA,False,False,0,,0.0,0,negative_candidate,0.0
MAOA,False,False,0,,0.0,0,negative_candidate,0.0
MGP,False,False,0,,0.0,0,negative_candidate,0.0
PARP4,True,False,1,NCG,1.0,1,single_source_positive,
ANKRD50,True,False,1,NCG,1.0,1,single_source_positive,
TXNDC11,False,False,0,,0.0,0,negative_candidate,0.0
FUT5,False,False,0,,0.0,0,negative_candidate,0.0
SHISAL2A,False,False,0,,0.0,0,negative_candidate,0.0
TXNDC2,False,False,0,,0.0,0,negative_candidate,0.0
DNAJC8,False,False,0,,0.0,0,negative_candidate,0.0
OR52E8,True,False,1,NCG,1.0,1,single_source_positive,
SERPINH1,False,False,0,,0.0,0,negative_candidate,0.0
SFRP1,False,False,0,,0.0,0,negative_candidate,0.0
ACSM5,False,False,0,,0.0,0,negative_candidate,0.0
PSME4,False,False,0,,0.0,0,negative_candidate,0.0
TRAJ26,False,False,0,,0.0,0,negative_candidate,0.0
SV2C,False,False,0,,0.0,0,negative_candidate,0.0
MRPL3,False,False,0,,0.0,0,negative_candidate,0.0
PSMD8,True,False,1,NCG,1.0,1,single_source_positive,
BTN2A2,False,False,0,,0.0,0,negative_candidate,0.0
FIS1,False,False,0,,0.0,0,negative_candidate,0.0
ATP5MC3,False,False,0,,0.0,0,negative_candidate,0.0
EFHD2,True,False,1,NCG,1.0,1,single_source_positive,
TMCC1,False,False,0,,0.0,0,negative_candidate,0.0
RTP1,False,False,0,,0.0,0,negative_candidate,0.0
NBL1,True,False,1,NCG,1.0,1,single_source_positive,
OR14K1,False,False,0,,0.0,0,negative_candidate,0.0
CLEC10A,False,False,0,,0.0,0,negative_candidate,0.0
RNF182,False,False,0,,0.0,0,negative_candidate,0.0
ID1,False,False,0,,0.0,0,negative_candidate,0.0
SLC17A6,False,False,0,,0.0,0,negative_candidate,0.0
ERMN,False,False,0,,0.0,0,negative_candidate,0.0
RAET1G,False,False,0,,0.0,0,negative_candidate,0.0
NDUFA4,False,False,0,,0.0,0,negative_candidate,0.0
PHPT1,False,False,0,,0.0,0,negative_candidate,0.0
RGS13,False,False,0,,0.0,0,negative_candidate,0.0
NEU1,False,False,0,,0.0,0,negative_candidate,0.0
IFNB1,False,False,0,,0.0,0,negative_candidate,0.0
KLK4,False,False,0,,0.0,0,negative_candidate,0.0
FBXW5,True,False,1,NCG,1.0,1,single_source_positive,
MIDN,False,False,0,,0.0,0,negative_candidate,0.0
AIP,False,False,0,,0.0,0,negative_candidate,0.0
DSE,True,False,1,NCG,1.0,1,single_source_positive,
DUOXA2,False,False,0,,0.0,0,negative_candidate,0.0
SNU13,False,False,0,,0.0,0,negative_candidate,0.0
STOML2,False,False,0,,0.0,0,negative_candidate,0.0
HSPA1A,False,False,0,,0.0,0,negative_candidate,0.0
MFAP5,False,False,0,,0.0,0,negative_candidate,0.0
ZNF638,True,False,1,NCG,1.0,1,single_source_positive,
FBXO11,True,True,2,NCG;CIViC,1.0,1,high_confidence_positive,1.0
CARMIL1,False,False,0,,0.0,0,negative_candidate,0.0
PIGQ,False,False,0,,0.0,0,negative_candidate,0.0
ZMAT2,False,False,0,,0.0,0,negative_candidate,0.0
RCSD1,False,True,1,CIViC,1.0,1,single_source_positive,
RALA,False,False,0,,0.0,0,negative_candidate,0.0
KRTAP12-1,True,False,1,NCG,1.0,1,single_source_positive,
NME9,False,False,0,,0.0,0,negative_candidate,0.0
CELSR1,False,False,0,,0.0,0,negative_candidate,0.0
TNFSF10,True,False,1,NCG,1.0,1,single_source_positive,
ADPRS,False,False,0,,0.0,0,negative_candidate,0.0
KCND3,False,False,0,,0.0,0,negative_candidate,0.0
CLIC4,False,False,0,,0.0,0,negative_candidate,0.0
XKR6,False,False,0,,0.0,0,negative_candidate,0.0
SUMO3,False,False,0,,0.0,0,negative_candidate,0.0
GCNT1,False,False,0,,0.0,0,negative_candidate,0.0
ATP8A1,False,False,0,,0.0,0,negative_candidate,0.0
CFHR5,False,False,0,,0.0,0,negative_candidate,0.0
CHP1,False,False,0,,0.0,0,negative_candidate,0.0
RGCC,True,False,1,NCG,1.0,1,single_source_positive,
RBM3,False,False,0,,0.0,0,negative_candidate,0.0
ARF3,False,False,0,,0.0,0,negative_candidate,0.0
TOP2B,False,False,0,,0.0,0,negative_candidate,0.0
AP5Z1,False,False,0,,0.0,0,negative_candidate,0.0
ACSS3,False,False,0,,0.0,0,negative_candidate,0.0
NDUFB4,False,False,0,,0.0,0,negative_candidate,0.0
TMEM125,False,False,0,,0.0,0,negative_candidate,0.0
POTEA,False,False,0,,0.0,0,negative_candidate,0.0
RSL1D1,False,False,0,,0.0,0,negative_candidate,0.0
PHF24,False,False,0,,0.0,0,negative_candidate,0.0
TFRC,False,False,0,,0.0,0,negative_candidate,0.0
RNPEP,False,False,0,,0.0,0,negative_candidate,0.0
TMEM144,False,False,0,,0.0,0,negative_candidate,0.0
TPRG1L,True,False,1,NCG,1.0,1,single_source_positive,
GTF3C6,False,False,0,,0.0,0,negative_candidate,0.0
SPINT2,False,False,0,,0.0,0,negative_candidate,0.0
DBI,True,True,2,NCG;CIViC,1.0,1,high_confidence_positive,1.0
IREB2,False,False,0,,0.0,0,negative_candidate,0.0
LPIN2,False,False,0,,0.0,0,negative_candidate,0.0
ZNF35,False,False,0,,0.0,0,negative_candidate,0.0
FDX1,True,False,1,NCG,1.0,1,single_source_positive,
EIF2AK2,False,False,0,,0.0,0,negative_candidate,0.0
OR2D3,False,False,0,,0.0,0,negative_candidate,0.0
BICC1,False,True,1,CIViC,1.0,1,single_source_positive,
SAMD3,False,False,0,,0.0,0,negative_candidate,0.0
ARF6,False,False,0,,0.0,0,negative_candidate,0.0
SEC62,False,False,0,,0.0,0,negative_candidate,0.0
FAM120C,False,False,0,,0.0,0,negative_candidate,0.0
VAMP3,False,False,0,,0.0,0,negative_candidate,0.0
LTA4H,True,False,1,NCG,1.0,1,single_source_positive,
SMARCAD1,False,False,0,,0.0,0,negative_candidate,0.0
ZFC3H1,False,False,0,,0.0,0,negative_candidate,0.0
TMED4,False,False,0,,0.0,0,negative_candidate,0.0
ZNF700,False,False,0,,0.0,0,negative_candidate,0.0
RAD51D,False,True,1,CIViC,1.0,1,single_source_positive,
SNRNP70,False,False,0,,0.0,0,negative_candidate,0.0
CYP3A4,False,False,0,,0.0,0,negative_candidate,0.0
CDKN1A,True,True,2,NCG;CIViC,1.0,1,high_confidence_positive,1.0
GMIP,False,False,0,,0.0,0,negative_candidate,0.0
LMO7,False,False,0,,0.0,0,negative_candidate,0.0
FOSL2,False,False,0,,0.0,0,negative_candidate,0.0
MANF,False,False,0,,0.0,0,negative_candidate,0.0
SERAC1,False,False,0,,0.0,0,negative_candidate,0.0
CLDN25,False,False,0,,0.0,0,negative_candidate,0.0
PXMP2,False,False,0,,0.0,0,negative_candidate,0.0
SUMO2,False,False,0,,0.0,0,negative_candidate,0.0
DZANK1,False,False,0,,0.0,0,negative_candidate,0.0
AGK,False,True,1,CIViC,1.0,1,single_source_positive,
ZFY,False,False,0,,0.0,0,negative_candidate,0.0
CLIP3,False,False,0,,0.0,0,negative_candidate,0.0
STXBP4,False,False,0,,0.0,0,negative_candidate,0.0
GOT2,False,False,0,,0.0,0,negative_candidate,0.0
HIRA,False,False,0,,0.0,0,negative_candidate,0.0
MPZL2,False,False,0,,0.0,0,negative_candidate,0.0
GPRC5B,False,False,0,,0.0,0,negative_candidate,0.0
SLC2A4RG,False,False,0,,0.0,0,negative_candidate,0.0
HEATR6,False,False,0,,0.0,0,negative_candidate,0.0
DPM3,False,False,0,,0.0,0,negative_candidate,0.0
MGAM,True,False,1,NCG,1.0,1,single_source_positive,
RRAGA,False,False,0,,0.0,0,negative_candidate,0.0
PRM2,False,False,0,,0.0,0,negative_candidate,0.0
KLHL20,False,False,0,,0.0,0,negative_candidate,0.0
MARCKS,False,False,0,,0.0,0,negative_candidate,0.0
OR1J4,False,False,0,,0.0,0,negative_candidate,0.0
PTK6,True,False,1,NCG,1.0,1,single_source_positive,
INTS12,True,False,1,NCG,1.0,1,single_source_positive,
TCEAL8,False,False,0,,0.0,0,negative_candidate,0.0
FAM160A2,False,False,0,,0.0,0,negative_candidate,0.0
MAB21L2,False,False,0,,0.0,0,negative_candidate,0.0
NTM,False,False,0,,0.0,0,negative_candidate,0.0
RAPGEF5,True,False,1,NCG,1.0,1,single_source_positive,
ABRACL,False,False,0,,0.0,0,negative_candidate,0.0
RPS6KA2,False,False,0,,0.0,0,negative_candidate,0.0
TACR2,False,False,0,,0.0,0,negative_candidate,0.0
RHOG,False,False,0,,0.0,0,negative_candidate,0.0
IGFBP3,False,False,0,,0.0,0,negative_candidate,0.0
SSX2IP,False,False,0,,0.0,0,negative_candidate,0.0
PRF1,True,False,1,NCG,1.0,1,single_source_positive,
BCL3,True,False,1,NCG,1.0,1,single_source_positive,
ST8SIA5,False,False,0,,0.0,0,negative_candidate,0.0
ELK4,True,False,1,NCG,1.0,1,single_source_positive,
RPS4Y1,False,False,0,,0.0,0,negative_candidate,0.0
SMOC2,False,False,0,,0.0,0,negative_candidate,0.0
COL6A6,True,False,1,NCG,1.0,1,single_source_positive,
MTDH,False,False,0,,0.0,0,negative_candidate,0.0
APOC1,False,False,0,,0.0,0,negative_candidate,0.0
ACOXL,True,False,1,NCG,1.0,1,single_source_positive,
MAPK10,False,False,0,,0.0,0,negative_candidate,0.0
HPN,False,False,0,,0.0,0,negative_candidate,0.0
DEFB116,False,False,0,,0.0,0,negative_candidate,0.0
CUEDC2,False,False,0,,0.0,0,negative_candidate,0.0
ZNF335,False,False,0,,0.0,0,negative_candidate,0.0
SMCO3,False,False,0,,0.0,0,negative_candidate,0.0
TMEM43,False,False,0,,0.0,0,negative_candidate,0.0
EIF2S2,True,False,1,NCG,1.0,1,single_source_positive,
CYSTM1,False,False,0,,0.0,0,negative_candidate,0.0
NUTM2D,False,False,0,,0.0,0,negative_candidate,0.0
FBP1,False,False,0,,0.0,0,negative_candidate,0.0
LAMTOR2,False,False,0,,0.0,0,negative_candidate,0.0
PCDHGB5,False,False,0,,0.0,0,negative_candidate,0.0
MRPL13,False,False,0,,0.0,0,negative_candidate,0.0
ODF2,False,False,0,,0.0,0,negative_candidate,0.0
COIL,True,False,1,NCG,1.0,1,single_source_positive,
TMEFF2,False,False,0,,0.0,0,negative_candidate,0.0
PIP,False,False,0,,0.0,0,negative_candidate,0.0
HNRNPDL,True,False,1,NCG,1.0,1,single_source_positive,
SRSF5,True,False,1,NCG,1.0,1,single_source_positive,
IL6R,False,False,0,,0.0,0,negative_candidate,0.0
COPS2,False,False,0,,0.0,0,negative_candidate,0.0
ALOX5AP,False,False,0,,0.0,0,negative_candidate,0.0
PRG4,True,False,1,NCG,1.0,1,single_source_positive,
TTC14,True,False,1,NCG,1.0,1,single_source_positive,
FAN1,False,False,0,,0.0,0,negative_candidate,0.0
MARCHF8,False,False,0,,0.0,0,negative_candidate,0.0
HSD17B11,False,False,0,,0.0,0,negative_candidate,0.0
CRMP1,False,False,0,,0.0,0,negative_candidate,0.0
PPA1,False,False,0,,0.0,0,negative_candidate,0.0
NSDHL,False,False,0,,0.0,0,negative_candidate,0.0
CCDC8,False,False,0,,0.0,0,negative_candidate,0.0
ARL8A,False,False,0,,0.0,0,negative_candidate,0.0
TANK,False,False,0,,0.0,0,negative_candidate,0.0
RLN2,False,False,0,,0.0,0,negative_candidate,0.0
PTPN12,True,True,2,NCG;CIViC,1.0,1,high_confidence_positive,1.0
TMEM230,False,False,0,,0.0,0,negative_candidate,0.0
SELENON,False,False,0,,0.0,0,negative_candidate,0.0
DPF2,False,False,0,,0.0,0,negative_candidate,0.0
VPS13D,False,False,0,,0.0,0,negative_candidate,0.0
UBE2D3,False,False,0,,0.0,0,negative_candidate,0.0
HSPA1B,False,False,0,,0.0,0,negative_candidate,0.0
FGL2,False,False,0,,0.0,0,negative_candidate,0.0
NPEPPS,False,False,0,,0.0,0,negative_candidate,0.0
RAB20,False,False,0,,0.0,0,negative_candidate,0.0
BNIP3L,False,False,0,,0.0,0,negative_candidate,0.0
DVL1,False,False,0,,0.0,0,negative_candidate,0.0
PIGA,False,False,0,,0.0,0,negative_candidate,0.0
ACTA2,False,False,0,,0.0,0,negative_candidate,0.0
SPIN2A,False,False,0,,0.0,0,negative_candidate,0.0
RPL22,True,False,1,NCG,1.0,1,single_source_positive,
ITPR1,False,False,0,,0.0,0,negative_candidate,0.0
SUCO,False,False,0,,0.0,0,negative_candidate,0.0
RARS1,False,False,0,,0.0,0,negative_candidate,0.0
YIF1A,False,False,0,,0.0,0,negative_candidate,0.0
MGAT4B,False,False,0,,0.0,0,negative_candidate,0.0
PPARA,False,False,0,,0.0,0,negative_candidate,0.0
FAM110B,False,False,0,,0.0,0,negative_candidate,0.0
PSMD11,False,False,0,,0.0,0,negative_candidate,0.0
FRY,False,False,0,,0.0,0,negative_candidate,0.0
FAM32A,False,False,0,,0.0,0,negative_candidate,0.0
TAZ,False,False,0,,0.0,0,negative_candidate,0.0
CSRNP2,False,False,0,,0.0,0,negative_candidate,0.0
IFI35,False,False,0,,0.0,0,negative_candidate,0.0
RAC2,False,False,0,,0.0,0,negative_candidate,0.0
WWC3,False,False,0,,0.0,0,negative_candidate,0.0
PLA2G7,False,False,0,,0.0,0,negative_candidate,0.0
NCAN,False,False,0,,0.0,0,negative_candidate,0.0
RIC3,False,False,0,,0.0,0,negative_candidate,0.0
LATS2,True,False,1,NCG,1.0,1,single_source_positive,
HCFC1R1,False,False,0,,0.0,0,negative_candidate,0.0
RUVBL2,False,False,0,,0.0,0,negative_candidate,0.0
ITGAL,False,False,0,,0.0,0,negative_candidate,0.0
CBX2,False,False,0,,0.0,0,negative_candidate,0.0
GRIA2,True,False,1,NCG,1.0,1,single_source_positive,
SPINK14,False,False,0,,0.0,0,negative_candidate,0.0
COTL1,False,False,0,,0.0,0,negative_candidate,0.0
ECH1,False,False,0,,0.0,0,negative_candidate,0.0
LEPROT,False,False,0,,0.0,0,negative_candidate,0.0
SLC37A3,False,False,0,,0.0,0,negative_candidate,0.0
UXT,False,False,0,,0.0,0,negative_candidate,0.0
NTNG2,False,False,0,,0.0,0,negative_candidate,0.0
SIGLEC10,False,False,0,,0.0,0,negative_candidate,0.0
LAMB2,False,False,0,,0.0,0,negative_candidate,0.0
USP16,True,False,1,NCG,1.0,1,single_source_positive,
UBE2M,False,False,0,,0.0,0,negative_candidate,0.0
EMB,False,False,0,,0.0,0,negative_candidate,0.0
ZNF512,False,False,0,,0.0,0,negative_candidate,0.0
RNF167,False,False,0,,0.0,0,negative_candidate,0.0
FIBCD1,False,False,0,,0.0,0,negative_candidate,0.0
PPP1R11,False,False,0,,0.0,0,negative_candidate,0.0
MOK,False,False,0,,0.0,0,negative_candidate,0.0
KDR,True,True,2,NCG;CIViC,1.0,1,high_confidence_positive,1.0
RBM27,True,False,1,NCG,1.0,1,single_source_positive,
MFSD10,True,False,1,NCG,1.0,1,single_source_positive,
ERAL1,False,False,0,,0.0,0,negative_candidate,0.0
LBH,False,False,0,,0.0,0,negative_candidate,0.0
HERPUD1,False,False,0,,0.0,0,negative_candidate,0.0
SPO11,False,False,0,,0.0,0,negative_candidate,0.0
KIF16B,True,False,1,NCG,1.0,1,single_source_positive,
JPH2,False,False,0,,0.0,0,negative_candidate,0.0
STING1,False,False,0,,0.0,0,negative_candidate,0.0
LRRC4B,False,False,0,,0.0,0,negative_candidate,0.0
OR5B12,False,False,0,,0.0,0,negative_candidate,0.0
TEKT5,False,False,0,,0.0,0,negative_candidate,0.0
DYNC2LI1,False,False,0,,0.0,0,negative_candidate,0.0
ARSF,False,False,0,,0.0,0,negative_candidate,0.0
MBTPS1,False,False,0,,0.0,0,negative_candidate,0.0
LNX2,False,False,0,,0.0,0,negative_candidate,0.0
MRPL2,False,False,0,,0.0,0,negative_candidate,0.0
NEDD4L,False,False,0,,0.0,0,negative_candidate,0.0
COL4A3,False,False,0,,0.0,0,negative_candidate,0.0
AHSA1,True,False,1,NCG,1.0,1,single_source_positive,
WDSUB1,False,False,0,,0.0,0,negative_candidate,0.0
KCNQ3,True,False,1,NCG,1.0,1,single_source_positive,
DEFA4,False,False,0,,0.0,0,negative_candidate,0.0
GTF3A,False,False,0,,0.0,0,negative_candidate,0.0
LRBA,False,False,0,,0.0,0,negative_candidate,0.0
EIF3G,True,False,1,NCG,1.0,1,single_source_positive,
RASSF7,False,False,0,,0.0,0,negative_candidate,0.0
SEC16A,True,False,1,NCG,1.0,1,single_source_positive,
HDAC2,True,True,2,NCG;CIViC,1.0,1,high_confidence_positive,1.0
SLC7A10,False,False,0,,0.0,0,negative_candidate,0.0
PLAUR,False,False,0,,0.0,0,negative_candidate,0.0
DEGS1,False,False,0,,0.0,0,negative_candidate,0.0
BCLAF1,True,False,1,NCG,1.0,1,single_source_positive,
TMF1,False,False,0,,0.0,0,negative_candidate,0.0
FAM78A,False,False,0,,0.0,0,negative_candidate,0.0
RAB14,True,False,1,NCG,1.0,1,single_source_positive,
FCHSD2,False,False,0,,0.0,0,negative_candidate,0.0
SDF2L1,False,False,0,,0.0,0,negative_candidate,0.0
COLGALT1,False,False,0,,0.0,0,negative_candidate,0.0
RFFL,False,False,0,,0.0,0,negative_candidate,0.0
GMPS,False,False,0,,0.0,0,negative_candidate,0.0
PLA2R1,True,False,1,NCG,1.0,1,single_source_positive,
RAX2,False,False,0,,0.0,0,negative_candidate,0.0
LRCH3,False,False,0,,0.0,0,negative_candidate,0.0
OR5B21,False,False,0,,0.0,0,negative_candidate,0.0
DIP2C,True,False,1,NCG,1.0,1,single_source_positive,
PRSS12,False,False,0,,0.0,0,negative_candidate,0.0
IFT57,False,False,0,,0.0,0,negative_candidate,0.0
GNG12,False,False,0,,0.0,0,negative_candidate,0.0
UQCRQ,False,False,0,,0.0,0,negative_candidate,0.0
LAMTOR4,False,False,0,,0.0,0,negative_candidate,0.0
CARF,True,False,1,NCG,1.0,1,single_source_positive,
ASGR2,False,False,0,,0.0,0,negative_candidate,0.0
GNPDA2,False,False,0,,0.0,0,negative_candidate,0.0
NAP1L1,True,False,1,NCG,1.0,1,single_source_positive,
TBC1D2,False,False,0,,0.0,0,negative_candidate,0.0
RNF11,False,False,0,,0.0,0,negative_candidate,0.0
TFB1M,False,False,0,,0.0,0,negative_candidate,0.0
UBE2H,False,False,0,,0.0,0,negative_candidate,0.0
STPG4,False,False,0,,0.0,0,negative_candidate,0.0
ARFGAP3,False,False,0,,0.0,0,negative_candidate,0.0
PTPRS,False,False,0,,0.0,0,negative_candidate,0.0
APOD,False,False,0,,0.0,0,negative_candidate,0.0
CDC25B,False,False,0,,0.0,0,negative_candidate,0.0
IL4I1,False,False,0,,0.0,0,negative_candidate,0.0
RNASEH1,False,False,0,,0.0,0,negative_candidate,0.0
CRYZ,False,False,0,,0.0,0,negative_candidate,0.0
TAP1,True,False,1,NCG,1.0,1,single_source_positive,
RPS29,False,False,0,,0.0,0,negative_candidate,0.0
CDC34,False,False,0,,0.0,0,negative_candidate,0.0
RIC1,False,False,0,,0.0,0,negative_candidate,0.0
NDUFS4,False,False,0,,0.0,0,negative_candidate,0.0
LSP1,False,False,0,,0.0,0,negative_candidate,0.0
PDCD5,False,False,0,,0.0,0,negative_candidate,0.0
NFKBID,False,False,0,,0.0,0,negative_candidate,0.0
KRCC1,True,False,1,NCG,1.0,1,single_source_positive,
TUBB1,False,False,0,,0.0,0,negative_candidate,0.0
ZCWPW2,True,False,1,NCG,1.0,1,single_source_positive,
CTSL,False,False,0,,0.0,0,negative_candidate,0.0
ARFGAP2,False,False,0,,0.0,0,negative_candidate,0.0
GOPC,True,True,2,NCG;CIViC,1.0,1,high_confidence_positive,1.0
ALAS1,False,False,0,,0.0,0,negative_candidate,0.0
DNMBP,True,False,1,NCG,1.0,1,single_source_positive,
ARL8B,False,False,0,,0.0,0,negative_candidate,0.0
NCKIPSD,False,False,0,,0.0,0,negative_candidate,0.0
KPRP,False,False,0,,0.0,0,negative_candidate,0.0
TFIP11,False,False,0,,0.0,0,negative_candidate,0.0
NELFE,True,False,1,NCG,1.0,1,single_source_positive,
TRAPPC9,False,False,0,,0.0,0,negative_candidate,0.0
SHTN1,False,False,0,,0.0,0,negative_candidate,0.0
PLIN2,False,False,0,,0.0,0,negative_candidate,0.0
IFT172,False,False,0,,0.0,0,negative_candidate,0.0
KCNJ12,False,False,0,,0.0,0,negative_candidate,0.0
OR2AT4,False,False,0,,0.0,0,negative_candidate,0.0
VCL,False,True,1,CIViC,1.0,1,single_source_positive,
IGBP1,False,False,0,,0.0,0,negative_candidate,0.0
TRAV36DV7,False,False,0,,0.0,0,negative_candidate,0.0
GADD45B,False,False,0,,0.0,0,negative_candidate,0.0
JAKMIP1,False,False,0,,0.0,0,negative_candidate,0.0
STK38,False,False,0,,0.0,0,negative_candidate,0.0
ACSL4,False,False,0,,0.0,0,negative_candidate,0.0
SAP18,False,False,0,,0.0,0,negative_candidate,0.0
PPP2R5B,False,False,0,,0.0,0,negative_candidate,0.0
DCXR,False,False,0,,0.0,0,negative_candidate,0.0
DNASE2B,False,False,0,,0.0,0,negative_candidate,0.0
CLYBL,False,False,0,,0.0,0,negative_candidate,0.0
STARD8,False,False,0,,0.0,0,negative_candidate,0.0
INTS13,False,False,0,,0.0,0,negative_candidate,0.0
ANO2,False,False,0,,0.0,0,negative_candidate,0.0
H4C7,False,False,0,,0.0,0,negative_candidate,0.0
TTC16,False,False,0,,0.0,0,negative_candidate,0.0
PHF8,False,False,0,,0.0,0,negative_candidate,0.0
NMBR,True,False,1,NCG,1.0,1,single_source_positive,
TMEM187,False,False,0,,0.0,0,negative_candidate,0.0
UBE2Z,False,False,0,,0.0,0,negative_candidate,0.0
GPLD1,False,False,0,,0.0,0,negative_candidate,0.0
PTPN1,True,False,1,NCG,1.0,1,single_source_positive,
ZFAND5,False,False,0,,0.0,0,negative_candidate,0.0
SARDH,False,False,0,,0.0,0,negative_candidate,0.0
ACSL5,False,False,0,,0.0,0,negative_candidate,0.0
CS,False,False,0,,0.0,0,negative_candidate,0.0
TCEAL4,False,False,0,,0.0,0,negative_candidate,0.0
SBF1,False,False,0,,0.0,0,negative_candidate,0.0
E2F4,False,False,0,,0.0,0,negative_candidate,0.0
MDH1B,False,False,0,,0.0,0,negative_candidate,0.0
CCDC42,False,False,0,,0.0,0,negative_candidate,0.0
MAS1,False,False,0,,0.0,0,negative_candidate,0.0
CX3CL1,False,True,1,CIViC,0.9,1,single_source_positive,
NDUFV1,False,False,0,,0.0,0,negative_candidate,0.0
FAM168B,False,False,0,,0.0,0,negative_candidate,0.0
METTL26,True,False,1,NCG,1.0,1,single_source_positive,
CFAP100,False,False,0,,0.0,0,negative_candidate,0.0
DGUOK,False,False,0,,0.0,0,negative_candidate,0.0
NCLN,False,False,0,,0.0,0,negative_candidate,0.0
BCL2L13,False,False,0,,0.0,0,negative_candidate,0.0
TUBA4A,False,False,0,,0.0,0,negative_candidate,0.0
MOB1A,False,False,0,,0.0,0,negative_candidate,0.0
ARMC9,False,False,0,,0.0,0,negative_candidate,0.0
TNK2,False,False,0,,0.0,0,negative_candidate,0.0
DGCR6L,False,False,0,,0.0,0,negative_candidate,0.0
EMP2,False,False,0,,0.0,0,negative_candidate,0.0
RALY,True,False,1,NCG,1.0,1,single_source_positive,
APOC3,False,False,0,,0.0,0,negative_candidate,0.0
TEX35,False,False,0,,0.0,0,negative_candidate,0.0
SLC12A6,True,False,1,NCG,1.0,1,single_source_positive,
UPP1,False,False,0,,0.0,0,negative_candidate,0.0
NEBL,True,False,1,NCG,1.0,1,single_source_positive,
TXLNA,False,False,0,,0.0,0,negative_candidate,0.0
IRF7,True,False,1,NCG,1.0,1,single_source_positive,
FUT1,False,False,0,,0.0,0,negative_candidate,0.0
SPAG7,False,False,0,,0.0,0,negative_candidate,0.0
TMED7,False,False,0,,0.0,0,negative_candidate,0.0
FBXO40,True,False,1,NCG,1.0,1,single_source_positive,
CXCL2,False,False,0,,0.0,0,negative_candidate,0.0
LIPH,False,False,0,,0.0,0,negative_candidate,0.0
TMEM106B,False,False,0,,0.0,0,negative_candidate,0.0
IL6ST,True,False,1,NCG,1.0,1,single_source_positive,
ABCC12,False,False,0,,0.0,0,negative_candidate,0.0
CTPS1,False,False,0,,0.0,0,negative_candidate,0.0
NDUFS7,True,False,1,NCG,1.0,1,single_source_positive,
PCBP2,True,False,1,NCG,1.0,1,single_source_positive,
GAB1,False,False,0,,0.0,0,negative_candidate,0.0
UNC93B1,False,False,0,,0.0,0,negative_candidate,0.0
WASHC5,False,False,0,,0.0,0,negative_candidate,0.0
FAM214A,False,False,0,,0.0,0,negative_candidate,0.0
NKAIN1,False,False,0,,0.0,0,negative_candidate,0.0
TRPM1,True,False,1,NCG,1.0,1,single_source_positive,
CDK4,True,True,2,NCG;CIViC,1.0,1,high_confidence_positive,1.0
EIF4G3,False,False,0,,0.0,0,negative_candidate,0.0
UBE4A,False,False,0,,0.0,0,negative_candidate,0.0
DDAH2,False,False,0,,0.0,0,negative_candidate,0.0
SIRPA,True,False,1,NCG,1.0,1,single_source_positive,
TARBP1,False,False,0,,0.0,0,negative_candidate,0.0
MED20,False,False,0,,0.0,0,negative_candidate,0.0
ZNF586,False,False,0,,0.0,0,negative_candidate,0.0
MALT1,True,False,1,NCG,1.0,1,single_source_positive,
MANBAL,False,False,0,,0.0,0,negative_candidate,0.0
SLC15A2,True,False,1,NCG,1.0,1,single_source_positive,
HES1,True,False,1,NCG,1.0,1,single_source_positive,
TLCD3B,True,False,1,NCG,1.0,1,single_source_positive,
CAST,True,False,1,NCG,1.0,1,single_source_positive,
IGFL4,False,False,0,,0.0,0,negative_candidate,0.0
POLR2J,False,False,0,,0.0,0,negative_candidate,0.0
MRPL49,False,False,0,,0.0,0,negative_candidate,0.0
ADH5,False,False,0,,0.0,0,negative_candidate,0.0
TRA2A,False,False,0,,0.0,0,negative_candidate,0.0
UCHL3,False,False,0,,0.0,0,negative_candidate,0.0
TLR3,False,False,0,,0.0,0,negative_candidate,0.0
ID2,False,False,0,,0.0,0,negative_candidate,0.0
LCTL,True,False,1,NCG,1.0,1,single_source_positive,
LYPD3,False,False,0,,0.0,0,negative_candidate,0.0
SPI1,True,False,1,NCG,1.0,1,single_source_positive,
TRAM2,False,False,0,,0.0,0,negative_candidate,0.0
RAB11FIP3,False,False,0,,0.0,0,negative_candidate,0.0
AIF1,False,False,0,,0.0,0,negative_candidate,0.0
MCFD2,False,False,0,,0.0,0,negative_candidate,0.0
CERS6,False,False,0,,0.0,0,negative_candidate,0.0
IST1,False,False,0,,0.0,0,negative_candidate,0.0
PAPOLB,True,False,1,NCG,1.0,1,single_source_positive,
FOXK2,True,False,1,NCG,1.0,1,single_source_positive,
RPS6KA3,True,False,1,NCG,1.0,1,single_source_positive,
SDAD1,False,False,0,,0.0,0,negative_candidate,0.0
MDH1,False,False,0,,0.0,0,negative_candidate,0.0
GP6,False,False,0,,0.0,0,negative_candidate,0.0
EPGN,False,False,0,,0.0,0,negative_candidate,0.0
NOD2,False,False,0,,0.0,0,negative_candidate,0.0
NME3,False,False,0,,0.0,0,negative_candidate,0.0
GSR,False,False,0,,0.0,0,negative_candidate,0.0
KIAA1328,False,False,0,,0.0,0,negative_candidate,0.0
VPS41,False,False,0,,0.0,0,negative_candidate,0.0
FASN,False,False,0,,0.0,0,negative_candidate,0.0
TMEM131L,False,False,0,,0.0,0,negative_candidate,0.0
RELA,True,True,2,NCG;CIViC,1.0,1,high_confidence_positive,1.0
CRELD1,False,False,0,,0.0,0,negative_candidate,0.0
MOB1B,True,False,1,NCG,1.0,1,single_source_positive,
YAE1,True,False,1,NCG,1.0,1,single_source_positive,
NRSN1,False,False,0,,0.0,0,negative_candidate,0.0
MBNL1,False,False,0,,0.0,0,negative_candidate,0.0
WNK1,True,True,2,NCG;CIViC,1.0,1,high_confidence_positive,1.0
TMEM208,True,False,1,NCG,1.0,1,single_source_positive,
DENND4C,False,False,0,,0.0,0,negative_candidate,0.0
FIBP,False,False,0,,0.0,0,negative_candidate,0.0
PBLD,False,True,1,CIViC,0.9,1,single_source_positive,
ARC,False,False,0,,0.0,0,negative_candidate,0.0
SNX13,False,False,0,,0.0,0,negative_candidate,0.0
CRTAP,False,False,0,,0.0,0,negative_candidate,0.0
DUSP3,False,False,0,,0.0,0,negative_candidate,0.0
SORT1,False,False,0,,0.0,0,negative_candidate,0.0
TIMM8B,False,False,0,,0.0,0,negative_candidate,0.0
SURF1,False,False,0,,0.0,0,negative_candidate,0.0
GALR1,False,False,0,,0.0,0,negative_candidate,0.0
TOM1,False,False,0,,0.0,0,negative_candidate,0.0
COP1,False,False,0,,0.0,0,negative_candidate,0.0
FUT11,False,False,0,,0.0,0,negative_candidate,0.0
SULF2,False,False,0,,0.0,0,negative_candidate,0.0
WAC,True,True,2,NCG;CIViC,1.0,1,high_confidence_positive,1.0
MAML2,True,True,2,NCG;CIViC,1.0,1,high_confidence_positive,1.0
TNNI3,False,False,0,,0.0,0,negative_candidate,0.0
OSBP,False,False,0,,0.0,0,negative_candidate,0.0
REPS2,False,False,0,,0.0,0,negative_candidate,0.0
CDCA8,False,False,0,,0.0,0,negative_candidate,0.0
SNX19,True,False,1,NCG,1.0,1,single_source_positive,
SRI,False,False,0,,0.0,0,negative_candidate,0.0
MSX1,False,False,0,,0.0,0,negative_candidate,0.0
LRTM2,False,False,0,,0.0,0,negative_candidate,0.0
CDK16,False,False,0,,0.0,0,negative_candidate,0.0
DNAJC5,False,False,0,,0.0,0,negative_candidate,0.0
C7,True,False,1,NCG,1.0,1,single_source_positive,
TRIM33,True,False,1,NCG,1.0,1,single_source_positive,
MIPEP,False,False,0,,0.0,0,negative_candidate,0.0
FBXO27,False,False,0,,0.0,0,negative_candidate,0.0
MPPED1,False,False,0,,0.0,0,negative_candidate,0.0
PPP4R1,False,False,0,,0.0,0,negative_candidate,0.0
PHF19,False,False,0,,0.0,0,negative_candidate,0.0
IQSEC3,False,False,0,,0.0,0,negative_candidate,0.0
VDAC2,False,False,0,,0.0,0,negative_candidate,0.0
SBNO2,False,False,0,,0.0,0,negative_candidate,0.0
CA2,False,False,0,,0.0,0,negative_candidate,0.0
TRIM21,False,False,0,,0.0,0,negative_candidate,0.0
SMARCC2,False,False,0,,0.0,0,negative_candidate,0.0
OLFML3,False,False,0,,0.0,0,negative_candidate,0.0
KREMEN1,True,False,1,NCG,1.0,1,single_source_positive,
SLC6A8,False,False,0,,0.0,0,negative_candidate,0.0
RSPRY1,False,False,0,,0.0,0,negative_candidate,0.0
MAP7D1,False,False,0,,0.0,0,negative_candidate,0.0
TRIM26,False,False,0,,0.0,0,negative_candidate,0.0
CCND3,True,True,2,NCG;CIViC,1.0,1,high_confidence_positive,1.0
CAB39,False,False,0,,0.0,0,negative_candidate,0.0
TRIM31,False,False,0,,0.0,0,negative_candidate,0.0
VWCE,False,False,0,,0.0,0,negative_candidate,0.0
C2CD5,True,False,1,NCG,1.0,1,single_source_positive,
LYZL1,False,False,0,,0.0,0,negative_candidate,0.0
SELENOI,False,False,0,,0.0,0,negative_candidate,0.0
ACOT12,False,False,0,,0.0,0,negative_candidate,0.0
C7ORF33,False,False,0,,0.0,0,negative_candidate,0.0
CDC123,False,False,0,,0.0,0,negative_candidate,0.0
CC2D1A,True,False,1,NCG,1.0,1,single_source_positive,
PLEKHG3,False,False,0,,0.0,0,negative_candidate,0.0
RANBP3,False,False,0,,0.0,0,negative_candidate,0.0
WDR77,False,False,0,,0.0,0,negative_candidate,0.0
SAMD7,False,False,0,,0.0,0,negative_candidate,0.0
SESN2,True,False,1,NCG,1.0,1,single_source_positive,
GPS1,True,False,1,NCG,1.0,1,single_source_positive,
GPSM3,False,False,0,,0.0,0,negative_candidate,0.0
CCNG1,False,False,0,,0.0,0,negative_candidate,0.0
HMGB1,True,False,1,NCG,1.0,1,single_source_positive,
CHERP,False,False,0,,0.0,0,negative_candidate,0.0
BEST3,False,False,0,,0.0,0,negative_candidate,0.0
ATP2A1,False,False,0,,0.0,0,negative_candidate,0.0
UGP2,False,False,0,,0.0,0,negative_candidate,0.0
CD2,False,False,0,,0.0,0,negative_candidate,0.0
EMC6,False,False,0,,0.0,0,negative_candidate,0.0
PCDHA8,False,False,0,,0.0,0,negative_candidate,0.0
G6PD,False,False,0,,0.0,0,negative_candidate,0.0
SLC22A11,True,False,1,NCG,1.0,1,single_source_positive,
CD99,False,False,0,,0.0,0,negative_candidate,0.0
TMED3,False,False,0,,0.0,0,negative_candidate,0.0
MECP2,False,False,0,,0.0,0,negative_candidate,0.0
LIX1L,False,False,0,,0.0,0,negative_candidate,0.0
CHD5,True,False,1,NCG,1.0,1,single_source_positive,
TMEM259,False,False,0,,0.0,0,negative_candidate,0.0
ZC3H7A,False,False,0,,0.0,0,negative_candidate,0.0
CRKL,False,True,1,CIViC,0.9,1,single_source_positive,
OSBPL7,False,False,0,,0.0,0,negative_candidate,0.0
SEMA6B,True,False,1,NCG,1.0,1,single_source_positive,
PWP1,False,False,0,,0.0,0,negative_candidate,0.0
OLR1,False,False,0,,0.0,0,negative_candidate,0.0
SRRM2,False,False,0,,0.0,0,negative_candidate,0.0
METAP1D,False,False,0,,0.0,0,negative_candidate,0.0
PPP2CB,False,False,0,,0.0,0,negative_candidate,0.0
C8ORF37,False,False,0,,0.0,0,negative_candidate,0.0
ADRM1,False,False,0,,0.0,0,negative_candidate,0.0
RPAP1,False,False,0,,0.0,0,negative_candidate,0.0
SPCS3,False,False,0,,0.0,0,negative_candidate,0.0
RGS14,False,False,0,,0.0,0,negative_candidate,0.0
C1ORF198,False,False,0,,0.0,0,negative_candidate,0.0
GNL2,False,False,0,,0.0,0,negative_candidate,0.0
VPS25,False,False,0,,0.0,0,negative_candidate,0.0
GAGE2E,False,False,0,,0.0,0,negative_candidate,0.0
TENT5D,True,False,1,NCG,1.0,1,single_source_positive,
ITGAX,False,False,0,,0.0,0,negative_candidate,0.0
ERGIC1,False,False,0,,0.0,0,negative_candidate,0.0
ZFYVE16,False,False,0,,0.0,0,negative_candidate,0.0
GJA9,False,False,0,,0.0,0,negative_candidate,0.0
SERF2,False,False,0,,0.0,0,negative_candidate,0.0
MS4A6E,True,False,1,NCG,1.0,1,single_source_positive,
OPN4,False,False,0,,0.0,0,negative_candidate,0.0
ZNHIT1,False,False,0,,0.0,0,negative_candidate,0.0
EIF4EBP2,False,False,0,,0.0,0,negative_candidate,0.0
PFDN1,False,False,0,,0.0,0,negative_candidate,0.0
PRSS23,False,False,0,,0.0,0,negative_candidate,0.0
ANTXR2,False,False,0,,0.0,0,negative_candidate,0.0
LTF,False,False,0,,0.0,0,negative_candidate,0.0
GOLM2,False,False,0,,0.0,0,negative_candidate,0.0
PYGL,False,False,0,,0.0,0,negative_candidate,0.0
STX5,False,False,0,,0.0,0,negative_candidate,0.0
FBXL5,False,False,0,,0.0,0,negative_candidate,0.0
GADD45A,False,True,1,CIViC,1.0,1,single_source_positive,
RAB32,False,False,0,,0.0,0,negative_candidate,0.0
PPP6R1,False,False,0,,0.0,0,negative_candidate,0.0
PSEN2,False,False,0,,0.0,0,negative_candidate,0.0
NOL7,False,False,0,,0.0,0,negative_candidate,0.0
KATNIP,False,False,0,,0.0,0,negative_candidate,0.0
HTR1A,False,False,0,,0.0,0,negative_candidate,0.0
APEH,False,False,0,,0.0,0,negative_candidate,0.0
SLC39A8,False,False,0,,0.0,0,negative_candidate,0.0
SLC9A8,False,False,0,,0.0,0,negative_candidate,0.0
SEC11A,False,False,0,,0.0,0,negative_candidate,0.0
ELL2,False,False,0,,0.0,0,negative_candidate,0.0
MEGF8,False,False,0,,0.0,0,negative_candidate,0.0
MAP2K2,True,True,2,NCG;CIViC,1.0,1,high_confidence_positive,1.0
TNFRSF10B,False,False,0,,0.0,0,negative_candidate,0.0
C20ORF96,False,False,0,,0.0,0,negative_candidate,0.0
JCAD,False,False,0,,0.0,0,negative_candidate,0.0
USHBP1,False,False,0,,0.0,0,negative_candidate,0.0
MUL1,False,False,0,,0.0,0,negative_candidate,0.0
SZRD1,False,False,0,,0.0,0,negative_candidate,0.0
ERCC3,True,True,2,NCG;CIViC,1.0,1,high_confidence_positive,1.0
TBCA,False,False,0,,0.0,0,negative_candidate,0.0
FPGS,False,False,0,,0.0,0,negative_candidate,0.0
CHN2,False,False,0,,0.0,0,negative_candidate,0.0
TSNARE1,False,False,0,,0.0,0,negative_candidate,0.0
UBTD1,False,False,0,,0.0,0,negative_candidate,0.0
OR2L3,False,False,0,,0.0,0,negative_candidate,0.0
LRRC25,False,False,0,,0.0,0,negative_candidate,0.0
USP22,False,False,0,,0.0,0,negative_candidate,0.0
GNRHR,False,False,0,,0.0,0,negative_candidate,0.0
IGSF8,False,False,0,,0.0,0,negative_candidate,0.0
UBE2R2,False,False,0,,0.0,0,negative_candidate,0.0
PHKB,False,False,0,,0.0,0,negative_candidate,0.0
HPS1,False,False,0,,0.0,0,negative_candidate,0.0
FBP2,False,False,0,,0.0,0,negative_candidate,0.0
GINM1,False,False,0,,0.0,0,negative_candidate,0.0
C22ORF42,False,False,0,,0.0,0,negative_candidate,0.0
ASIC1,False,False,0,,0.0,0,negative_candidate,0.0
CAMK2N1,False,False,0,,0.0,0,negative_candidate,0.0
EXOC3L1,False,False,0,,0.0,0,negative_candidate,0.0
CD180,False,False,0,,0.0,0,negative_candidate,0.0
TSPAN14,False,False,0,,0.0,0,negative_candidate,0.0
GIMAP6,False,False,0,,0.0,0,negative_candidate,0.0
OPCML,False,False,0,,0.0,0,negative_candidate,0.0
DACT1,False,False,0,,0.0,0,negative_candidate,0.0
PXMP4,True,False,1,NCG,1.0,1,single_source_positive,
ELANE,False,False,0,,0.0,0,negative_candidate,0.0
SLC7A14,False,False,0,,0.0,0,negative_candidate,0.0
C11ORF24,False,False,0,,0.0,0,negative_candidate,0.0
GPR108,False,False,0,,0.0,0,negative_candidate,0.0
SCAND1,False,False,0,,0.0,0,negative_candidate,0.0
FAM174A,False,False,0,,0.0,0,negative_candidate,0.0
LMTK3,False,False,0,,0.0,0,negative_candidate,0.0
RNF157,False,False,0,,0.0,0,negative_candidate,0.0
HS3ST4,False,False,0,,0.0,0,negative_candidate,0.0
WASHC4,False,False,0,,0.0,0,negative_candidate,0.0
IGLL1,False,False,0,,0.0,0,negative_candidate,0.0
PLEK,False,False,0,,0.0,0,negative_candidate,0.0
ATL3,False,False,0,,0.0,0,negative_candidate,0.0
MID1,False,False,0,,0.0,0,negative_candidate,0.0
DHX35,True,False,1,NCG,1.0,1,single_source_positive,
IL2RA,False,False,0,,0.0,0,negative_candidate,0.0
ESD,False,False,0,,0.0,0,negative_candidate,0.0
KRT36,False,False,0,,0.0,0,negative_candidate,0.0
DDX56,False,False,0,,0.0,0,negative_candidate,0.0
SLC36A1,False,False,0,,0.0,0,negative_candidate,0.0
IQCC,False,False,0,,0.0,0,negative_candidate,0.0
GAGE10,False,False,0,,0.0,0,negative_candidate,0.0
KRT72,False,False,0,,0.0,0,negative_candidate,0.0
PTCRA,False,False,0,,0.0,0,negative_candidate,0.0
SLC2A9,False,False,0,,0.0,0,negative_candidate,0.0
GTPBP3,False,False,0,,0.0,0,negative_candidate,0.0
GADD45GIP1,False,False,0,,0.0,0,negative_candidate,0.0
CSNK1D,False,False,0,,0.0,0,negative_candidate,0.0
PKD1,False,False,0,,0.0,0,negative_candidate,0.0
ARHGAP5,True,False,1,NCG,1.0,1,single_source_positive,
SERPINB9,False,False,0,,0.0,0,negative_candidate,0.0
UGCG,False,False,0,,0.0,0,negative_candidate,0.0
HOXB7,False,False,0,,0.0,0,negative_candidate,0.0
HMBS,False,False,0,,0.0,0,negative_candidate,0.0
RPL7L1,False,False,0,,0.0,0,negative_candidate,0.0
TGM7,False,False,0,,0.0,0,negative_candidate,0.0
NIM1K,False,False,0,,0.0,0,negative_candidate,0.0
YPEL3,False,False,0,,0.0,0,negative_candidate,0.0
PPP1CC,False,False,0,,0.0,0,negative_candidate,0.0
WFDC9,False,False,0,,0.0,0,negative_candidate,0.0
SEC24B,False,False,0,,0.0,0,negative_candidate,0.0
HOXD11,True,False,1,NCG,1.0,1,single_source_positive,
CHORDC1,False,False,0,,0.0,0,negative_candidate,0.0
GUF1,False,False,0,,0.0,0,negative_candidate,0.0
FAM71F2,False,False,0,,0.0,0,negative_candidate,0.0
TMEM236,False,False,0,,0.0,0,negative_candidate,0.0
RIPPLY2,False,False,0,,0.0,0,negative_candidate,0.0
ATP5MC1,False,False,0,,0.0,0,negative_candidate,0.0
TRDN,False,False,0,,0.0,0,negative_candidate,0.0
SLC19A3,False,False,0,,0.0,0,negative_candidate,0.0
SCAF4,True,False,1,NCG,1.0,1,single_source_positive,
ENO2,False,False,0,,0.0,0,negative_candidate,0.0
MYZAP,False,False,0,,0.0,0,negative_candidate,0.0
PRCC,False,False,0,,0.0,0,negative_candidate,0.0
CPEB1,True,False,1,NCG,1.0,1,single_source_positive,
DHX34,False,False,0,,0.0,0,negative_candidate,0.0
CXXC5,True,True,2,NCG;CIViC,1.0,1,high_confidence_positive,1.0
FAM83G,False,False,0,,0.0,0,negative_candidate,0.0
LSM7,False,False,0,,0.0,0,negative_candidate,0.0
MPC1,False,False,0,,0.0,0,negative_candidate,0.0
PTPN6,True,True,2,NCG;CIViC,1.0,1,high_confidence_positive,1.0
JADE2,False,False,0,,0.0,0,negative_candidate,0.0
DDX11,False,False,0,,0.0,0,negative_candidate,0.0
MLLT1,True,False,1,NCG,1.0,1,single_source_positive,
SOD3,False,False,0,,0.0,0,negative_candidate,0.0
KIAA0232,False,False,0,,0.0,0,negative_candidate,0.0
C18ORF32,False,False,0,,0.0,0,negative_candidate,0.0
RRAD,True,False,1,NCG,1.0,1,single_source_positive,
GLCCI1,False,False,0,,0.0,0,negative_candidate,0.0
PLEKHM2,False,False,0,,0.0,0,negative_candidate,0.0
RTF2,True,False,1,NCG,1.0,1,single_source_positive,
COMMD2,False,False,0,,0.0,0,negative_candidate,0.0
PBX2,False,False,0,,0.0,0,negative_candidate,0.0
CRK,False,False,0,,0.0,0,negative_candidate,0.0
TRIM6,False,False,0,,0.0,0,negative_candidate,0.0
PPP1R9B,True,False,1,NCG,1.0,1,single_source_positive,
IL26,False,False,0,,0.0,0,negative_candidate,0.0
ADSL,False,False,0,,0.0,0,negative_candidate,0.0
ACTL6A,False,True,1,CIViC,0.9,1,single_source_positive,
COL5A3,True,False,1,NCG,1.0,1,single_source_positive,
RUSC2,True,False,1,NCG,1.0,1,single_source_positive,
FLNB,False,False,0,,0.0,0,negative_candidate,0.0
LY6G5B,False,False,0,,0.0,0,negative_candidate,0.0
RAP1GDS1,True,False,1,NCG,1.0,1,single_source_positive,
SLC66A3,False,False,0,,0.0,0,negative_candidate,0.0
GNAQ,True,True,2,NCG;CIViC,1.0,1,high_confidence_positive,1.0
CMTM3,False,False,0,,0.0,0,negative_candidate,0.0
PGA3,False,False,0,,0.0,0,negative_candidate,0.0
FILIP1L,True,False,1,NCG,1.0,1,single_source_positive,
ADIPOR2,False,False,0,,0.0,0,negative_candidate,0.0
SELENOS,False,False,0,,0.0,0,negative_candidate,0.0
NLRC3,False,False,0,,0.0,0,negative_candidate,0.0
ZNF514,False,False,0,,0.0,0,negative_candidate,0.0
ELMO1,True,False,1,NCG,1.0,1,single_source_positive,
OR8U1,False,False,0,,0.0,0,negative_candidate,0.0
GSKIP,False,False,0,,0.0,0,negative_candidate,0.0
PPP2R1B,False,False,0,,0.0,0,negative_candidate,0.0
HPSE2,True,False,1,NCG,1.0,1,single_source_positive,
TMEM82,False,False,0,,0.0,0,negative_candidate,0.0
ASPN,False,False,0,,0.0,0,negative_candidate,0.0
ARHGAP44,False,False,0,,0.0,0,negative_candidate,0.0
PANK3,False,False,0,,0.0,0,negative_candidate,0.0
P4HA3,False,False,0,,0.0,0,negative_candidate,0.0
PIWIL4,False,False,0,,0.0,0,negative_candidate,0.0
DERL1,True,False,1,NCG,1.0,1,single_source_positive,
AKIRIN2,False,False,0,,0.0,0,negative_candidate,0.0
RAB37,False,False,0,,0.0,0,negative_candidate,0.0
PDIA4,True,False,1,NCG,1.0,1,single_source_positive,
SSX5,False,False,0,,0.0,0,negative_candidate,0.0
MED13,True,False,1,NCG,1.0,1,single_source_positive,
FOXJ3,False,False,0,,0.0,0,negative_candidate,0.0
MAEA,False,True,1,CIViC,0.9,1,single_source_positive,
OR52N1,True,False,1,NCG,1.0,1,single_source_positive,
TAOK3,False,False,0,,0.0,0,negative_candidate,0.0
ADGRG6,True,False,1,NCG,1.0,1,single_source_positive,
TGM5,False,False,0,,0.0,0,negative_candidate,0.0
MTIF2,False,False,0,,0.0,0,negative_candidate,0.0
COQ10B,True,False,1,NCG,1.0,1,single_source_positive,
AQP4,False,False,0,,0.0,0,negative_candidate,0.0
MRO,False,False,0,,0.0,0,negative_candidate,0.0
RNF13,False,False,0,,0.0,0,negative_candidate,0.0
ZNF496,False,False,0,,0.0,0,negative_candidate,0.0
ALG13,False,False,0,,0.0,0,negative_candidate,0.0
IER5,False,False,0,,0.0,0,negative_candidate,0.0
SLC24A5,True,False,1,NCG,1.0,1,single_source_positive,
MDGA1,False,False,0,,0.0,0,negative_candidate,0.0
RAPGEFL1,False,False,0,,0.0,0,negative_candidate,0.0
MED13L,False,False,0,,0.0,0,negative_candidate,0.0
SIK3,True,False,1,NCG,1.0,1,single_source_positive,
OSER1,False,False,0,,0.0,0,negative_candidate,0.0
CCDC54,False,False,0,,0.0,0,negative_candidate,0.0
SLFN12,False,False,0,,0.0,0,negative_candidate,0.0
SEC23IP,False,False,0,,0.0,0,negative_candidate,0.0
ZNF672,False,False,0,,0.0,0,negative_candidate,0.0
OLFML2A,False,False,0,,0.0,0,negative_candidate,0.0
CLP1,False,False,0,,0.0,0,negative_candidate,0.0
ATXN2L,False,False,0,,0.0,0,negative_candidate,0.0
PPP4R3B,False,False,0,,0.0,0,negative_candidate,0.0
PCDHGA9,False,False,0,,0.0,0,negative_candidate,0.0
TREM1,False,False,0,,0.0,0,negative_candidate,0.0
TCF7L1,True,False,1,NCG,1.0,1,single_source_positive,
HNRNPH3,True,False,1,NCG,1.0,1,single_source_positive,
YME1L1,False,False,0,,0.0,0,negative_candidate,0.0
ZNF3,False,False,0,,0.0,0,negative_candidate,0.0
PLPBP,False,False,0,,0.0,0,negative_candidate,0.0
CHFR,False,False,0,,0.0,0,negative_candidate,0.0
CASS4,False,False,0,,0.0,0,negative_candidate,0.0
ABCD4,False,False,0,,0.0,0,negative_candidate,0.0
ZFYVE9,False,False,0,,0.0,0,negative_candidate,0.0
RBFOX1,True,False,1,NCG,1.0,1,single_source_positive,
GABARAPL1,False,False,0,,0.0,0,negative_candidate,0.0
XPO5,False,False,0,,0.0,0,negative_candidate,0.0
PIK3AP1,True,False,1,NCG,1.0,1,single_source_positive,
SCN10A,True,False,1,NCG,1.0,1,single_source_positive,
CASQ2,False,False,0,,0.0,0,negative_candidate,0.0
ZFP36L1,True,True,2,NCG;CIViC,1.0,1,high_confidence_positive,1.0
PEX2,True,False,1,NCG,1.0,1,single_source_positive,
GSTM5,True,False,1,NCG,1.0,1,single_source_positive,
UBXN6,False,False,0,,0.0,0,negative_candidate,0.0
IQCJ-SCHIP1,False,False,0,,0.0,0,negative_candidate,0.0
SLC43A2,False,False,0,,0.0,0,negative_candidate,0.0
MOAP1,False,False,0,,0.0,0,negative_candidate,0.0
SETD1A,False,False,0,,0.0,0,negative_candidate,0.0
SPIRE1,False,False,0,,0.0,0,negative_candidate,0.0
ERC1,False,True,1,CIViC,0.9,1,single_source_positive,
OR2L8,False,False,0,,0.0,0,negative_candidate,0.0
LUC7L3,False,False,0,,0.0,0,negative_candidate,0.0
EIF2A,False,False,0,,0.0,0,negative_candidate,0.0
USP15,False,False,0,,0.0,0,negative_candidate,0.0
RSKR,False,False,0,,0.0,0,negative_candidate,0.0
CCR6,False,False,0,,0.0,0,negative_candidate,0.0
SPCS1,False,False,0,,0.0,0,negative_candidate,0.0
SPRYD3,False,False,0,,0.0,0,negative_candidate,0.0
USP48,False,False,0,,0.0,0,negative_candidate,0.0
MRPL9,False,False,0,,0.0,0,negative_candidate,0.0
MEOX1,False,False,0,,0.0,0,negative_candidate,0.0
ARFGAP1,False,False,0,,0.0,0,negative_candidate,0.0
ANKRD22,False,False,0,,0.0,0,negative_candidate,0.0
LYPD2,False,False,0,,0.0,0,negative_candidate,0.0
SDHAF3,False,False,0,,0.0,0,negative_candidate,0.0
PPIAL4A,False,False,0,,0.0,0,negative_candidate,0.0
TAF9,False,False,0,,0.0,0,negative_candidate,0.0
PSORS1C2,False,False,0,,0.0,0,negative_candidate,0.0
MGAT4C,False,False,0,,0.0,0,negative_candidate,0.0
CORO1A,False,False,0,,0.0,0,negative_candidate,0.0
RANGRF,False,False,0,,0.0,0,negative_candidate,0.0
ADORA3,False,False,0,,0.0,0,negative_candidate,0.0
CALCOCO2,False,False,0,,0.0,0,negative_candidate,0.0
NOVA2,False,False,0,,0.0,0,negative_candidate,0.0
PYCR2,False,False,0,,0.0,0,negative_candidate,0.0
NUP188,False,False,0,,0.0,0,negative_candidate,0.0
CFH,False,False,0,,0.0,0,negative_candidate,0.0
HIPK4,False,False,0,,0.0,0,negative_candidate,0.0
MCU,False,False,0,,0.0,0,negative_candidate,0.0
CX3CR1,True,False,1,NCG,1.0,1,single_source_positive,
PELI1,False,False,0,,0.0,0,negative_candidate,0.0
PYGM,False,False,0,,0.0,0,negative_candidate,0.0
KRT2,False,False,0,,0.0,0,negative_candidate,0.0
ITPKA,False,False,0,,0.0,0,negative_candidate,0.0
STRN,False,True,1,CIViC,1.0,1,single_source_positive,
APOBR,True,False,1,NCG,1.0,1,single_source_positive,
IAPP,False,False,0,,0.0,0,negative_candidate,0.0
IFTAP,False,False,0,,0.0,0,negative_candidate,0.0
PEBP4,False,False,0,,0.0,0,negative_candidate,0.0
ADAM19,False,False,0,,0.0,0,negative_candidate,0.0
KRT13,True,False,1,NCG,1.0,1,single_source_positive,
TP53INP1,True,False,1,NCG,1.0,1,single_source_positive,
TDP1,False,False,0,,0.0,0,negative_candidate,0.0
RGS7BP,False,False,0,,0.0,0,negative_candidate,0.0
WIPF1,False,False,0,,0.0,0,negative_candidate,0.0
CYP4X1,False,False,0,,0.0,0,negative_candidate,0.0
RPA4,False,False,0,,0.0,0,negative_candidate,0.0
APBB1IP,False,False,0,,0.0,0,negative_candidate,0.0
FAHD2B,True,False,1,NCG,1.0,1,single_source_positive,
ACSS1,False,False,0,,0.0,0,negative_candidate,0.0
SLC22A9,False,False,0,,0.0,0,negative_candidate,0.0
CDC16,False,False,0,,0.0,0,negative_candidate,0.0
ST6GAL1,True,False,1,NCG,1.0,1,single_source_positive,
PLK3,False,False,0,,0.0,0,negative_candidate,0.0
PURG,False,False,0,,0.0,0,negative_candidate,0.0
PAIP1,True,False,1,NCG,1.0,1,single_source_positive,
WDR43,False,False,0,,0.0,0,negative_candidate,0.0
ARGLU1,False,False,0,,0.0,0,negative_candidate,0.0
ADHFE1,False,False,0,,0.0,0,negative_candidate,0.0
DPPA3,False,False,0,,0.0,0,negative_candidate,0.0
MARCHF2,False,False,0,,0.0,0,negative_candidate,0.0
IGF1,False,False,0,,0.0,0,negative_candidate,0.0
TNFAIP6,True,False,1,NCG,1.0,1,single_source_positive,
ZNF182,False,False,0,,0.0,0,negative_candidate,0.0
ICE2,False,False,0,,0.0,0,negative_candidate,0.0
SNX1,False,False,0,,0.0,0,negative_candidate,0.0
NDUFB1,False,False,0,,0.0,0,negative_candidate,0.0
LACRT,False,False,0,,0.0,0,negative_candidate,0.0
CLEC1B,False,False,0,,0.0,0,negative_candidate,0.0
AAR2,False,False,0,,0.0,0,negative_candidate,0.0
OTUB1,False,False,0,,0.0,0,negative_candidate,0.0
CBWD5,False,False,0,,0.0,0,negative_candidate,0.0
TMEM184B,False,False,0,,0.0,0,negative_candidate,0.0
ATP8B2,True,False,1,NCG,1.0,1,single_source_positive,
LILRA5,False,False,0,,0.0,0,negative_candidate,0.0
SETDB1,True,False,1,NCG,1.0,1,single_source_positive,
SH3KBP1,False,False,0,,0.0,0,negative_candidate,0.0
MOSPD2,False,False,0,,0.0,0,negative_candidate,0.0
PRPS1,False,True,1,CIViC,1.0,1,single_source_positive,
LRRC6,False,False,0,,0.0,0,negative_candidate,0.0
ATP6V0D1,False,False,0,,0.0,0,negative_candidate,0.0
SOX14,False,False,0,,0.0,0,negative_candidate,0.0
PDILT,False,False,0,,0.0,0,negative_candidate,0.0
KCNE4,False,False,0,,0.0,0,negative_candidate,0.0
TRIM50,False,False,0,,0.0,0,negative_candidate,0.0
SMPDL3A,False,False,0,,0.0,0,negative_candidate,0.0
AMY1C,False,False,0,,0.0,0,negative_candidate,0.0
MLX,False,False,0,,0.0,0,negative_candidate,0.0
CAPRIN2,False,False,0,,0.0,0,negative_candidate,0.0
PI4KA,True,False,1,NCG,1.0,1,single_source_positive,
GBP2,False,False,0,,0.0,0,negative_candidate,0.0
WDR75,True,False,1,NCG,1.0,1,single_source_positive,
MAN2B2,False,False,0,,0.0,0,negative_candidate,0.0
ZCCHC7,False,False,0,,0.0,0,negative_candidate,0.0
PRDM1,True,True,2,NCG;CIViC,1.0,1,high_confidence_positive,1.0
ADD3,True,False,1,NCG,1.0,1,single_source_positive,
SEC23B,False,False,0,,0.0,0,negative_candidate,0.0
ESAM,False,False,0,,0.0,0,negative_candidate,0.0
CUX1,True,True,2,NCG;CIViC,1.0,1,high_confidence_positive,1.0
KBTBD2,False,False,0,,0.0,0,negative_candidate,0.0
SLC25A52,False,False,0,,0.0,0,negative_candidate,0.0
STARD13,False,False,0,,0.0,0,negative_candidate,0.0
CSK,False,False,0,,0.0,0,negative_candidate,0.0
KLF4,True,True,2,NCG;CIViC,1.0,1,high_confidence_positive,1.0
RBM34,False,False,0,,0.0,0,negative_candidate,0.0
FANCF,True,False,1,NCG,1.0,1,single_source_positive,
RNF216,True,False,1,NCG,1.0,1,single_source_positive,
PGLS,False,False,0,,0.0,0,negative_candidate,0.0
FAM131B,False,True,1,CIViC,0.9,1,single_source_positive,
PDCD4,False,True,1,CIViC,1.0,1,single_source_positive,
FAM47B,False,False,0,,0.0,0,negative_candidate,0.0
HYAL2,False,False,0,,0.0,0,negative_candidate,0.0
WTAP,False,False,0,,0.0,0,negative_candidate,0.0
C3ORF38,False,False,0,,0.0,0,negative_candidate,0.0
ATP5MF,False,False,0,,0.0,0,negative_candidate,0.0
TLK1,False,False,0,,0.0,0,negative_candidate,0.0
NPHP4,False,False,0,,0.0,0,negative_candidate,0.0
ZBED1,False,False,0,,0.0,0,negative_candidate,0.0
SMC1A,True,False,1,NCG,1.0,1,single_source_positive,
IL21R,False,False,0,,0.0,0,negative_candidate,0.0
MTMR11,False,False,0,,0.0,0,negative_candidate,0.0
FCRL6,False,False,0,,0.0,0,negative_candidate,0.0
RAB40A,True,False,1,NCG,1.0,1,single_source_positive,
STAG1,True,False,1,NCG,1.0,1,single_source_positive,
GMFG,False,False,0,,0.0,0,negative_candidate,0.0
SLC6A2,True,False,1,NCG,1.0,1,single_source_positive,
CELF1,True,False,1,NCG,1.0,1,single_source_positive,
TRIM47,False,False,0,,0.0,0,negative_candidate,0.0
SNTA1,False,False,0,,0.0,0,negative_candidate,0.0
SLAMF1,True,False,1,NCG,1.0,1,single_source_positive,
CEACAM8,False,False,0,,0.0,0,negative_candidate,0.0
ZBTB17,False,False,0,,0.0,0,negative_candidate,0.0
HTN3,False,False,0,,0.0,0,negative_candidate,0.0
KLHL41,False,False,0,,0.0,0,negative_candidate,0.0
RDX,False,False,0,,0.0,0,negative_candidate,0.0
OR51B5,False,False,0,,0.0,0,negative_candidate,0.0
PRRC2B,True,False,1,NCG,1.0,1,single_source_positive,
ADSS2,False,False,0,,0.0,0,negative_candidate,0.0
TRIB3,False,False,0,,0.0,0,negative_candidate,0.0
PDHA1,False,False,0,,0.0,0,negative_candidate,0.0
SAFB,False,False,0,,0.0,0,negative_candidate,0.0
RNPEPL1,False,False,0,,0.0,0,negative_candidate,0.0
SGK1,True,True,2,NCG;CIViC,1.0,1,high_confidence_positive,1.0
PAOX,False,False,0,,0.0,0,negative_candidate,0.0
SPDYE3,False,False,0,,0.0,0,negative_candidate,0.0
KLHL42,False,False,0,,0.0,0,negative_candidate,0.0
MAP2K7,True,True,2,NCG;CIViC,1.0,1,high_confidence_positive,1.0
STRIP2,False,False,0,,0.0,0,negative_candidate,0.0
HLA-DMB,False,False,0,,0.0,0,negative_candidate,0.0
IL16,False,False,0,,0.0,0,negative_candidate,0.0
CYP8B1,False,False,0,,0.0,0,negative_candidate,0.0
ZNF333,False,False,0,,0.0,0,negative_candidate,0.0
UXS1,False,False,0,,0.0,0,negative_candidate,0.0
AP1M1,False,False,0,,0.0,0,negative_candidate,0.0
SYNM,False,False,0,,0.0,0,negative_candidate,0.0
SAXO1,False,False,0,,0.0,0,negative_candidate,0.0
PSG7,False,False,0,,0.0,0,negative_candidate,0.0
ST3GAL3,False,False,0,,0.0,0,negative_candidate,0.0
KCNMA1,False,False,0,,0.0,0,negative_candidate,0.0
ATG2B,False,False,0,,0.0,0,negative_candidate,0.0
FAM114A1,False,False,0,,0.0,0,negative_candidate,0.0
KLHL3,False,False,0,,0.0,0,negative_candidate,0.0
MSH6,True,True,2,NCG;CIViC,1.0,1,high_confidence_positive,1.0
DDX39A,False,False,0,,0.0,0,negative_candidate,0.0
NEK9,False,False,0,,0.0,0,negative_candidate,0.0
MIGA2,False,False,0,,0.0,0,negative_candidate,0.0
FAM13A,False,False,0,,0.0,0,negative_candidate,0.0
DISP2,True,False,1,NCG,1.0,1,single_source_positive,
TSPAN17,False,False,0,,0.0,0,negative_candidate,0.0
MAP1LC3A,False,False,0,,0.0,0,negative_candidate,0.0
RRP1B,False,False,0,,0.0,0,negative_candidate,0.0
TFEC,False,False,0,,0.0,0,negative_candidate,0.0
PKIG,False,False,0,,0.0,0,negative_candidate,0.0
BMP4,False,False,0,,0.0,0,negative_candidate,0.0
FOXP4,False,False,0,,0.0,0,negative_candidate,0.0
MAPK14,False,False,0,,0.0,0,negative_candidate,0.0
PLXND1,True,False,1,NCG,1.0,1,single_source_positive,
TXLNG,False,False,0,,0.0,0,negative_candidate,0.0
CSNK2A1,True,False,1,NCG,1.0,1,single_source_positive,
MEAF6,False,False,0,,0.0,0,negative_candidate,0.0
PUM3,False,False,0,,0.0,0,negative_candidate,0.0
ZNF362,True,False,1,NCG,1.0,1,single_source_positive,
ZNF391,False,False,0,,0.0,0,negative_candidate,0.0
MUC20,False,False,0,,0.0,0,negative_candidate,0.0
SNX7,True,False,1,NCG,1.0,1,single_source_positive,
LGALS14,False,False,0,,0.0,0,negative_candidate,0.0
QRICH1,False,False,0,,0.0,0,negative_candidate,0.0
FGF10,False,False,0,,0.0,0,negative_candidate,0.0
KRTAP12-3,False,False,0,,0.0,0,negative_candidate,0.0
FMO3,False,False,0,,0.0,0,negative_candidate,0.0
BEND4,False,False,0,,0.0,0,negative_candidate,0.0
FBXO39,False,False,0,,0.0,0,negative_candidate,0.0
COL23A1,False,False,0,,0.0,0,negative_candidate,0.0
EIF2AK1,True,False,1,NCG,1.0,1,single_source_positive,
TARDBP,False,False,0,,0.0,0,negative_candidate,0.0
POLE,True,True,2,NCG;CIViC,1.0,1,high_confidence_positive,1.0
MAP4K2,False,False,0,,0.0,0,negative_candidate,0.0
BET1L,False,False,0,,0.0,0,negative_candidate,0.0
MARCO,False,False,0,,0.0,0,negative_candidate,0.0
KRTAP12-2,False,False,0,,0.0,0,negative_candidate,0.0
RALGPS2,False,True,1,CIViC,1.0,1,single_source_positive,
TJP3,False,False,0,,0.0,0,negative_candidate,0.0
CRIP3,False,False,0,,0.0,0,negative_candidate,0.0
TCERG1,True,False,1,NCG,1.0,1,single_source_positive,
STARD3,False,False,0,,0.0,0,negative_candidate,0.0
PIK3IP1,True,False,1,NCG,1.0,1,single_source_positive,
PCDHGA7,False,False,0,,0.0,0,negative_candidate,0.0
PRKAG3,False,False,0,,0.0,0,negative_candidate,0.0
CDS1,False,False,0,,0.0,0,negative_candidate,0.0
MOCS3,True,False,1,NCG,1.0,1,single_source_positive,
PSENEN,False,False,0,,0.0,0,negative_candidate,0.0
TMEM267,False,False,0,,0.0,0,negative_candidate,0.0
MAD1L1,False,False,0,,0.0,0,negative_candidate,0.0
P2RY6,False,False,0,,0.0,0,negative_candidate,0.0
TTLL2,False,False,0,,0.0,0,negative_candidate,0.0
CPZ,False,False,0,,0.0,0,negative_candidate,0.0
MYH14,False,False,0,,0.0,0,negative_candidate,0.0
ELP2,False,False,0,,0.0,0,negative_candidate,0.0
AK9,False,False,0,,0.0,0,negative_candidate,0.0
TECR,False,False,0,,0.0,0,negative_candidate,0.0
ALPK3,False,False,0,,0.0,0,negative_candidate,0.0
DGKZ,False,False,0,,0.0,0,negative_candidate,0.0
SPRY1,False,False,0,,0.0,0,negative_candidate,0.0
CSDE1,True,False,1,NCG,1.0,1,single_source_positive,
RCBTB2,False,False,0,,0.0,0,negative_candidate,0.0
TECPR1,False,False,0,,0.0,0,negative_candidate,0.0
UGT1A7,False,False,0,,0.0,0,negative_candidate,0.0
CWC22,True,False,1,NCG,1.0,1,single_source_positive,
IDI1,False,False,0,,0.0,0,negative_candidate,0.0
TRAM1,False,False,0,,0.0,0,negative_candidate,0.0
C11ORF52,False,False,0,,0.0,0,negative_candidate,0.0
VANGL2,False,False,0,,0.0,0,negative_candidate,0.0
STAT3,True,True,2,NCG;CIViC,1.0,1,high_confidence_positive,1.0
BTBD3,False,False,0,,0.0,0,negative_candidate,0.0
CAV2,False,False,0,,0.0,0,negative_candidate,0.0
KCNA5,False,False,0,,0.0,0,negative_candidate,0.0
BUD23,True,False,1,NCG,1.0,1,single_source_positive,
LOXL3,False,False,0,,0.0,0,negative_candidate,0.0
ELOA2,False,False,0,,0.0,0,negative_candidate,0.0
CYLC2,False,False,0,,0.0,0,negative_candidate,0.0
MMS19,False,False,0,,0.0,0,negative_candidate,0.0
KLK11,False,False,0,,0.0,0,negative_candidate,0.0
ADPRH,False,False,0,,0.0,0,negative_candidate,0.0
APOBEC3D,False,False,0,,0.0,0,negative_candidate,0.0
NEK8,False,False,0,,0.0,0,negative_candidate,0.0
RDH11,False,False,0,,0.0,0,negative_candidate,0.0
DNAJC11,False,False,0,,0.0,0,negative_candidate,0.0
ELP6,False,False,0,,0.0,0,negative_candidate,0.0
PNPLA4,False,False,0,,0.0,0,negative_candidate,0.0
C1RL,False,False,0,,0.0,0,negative_candidate,0.0
PTPRF,False,True,1,CIViC,0.9,1,single_source_positive,
SLC22A7,False,False,0,,0.0,0,negative_candidate,0.0
NDST3,False,False,0,,0.0,0,negative_candidate,0.0
HCLS1,False,False,0,,0.0,0,negative_candidate,0.0
SGCG,False,False,0,,0.0,0,negative_candidate,0.0
GPAT2,False,False,0,,0.0,0,negative_candidate,0.0
OPN5,False,False,0,,0.0,0,negative_candidate,0.0
ELF1,True,False,1,NCG,1.0,1,single_source_positive,
AVL9,True,False,1,NCG,1.0,1,single_source_positive,
AMELY,False,False,0,,0.0,0,negative_candidate,0.0
HMGCS1,False,False,0,,0.0,0,negative_candidate,0.0
CARD8,False,False,0,,0.0,0,negative_candidate,0.0
AMZ1,False,False,0,,0.0,0,negative_candidate,0.0
PBX3,False,False,0,,0.0,0,negative_candidate,0.0
NEK5,False,False,0,,0.0,0,negative_candidate,0.0
HSD3B1,False,False,0,,0.0,0,negative_candidate,0.0
CNOT9,True,False,1,NCG,1.0,1,single_source_positive,
TCTN2,False,False,0,,0.0,0,negative_candidate,0.0
MAPKBP1,False,False,0,,0.0,0,negative_candidate,0.0
P3H1,False,False,0,,0.0,0,negative_candidate,0.0
FKBP6,False,False,0,,0.0,0,negative_candidate,0.0
ZBTB26,False,False,0,,0.0,0,negative_candidate,0.0
MITF,True,True,2,NCG;CIViC,1.0,1,high_confidence_positive,1.0
UEVLD,False,False,0,,0.0,0,negative_candidate,0.0
SRF,False,True,1,CIViC,1.0,1,single_source_positive,
COLEC11,False,False,0,,0.0,0,negative_candidate,0.0
PKD1L2,True,False,1,NCG,1.0,1,single_source_positive,
TFG,False,True,1,CIViC,1.0,1,single_source_positive,
EFR3A,False,False,0,,0.0,0,negative_candidate,0.0
IGHM,False,False,0,,0.0,0,negative_candidate,0.0
TMEM141,False,False,0,,0.0,0,negative_candidate,0.0
PTPDC1,True,False,1,NCG,1.0,1,single_source_positive,
HTN1,False,False,0,,0.0,0,negative_candidate,0.0
TOR1B,True,False,1,NCG,1.0,1,single_source_positive,
SSX2,True,True,2,NCG;CIViC,1.0,1,high_confidence_positive,1.0
CACNG2,False,False,0,,0.0,0,negative_candidate,0.0
VMA21,True,False,1,NCG,1.0,1,single_source_positive,
CTNNAL1,False,False,0,,0.0,0,negative_candidate,0.0
SNX8,True,False,1,NCG,1.0,1,single_source_positive,
LIN7C,False,False,0,,0.0,0,negative_candidate,0.0
FBXO47,False,False,0,,0.0,0,negative_candidate,0.0
PODXL,False,False,0,,0.0,0,negative_candidate,0.0
KATNA1,False,False,0,,0.0,0,negative_candidate,0.0
TAS2R4,False,False,0,,0.0,0,negative_candidate,0.0
ZXDA,False,False,0,,0.0,0,negative_candidate,0.0
RSPO1,False,False,0,,0.0,0,negative_candidate,0.0
GCSAML,True,False,1,NCG,1.0,1,single_source_positive,
IL18R1,False,False,0,,0.0,0,negative_candidate,0.0
LGALS12,False,False,0,,0.0,0,negative_candidate,0.0
CDK18,False,False,0,,0.0,0,negative_candidate,0.0
GBP7,False,False,0,,0.0,0,negative_candidate,0.0
NDUFS3,False,False,0,,0.0,0,negative_candidate,0.0
LIFR,True,False,1,NCG,1.0,1,single_source_positive,
ECHDC1,False,False,0,,0.0,0,negative_candidate,0.0
C1QTNF3,False,False,0,,0.0,0,negative_candidate,0.0
SIGIRR,False,False,0,,0.0,0,negative_candidate,0.0
GPALPP1,False,False,0,,0.0,0,negative_candidate,0.0
THUMPD2,False,False,0,,0.0,0,negative_candidate,0.0
PCNT,False,False,0,,0.0,0,negative_candidate,0.0
ARL2,False,False,0,,0.0,0,negative_candidate,0.0
ALKBH6,True,False,1,NCG,1.0,1,single_source_positive,
ZNF286A,False,False,0,,0.0,0,negative_candidate,0.0
ZSCAN18,False,False,0,,0.0,0,negative_candidate,0.0
NDN,False,False,0,,0.0,0,negative_candidate,0.0
SCAMP4,False,False,0,,0.0,0,negative_candidate,0.0
CD83,True,True,2,NCG;CIViC,1.0,1,high_confidence_positive,1.0
NAGPA,False,False,0,,0.0,0,negative_candidate,0.0
FBXO7,False,False,0,,0.0,0,negative_candidate,0.0
CPAMD8,False,False,0,,0.0,0,negative_candidate,0.0
DOCK5,False,False,0,,0.0,0,negative_candidate,0.0
DRD1,False,False,0,,0.0,0,negative_candidate,0.0
PNPLA2,True,False,1,NCG,1.0,1,single_source_positive,
CTDNEP1,True,False,1,NCG,1.0,1,single_source_positive,
FBXO33,False,False,0,,0.0,0,negative_candidate,0.0
IGSF10,True,False,1,NCG,1.0,1,single_source_positive,
CLEC16A,False,False,0,,0.0,0,negative_candidate,0.0
AEBP1,False,True,1,CIViC,0.9,1,single_source_positive,
ROBO1,False,False,0,,0.0,0,negative_candidate,0.0
BTBD2,False,False,0,,0.0,0,negative_candidate,0.0
OSBPL9,False,False,0,,0.0,0,negative_candidate,0.0
RUSF1,False,False,0,,0.0,0,negative_candidate,0.0
STEAP1,False,False,0,,0.0,0,negative_candidate,0.0
P3H4,False,False,0,,0.0,0,negative_candidate,0.0
NFATC4,True,False,1,NCG,1.0,1,single_source_positive,
VCP,False,True,1,CIViC,0.9,1,single_source_positive,
ABCC8,False,False,0,,0.0,0,negative_candidate,0.0
GPX5,True,False,1,NCG,1.0,1,single_source_positive,
CBFA2T3,True,True,2,NCG;CIViC,1.0,1,high_confidence_positive,1.0
BBS9,False,False,0,,0.0,0,negative_candidate,0.0
CHMP7,False,False,0,,0.0,0,negative_candidate,0.0
TMC8,False,False,0,,0.0,0,negative_candidate,0.0
CFTR,False,False,0,,0.0,0,negative_candidate,0.0
EHD3,False,False,0,,0.0,0,negative_candidate,0.0
GIMAP2,False,False,0,,0.0,0,negative_candidate,0.0
MYOM3,True,False,1,NCG,1.0,1,single_source_positive,
SH3RF2,False,False,0,,0.0,0,negative_candidate,0.0
SNTB1,True,False,1,NCG,1.0,1,single_source_positive,
NSUN3,False,False,0,,0.0,0,negative_candidate,0.0
KCNN3,True,False,1,NCG,1.0,1,single_source_positive,
DNM2,True,False,1,NCG,1.0,1,single_source_positive,
THBD,False,False,0,,0.0,0,negative_candidate,0.0
STAM,False,False,0,,0.0,0,negative_candidate,0.0
CLDND1,False,False,0,,0.0,0,negative_candidate,0.0
CCDC51,False,False,0,,0.0,0,negative_candidate,0.0
CYRIB,False,False,0,,0.0,0,negative_candidate,0.0
CSN3,False,False,0,,0.0,0,negative_candidate,0.0
MFAP3L,False,False,0,,0.0,0,negative_candidate,0.0
LILRA6,False,False,0,,0.0,0,negative_candidate,0.0
VPS36,False,False,0,,0.0,0,negative_candidate,0.0
RAP1GAP,False,False,0,,0.0,0,negative_candidate,0.0
ACSM2A,True,False,1,NCG,1.0,1,single_source_positive,
PYCR3,False,False,0,,0.0,0,negative_candidate,0.0
UFL1,False,False,0,,0.0,0,negative_candidate,0.0
PUM1,False,False,0,,0.0,0,negative_candidate,0.0
BPIFA3,False,False,0,,0.0,0,negative_candidate,0.0
KCNAB2,False,False,0,,0.0,0,negative_candidate,0.0
LCP1,False,False,0,,0.0,0,negative_candidate,0.0
ASPDH,False,False,0,,0.0,0,negative_candidate,0.0
TAS2R41,False,False,0,,0.0,0,negative_candidate,0.0
C1ORF74,False,False,0,,0.0,0,negative_candidate,0.0
RDH8,False,False,0,,0.0,0,negative_candidate,0.0
SIPA1L1,False,False,0,,0.0,0,negative_candidate,0.0
SENP5,False,False,0,,0.0,0,negative_candidate,0.0
GCM2,False,False,0,,0.0,0,negative_candidate,0.0
EFCAB14,False,False,0,,0.0,0,negative_candidate,0.0
ZNF528,False,False,0,,0.0,0,negative_candidate,0.0
KANK2,False,False,0,,0.0,0,negative_candidate,0.0
CUL1,True,True,2,NCG;CIViC,1.0,1,high_confidence_positive,1.0
H2AC20,True,False,1,NCG,1.0,1,single_source_positive,
SUN2,False,False,0,,0.0,0,negative_candidate,0.0
MCTP2,False,False,0,,0.0,0,negative_candidate,0.0
UTS2,False,False,0,,0.0,0,negative_candidate,0.0
GNAT2,False,False,0,,0.0,0,negative_candidate,0.0
NRP1,True,False,1,NCG,1.0,1,single_source_positive,
ADORA1,False,False,0,,0.0,0,negative_candidate,0.0
DHX37,False,False,0,,0.0,0,negative_candidate,0.0
IGHV1-46,False,False,0,,0.0,0,negative_candidate,0.0
FKBP5,False,False,0,,0.0,0,negative_candidate,0.0
ATP6V1A,False,False,0,,0.0,0,negative_candidate,0.0
SMIM29,False,False,0,,0.0,0,negative_candidate,0.0
PCOLCE2,False,False,0,,0.0,0,negative_candidate,0.0
CSNK1E,True,False,1,NCG,1.0,1,single_source_positive,
ACD,True,False,1,NCG,1.0,1,single_source_positive,
PCDH11Y,False,False,0,,0.0,0,negative_candidate,0.0
ACTG1,True,False,1,NCG,1.0,1,single_source_positive,
S100B,False,True,1,CIViC,0.9,1,single_source_positive,
CAPZA3,False,False,0,,0.0,0,negative_candidate,0.0
NPAS4,False,False,0,,0.0,0,negative_candidate,0.0
SCARA3,False,False,0,,0.0,0,negative_candidate,0.0
XPOT,False,False,0,,0.0,0,negative_candidate,0.0
ZMIZ1,True,True,2,NCG;CIViC,1.0,1,high_confidence_positive,1.0
UBTF,False,True,1,CIViC,0.9,1,single_source_positive,
ITGB4,False,False,0,,0.0,0,negative_candidate,0.0
NUDT5,False,False,0,,0.0,0,negative_candidate,0.0
RNF213,True,False,1,NCG,1.0,1,single_source_positive,
CPNE6,False,False,0,,0.0,0,negative_candidate,0.0
RBMXL1,False,False,0,,0.0,0,negative_candidate,0.0
HDGFL2,False,False,0,,0.0,0,negative_candidate,0.0
ZNF32,False,False,0,,0.0,0,negative_candidate,0.0
LDHAL6B,False,False,0,,0.0,0,negative_candidate,0.0
ZNF417,False,False,0,,0.0,0,negative_candidate,0.0
ZNF746,False,False,0,,0.0,0,negative_candidate,0.0
MAB21L1,False,False,0,,0.0,0,negative_candidate,0.0
ANKRD20A4P,False,False,0,,0.0,0,negative_candidate,0.0
PDPN,False,False,0,,0.0,0,negative_candidate,0.0
PGLYRP2,False,False,0,,0.0,0,negative_candidate,0.0
ACAD9,False,False,0,,0.0,0,negative_candidate,0.0
TRABD,False,False,0,,0.0,0,negative_candidate,0.0
MLIP,False,False,0,,0.0,0,negative_candidate,0.0
NEU3,False,False,0,,0.0,0,negative_candidate,0.0
SPTAN1,True,False,1,NCG,1.0,1,single_source_positive,
HAVCR2,False,True,1,CIViC,1.0,1,single_source_positive,
APBB2,False,False,0,,0.0,0,negative_candidate,0.0
UBE2C,False,False,0,,0.0,0,negative_candidate,0.0
FBXW10,False,False,0,,0.0,0,negative_candidate,0.0
DNTT,False,False,0,,0.0,0,negative_candidate,0.0
MINDY3,False,False,0,,0.0,0,negative_candidate,0.0
RDH16,False,False,0,,0.0,0,negative_candidate,0.0
TTC26,False,False,0,,0.0,0,negative_candidate,0.0
OR5P2,False,False,0,,0.0,0,negative_candidate,0.0
TRIM14,False,False,0,,0.0,0,negative_candidate,0.0
ZNF443,False,False,0,,0.0,0,negative_candidate,0.0
MSL1,False,False,0,,0.0,0,negative_candidate,0.0
MAGI1,False,False,0,,0.0,0,negative_candidate,0.0
AKT1,True,True,2,NCG;CIViC,1.0,1,high_confidence_positive,1.0
ACTR5,False,False,0,,0.0,0,negative_candidate,0.0
PPM1A,False,False,0,,0.0,0,negative_candidate,0.0
MOGAT3,False,False,0,,0.0,0,negative_candidate,0.0
SSBP1,True,False,1,NCG,1.0,1,single_source_positive,
IL17RE,False,False,0,,0.0,0,negative_candidate,0.0
FDXR,True,False,1,NCG,1.0,1,single_source_positive,
DUSP16,True,False,1,NCG,1.0,1,single_source_positive,
PRR14,False,False,0,,0.0,0,negative_candidate,0.0
MAP7D3,False,False,0,,0.0,0,negative_candidate,0.0
RMDN3,False,False,0,,0.0,0,negative_candidate,0.0
NNT,False,False,0,,0.0,0,negative_candidate,0.0
NLRP9,False,False,0,,0.0,0,negative_candidate,0.0
DPF3,False,False,0,,0.0,0,negative_candidate,0.0
FNDC7,False,False,0,,0.0,0,negative_candidate,0.0
FOXR1,True,False,1,NCG,1.0,1,single_source_positive,
LUC7L,True,False,1,NCG,1.0,1,single_source_positive,
IGHV4-31,False,False,0,,0.0,0,negative_candidate,0.0
VPS37C,False,False,0,,0.0,0,negative_candidate,0.0
TRGV8,False,False,0,,0.0,0,negative_candidate,0.0
TMEM205,False,False,0,,0.0,0,negative_candidate,0.0
RASA3,False,False,0,,0.0,0,negative_candidate,0.0
SP1,False,False,0,,0.0,0,negative_candidate,0.0
PTPN9,False,False,0,,0.0,0,negative_candidate,0.0
F13B,False,False,0,,0.0,0,negative_candidate,0.0
UMOD,False,False,0,,0.0,0,negative_candidate,0.0
ZBTB45,False,False,0,,0.0,0,negative_candidate,0.0
ULK3,False,False,0,,0.0,0,negative_candidate,0.0
DDX60L,True,False,1,NCG,1.0,1,single_source_positive,
ITGB6,False,False,0,,0.0,0,negative_candidate,0.0
ABCA8,False,False,0,,0.0,0,negative_candidate,0.0
ARSK,False,False,0,,0.0,0,negative_candidate,0.0
CD28,True,True,2,NCG;CIViC,1.0,1,high_confidence_positive,1.0
SCARA5,False,False,0,,0.0,0,negative_candidate,0.0
ARHGAP22,False,False,0,,0.0,0,negative_candidate,0.0
VWC2,False,False,0,,0.0,0,negative_candidate,0.0
CAMSAP2,False,False,0,,0.0,0,negative_candidate,0.0
CERCAM,False,False,0,,0.0,0,negative_candidate,0.0
CLCNKA,False,False,0,,0.0,0,negative_candidate,0.0
DENND2A,False,False,0,,0.0,0,negative_candidate,0.0
DEFB110,False,False,0,,0.0,0,negative_candidate,0.0
KRTAP9-9,False,False,0,,0.0,0,negative_candidate,0.0
MAP1S,True,False,1,NCG,1.0,1,single_source_positive,
NRF1,False,True,1,CIViC,1.0,1,single_source_positive,
PNO1,False,False,0,,0.0,0,negative_candidate,0.0
KIR2DS4,False,False,0,,0.0,0,negative_candidate,0.0
EPB41L3,True,False,1,NCG,1.0,1,single_source_positive,
SLC16A5,False,False,0,,0.0,0,negative_candidate,0.0
PSMB10,False,False,0,,0.0,0,negative_candidate,0.0
CES5A,False,False,0,,0.0,0,negative_candidate,0.0
HOXA3,False,False,0,,0.0,0,negative_candidate,0.0
DLG4,False,False,0,,0.0,0,negative_candidate,0.0
KLF12,False,False,0,,0.0,0,negative_candidate,0.0
UGT2B10,True,False,1,NCG,1.0,1,single_source_positive,
CDK5RAP2,False,False,0,,0.0,0,negative_candidate,0.0
CYP2S1,False,False,0,,0.0,0,negative_candidate,0.0
PIM2,False,True,1,CIViC,0.9,1,single_source_positive,
OR51E1,False,False,0,,0.0,0,negative_candidate,0.0
TPSB2,False,False,0,,0.0,0,negative_candidate,0.0
PSMD7,False,False,0,,0.0,0,negative_candidate,0.0
SNX24,False,False,0,,0.0,0,negative_candidate,0.0
HOXB2,False,False,0,,0.0,0,negative_candidate,0.0
SPTBN1,False,False,0,,0.0,0,negative_candidate,0.0
RINT1,False,False,0,,0.0,0,negative_candidate,0.0
ARRDC1,False,False,0,,0.0,0,negative_candidate,0.0
SH2D7,False,False,0,,0.0,0,negative_candidate,0.0
PPP4R2,False,False,0,,0.0,0,negative_candidate,0.0
ZNF516,False,False,0,,0.0,0,negative_candidate,0.0
TBC1D32,True,False,1,NCG,1.0,1,single_source_positive,
CSTF3,False,False,0,,0.0,0,negative_candidate,0.0
INF2,False,False,0,,0.0,0,negative_candidate,0.0
NOS3,False,False,0,,0.0,0,negative_candidate,0.0
QRFPR,False,False,0,,0.0,0,negative_candidate,0.0
MED23,True,False,1,NCG,1.0,1,single_source_positive,
PSIP1,True,False,1,NCG,1.0,1,single_source_positive,
MBD6,True,False,1,NCG,1.0,1,single_source_positive,
MED14,False,False,0,,0.0,0,negative_candidate,0.0
ZNF644,False,False,0,,0.0,0,negative_candidate,0.0
EMSY,False,True,1,CIViC,0.9,1,single_source_positive,
ZHX2,True,True,2,NCG;CIViC,1.0,1,high_confidence_positive,1.0
ILVBL,False,False,0,,0.0,0,negative_candidate,0.0
SCGB1D4,False,False,0,,0.0,0,negative_candidate,0.0
QSOX2,False,False,0,,0.0,0,negative_candidate,0.0
OR2A25,False,False,0,,0.0,0,negative_candidate,0.0
SLAMF8,False,False,0,,0.0,0,negative_candidate,0.0
ZNF670,False,False,0,,0.0,0,negative_candidate,0.0
SPP1,False,False,0,,0.0,0,negative_candidate,0.0
MRPL19,False,False,0,,0.0,0,negative_candidate,0.0
CCDC34,False,False,0,,0.0,0,negative_candidate,0.0
PRUNE1,False,False,0,,0.0,0,negative_candidate,0.0
CCDC22,False,False,0,,0.0,0,negative_candidate,0.0
RBFOX2,False,False,0,,0.0,0,negative_candidate,0.0
IGLV5-45,False,False,0,,0.0,0,negative_candidate,0.0
HELLS,False,False,0,,0.0,0,negative_candidate,0.0
RAB33A,False,False,0,,0.0,0,negative_candidate,0.0
ACTL7B,True,False,1,NCG,1.0,1,single_source_positive,
CCL8,False,False,0,,0.0,0,negative_candidate,0.0
RHBDD1,False,False,0,,0.0,0,negative_candidate,0.0
SERPINA11,False,False,0,,0.0,0,negative_candidate,0.0
HNRNPA1,False,False,0,,0.0,0,negative_candidate,0.0
HSPE1,False,False,0,,0.0,0,negative_candidate,0.0
ERAS,False,False,0,,0.0,0,negative_candidate,0.0
IBTK,False,False,0,,0.0,0,negative_candidate,0.0
CARS1,True,False,1,NCG,1.0,1,single_source_positive,
PPIL4,True,False,1,NCG,1.0,1,single_source_positive,
FLRT2,True,False,1,NCG,1.0,1,single_source_positive,
DCBLD1,False,False,0,,0.0,0,negative_candidate,0.0
ZNF79,False,False,0,,0.0,0,negative_candidate,0.0
NHSL2,False,False,0,,0.0,0,negative_candidate,0.0
KPNA1,False,False,0,,0.0,0,negative_candidate,0.0
CLIP4,False,False,0,,0.0,0,negative_candidate,0.0
PHF20,False,False,0,,0.0,0,negative_candidate,0.0
MCM3AP,False,False,0,,0.0,0,negative_candidate,0.0
ABCC1,False,False,0,,0.0,0,negative_candidate,0.0
CLTC,True,True,2,NCG;CIViC,1.0,1,high_confidence_positive,1.0
ADAMTS7,False,False,0,,0.0,0,negative_candidate,0.0
PTRH1,False,False,0,,0.0,0,negative_candidate,0.0
COL16A1,False,False,0,,0.0,0,negative_candidate,0.0
LPCAT1,False,False,0,,0.0,0,negative_candidate,0.0
GFRAL,True,False,1,NCG,1.0,1,single_source_positive,
ECPAS,False,False,0,,0.0,0,negative_candidate,0.0
MAX,True,False,1,NCG,1.0,1,single_source_positive,
TACC1,True,True,2,NCG;CIViC,1.0,1,high_confidence_positive,1.0
HDAC3,False,False,0,,0.0,0,negative_candidate,0.0
MC1R,True,False,1,NCG,1.0,1,single_source_positive,
SKP2,True,False,1,NCG,1.0,1,single_source_positive,
TRPM4,False,False,0,,0.0,0,negative_candidate,0.0
CDC27,True,False,1,NCG,1.0,1,single_source_positive,
ABCA7,True,False,1,NCG,1.0,1,single_source_positive,
LRRC1,False,False,0,,0.0,0,negative_candidate,0.0
PNLIPRP2,False,False,0,,0.0,0,negative_candidate,0.0
COBL,False,False,0,,0.0,0,negative_candidate,0.0
DCTN2,False,False,0,,0.0,0,negative_candidate,0.0
TTC39A,False,False,0,,0.0,0,negative_candidate,0.0
MON1B,False,False,0,,0.0,0,negative_candidate,0.0
NUCB2,False,False,0,,0.0,0,negative_candidate,0.0
WASHC2A,False,False,0,,0.0,0,negative_candidate,0.0
TGFB1,False,False,0,,0.0,0,negative_candidate,0.0
GPAT4,True,False,1,NCG,1.0,1,single_source_positive,
TEX47,False,False,0,,0.0,0,negative_candidate,0.0
UBA3,False,False,0,,0.0,0,negative_candidate,0.0
GLRA2,False,False,0,,0.0,0,negative_candidate,0.0
PIP4K2C,False,False,0,,0.0,0,negative_candidate,0.0
UGT1A3,False,False,0,,0.0,0,negative_candidate,0.0
NAALAD2,False,False,0,,0.0,0,negative_candidate,0.0
ZNF43,False,False,0,,0.0,0,negative_candidate,0.0
MYLPF,False,False,0,,0.0,0,negative_candidate,0.0
TMPO,False,False,0,,0.0,0,negative_candidate,0.0
CCAR2,False,False,0,,0.0,0,negative_candidate,0.0
VIM,False,False,0,,0.0,0,negative_candidate,0.0
SPDYA,False,False,0,,0.0,0,negative_candidate,0.0
VAV1,True,False,1,NCG,1.0,1,single_source_positive,
KLHDC7B,False,False,0,,0.0,0,negative_candidate,0.0
CCDC66,True,False,1,NCG,1.0,1,single_source_positive,
LRRC3B,False,False,0,,0.0,0,negative_candidate,0.0
PLPP3,False,False,0,,0.0,0,negative_candidate,0.0
SLC22A14,False,False,0,,0.0,0,negative_candidate,0.0
RHBDF2,False,False,0,,0.0,0,negative_candidate,0.0
IL22,True,False,1,NCG,1.0,1,single_source_positive,
KCNK4,False,False,0,,0.0,0,negative_candidate,0.0
SFR1,False,False,0,,0.0,0,negative_candidate,0.0
ANGEL2,False,False,0,,0.0,0,negative_candidate,0.0
PANX3,False,False,0,,0.0,0,negative_candidate,0.0
OR52N5,False,False,0,,0.0,0,negative_candidate,0.0
LPO,False,False,0,,0.0,0,negative_candidate,0.0
NEGR1,False,False,0,,0.0,0,negative_candidate,0.0
RAB43,False,False,0,,0.0,0,negative_candidate,0.0
DNAJA3,False,False,0,,0.0,0,negative_candidate,0.0
USP24,False,False,0,,0.0,0,negative_candidate,0.0
MCC,False,False,0,,0.0,0,negative_candidate,0.0
MYH9,True,True,2,NCG;CIViC,1.0,1,high_confidence_positive,1.0
BRS3,False,False,0,,0.0,0,negative_candidate,0.0
SERPINB10,False,False,0,,0.0,0,negative_candidate,0.0
THBS3,False,False,0,,0.0,0,negative_candidate,0.0
SNRPD3,True,False,1,NCG,1.0,1,single_source_positive,
KLHL6,True,True,2,NCG;CIViC,1.0,1,high_confidence_positive,1.0
VTN,False,False,0,,0.0,0,negative_candidate,0.0
CLDN17,False,False,0,,0.0,0,negative_candidate,0.0
FAR2,False,False,0,,0.0,0,negative_candidate,0.0
APLF,False,False,0,,0.0,0,negative_candidate,0.0
PIF1,False,False,0,,0.0,0,negative_candidate,0.0
ATP6V0A2,False,False,0,,0.0,0,negative_candidate,0.0
IL17A,False,False,0,,0.0,0,negative_candidate,0.0
SPINK2,False,False,0,,0.0,0,negative_candidate,0.0
ETV7,False,False,0,,0.0,0,negative_candidate,0.0
FAM3A,False,False,0,,0.0,0,negative_candidate,0.0
MAPKAPK5,True,False,1,NCG,1.0,1,single_source_positive,
RNF175,False,False,0,,0.0,0,negative_candidate,0.0
GRIK4,False,False,0,,0.0,0,negative_candidate,0.0
SPZ1,False,False,0,,0.0,0,negative_candidate,0.0
DMAC2,False,False,0,,0.0,0,negative_candidate,0.0
BICRAL,False,False,0,,0.0,0,negative_candidate,0.0
AGPAT3,False,False,0,,0.0,0,negative_candidate,0.0
POM121C,False,False,0,,0.0,0,negative_candidate,0.0
MAGI3,False,False,0,,0.0,0,negative_candidate,0.0
ZC2HC1C,False,False,0,,0.0,0,negative_candidate,0.0
OSBPL8,True,False,1,NCG,1.0,1,single_source_positive,
ZNF276,False,False,0,,0.0,0,negative_candidate,0.0
ZNF217,True,True,2,NCG;CIViC,1.0,1,high_confidence_positive,1.0
KLK2,False,False,0,,0.0,0,negative_candidate,0.0
ELP5,False,False,0,,0.0,0,negative_candidate,0.0
OR6F1,False,False,0,,0.0,0,negative_candidate,0.0
MYCT1,False,False,0,,0.0,0,negative_candidate,0.0
NCR1,False,False,0,,0.0,0,negative_candidate,0.0
OR2H1,False,False,0,,0.0,0,negative_candidate,0.0
RPL26,False,False,0,,0.0,0,negative_candidate,0.0
TINAGL1,False,False,0,,0.0,0,negative_candidate,0.0
KCTD2,True,False,1,NCG,1.0,1,single_source_positive,
KIT,True,True,2,NCG;CIViC,1.0,1,high_confidence_positive,1.0
SPATS2,False,False,0,,0.0,0,negative_candidate,0.0
SAFB2,False,False,0,,0.0,0,negative_candidate,0.0
FLI1,True,True,2,NCG;CIViC,1.0,1,high_confidence_positive,1.0
POMZP3,False,False,0,,0.0,0,negative_candidate,0.0
HEMGN,False,False,0,,0.0,0,negative_candidate,0.0
PRDM11,False,False,0,,0.0,0,negative_candidate,0.0
CXCL11,False,False,0,,0.0,0,negative_candidate,0.0
SUPT7L,True,False,1,NCG,1.0,1,single_source_positive,
VPS52,False,False,0,,0.0,0,negative_candidate,0.0
E4F1,False,False,0,,0.0,0,negative_candidate,0.0
SURF6,False,False,0,,0.0,0,negative_candidate,0.0
B3GAT2,False,False,0,,0.0,0,negative_candidate,0.0
TTC25,False,False,0,,0.0,0,negative_candidate,0.0
RPS15A,False,False,0,,0.0,0,negative_candidate,0.0
CCDC33,False,False,0,,0.0,0,negative_candidate,0.0
PRRC2C,False,False,0,,0.0,0,negative_candidate,0.0
PCDHGC3,False,False,0,,0.0,0,negative_candidate,0.0
MRPS2,False,False,0,,0.0,0,negative_candidate,0.0
SPDYE1,False,False,0,,0.0,0,negative_candidate,0.0
ZNF106,False,False,0,,0.0,0,negative_candidate,0.0
ITGAM,False,False,0,,0.0,0,negative_candidate,0.0
NXPE1,False,False,0,,0.0,0,negative_candidate,0.0
ADAMTS4,False,False,0,,0.0,0,negative_candidate,0.0
LRRN4,False,False,0,,0.0,0,negative_candidate,0.0
AXIN1,True,False,1,NCG,1.0,1,single_source_positive,
CLPX,False,False,0,,0.0,0,negative_candidate,0.0
KDM5A,True,True,2,NCG;CIViC,1.0,1,high_confidence_positive,1.0
CYC1,False,False,0,,0.0,0,negative_candidate,0.0
ACTC1,False,False,0,,0.0,0,negative_candidate,0.0
TENT2,False,False,0,,0.0,0,negative_candidate,0.0
TRIML1,False,False,0,,0.0,0,negative_candidate,0.0
CD300LF,False,False,0,,0.0,0,negative_candidate,0.0
ASH2L,False,False,0,,0.0,0,negative_candidate,0.0
ATP9A,False,False,0,,0.0,0,negative_candidate,0.0
ARHGAP18,False,False,0,,0.0,0,negative_candidate,0.0
KRTAP5-3,False,False,0,,0.0,0,negative_candidate,0.0
APOO,False,False,0,,0.0,0,negative_candidate,0.0
CATIP,True,False,1,NCG,1.0,1,single_source_positive,
KLF13,False,False,0,,0.0,0,negative_candidate,0.0
FAS,True,True,2,NCG;CIViC,1.0,1,high_confidence_positive,1.0
OR5K3,False,False,0,,0.0,0,negative_candidate,0.0
RIPOR3,False,False,0,,0.0,0,negative_candidate,0.0
NPDC1,False,False,0,,0.0,0,negative_candidate,0.0
NAPRT,False,True,1,CIViC,1.0,1,single_source_positive,
PPP3CC,False,False,0,,0.0,0,negative_candidate,0.0
KIAA2026,False,False,0,,0.0,0,negative_candidate,0.0
SLC25A53,False,False,0,,0.0,0,negative_candidate,0.0
OR1L6,False,False,0,,0.0,0,negative_candidate,0.0
UBC,False,False,0,,0.0,0,negative_candidate,0.0
NMT1,False,False,0,,0.0,0,negative_candidate,0.0
CCER1,True,False,1,NCG,1.0,1,single_source_positive,
SMC5,False,False,0,,0.0,0,negative_candidate,0.0
CTSE,False,False,0,,0.0,0,negative_candidate,0.0
BSX,False,False,0,,0.0,0,negative_candidate,0.0
INO80,True,False,1,NCG,1.0,1,single_source_positive,
BCR,True,True,2,NCG;CIViC,1.0,1,high_confidence_positive,1.0
GTF2IRD1,False,False,0,,0.0,0,negative_candidate,0.0
PLAGL2,False,False,0,,0.0,0,negative_candidate,0.0
LZTS1,False,False,0,,0.0,0,negative_candidate,0.0
SLC27A3,False,False,0,,0.0,0,negative_candidate,0.0
WFIKKN2,False,False,0,,0.0,0,negative_candidate,0.0
OR51M1,False,False,0,,0.0,0,negative_candidate,0.0
HEY2,False,False,0,,0.0,0,negative_candidate,0.0
HAO2,False,False,0,,0.0,0,negative_candidate,0.0
TIMELESS,False,False,0,,0.0,0,negative_candidate,0.0
TMPRSS9,False,False,0,,0.0,0,negative_candidate,0.0
MATN2,False,False,0,,0.0,0,negative_candidate,0.0
KCNQ1,False,False,0,,0.0,0,negative_candidate,0.0
SLC5A6,False,False,0,,0.0,0,negative_candidate,0.0
CD22,False,False,0,,0.0,0,negative_candidate,0.0
CLOCK,False,False,0,,0.0,0,negative_candidate,0.0
PLBD2,False,False,0,,0.0,0,negative_candidate,0.0
H6PD,False,False,0,,0.0,0,negative_candidate,0.0
SORBS1,False,False,0,,0.0,0,negative_candidate,0.0
NID1,True,False,1,NCG,1.0,1,single_source_positive,
CYBB,False,False,0,,0.0,0,negative_candidate,0.0
C16ORF90,False,False,0,,0.0,0,negative_candidate,0.0
RFNG,False,False,0,,0.0,0,negative_candidate,0.0
CAMKK2,True,False,1,NCG,1.0,1,single_source_positive,
TPSAB1,True,False,1,NCG,1.0,1,single_source_positive,
FBXO38,False,False,0,,0.0,0,negative_candidate,0.0
LRRC40,False,False,0,,0.0,0,negative_candidate,0.0
HADHB,False,False,0,,0.0,0,negative_candidate,0.0
COMMD1,False,False,0,,0.0,0,negative_candidate,0.0
ENTPD4,False,False,0,,0.0,0,negative_candidate,0.0
SS18L1,False,False,0,,0.0,0,negative_candidate,0.0
MS4A12,False,False,0,,0.0,0,negative_candidate,0.0
EPC1,True,False,1,NCG,1.0,1,single_source_positive,
SYCP1,False,False,0,,0.0,0,negative_candidate,0.0
COL26A1,False,False,0,,0.0,0,negative_candidate,0.0
TCF12,True,False,1,NCG,1.0,1,single_source_positive,
KIRREL1,False,False,0,,0.0,0,negative_candidate,0.0
AQP7,True,False,1,NCG,1.0,1,single_source_positive,
STARD7,False,False,0,,0.0,0,negative_candidate,0.0
TMEM18,False,False,0,,0.0,0,negative_candidate,0.0
NFKB1,False,False,0,,0.0,0,negative_candidate,0.0
GLYATL1,False,False,0,,0.0,0,negative_candidate,0.0
LRFN1,False,False,0,,0.0,0,negative_candidate,0.0
TRIP4,False,False,0,,0.0,0,negative_candidate,0.0
DDX49,False,False,0,,0.0,0,negative_candidate,0.0
RNF40,True,False,1,NCG,1.0,1,single_source_positive,
DICER1,True,True,2,NCG;CIViC,1.0,1,high_confidence_positive,1.0
LY86,False,False,0,,0.0,0,negative_candidate,0.0
AMOTL2,False,False,0,,0.0,0,negative_candidate,0.0
NAA60,False,False,0,,0.0,0,negative_candidate,0.0
LIN37,False,False,0,,0.0,0,negative_candidate,0.0
ARMC7,False,False,0,,0.0,0,negative_candidate,0.0
BLOC1S3,False,False,0,,0.0,0,negative_candidate,0.0
HBA2,False,False,0,,0.0,0,negative_candidate,0.0
ASIC2,False,False,0,,0.0,0,negative_candidate,0.0
CYLD,True,False,1,NCG,1.0,1,single_source_positive,
FRMD1,False,False,0,,0.0,0,negative_candidate,0.0
ZNF143,True,False,1,NCG,1.0,1,single_source_positive,
ALDH1L1,False,False,0,,0.0,0,negative_candidate,0.0
MAMDC4,False,False,0,,0.0,0,negative_candidate,0.0
TRA2B,False,False,0,,0.0,0,negative_candidate,0.0
USP5,True,False,1,NCG,1.0,1,single_source_positive,
STUB1,True,False,1,NCG,1.0,1,single_source_positive,
CACNA1H,True,False,1,NCG,1.0,1,single_source_positive,
THOP1,False,False,0,,0.0,0,negative_candidate,0.0
PAPLN,True,False,1,NCG,1.0,1,single_source_positive,
RFC1,True,False,1,NCG,1.0,1,single_source_positive,
NUDT18,False,False,0,,0.0,0,negative_candidate,0.0
DIAPH2,True,False,1,NCG,1.0,1,single_source_positive,
IGF2,True,True,2,NCG;CIViC,1.0,1,high_confidence_positive,1.0
RAMP3,False,False,0,,0.0,0,negative_candidate,0.0
SIGLEC9,False,False,0,,0.0,0,negative_candidate,0.0
MAP1B,False,False,0,,0.0,0,negative_candidate,0.0
WDR89,False,False,0,,0.0,0,negative_candidate,0.0
ABCG8,True,False,1,NCG,1.0,1,single_source_positive,
ZNF875,False,False,0,,0.0,0,negative_candidate,0.0
SORCS2,True,False,1,NCG,1.0,1,single_source_positive,
CSN2,False,False,0,,0.0,0,negative_candidate,0.0
ENY2,False,False,0,,0.0,0,negative_candidate,0.0
TSPO2,False,False,0,,0.0,0,negative_candidate,0.0
TBC1D3I,False,False,0,,0.0,0,negative_candidate,0.0
PRPF38A,False,False,0,,0.0,0,negative_candidate,0.0
OR51I2,True,False,1,NCG,1.0,1,single_source_positive,
ZBTB3,False,False,0,,0.0,0,negative_candidate,0.0
ZNF438,False,False,0,,0.0,0,negative_candidate,0.0
PLPPR3,False,False,0,,0.0,0,negative_candidate,0.0
ITPRIPL2,False,False,0,,0.0,0,negative_candidate,0.0
ZNF80,False,False,0,,0.0,0,negative_candidate,0.0
ZNF419,False,False,0,,0.0,0,negative_candidate,0.0
BMP6,False,False,0,,0.0,0,negative_candidate,0.0
ANGPT1,True,False,1,NCG,1.0,1,single_source_positive,
MYH7B,False,False,0,,0.0,0,negative_candidate,0.0
TEX19,False,False,0,,0.0,0,negative_candidate,0.0
NTSR2,False,False,0,,0.0,0,negative_candidate,0.0
PPHLN1,False,False,0,,0.0,0,negative_candidate,0.0
KIF12,False,False,0,,0.0,0,negative_candidate,0.0
HSP90AB1,True,False,1,NCG,1.0,1,single_source_positive,
RFT1,False,False,0,,0.0,0,negative_candidate,0.0
SDCCAG8,True,False,1,NCG,1.0,1,single_source_positive,
VILL,True,False,1,NCG,1.0,1,single_source_positive,
FABP12,False,False,0,,0.0,0,negative_candidate,0.0
ORC4,False,False,0,,0.0,0,negative_candidate,0.0
DDHD2,False,False,0,,0.0,0,negative_candidate,0.0
MORC1,False,False,0,,0.0,0,negative_candidate,0.0
GPR27,False,False,0,,0.0,0,negative_candidate,0.0
ZDHHC19,False,False,0,,0.0,0,negative_candidate,0.0
UGT1A9,False,False,0,,0.0,0,negative_candidate,0.0
SPACA1,False,False,0,,0.0,0,negative_candidate,0.0
MRPL46,False,False,0,,0.0,0,negative_candidate,0.0
CPO,False,False,0,,0.0,0,negative_candidate,0.0
OR4X2,False,False,0,,0.0,0,negative_candidate,0.0
KLHL34,False,False,0,,0.0,0,negative_candidate,0.0
CCDC69,False,False,0,,0.0,0,negative_candidate,0.0
CABLES2,False,False,0,,0.0,0,negative_candidate,0.0
GPRASP1,False,False,0,,0.0,0,negative_candidate,0.0
TRAV14DV4,False,False,0,,0.0,0,negative_candidate,0.0
FNDC3B,False,False,0,,0.0,0,negative_candidate,0.0
FERD3L,True,False,1,NCG,1.0,1,single_source_positive,
XCL2,True,False,1,NCG,1.0,1,single_source_positive,
KCNK6,False,False,0,,0.0,0,negative_candidate,0.0
FECH,False,False,0,,0.0,0,negative_candidate,0.0
OAS3,False,False,0,,0.0,0,negative_candidate,0.0
SF1,True,False,1,NCG,1.0,1,single_source_positive,
NKX3-2,False,False,0,,0.0,0,negative_candidate,0.0
CFAP161,False,False,0,,0.0,0,negative_candidate,0.0
APBB1,False,False,0,,0.0,0,negative_candidate,0.0
OR4F21,False,False,0,,0.0,0,negative_candidate,0.0
KRT71,False,False,0,,0.0,0,negative_candidate,0.0
DUS4L-BCAP29,False,False,0,,0.0,0,negative_candidate,0.0
OPRPN,False,False,0,,0.0,0,negative_candidate,0.0
CYSLTR1,False,False,0,,0.0,0,negative_candidate,0.0
IGHV4-59,False,False,0,,0.0,0,negative_candidate,0.0
RTL5,False,False,0,,0.0,0,negative_candidate,0.0
GNA11,True,True,2,NCG;CIViC,1.0,1,high_confidence_positive,1.0
GCOM1,False,False,0,,0.0,0,negative_candidate,0.0
EDA2R,False,False,0,,0.0,0,negative_candidate,0.0
OR13C5,False,False,0,,0.0,0,negative_candidate,0.0
MVP,False,False,0,,0.0,0,negative_candidate,0.0
SOWAHD,False,False,0,,0.0,0,negative_candidate,0.0
GCK,False,False,0,,0.0,0,negative_candidate,0.0
WNT5A,False,False,0,,0.0,0,negative_candidate,0.0
HCN3,False,False,0,,0.0,0,negative_candidate,0.0
RBMS1,False,False,0,,0.0,0,negative_candidate,0.0
ACTRT3,False,False,0,,0.0,0,negative_candidate,0.0
TCF20,False,False,0,,0.0,0,negative_candidate,0.0
LDAH,False,False,0,,0.0,0,negative_candidate,0.0
NPRL3,False,False,0,,0.0,0,negative_candidate,0.0
IGLV3-10,False,False,0,,0.0,0,negative_candidate,0.0
CER1,False,False,0,,0.0,0,negative_candidate,0.0
SLC12A3,False,False,0,,0.0,0,negative_candidate,0.0
PCDHGA11,False,False,0,,0.0,0,negative_candidate,0.0
OR5D13,False,False,0,,0.0,0,negative_candidate,0.0
SCAMP5,False,False,0,,0.0,0,negative_candidate,0.0
STK16,False,False,0,,0.0,0,negative_candidate,0.0
CSPG4,True,False,1,NCG,1.0,1,single_source_positive,
MYOF,False,False,0,,0.0,0,negative_candidate,0.0
RSPH10B2,False,False,0,,0.0,0,negative_candidate,0.0
CCDC151,False,False,0,,0.0,0,negative_candidate,0.0
ECE2,False,False,0,,0.0,0,negative_candidate,0.0
DEAF1,False,False,0,,0.0,0,negative_candidate,0.0
FAM120A,False,False,0,,0.0,0,negative_candidate,0.0
XPC,True,False,1,NCG,1.0,1,single_source_positive,
IKBKB,True,False,1,NCG,1.0,1,single_source_positive,
B3GALT2,False,False,0,,0.0,0,negative_candidate,0.0
EPSTI1,False,False,0,,0.0,0,negative_candidate,0.0
GPR68,False,False,0,,0.0,0,negative_candidate,0.0
CHST9,False,False,0,,0.0,0,negative_candidate,0.0
PRDM12,False,False,0,,0.0,0,negative_candidate,0.0
BTNL8,False,False,0,,0.0,0,negative_candidate,0.0
INTS10,False,False,0,,0.0,0,negative_candidate,0.0
REV1,False,False,0,,0.0,0,negative_candidate,0.0
LARP7,True,False,1,NCG,1.0,1,single_source_positive,
ST6GALNAC5,False,False,0,,0.0,0,negative_candidate,0.0
WDFY2,False,False,0,,0.0,0,negative_candidate,0.0
SNX10,False,False,0,,0.0,0,negative_candidate,0.0
NUAK2,False,False,0,,0.0,0,negative_candidate,0.0
MSGN1,False,False,0,,0.0,0,negative_candidate,0.0
SMPD4,False,False,0,,0.0,0,negative_candidate,0.0
FCMR,False,False,0,,0.0,0,negative_candidate,0.0
KPNA4,False,False,0,,0.0,0,negative_candidate,0.0
C20ORF85,False,False,0,,0.0,0,negative_candidate,0.0
SATB1,False,False,0,,0.0,0,negative_candidate,0.0
TMEM52B,False,False,0,,0.0,0,negative_candidate,0.0
FBXL7,False,False,0,,0.0,0,negative_candidate,0.0
OR3A1,False,False,0,,0.0,0,negative_candidate,0.0
LYPD4,False,False,0,,0.0,0,negative_candidate,0.0
IKZF1,True,True,2,NCG;CIViC,1.0,1,high_confidence_positive,1.0
BTN3A3,False,False,0,,0.0,0,negative_candidate,0.0
ZCCHC9,False,False,0,,0.0,0,negative_candidate,0.0
HLA-G,False,False,0,,0.0,0,negative_candidate,0.0
LONRF3,True,False,1,NCG,1.0,1,single_source_positive,
UCHL1,False,False,0,,0.0,0,negative_candidate,0.0
COL20A1,False,False,0,,0.0,0,negative_candidate,0.0
NLRC5,True,False,1,NCG,1.0,1,single_source_positive,
LGI1,False,False,0,,0.0,0,negative_candidate,0.0
DENND2D,False,False,0,,0.0,0,negative_candidate,0.0
KRTAP19-3,False,False,0,,0.0,0,negative_candidate,0.0
GGT5,False,False,0,,0.0,0,negative_candidate,0.0
TRPC3,False,False,0,,0.0,0,negative_candidate,0.0
MYLK,True,False,1,NCG,1.0,1,single_source_positive,
SLC25A31,False,False,0,,0.0,0,negative_candidate,0.0
SPANXN3,False,False,0,,0.0,0,negative_candidate,0.0
TCEAL1,False,False,0,,0.0,0,negative_candidate,0.0
OR2A12,False,False,0,,0.0,0,negative_candidate,0.0
TPH2,False,False,0,,0.0,0,negative_candidate,0.0
OR1L1,True,False,1,NCG,1.0,1,single_source_positive,
RREB1,True,False,1,NCG,1.0,1,single_source_positive,
NGDN,False,False,0,,0.0,0,negative_candidate,0.0
TPSG1,False,False,0,,0.0,0,negative_candidate,0.0
REXO2,False,False,0,,0.0,0,negative_candidate,0.0
TBX19,False,False,0,,0.0,0,negative_candidate,0.0
SLC2A4,False,False,0,,0.0,0,negative_candidate,0.0
RLF,False,False,0,,0.0,0,negative_candidate,0.0
SLC8B1,False,False,0,,0.0,0,negative_candidate,0.0
ZAP70,False,False,0,,0.0,0,negative_candidate,0.0
SLC27A5,False,False,0,,0.0,0,negative_candidate,0.0
CCDC50,False,False,0,,0.0,0,negative_candidate,0.0
ILF3,False,False,0,,0.0,0,negative_candidate,0.0
FURIN,False,False,0,,0.0,0,negative_candidate,0.0
SLC35F4,False,False,0,,0.0,0,negative_candidate,0.0
MGMT,True,True,2,NCG;CIViC,1.0,1,high_confidence_positive,1.0
USP44,True,False,1,NCG,1.0,1,single_source_positive,
POGZ,False,False,0,,0.0,0,negative_candidate,0.0
TNPO2,True,False,1,NCG,1.0,1,single_source_positive,
UBAP1,False,False,0,,0.0,0,negative_candidate,0.0
DPYSL3,False,False,0,,0.0,0,negative_candidate,0.0
VN1R2,True,False,1,NCG,1.0,1,single_source_positive,
PAK4,False,False,0,,0.0,0,negative_candidate,0.0
IGHV4-34,False,False,0,,0.0,0,negative_candidate,0.0
DSC1,True,False,1,NCG,1.0,1,single_source_positive,
CCDC30,False,False,0,,0.0,0,negative_candidate,0.0
CRACDL,False,False,0,,0.0,0,negative_candidate,0.0
LEMD2,True,False,1,NCG,1.0,1,single_source_positive,
MACF1,True,True,2,NCG;CIViC,1.0,1,high_confidence_positive,1.0
CHMP2B,True,False,1,NCG,1.0,1,single_source_positive,
IGKV3-11,False,False,0,,0.0,0,negative_candidate,0.0
UHRF2,False,False,0,,0.0,0,negative_candidate,0.0
SFRP4,True,False,1,NCG,1.0,1,single_source_positive,
CACNA1S,False,False,0,,0.0,0,negative_candidate,0.0
GALNTL5,True,False,1,NCG,1.0,1,single_source_positive,
NIN,True,False,1,NCG,1.0,1,single_source_positive,
HBG2,False,False,0,,0.0,0,negative_candidate,0.0
CNTN6,True,False,1,NCG,1.0,1,single_source_positive,
MED1,True,False,1,NCG,1.0,1,single_source_positive,
PMF1,False,False,0,,0.0,0,negative_candidate,0.0
PGM5,False,False,0,,0.0,0,negative_candidate,0.0
RHOJ,False,False,0,,0.0,0,negative_candidate,0.0
IRGC,False,False,0,,0.0,0,negative_candidate,0.0
TBATA,False,False,0,,0.0,0,negative_candidate,0.0
USP40,False,False,0,,0.0,0,negative_candidate,0.0
GFPT2,False,False,0,,0.0,0,negative_candidate,0.0
PPP2R1A,True,True,2,NCG;CIViC,1.0,1,high_confidence_positive,1.0
ACOT9,False,False,0,,0.0,0,negative_candidate,0.0
RHOQ,False,False,0,,0.0,0,negative_candidate,0.0
RTN3,False,False,0,,0.0,0,negative_candidate,0.0
PCDHGB4,False,False,0,,0.0,0,negative_candidate,0.0
C12ORF57,False,False,0,,0.0,0,negative_candidate,0.0
DPP3,False,False,0,,0.0,0,negative_candidate,0.0
SLFNL1,False,False,0,,0.0,0,negative_candidate,0.0
NAGK,False,False,0,,0.0,0,negative_candidate,0.0
EML1,False,True,1,CIViC,1.0,1,single_source_positive,
CDC23,True,False,1,NCG,1.0,1,single_source_positive,
KIF26A,False,False,0,,0.0,0,negative_candidate,0.0
NR2F2,False,True,1,CIViC,0.9,1,single_source_positive,
ANKMY2,False,False,0,,0.0,0,negative_candidate,0.0
ZNF185,False,False,0,,0.0,0,negative_candidate,0.0
PPOX,False,False,0,,0.0,0,negative_candidate,0.0
XRCC5,True,False,1,NCG,1.0,1,single_source_positive,
PNPLA6,False,False,0,,0.0,0,negative_candidate,0.0
HOXB4,False,False,0,,0.0,0,negative_candidate,0.0
ATG5,False,False,0,,0.0,0,negative_candidate,0.0
ARHGAP31,False,False,0,,0.0,0,negative_candidate,0.0
SYNDIG1L,False,False,0,,0.0,0,negative_candidate,0.0
DBX2,False,False,0,,0.0,0,negative_candidate,0.0
RSPH6A,False,False,0,,0.0,0,negative_candidate,0.0
HCFC1,False,False,0,,0.0,0,negative_candidate,0.0
MBTPS2,False,False,0,,0.0,0,negative_candidate,0.0
GOLM1,False,False,0,,0.0,0,negative_candidate,0.0
PHOX2A,False,False,0,,0.0,0,negative_candidate,0.0
SLC39A10,False,False,0,,0.0,0,negative_candidate,0.0
TTC7A,False,False,0,,0.0,0,negative_candidate,0.0
SWI5,False,False,0,,0.0,0,negative_candidate,0.0
HP1BP3,False,False,0,,0.0,0,negative_candidate,0.0
METTL2B,False,False,0,,0.0,0,negative_candidate,0.0
KLHL21,False,False,0,,0.0,0,negative_candidate,0.0
YEATS2,False,False,0,,0.0,0,negative_candidate,0.0
HBS1L,False,False,0,,0.0,0,negative_candidate,0.0
PRR27,False,False,0,,0.0,0,negative_candidate,0.0
HECW2,True,False,1,NCG,1.0,1,single_source_positive,
GPX6,False,False,0,,0.0,0,negative_candidate,0.0
DYTN,False,False,0,,0.0,0,negative_candidate,0.0
XRN2,False,False,0,,0.0,0,negative_candidate,0.0
PPEF2,False,False,0,,0.0,0,negative_candidate,0.0
KRT86,False,False,0,,0.0,0,negative_candidate,0.0
MRGPRF,False,False,0,,0.0,0,negative_candidate,0.0
FSD2,False,False,0,,0.0,0,negative_candidate,0.0
QRICH2,False,False,0,,0.0,0,negative_candidate,0.0
BRD7,True,False,1,NCG,1.0,1,single_source_positive,
ZNF530,False,False,0,,0.0,0,negative_candidate,0.0
ANXA13,False,False,0,,0.0,0,negative_candidate,0.0
KMT2B,True,True,2,NCG;CIViC,1.0,1,high_confidence_positive,1.0
GOLGA5,False,True,1,CIViC,1.0,1,single_source_positive,
CBLB,True,True,2,NCG;CIViC,1.0,1,high_confidence_positive,1.0
VRK3,False,False,0,,0.0,0,negative_candidate,0.0
RTP2,False,False,0,,0.0,0,negative_candidate,0.0
SDE2,False,False,0,,0.0,0,negative_candidate,0.0
ARID5A,False,False,0,,0.0,0,negative_candidate,0.0
TAAR6,False,False,0,,0.0,0,negative_candidate,0.0
MYLK4,False,False,0,,0.0,0,negative_candidate,0.0
PPAT,False,False,0,,0.0,0,negative_candidate,0.0
PHF20L1,False,False,0,,0.0,0,negative_candidate,0.0
KDSR,False,False,0,,0.0,0,negative_candidate,0.0
DPP6,True,False,1,NCG,1.0,1,single_source_positive,
ARMC6,False,False,0,,0.0,0,negative_candidate,0.0
CRYGA,False,False,0,,0.0,0,negative_candidate,0.0
OTUD7B,False,False,0,,0.0,0,negative_candidate,0.0
SUSD5,False,False,0,,0.0,0,negative_candidate,0.0
EMC4,False,False,0,,0.0,0,negative_candidate,0.0
NEDD8,False,False,0,,0.0,0,negative_candidate,0.0
BMP1,False,False,0,,0.0,0,negative_candidate,0.0
MROH5,False,False,0,,0.0,0,negative_candidate,0.0
TGM6,False,False,0,,0.0,0,negative_candidate,0.0
PITX3,False,False,0,,0.0,0,negative_candidate,0.0
ANKHD1-EIF4EBP3,False,False,0,,0.0,0,negative_candidate,0.0
SLC16A14,False,False,0,,0.0,0,negative_candidate,0.0
MPP3,False,False,0,,0.0,0,negative_candidate,0.0
KLHL18,False,False,0,,0.0,0,negative_candidate,0.0
CPN2,False,False,0,,0.0,0,negative_candidate,0.0
CBARP,True,False,1,NCG,1.0,1,single_source_positive,
TRIM67,False,False,0,,0.0,0,negative_candidate,0.0
DNAJC16,False,False,0,,0.0,0,negative_candidate,0.0
THBS1,True,False,1,NCG,1.0,1,single_source_positive,
ZNF135,False,False,0,,0.0,0,negative_candidate,0.0
RBMS2,False,False,0,,0.0,0,negative_candidate,0.0
TNFRSF25,False,False,0,,0.0,0,negative_candidate,0.0
TP53I13,False,False,0,,0.0,0,negative_candidate,0.0
OR5B2,False,False,0,,0.0,0,negative_candidate,0.0
RNF17,False,False,0,,0.0,0,negative_candidate,0.0
HIVEP2,False,False,0,,0.0,0,negative_candidate,0.0
IMMT,False,False,0,,0.0,0,negative_candidate,0.0
TAF1D,False,False,0,,0.0,0,negative_candidate,0.0
DCHS1,True,False,1,NCG,1.0,1,single_source_positive,
HTT,False,False,0,,0.0,0,negative_candidate,0.0
CHSY1,False,False,0,,0.0,0,negative_candidate,0.0
THSD4,False,False,0,,0.0,0,negative_candidate,0.0
BABAM1,True,False,1,NCG,1.0,1,single_source_positive,
ZDHHC9,False,False,0,,0.0,0,negative_candidate,0.0
EHD4,False,False,0,,0.0,0,negative_candidate,0.0
CYTH4,False,False,0,,0.0,0,negative_candidate,0.0
FABP6,False,False,0,,0.0,0,negative_candidate,0.0
ASAP2,True,False,1,NCG,1.0,1,single_source_positive,
CDK19,False,False,0,,0.0,0,negative_candidate,0.0
CUL7,True,True,2,NCG;CIViC,1.0,1,high_confidence_positive,1.0
COQ9,False,False,0,,0.0,0,negative_candidate,0.0
GTPBP6,False,False,0,,0.0,0,negative_candidate,0.0
DMWD,False,False,0,,0.0,0,negative_candidate,0.0
AGGF1,True,True,2,NCG;CIViC,1.0,1,high_confidence_positive,1.0
DAO,True,False,1,NCG,1.0,1,single_source_positive,
RNF130,False,False,0,,0.0,0,negative_candidate,0.0
IL10RB,False,False,0,,0.0,0,negative_candidate,0.0
CUZD1,False,False,0,,0.0,0,negative_candidate,0.0
DCPS,False,False,0,,0.0,0,negative_candidate,0.0
CYP2E1,True,False,1,NCG,1.0,1,single_source_positive,
ZBED9,False,False,0,,0.0,0,negative_candidate,0.0
TARS3,False,False,0,,0.0,0,negative_candidate,0.0
SH3BP2,False,False,0,,0.0,0,negative_candidate,0.0
MYOD1,True,True,2,NCG;CIViC,1.0,1,high_confidence_positive,1.0
C2ORF76,False,False,0,,0.0,0,negative_candidate,0.0
IL12A,False,False,0,,0.0,0,negative_candidate,0.0
ACTRT1,False,False,0,,0.0,0,negative_candidate,0.0
HSPB8,False,False,0,,0.0,0,negative_candidate,0.0
FMC1,False,False,0,,0.0,0,negative_candidate,0.0
PEX3,False,False,0,,0.0,0,negative_candidate,0.0
GDF10,False,False,0,,0.0,0,negative_candidate,0.0
C10ORF120,False,False,0,,0.0,0,negative_candidate,0.0
CASKIN2,False,False,0,,0.0,0,negative_candidate,0.0
RUFY3,False,False,0,,0.0,0,negative_candidate,0.0
SEC24C,False,False,0,,0.0,0,negative_candidate,0.0
PPM1J,True,False,1,NCG,1.0,1,single_source_positive,
UBR2,False,False,0,,0.0,0,negative_candidate,0.0
RTP5,False,False,0,,0.0,0,negative_candidate,0.0
IGHV4-28,False,False,0,,0.0,0,negative_candidate,0.0
CNOT6L,False,False,0,,0.0,0,negative_candidate,0.0
LCE3C,False,False,0,,0.0,0,negative_candidate,0.0
SERTAD2,False,False,0,,0.0,0,negative_candidate,0.0
IFNA14,False,False,0,,0.0,0,negative_candidate,0.0
IFIH1,False,False,0,,0.0,0,negative_candidate,0.0
NUDT10,True,False,1,NCG,1.0,1,single_source_positive,
COL4A1,True,False,1,NCG,1.0,1,single_source_positive,
AK4,False,False,0,,0.0,0,negative_candidate,0.0
RGS12,True,False,1,NCG,1.0,1,single_source_positive,
PDE6C,False,False,0,,0.0,0,negative_candidate,0.0
UGT1A6,False,False,0,,0.0,0,negative_candidate,0.0
ASNSD1,False,False,0,,0.0,0,negative_candidate,0.0
DNAJC12,False,False,0,,0.0,0,negative_candidate,0.0
ZNF189,False,False,0,,0.0,0,negative_candidate,0.0
TDRD7,False,False,0,,0.0,0,negative_candidate,0.0
PARP16,False,False,0,,0.0,0,negative_candidate,0.0
STK32C,False,False,0,,0.0,0,negative_candidate,0.0
PHKA2,True,False,1,NCG,1.0,1,single_source_positive,
AQP8,False,False,0,,0.0,0,negative_candidate,0.0
FCAR,False,False,0,,0.0,0,negative_candidate,0.0
CYP11B1,False,False,0,,0.0,0,negative_candidate,0.0
TSKU,False,False,0,,0.0,0,negative_candidate,0.0
TEF,False,False,0,,0.0,0,negative_candidate,0.0
ZNF548,False,False,0,,0.0,0,negative_candidate,0.0
KIF9,False,False,0,,0.0,0,negative_candidate,0.0
SFTPB,False,False,0,,0.0,0,negative_candidate,0.0
KRTAP1-1,False,False,0,,0.0,0,negative_candidate,0.0
PLPP7,False,False,0,,0.0,0,negative_candidate,0.0
GNPTAB,True,False,1,NCG,1.0,1,single_source_positive,
GALNT17,False,False,0,,0.0,0,negative_candidate,0.0
ELAVL3,True,False,1,NCG,1.0,1,single_source_positive,
FYB1,False,False,0,,0.0,0,negative_candidate,0.0
OR2D2,True,False,1,NCG,1.0,1,single_source_positive,
ELF4,True,False,1,NCG,1.0,1,single_source_positive,
ATP2B1,False,False,0,,0.0,0,negative_candidate,0.0
HMGCR,False,False,0,,0.0,0,negative_candidate,0.0
ZDHHC13,False,False,0,,0.0,0,negative_candidate,0.0
GAD2,False,False,0,,0.0,0,negative_candidate,0.0
HNRNPUL1,False,False,0,,0.0,0,negative_candidate,0.0
PRLHR,False,False,0,,0.0,0,negative_candidate,0.0
C1ORF162,False,False,0,,0.0,0,negative_candidate,0.0
ADAMTS13,False,False,0,,0.0,0,negative_candidate,0.0
SLC5A10,False,False,0,,0.0,0,negative_candidate,0.0
OAF,False,False,0,,0.0,0,negative_candidate,0.0
HCRTR1,False,False,0,,0.0,0,negative_candidate,0.0
TAAR9,False,False,0,,0.0,0,negative_candidate,0.0
PRPS2,False,False,0,,0.0,0,negative_candidate,0.0
AIFM2,False,False,0,,0.0,0,negative_candidate,0.0
GLIPR1,False,False,0,,0.0,0,negative_candidate,0.0
HAUS7,False,False,0,,0.0,0,negative_candidate,0.0
RPRD1B,True,False,1,NCG,1.0,1,single_source_positive,
NEK4,False,False,0,,0.0,0,negative_candidate,0.0
TMPRSS11F,False,False,0,,0.0,0,negative_candidate,0.0
SLC45A1,False,False,0,,0.0,0,negative_candidate,0.0
CD300E,True,False,1,NCG,1.0,1,single_source_positive,
CCDC83,False,False,0,,0.0,0,negative_candidate,0.0
PIGG,False,False,0,,0.0,0,negative_candidate,0.0
KIFAP3,False,False,0,,0.0,0,negative_candidate,0.0
VNN2,False,False,0,,0.0,0,negative_candidate,0.0
FRMD4A,False,False,0,,0.0,0,negative_candidate,0.0
NCF2,True,False,1,NCG,1.0,1,single_source_positive,
IPO9,False,False,0,,0.0,0,negative_candidate,0.0
OR10AD1,False,False,0,,0.0,0,negative_candidate,0.0
MRGPRD,False,False,0,,0.0,0,negative_candidate,0.0
ZNF160,False,False,0,,0.0,0,negative_candidate,0.0
B9D2,False,False,0,,0.0,0,negative_candidate,0.0
WWC1,False,False,0,,0.0,0,negative_candidate,0.0
ABHD17B,False,False,0,,0.0,0,negative_candidate,0.0
SLC14A1,False,False,0,,0.0,0,negative_candidate,0.0
MAP4K3,True,False,1,NCG,1.0,1,single_source_positive,
TTLL6,False,False,0,,0.0,0,negative_candidate,0.0
MCOLN3,False,False,0,,0.0,0,negative_candidate,0.0
PCBP4,False,False,0,,0.0,0,negative_candidate,0.0
LONRF1,True,False,1,NCG,1.0,1,single_source_positive,
GORASP1,True,False,1,NCG,1.0,1,single_source_positive,
C2ORF78,False,False,0,,0.0,0,negative_candidate,0.0
CNOT1,True,False,1,NCG,1.0,1,single_source_positive,
MSR1,True,False,1,NCG,1.0,1,single_source_positive,
NKTR,True,False,1,NCG,1.0,1,single_source_positive,
FSCB,True,False,1,NCG,1.0,1,single_source_positive,
CXORF66,False,False,0,,0.0,0,negative_candidate,0.0
CHUK,False,False,0,,0.0,0,negative_candidate,0.0
MARF1,False,False,0,,0.0,0,negative_candidate,0.0
HHATL,False,False,0,,0.0,0,negative_candidate,0.0
DPH1,False,False,0,,0.0,0,negative_candidate,0.0
BRAP,False,False,0,,0.0,0,negative_candidate,0.0
TARS1,False,False,0,,0.0,0,negative_candidate,0.0
SEMA3B,False,False,0,,0.0,0,negative_candidate,0.0
SIGLEC11,False,False,0,,0.0,0,negative_candidate,0.0
MTPAP,False,False,0,,0.0,0,negative_candidate,0.0
CCDC198,False,False,0,,0.0,0,negative_candidate,0.0
GNAO1,False,False,0,,0.0,0,negative_candidate,0.0
POLR3C,False,False,0,,0.0,0,negative_candidate,0.0
MS4A3,False,False,0,,0.0,0,negative_candidate,0.0
PXK,False,False,0,,0.0,0,negative_candidate,0.0
TPP2,False,False,0,,0.0,0,negative_candidate,0.0
ZNF354C,False,False,0,,0.0,0,negative_candidate,0.0
RAB11FIP2,False,False,0,,0.0,0,negative_candidate,0.0
NR1D1,False,False,0,,0.0,0,negative_candidate,0.0
GLIS2,True,True,2,NCG;CIViC,1.0,1,high_confidence_positive,1.0
OR4A5,False,False,0,,0.0,0,negative_candidate,0.0
ADH1A,False,False,0,,0.0,0,negative_candidate,0.0
TBC1D1,False,False,0,,0.0,0,negative_candidate,0.0
SLC15A4,False,False,0,,0.0,0,negative_candidate,0.0
FAM98C,False,False,0,,0.0,0,negative_candidate,0.0
FGD5,False,False,0,,0.0,0,negative_candidate,0.0
TRPM3,True,False,1,NCG,1.0,1,single_source_positive,
PDE5A,False,False,0,,0.0,0,negative_candidate,0.0
PRSS21,False,False,0,,0.0,0,negative_candidate,0.0
GAGE1,False,False,0,,0.0,0,negative_candidate,0.0
DNAH1,True,False,1,NCG,1.0,1,single_source_positive,
B2M,True,True,2,NCG;CIViC,1.0,1,high_confidence_positive,1.0
MS4A14,False,False,0,,0.0,0,negative_candidate,0.0
OSBPL11,False,False,0,,0.0,0,negative_candidate,0.0
CD160,False,False,0,,0.0,0,negative_candidate,0.0
SYCE2,False,False,0,,0.0,0,negative_candidate,0.0
ESR1,True,True,2,NCG;CIViC,1.0,1,high_confidence_positive,1.0
MLLT10,True,True,2,NCG;CIViC,1.0,1,high_confidence_positive,1.0
NFAT5,True,False,1,NCG,1.0,1,single_source_positive,
TSPAN7,False,False,0,,0.0,0,negative_candidate,0.0
SIM1,False,False,0,,0.0,0,negative_candidate,0.0
STX8,False,False,0,,0.0,0,negative_candidate,0.0
SPATA31A1,False,False,0,,0.0,0,negative_candidate,0.0
LRIT2,False,False,0,,0.0,0,negative_candidate,0.0
PALD1,False,False,0,,0.0,0,negative_candidate,0.0
GIGYF2,True,False,1,NCG,1.0,1,single_source_positive,
BPI,False,False,0,,0.0,0,negative_candidate,0.0
LRRC52,False,False,0,,0.0,0,negative_candidate,0.0
WASF3,True,False,1,NCG,1.0,1,single_source_positive,
CMTR1,True,False,1,NCG,1.0,1,single_source_positive,
GPATCH2L,False,False,0,,0.0,0,negative_candidate,0.0
FNTA,False,False,0,,0.0,0,negative_candidate,0.0
TMCO3,False,False,0,,0.0,0,negative_candidate,0.0
YES1,False,True,1,CIViC,0.9,1,single_source_positive,
SYNGAP1,False,False,0,,0.0,0,negative_candidate,0.0
NPNT,True,False,1,NCG,1.0,1,single_source_positive,
KRT4,False,False,0,,0.0,0,negative_candidate,0.0
C11ORF71,False,False,0,,0.0,0,negative_candidate,0.0
EHMT1,False,False,0,,0.0,0,negative_candidate,0.0
CCDC88A,True,False,1,NCG,1.0,1,single_source_positive,
C2ORF80,False,False,0,,0.0,0,negative_candidate,0.0
ARMC5,False,False,0,,0.0,0,negative_candidate,0.0
SPATA20,False,False,0,,0.0,0,negative_candidate,0.0
DUSP6,False,True,1,CIViC,1.0,1,single_source_positive,
NLGN2,False,False,0,,0.0,0,negative_candidate,0.0
ZNF317,False,False,0,,0.0,0,negative_candidate,0.0
CIAO1,False,False,0,,0.0,0,negative_candidate,0.0
ATG7,True,True,2,NCG;CIViC,1.0,1,high_confidence_positive,1.0
HNRNPF,False,False,0,,0.0,0,negative_candidate,0.0
CORO1C,False,False,0,,0.0,0,negative_candidate,0.0
C3AR1,True,False,1,NCG,1.0,1,single_source_positive,
FAM149A,False,False,0,,0.0,0,negative_candidate,0.0
WDR36,False,False,0,,0.0,0,negative_candidate,0.0
MAN2A1,True,False,1,NCG,1.0,1,single_source_positive,
SLC1A3,True,False,1,NCG,1.0,1,single_source_positive,
MORC3,False,False,0,,0.0,0,negative_candidate,0.0
OR5T2,False,False,0,,0.0,0,negative_candidate,0.0
VWA7,True,False,1,NCG,1.0,1,single_source_positive,
PDZD2,True,False,1,NCG,1.0,1,single_source_positive,
HAPLN3,False,False,0,,0.0,0,negative_candidate,0.0
SMCR8,False,False,0,,0.0,0,negative_candidate,0.0
OR6C2,False,False,0,,0.0,0,negative_candidate,0.0
ARHGAP30,False,False,0,,0.0,0,negative_candidate,0.0
LYZL2,False,False,0,,0.0,0,negative_candidate,0.0
GPR21,False,False,0,,0.0,0,negative_candidate,0.0
ZBTB12,False,False,0,,0.0,0,negative_candidate,0.0
OR4N2,False,False,0,,0.0,0,negative_candidate,0.0
RGS10,False,False,0,,0.0,0,negative_candidate,0.0
PER3,True,False,1,NCG,1.0,1,single_source_positive,
C5ORF58,False,False,0,,0.0,0,negative_candidate,0.0
FBXL3,False,False,0,,0.0,0,negative_candidate,0.0
ESPL1,True,False,1,NCG,1.0,1,single_source_positive,
TGM2,False,False,0,,0.0,0,negative_candidate,0.0
CCDC197,False,False,0,,0.0,0,negative_candidate,0.0
KLHDC2,False,False,0,,0.0,0,negative_candidate,0.0
GAPVD1,False,False,0,,0.0,0,negative_candidate,0.0
ACCSL,False,False,0,,0.0,0,negative_candidate,0.0
HYAL1,False,False,0,,0.0,0,negative_candidate,0.0
TSPOAP1,False,False,0,,0.0,0,negative_candidate,0.0
C16ORF70,False,False,0,,0.0,0,negative_candidate,0.0
SLC12A4,False,False,0,,0.0,0,negative_candidate,0.0
ZNF692,False,False,0,,0.0,0,negative_candidate,0.0
SLC22A6,False,False,0,,0.0,0,negative_candidate,0.0
EVX1,False,False,0,,0.0,0,negative_candidate,0.0
CALD1,True,False,1,NCG,1.0,1,single_source_positive,
P2RX2,False,False,0,,0.0,0,negative_candidate,0.0
MT1M,False,False,0,,0.0,0,negative_candidate,0.0
MRPL39,False,False,0,,0.0,0,negative_candidate,0.0
SRCAP,True,False,1,NCG,1.0,1,single_source_positive,
AGO2,False,False,0,,0.0,0,negative_candidate,0.0
B3GLCT,True,False,1,NCG,1.0,1,single_source_positive,
LAMB1,True,False,1,NCG,1.0,1,single_source_positive,
EFCAB3,False,False,0,,0.0,0,negative_candidate,0.0
ARHGEF12,True,False,1,NCG,1.0,1,single_source_positive,
TMEM31,False,False,0,,0.0,0,negative_candidate,0.0
EPAS1,True,True,2,NCG;CIViC,1.0,1,high_confidence_positive,1.0
STK32A,False,False,0,,0.0,0,negative_candidate,0.0
MUSK,True,False,1,NCG,1.0,1,single_source_positive,
SPRR2B,True,False,1,NCG,1.0,1,single_source_positive,
SLC6A19,False,False,0,,0.0,0,negative_candidate,0.0
ARAP1,False,False,0,,0.0,0,negative_candidate,0.0
PRDM15,False,False,0,,0.0,0,negative_candidate,0.0
NOTCH4,True,False,1,NCG,1.0,1,single_source_positive,
ZSCAN25,False,False,0,,0.0,0,negative_candidate,0.0
ZNF493,False,False,0,,0.0,0,negative_candidate,0.0
ZNF668,True,False,1,NCG,1.0,1,single_source_positive,
TM6SF2,False,False,0,,0.0,0,negative_candidate,0.0
SGCA,False,False,0,,0.0,0,negative_candidate,0.0
TRAV23DV6,False,False,0,,0.0,0,negative_candidate,0.0
OTOP3,False,False,0,,0.0,0,negative_candidate,0.0
DDIT4,False,False,0,,0.0,0,negative_candidate,0.0
FOXD4L5,False,False,0,,0.0,0,negative_candidate,0.0
MIEF1,False,False,0,,0.0,0,negative_candidate,0.0
HNRNPR,False,False,0,,0.0,0,negative_candidate,0.0
CPE,False,False,0,,0.0,0,negative_candidate,0.0
MTNR1B,False,False,0,,0.0,0,negative_candidate,0.0
VRTN,False,False,0,,0.0,0,negative_candidate,0.0
OR4C16,False,False,0,,0.0,0,negative_candidate,0.0
ACOT6,False,False,0,,0.0,0,negative_candidate,0.0
PHF21B,False,False,0,,0.0,0,negative_candidate,0.0
GNAZ,False,False,0,,0.0,0,negative_candidate,0.0
PPFIA1,False,False,0,,0.0,0,negative_candidate,0.0
CXCR5,False,False,0,,0.0,0,negative_candidate,0.0
ARMH3,True,False,1,NCG,1.0,1,single_source_positive,
SDF2,False,False,0,,0.0,0,negative_candidate,0.0
RGL1,True,False,1,NCG,1.0,1,single_source_positive,
CYCS,False,False,0,,0.0,0,negative_candidate,0.0
SLC3A1,False,False,0,,0.0,0,negative_candidate,0.0
C1QA,False,False,0,,0.0,0,negative_candidate,0.0
SVIL,False,False,0,,0.0,0,negative_candidate,0.0
ASPA,False,False,0,,0.0,0,negative_candidate,0.0
PIKFYVE,False,False,0,,0.0,0,negative_candidate,0.0
DUSP7,True,False,1,NCG,1.0,1,single_source_positive,
KRTAP19-6,False,False,0,,0.0,0,negative_candidate,0.0
SLC12A9,False,False,0,,0.0,0,negative_candidate,0.0
MERTK,False,True,1,CIViC,1.0,1,single_source_positive,
DAB2IP,True,False,1,NCG,1.0,1,single_source_positive,
IL1RAP,False,False,0,,0.0,0,negative_candidate,0.0
GBX2,False,False,0,,0.0,0,negative_candidate,0.0
CSF2RB,False,True,1,CIViC,0.9,1,single_source_positive,
RPS4Y2,False,False,0,,0.0,0,negative_candidate,0.0
ALX4,True,False,1,NCG,1.0,1,single_source_positive,
SYT12,False,False,0,,0.0,0,negative_candidate,0.0
GTF2IRD2,False,False,0,,0.0,0,negative_candidate,0.0
FOXF2,False,False,0,,0.0,0,negative_candidate,0.0
CLEC2B,False,False,0,,0.0,0,negative_candidate,0.0
PSMD6,False,False,0,,0.0,0,negative_candidate,0.0
GPR101,False,False,0,,0.0,0,negative_candidate,0.0
ZBTB44,False,False,0,,0.0,0,negative_candidate,0.0
LAMP1,False,False,0,,0.0,0,negative_candidate,0.0
KRT10,False,False,0,,0.0,0,negative_candidate,0.0
DBH,False,False,0,,0.0,0,negative_candidate,0.0
RTP3,False,False,0,,0.0,0,negative_candidate,0.0
PPP1R12B,False,False,0,,0.0,0,negative_candidate,0.0
CEP72,False,False,0,,0.0,0,negative_candidate,0.0
MAGEB10,False,False,0,,0.0,0,negative_candidate,0.0
CEMIP,False,False,0,,0.0,0,negative_candidate,0.0
CDA,False,False,0,,0.0,0,negative_candidate,0.0
MYF5,False,False,0,,0.0,0,negative_candidate,0.0
GPR35,False,False,0,,0.0,0,negative_candidate,0.0
P3H3,False,False,0,,0.0,0,negative_candidate,0.0
SF3B2,True,False,1,NCG,1.0,1,single_source_positive,
OR2G2,False,False,0,,0.0,0,negative_candidate,0.0
WAS,True,False,1,NCG,1.0,1,single_source_positive,
IRAK3,False,False,0,,0.0,0,negative_candidate,0.0
RPRM,False,False,0,,0.0,0,negative_candidate,0.0
MEPCE,False,False,0,,0.0,0,negative_candidate,0.0
ZNF793,False,False,0,,0.0,0,negative_candidate,0.0
MYH10,False,False,0,,0.0,0,negative_candidate,0.0
RAPGEF3,True,False,1,NCG,1.0,1,single_source_positive,
OR10Q1,False,False,0,,0.0,0,negative_candidate,0.0
ZSCAN5B,False,False,0,,0.0,0,negative_candidate,0.0
LRCH1,False,False,0,,0.0,0,negative_candidate,0.0
CHAC2,False,False,0,,0.0,0,negative_candidate,0.0
ZNF587,False,False,0,,0.0,0,negative_candidate,0.0
EP400,True,False,1,NCG,1.0,1,single_source_positive,
NCK1,False,False,0,,0.0,0,negative_candidate,0.0
CCDC102B,True,False,1,NCG,1.0,1,single_source_positive,
LGALSL,False,False,0,,0.0,0,negative_candidate,0.0
AP2A2,False,False,0,,0.0,0,negative_candidate,0.0
ANKRD29,False,False,0,,0.0,0,negative_candidate,0.0
CEP170B,False,False,0,,0.0,0,negative_candidate,0.0
RNF144B,True,False,1,NCG,1.0,1,single_source_positive,
ARGFX,False,False,0,,0.0,0,negative_candidate,0.0
C4B,False,False,0,,0.0,0,negative_candidate,0.0
POLL,False,False,0,,0.0,0,negative_candidate,0.0
PANK2,False,False,0,,0.0,0,negative_candidate,0.0
TOP1,False,True,1,CIViC,1.0,1,single_source_positive,
PDHA2,False,False,0,,0.0,0,negative_candidate,0.0
TNFRSF19,False,False,0,,0.0,0,negative_candidate,0.0
PNPLA1,False,False,0,,0.0,0,negative_candidate,0.0
GFM2,False,False,0,,0.0,0,negative_candidate,0.0
RNF122,False,False,0,,0.0,0,negative_candidate,0.0
OR4C12,False,False,0,,0.0,0,negative_candidate,0.0
DEFB121,False,False,0,,0.0,0,negative_candidate,0.0
EPCAM,False,True,1,CIViC,1.0,1,single_source_positive,
CAB39L,False,False,0,,0.0,0,negative_candidate,0.0
TTC31,False,False,0,,0.0,0,negative_candidate,0.0
HSPA12B,False,False,0,,0.0,0,negative_candidate,0.0
INPP5B,False,False,0,,0.0,0,negative_candidate,0.0
CLCN6,False,False,0,,0.0,0,negative_candidate,0.0
GJC2,False,False,0,,0.0,0,negative_candidate,0.0
FGF20,False,False,0,,0.0,0,negative_candidate,0.0
KCNJ8,False,False,0,,0.0,0,negative_candidate,0.0
SLC35A5,True,False,1,NCG,1.0,1,single_source_positive,
ASMT,False,False,0,,0.0,0,negative_candidate,0.0
EMILIN1,False,False,0,,0.0,0,negative_candidate,0.0
PRKAR1B,False,False,0,,0.0,0,negative_candidate,0.0
PHKG1,False,False,0,,0.0,0,negative_candidate,0.0
SLF2,False,False,0,,0.0,0,negative_candidate,0.0
HMGXB4,False,False,0,,0.0,0,negative_candidate,0.0
NEK6,False,False,0,,0.0,0,negative_candidate,0.0
SHOX,False,False,0,,0.0,0,negative_candidate,0.0
PARS2,False,False,0,,0.0,0,negative_candidate,0.0
VIP,False,False,0,,0.0,0,negative_candidate,0.0
C4ORF50,False,False,0,,0.0,0,negative_candidate,0.0
RIT2,True,False,1,NCG,1.0,1,single_source_positive,
PLCXD2,False,False,0,,0.0,0,negative_candidate,0.0
SYNJ1,False,False,0,,0.0,0,negative_candidate,0.0
IMPA2,False,False,0,,0.0,0,negative_candidate,0.0
FKBP2,False,False,0,,0.0,0,negative_candidate,0.0
MARCHF6,False,False,0,,0.0,0,negative_candidate,0.0
TTLL11,False,False,0,,0.0,0,negative_candidate,0.0
MMP9,False,True,1,CIViC,1.0,1,single_source_positive,
HSPA8,False,False,0,,0.0,0,negative_candidate,0.0
ARHGEF17,False,False,0,,0.0,0,negative_candidate,0.0
UBQLNL,False,False,0,,0.0,0,negative_candidate,0.0
OR2T29,False,False,0,,0.0,0,negative_candidate,0.0
PLAA,False,False,0,,0.0,0,negative_candidate,0.0
FAM117A,True,False,1,NCG,1.0,1,single_source_positive,
LFNG,True,False,1,NCG,1.0,1,single_source_positive,
DDX54,True,False,1,NCG,1.0,1,single_source_positive,
SLC38A7,False,False,0,,0.0,0,negative_candidate,0.0
UQCR11,False,False,0,,0.0,0,negative_candidate,0.0
GOT1L1,False,False,0,,0.0,0,negative_candidate,0.0
CEMIP2,False,False,0,,0.0,0,negative_candidate,0.0
TRIM27,True,False,1,NCG,1.0,1,single_source_positive,
TWF1,False,False,0,,0.0,0,negative_candidate,0.0
CHN1,False,False,0,,0.0,0,negative_candidate,0.0
C12ORF60,False,False,0,,0.0,0,negative_candidate,0.0
TDGF1,False,False,0,,0.0,0,negative_candidate,0.0
MTHFS,False,False,0,,0.0,0,negative_candidate,0.0
RBM23,False,False,0,,0.0,0,negative_candidate,0.0
ANXA8,False,False,0,,0.0,0,negative_candidate,0.0
IL18RAP,True,False,1,NCG,1.0,1,single_source_positive,
BASP1,False,False,0,,0.0,0,negative_candidate,0.0
TUT7,False,False,0,,0.0,0,negative_candidate,0.0
ZNFX1,False,False,0,,0.0,0,negative_candidate,0.0
ITGA5,False,False,0,,0.0,0,negative_candidate,0.0
DCAF17,False,False,0,,0.0,0,negative_candidate,0.0
GOLT1B,False,False,0,,0.0,0,negative_candidate,0.0
KRTAP20-1,False,False,0,,0.0,0,negative_candidate,0.0
NDEL1,True,False,1,NCG,1.0,1,single_source_positive,
TBRG4,False,False,0,,0.0,0,negative_candidate,0.0
RTL10,False,False,0,,0.0,0,negative_candidate,0.0
OPA3,False,False,0,,0.0,0,negative_candidate,0.0
PTPN7,False,False,0,,0.0,0,negative_candidate,0.0
HMGN5,False,False,0,,0.0,0,negative_candidate,0.0
PKDREJ,False,False,0,,0.0,0,negative_candidate,0.0
SLC19A1,False,False,0,,0.0,0,negative_candidate,0.0
SCGB2A2,False,False,0,,0.0,0,negative_candidate,0.0
RAB13,False,False,0,,0.0,0,negative_candidate,0.0
HNRNPA0,False,False,0,,0.0,0,negative_candidate,0.0
H1-7,False,False,0,,0.0,0,negative_candidate,0.0
IDNK,False,False,0,,0.0,0,negative_candidate,0.0
GAS7,False,False,0,,0.0,0,negative_candidate,0.0
LRRC18,True,False,1,NCG,1.0,1,single_source_positive,
OR51G2,False,False,0,,0.0,0,negative_candidate,0.0
FKBP4,False,False,0,,0.0,0,negative_candidate,0.0
GK,False,False,0,,0.0,0,negative_candidate,0.0
STIP1,False,False,0,,0.0,0,negative_candidate,0.0
APIP,False,False,0,,0.0,0,negative_candidate,0.0
CASZ1,True,False,1,NCG,1.0,1,single_source_positive,
NFRKB,False,False,0,,0.0,0,negative_candidate,0.0
MOB2,False,False,0,,0.0,0,negative_candidate,0.0
TRAF3IP3,True,False,1,NCG,1.0,1,single_source_positive,
KRTAP5-9,False,False,0,,0.0,0,negative_candidate,0.0
ZNF302,False,False,0,,0.0,0,negative_candidate,0.0
HSPBP1,False,False,0,,0.0,0,negative_candidate,0.0
TVP23C,False,False,0,,0.0,0,negative_candidate,0.0
DCTN5,False,False,0,,0.0,0,negative_candidate,0.0
C8ORF74,False,False,0,,0.0,0,negative_candidate,0.0
COPB1,False,False,0,,0.0,0,negative_candidate,0.0
SPRY3,True,False,1,NCG,1.0,1,single_source_positive,
LTBP3,False,False,0,,0.0,0,negative_candidate,0.0
GIMAP1,False,False,0,,0.0,0,negative_candidate,0.0
UTP15,False,False,0,,0.0,0,negative_candidate,0.0
KRT35,False,False,0,,0.0,0,negative_candidate,0.0
SLC4A1,False,False,0,,0.0,0,negative_candidate,0.0
PAG1,True,True,2,NCG;CIViC,1.0,1,high_confidence_positive,1.0
SPAG9,False,False,0,,0.0,0,negative_candidate,0.0
PTGDR2,True,False,1,NCG,1.0,1,single_source_positive,
SRPRB,False,False,0,,0.0,0,negative_candidate,0.0
GFI1B,False,False,0,,0.0,0,negative_candidate,0.0
APOC4,False,False,0,,0.0,0,negative_candidate,0.0
ATP6V1B1,False,False,0,,0.0,0,negative_candidate,0.0
TRIM43,False,False,0,,0.0,0,negative_candidate,0.0
IFRD1,False,False,0,,0.0,0,negative_candidate,0.0
TRAF1,True,False,1,NCG,1.0,1,single_source_positive,
OR5A2,False,False,0,,0.0,0,negative_candidate,0.0
MRPL10,False,False,0,,0.0,0,negative_candidate,0.0
RETSAT,False,False,0,,0.0,0,negative_candidate,0.0
GLRX2,False,False,0,,0.0,0,negative_candidate,0.0
RBM4,False,False,0,,0.0,0,negative_candidate,0.0
ORC2,False,False,0,,0.0,0,negative_candidate,0.0
AR,True,True,2,NCG;CIViC,1.0,1,high_confidence_positive,1.0
MFSD2A,False,False,0,,0.0,0,negative_candidate,0.0
OR51A7,False,False,0,,0.0,0,negative_candidate,0.0
SLC39A2,False,False,0,,0.0,0,negative_candidate,0.0
BMP5,True,False,1,NCG,1.0,1,single_source_positive,
MAP3K2,False,False,0,,0.0,0,negative_candidate,0.0
GRIN2C,False,False,0,,0.0,0,negative_candidate,0.0
MAML1,True,False,1,NCG,1.0,1,single_source_positive,
DIS3,True,False,1,NCG,1.0,1,single_source_positive,
DIRAS3,False,False,0,,0.0,0,negative_candidate,0.0
LMAN2L,False,False,0,,0.0,0,negative_candidate,0.0
CUL9,True,False,1,NCG,1.0,1,single_source_positive,
CYP4F8,False,False,0,,0.0,0,negative_candidate,0.0
OR5M11,False,False,0,,0.0,0,negative_candidate,0.0
SLC17A1,False,False,0,,0.0,0,negative_candidate,0.0
AMER2,False,False,0,,0.0,0,negative_candidate,0.0
CCDC13,False,False,0,,0.0,0,negative_candidate,0.0
FIP1L1,False,True,1,CIViC,1.0,1,single_source_positive,
CLSTN3,False,False,0,,0.0,0,negative_candidate,0.0
IFNA5,False,False,0,,0.0,0,negative_candidate,0.0
METTL21C,False,False,0,,0.0,0,negative_candidate,0.0
TFDP2,False,False,0,,0.0,0,negative_candidate,0.0
NOC3L,False,False,0,,0.0,0,negative_candidate,0.0
CLEC12B,False,False,0,,0.0,0,negative_candidate,0.0
CARD17,False,False,0,,0.0,0,negative_candidate,0.0
AEN,False,False,0,,0.0,0,negative_candidate,0.0
QARS1,False,False,0,,0.0,0,negative_candidate,0.0
KLHL40,False,False,0,,0.0,0,negative_candidate,0.0
TLE3,False,False,0,,0.0,0,negative_candidate,0.0
WDR19,False,False,0,,0.0,0,negative_candidate,0.0
FLRT1,False,False,0,,0.0,0,negative_candidate,0.0
MESP2,False,False,0,,0.0,0,negative_candidate,0.0
CLK2,False,False,0,,0.0,0,negative_candidate,0.0
BCKDK,False,False,0,,0.0,0,negative_candidate,0.0
BAHD1,False,False,0,,0.0,0,negative_candidate,0.0
SLC16A3,False,False,0,,0.0,0,negative_candidate,0.0
MFAP3,False,False,0,,0.0,0,negative_candidate,0.0
UNC50,False,False,0,,0.0,0,negative_candidate,0.0
BRWD1,False,False,0,,0.0,0,negative_candidate,0.0
GOLIM4,False,False,0,,0.0,0,negative_candidate,0.0
EDEM3,False,False,0,,0.0,0,negative_candidate,0.0
KPNB1,True,False,1,NCG,1.0,1,single_source_positive,
GJA1,False,False,0,,0.0,0,negative_candidate,0.0
OR4A15,False,False,0,,0.0,0,negative_candidate,0.0
AP1G2,False,False,0,,0.0,0,negative_candidate,0.0
BOP1,False,False,0,,0.0,0,negative_candidate,0.0
NT5C2,True,True,2,NCG;CIViC,1.0,1,high_confidence_positive,1.0
GPR32,True,False,1,NCG,1.0,1,single_source_positive,
RASGEF1B,False,False,0,,0.0,0,negative_candidate,0.0
PAN2,False,False,0,,0.0,0,negative_candidate,0.0
AADAT,False,False,0,,0.0,0,negative_candidate,0.0
CACTIN,False,False,0,,0.0,0,negative_candidate,0.0
MAST3,True,False,1,NCG,1.0,1,single_source_positive,
MIER2,False,False,0,,0.0,0,negative_candidate,0.0
CASP9,True,False,1,NCG,1.0,1,single_source_positive,
CHRNA6,False,False,0,,0.0,0,negative_candidate,0.0
DNAJB1,False,True,1,CIViC,1.0,1,single_source_positive,
PIP4K2A,False,False,0,,0.0,0,negative_candidate,0.0
NPS,False,False,0,,0.0,0,negative_candidate,0.0
GALNT2,False,False,0,,0.0,0,negative_candidate,0.0
ZMYND10,True,False,1,NCG,1.0,1,single_source_positive,
TACR3,False,False,0,,0.0,0,negative_candidate,0.0
FAIM2,False,False,0,,0.0,0,negative_candidate,0.0
PHACTR1,False,False,0,,0.0,0,negative_candidate,0.0
MASP2,False,False,0,,0.0,0,negative_candidate,0.0
MAGEB18,False,False,0,,0.0,0,negative_candidate,0.0
DENND10,False,False,0,,0.0,0,negative_candidate,0.0
KRTAP13-2,False,False,0,,0.0,0,negative_candidate,0.0
FNBP1L,True,False,1,NCG,1.0,1,single_source_positive,
CAMK2A,False,False,0,,0.0,0,negative_candidate,0.0
DIO3,False,False,0,,0.0,0,negative_candidate,0.0
TPPP2,False,False,0,,0.0,0,negative_candidate,0.0
CHRNE,False,False,0,,0.0,0,negative_candidate,0.0
TIGAR,False,False,0,,0.0,0,negative_candidate,0.0
LCE1C,False,False,0,,0.0,0,negative_candidate,0.0
HDAC11,False,False,0,,0.0,0,negative_candidate,0.0
KIF2B,True,False,1,NCG,1.0,1,single_source_positive,
ABL2,True,True,2,NCG;CIViC,1.0,1,high_confidence_positive,1.0
OR4D10,False,False,0,,0.0,0,negative_candidate,0.0
RAB3B,False,False,0,,0.0,0,negative_candidate,0.0
ZNF883,False,False,0,,0.0,0,negative_candidate,0.0
MRPL44,False,False,0,,0.0,0,negative_candidate,0.0
OR2T4,False,False,0,,0.0,0,negative_candidate,0.0
TMEM87A,False,False,0,,0.0,0,negative_candidate,0.0
SND1,True,False,1,NCG,1.0,1,single_source_positive,
DVL3,False,False,0,,0.0,0,negative_candidate,0.0
CDRT4,False,False,0,,0.0,0,negative_candidate,0.0
C4A,False,False,0,,0.0,0,negative_candidate,0.0
KIRREL3,False,False,0,,0.0,0,negative_candidate,0.0
DIS3L,False,False,0,,0.0,0,negative_candidate,0.0
FBXO10,False,False,0,,0.0,0,negative_candidate,0.0
TRMT10C,True,False,1,NCG,1.0,1,single_source_positive,
DEFB113,False,False,0,,0.0,0,negative_candidate,0.0
DEFB129,True,False,1,NCG,1.0,1,single_source_positive,
HADH,False,False,0,,0.0,0,negative_candidate,0.0
OR51B6,False,False,0,,0.0,0,negative_candidate,0.0
HROB,False,False,0,,0.0,0,negative_candidate,0.0
ZNF517,False,False,0,,0.0,0,negative_candidate,0.0
CLK4,True,False,1,NCG,1.0,1,single_source_positive,
HNRNPD,True,False,1,NCG,1.0,1,single_source_positive,
NFE2,False,False,0,,0.0,0,negative_candidate,0.0
TMEM242,False,False,0,,0.0,0,negative_candidate,0.0
DNAJC7,False,False,0,,0.0,0,negative_candidate,0.0
TRAV7,False,False,0,,0.0,0,negative_candidate,0.0
AKNA,False,False,0,,0.0,0,negative_candidate,0.0
C7ORF25,False,False,0,,0.0,0,negative_candidate,0.0
AFTPH,False,False,0,,0.0,0,negative_candidate,0.0
LILRA1,False,False,0,,0.0,0,negative_candidate,0.0
SMOX,False,False,0,,0.0,0,negative_candidate,0.0
TMEM201,True,False,1,NCG,1.0,1,single_source_positive,
CEBPZ,False,False,0,,0.0,0,negative_candidate,0.0
UBE4B,False,False,0,,0.0,0,negative_candidate,0.0
HACD2,False,False,0,,0.0,0,negative_candidate,0.0
KRTAP10-4,False,False,0,,0.0,0,negative_candidate,0.0
IRF8,True,True,2,NCG;CIViC,1.0,1,high_confidence_positive,1.0
TMEM41B,False,False,0,,0.0,0,negative_candidate,0.0
DPPA4,True,False,1,NCG,1.0,1,single_source_positive,
PCDH12,False,False,0,,0.0,0,negative_candidate,0.0
THOC3,False,False,0,,0.0,0,negative_candidate,0.0
RAPGEF4,False,False,0,,0.0,0,negative_candidate,0.0
DDX21,False,False,0,,0.0,0,negative_candidate,0.0
FAM3B,False,False,0,,0.0,0,negative_candidate,0.0
CLUH,False,False,0,,0.0,0,negative_candidate,0.0
CNTNAP1,True,False,1,NCG,1.0,1,single_source_positive,
PAX3,True,True,2,NCG;CIViC,1.0,1,high_confidence_positive,1.0
CCDC57,False,False,0,,0.0,0,negative_candidate,0.0
ABHD13,False,False,0,,0.0,0,negative_candidate,0.0
TBX5,False,False,0,,0.0,0,negative_candidate,0.0
AKAP13,True,False,1,NCG,1.0,1,single_source_positive,
KIF3B,False,False,0,,0.0,0,negative_candidate,0.0
STK4,True,False,1,NCG,1.0,1,single_source_positive,
FBXW7,True,True,2,NCG;CIViC,1.0,1,high_confidence_positive,1.0
CDH24,True,False,1,NCG,1.0,1,single_source_positive,
TH,False,False,0,,0.0,0,negative_candidate,0.0
MCAM,False,False,0,,0.0,0,negative_candidate,0.0
GASK1B,False,False,0,,0.0,0,negative_candidate,0.0
OR56A4,False,False,0,,0.0,0,negative_candidate,0.0
BACE2,False,False,0,,0.0,0,negative_candidate,0.0
WASHC2C,False,False,0,,0.0,0,negative_candidate,0.0
OR8B2,False,False,0,,0.0,0,negative_candidate,0.0
TPI1,False,False,0,,0.0,0,negative_candidate,0.0
LAT2,False,False,0,,0.0,0,negative_candidate,0.0
MYO1B,True,False,1,NCG,1.0,1,single_source_positive,
CRACR2A,False,False,0,,0.0,0,negative_candidate,0.0
METTL21A,False,False,0,,0.0,0,negative_candidate,0.0
PPP2R2D,False,False,0,,0.0,0,negative_candidate,0.0
MED27,False,False,0,,0.0,0,negative_candidate,0.0
RPL4,False,False,0,,0.0,0,negative_candidate,0.0
MAGED2,False,False,0,,0.0,0,negative_candidate,0.0
GATAD2B,False,False,0,,0.0,0,negative_candidate,0.0
N4BP2L2,False,False,0,,0.0,0,negative_candidate,0.0
GK5,False,False,0,,0.0,0,negative_candidate,0.0
SSH1,True,False,1,NCG,1.0,1,single_source_positive,
UBA2,True,False,1,NCG,1.0,1,single_source_positive,
COPB2,True,False,1,NCG,1.0,1,single_source_positive,
NAMPT,True,False,1,NCG,1.0,1,single_source_positive,
LIMCH1,True,False,1,NCG,1.0,1,single_source_positive,
PDSS1,False,False,0,,0.0,0,negative_candidate,0.0
CA1,False,False,0,,0.0,0,negative_candidate,0.0
PPP1R14A,False,False,0,,0.0,0,negative_candidate,0.0
TAFA5,False,False,0,,0.0,0,negative_candidate,0.0
KRTAP19-4,False,False,0,,0.0,0,negative_candidate,0.0
GANAB,False,False,0,,0.0,0,negative_candidate,0.0
EGR1,True,False,1,NCG,1.0,1,single_source_positive,
MICALL1,False,False,0,,0.0,0,negative_candidate,0.0
PNN,True,False,1,NCG,1.0,1,single_source_positive,
FAM126B,True,False,1,NCG,1.0,1,single_source_positive,
JAG1,True,False,1,NCG,1.0,1,single_source_positive,
POLK,False,False,0,,0.0,0,negative_candidate,0.0
RPA1,False,False,0,,0.0,0,negative_candidate,0.0
CKAP4,False,False,0,,0.0,0,negative_candidate,0.0
NAA25,False,False,0,,0.0,0,negative_candidate,0.0
PDXK,False,False,0,,0.0,0,negative_candidate,0.0
MTHFD1L,False,False,0,,0.0,0,negative_candidate,0.0
FLYWCH2,False,False,0,,0.0,0,negative_candidate,0.0
PANX1,False,False,0,,0.0,0,negative_candidate,0.0
POM121,False,False,0,,0.0,0,negative_candidate,0.0
ZBTB4,False,False,0,,0.0,0,negative_candidate,0.0
IGHV1-69,False,False,0,,0.0,0,negative_candidate,0.0
CPA1,False,False,0,,0.0,0,negative_candidate,0.0
PLCB3,False,False,0,,0.0,0,negative_candidate,0.0
ZNF500,False,False,0,,0.0,0,negative_candidate,0.0
GAK,False,False,0,,0.0,0,negative_candidate,0.0
DDX6,True,False,1,NCG,1.0,1,single_source_positive,
IFNA17,False,False,0,,0.0,0,negative_candidate,0.0
CBWD6,False,False,0,,0.0,0,negative_candidate,0.0
TMEM117,False,False,0,,0.0,0,negative_candidate,0.0
EXOSC9,False,False,0,,0.0,0,negative_candidate,0.0
LENG8,False,False,0,,0.0,0,negative_candidate,0.0
TAS2R40,False,False,0,,0.0,0,negative_candidate,0.0
DHX36,True,False,1,NCG,1.0,1,single_source_positive,
NAGLU,False,False,0,,0.0,0,negative_candidate,0.0
HSDL2,False,False,0,,0.0,0,negative_candidate,0.0
STK36,False,False,0,,0.0,0,negative_candidate,0.0
OR52B2,False,False,0,,0.0,0,negative_candidate,0.0
CHRFAM7A,False,False,0,,0.0,0,negative_candidate,0.0
HELZ2,True,False,1,NCG,1.0,1,single_source_positive,
RAMAC,False,False,0,,0.0,0,negative_candidate,0.0
USO1,False,False,0,,0.0,0,negative_candidate,0.0
OSR1,False,False,0,,0.0,0,negative_candidate,0.0
FZD6,False,False,0,,0.0,0,negative_candidate,0.0
OR8K5,True,False,1,NCG,1.0,1,single_source_positive,
OTOP1,True,False,1,NCG,1.0,1,single_source_positive,
SEC61A1,False,False,0,,0.0,0,negative_candidate,0.0
PIANP,False,False,0,,0.0,0,negative_candidate,0.0
GLS,False,False,0,,0.0,0,negative_candidate,0.0
NUFIP2,False,False,0,,0.0,0,negative_candidate,0.0
CXCR6,False,False,0,,0.0,0,negative_candidate,0.0
RAP1GAP2,False,False,0,,0.0,0,negative_candidate,0.0
BCL2L14,False,False,0,,0.0,0,negative_candidate,0.0
PHF2,False,False,0,,0.0,0,negative_candidate,0.0
CLPB,False,False,0,,0.0,0,negative_candidate,0.0
B3GNT7,False,False,0,,0.0,0,negative_candidate,0.0
GPR45,False,False,0,,0.0,0,negative_candidate,0.0
MYF6,False,False,0,,0.0,0,negative_candidate,0.0
TMEM126B,False,False,0,,0.0,0,negative_candidate,0.0
DRD3,True,False,1,NCG,1.0,1,single_source_positive,
NOTCH1,True,True,2,NCG;CIViC,1.0,1,high_confidence_positive,1.0
RNF165,False,False,0,,0.0,0,negative_candidate,0.0
KIF1C,False,False,0,,0.0,0,negative_candidate,0.0
ZC3H18,True,False,1,NCG,1.0,1,single_source_positive,
GPR148,False,False,0,,0.0,0,negative_candidate,0.0
ATP8B1,True,False,1,NCG,1.0,1,single_source_positive,
ADARB1,False,False,0,,0.0,0,negative_candidate,0.0
SERPINB12,False,False,0,,0.0,0,negative_candidate,0.0
EVI2B,False,False,0,,0.0,0,negative_candidate,0.0
BCAS4,False,False,0,,0.0,0,negative_candidate,0.0
CSGALNACT2,False,False,0,,0.0,0,negative_candidate,0.0
CADM3,False,False,0,,0.0,0,negative_candidate,0.0
COL6A1,False,False,0,,0.0,0,negative_candidate,0.0
LUC7L2,True,False,1,NCG,1.0,1,single_source_positive,
SLC43A1,False,False,0,,0.0,0,negative_candidate,0.0
OR2M4,True,False,1,NCG,1.0,1,single_source_positive,
PDE8A,False,False,0,,0.0,0,negative_candidate,0.0
ACOX3,False,False,0,,0.0,0,negative_candidate,0.0
NBN,True,True,2,NCG;CIViC,1.0,1,high_confidence_positive,1.0
KCNJ9,True,False,1,NCG,1.0,1,single_source_positive,
ZNF197,False,False,0,,0.0,0,negative_candidate,0.0
CA3,False,False,0,,0.0,0,negative_candidate,0.0
SPATA31A6,False,False,0,,0.0,0,negative_candidate,0.0
MED8,False,False,0,,0.0,0,negative_candidate,0.0
CCDC180,False,False,0,,0.0,0,negative_candidate,0.0
RHBG,True,False,1,NCG,1.0,1,single_source_positive,
L3HYPDH,False,False,0,,0.0,0,negative_candidate,0.0
MGRN1,False,False,0,,0.0,0,negative_candidate,0.0
RRM2,False,True,1,CIViC,1.0,1,single_source_positive,
IRF2BPL,False,False,0,,0.0,0,negative_candidate,0.0
TMBIM4,False,False,0,,0.0,0,negative_candidate,0.0
ITM2A,False,False,0,,0.0,0,negative_candidate,0.0
LIG4,False,False,0,,0.0,0,negative_candidate,0.0
CRTC3,False,False,0,,0.0,0,negative_candidate,0.0
NPL,False,False,0,,0.0,0,negative_candidate,0.0
GNB4,False,False,0,,0.0,0,negative_candidate,0.0
GABRA1,True,False,1,NCG,1.0,1,single_source_positive,
CLRN1,False,False,0,,0.0,0,negative_candidate,0.0
RBM26,True,False,1,NCG,1.0,1,single_source_positive,
INPPL1,True,False,1,NCG,1.0,1,single_source_positive,
AREL1,False,False,0,,0.0,0,negative_candidate,0.0
OR6N1,False,False,0,,0.0,0,negative_candidate,0.0
OR2AG2,False,False,0,,0.0,0,negative_candidate,0.0
BIRC2,False,False,0,,0.0,0,negative_candidate,0.0
INTS8,False,False,0,,0.0,0,negative_candidate,0.0
PGBD4,False,False,0,,0.0,0,negative_candidate,0.0
CASP6,False,False,0,,0.0,0,negative_candidate,0.0
ZIM3,False,False,0,,0.0,0,negative_candidate,0.0
SIRT7,False,False,0,,0.0,0,negative_candidate,0.0
RUVBL1,False,False,0,,0.0,0,negative_candidate,0.0
ACP5,False,False,0,,0.0,0,negative_candidate,0.0
CT55,False,False,0,,0.0,0,negative_candidate,0.0
RABAC1,False,False,0,,0.0,0,negative_candidate,0.0
OR10H3,False,False,0,,0.0,0,negative_candidate,0.0
ORAI1,False,False,0,,0.0,0,negative_candidate,0.0
DLG3,True,False,1,NCG,1.0,1,single_source_positive,
CPSF6,False,False,0,,0.0,0,negative_candidate,0.0
MARCHF7,False,False,0,,0.0,0,negative_candidate,0.0
H2BW1,False,False,0,,0.0,0,negative_candidate,0.0
ZNF791,False,False,0,,0.0,0,negative_candidate,0.0
ADIPOR1,False,False,0,,0.0,0,negative_candidate,0.0
APCDD1,False,False,0,,0.0,0,negative_candidate,0.0
LCMT1,False,False,0,,0.0,0,negative_candidate,0.0
OR14J1,False,False,0,,0.0,0,negative_candidate,0.0
GSDMD,False,False,0,,0.0,0,negative_candidate,0.0
SCOC,False,False,0,,0.0,0,negative_candidate,0.0
SYNDIG1,False,False,0,,0.0,0,negative_candidate,0.0
C1ORF226,False,False,0,,0.0,0,negative_candidate,0.0
MARK4,False,False,0,,0.0,0,negative_candidate,0.0
SLC46A2,False,False,0,,0.0,0,negative_candidate,0.0
ZNF7,False,False,0,,0.0,0,negative_candidate,0.0
SINHCAF,False,False,0,,0.0,0,negative_candidate,0.0
POLG,True,False,1,NCG,1.0,1,single_source_positive,
KCTD1,False,False,0,,0.0,0,negative_candidate,0.0
SLC30A6,True,False,1,NCG,1.0,1,single_source_positive,
PTGIS,False,False,0,,0.0,0,negative_candidate,0.0
CST9,False,False,0,,0.0,0,negative_candidate,0.0
RNF207,True,False,1,NCG,1.0,1,single_source_positive,
LILRB3,False,False,0,,0.0,0,negative_candidate,0.0
OR6C68,False,False,0,,0.0,0,negative_candidate,0.0
CBFA2T2,False,False,0,,0.0,0,negative_candidate,0.0
MAMLD1,True,True,2,NCG;CIViC,1.0,1,high_confidence_positive,1.0
IGF1R,True,True,2,NCG;CIViC,1.0,1,high_confidence_positive,1.0
INTS9,False,False,0,,0.0,0,negative_candidate,0.0
TDRD3,False,False,0,,0.0,0,negative_candidate,0.0
ROBO3,False,False,0,,0.0,0,negative_candidate,0.0
CHST4,False,False,0,,0.0,0,negative_candidate,0.0
TSHZ1,False,False,0,,0.0,0,negative_candidate,0.0
CDK11A,True,False,1,NCG,1.0,1,single_source_positive,
SEPTIN6,False,False,0,,0.0,0,negative_candidate,0.0
COG3,False,False,0,,0.0,0,negative_candidate,0.0
SLC12A7,False,False,0,,0.0,0,negative_candidate,0.0
CACNG3,False,False,0,,0.0,0,negative_candidate,0.0
REEP4,False,False,0,,0.0,0,negative_candidate,0.0
MBD4,False,True,1,CIViC,0.9,1,single_source_positive,
PLEKHN1,False,False,0,,0.0,0,negative_candidate,0.0
HR,False,False,0,,0.0,0,negative_candidate,0.0
OR10W1,False,False,0,,0.0,0,negative_candidate,0.0
ARFGEF2,False,False,0,,0.0,0,negative_candidate,0.0
ENDOD1,False,False,0,,0.0,0,negative_candidate,0.0
DNTTIP2,False,False,0,,0.0,0,negative_candidate,0.0
NEURL4,True,False,1,NCG,1.0,1,single_source_positive,
SHPK,False,False,0,,0.0,0,negative_candidate,0.0
PTCD1,False,False,0,,0.0,0,negative_candidate,0.0
OR4F5,False,False,0,,0.0,0,negative_candidate,0.0
LURAP1,False,False,0,,0.0,0,negative_candidate,0.0
ANO1,False,False,0,,0.0,0,negative_candidate,0.0
ELL,True,False,1,NCG,1.0,1,single_source_positive,
ZNF214,False,False,0,,0.0,0,negative_candidate,0.0
NPHS2,False,False,0,,0.0,0,negative_candidate,0.0
MPDZ,False,False,0,,0.0,0,negative_candidate,0.0
OR10J3,False,False,0,,0.0,0,negative_candidate,0.0
MAGEB6B,False,False,0,,0.0,0,negative_candidate,0.0
SLC16A2,False,False,0,,0.0,0,negative_candidate,0.0
CNTN2,False,False,0,,0.0,0,negative_candidate,0.0
TP53INP2,False,False,0,,0.0,0,negative_candidate,0.0
ADCYAP1R1,False,False,0,,0.0,0,negative_candidate,0.0
DNAL1,False,False,0,,0.0,0,negative_candidate,0.0
PYDC2,False,False,0,,0.0,0,negative_candidate,0.0
DDX55,True,False,1,NCG,1.0,1,single_source_positive,
SCAMP3,False,False,0,,0.0,0,negative_candidate,0.0
TM9SF2,False,False,0,,0.0,0,negative_candidate,0.0
MRGPRE,False,False,0,,0.0,0,negative_candidate,0.0
LLGL1,True,False,1,NCG,1.0,1,single_source_positive,
KLHL30,False,False,0,,0.0,0,negative_candidate,0.0
HNRNPH2,False,False,0,,0.0,0,negative_candidate,0.0
SAA2,False,False,0,,0.0,0,negative_candidate,0.0
ARHGAP4,True,False,1,NCG,1.0,1,single_source_positive,
CMTM5,False,False,0,,0.0,0,negative_candidate,0.0
ATP1A1,True,False,1,NCG,1.0,1,single_source_positive,
MATK,False,False,0,,0.0,0,negative_candidate,0.0
FEM1B,False,False,0,,0.0,0,negative_candidate,0.0
GIGYF1,False,False,0,,0.0,0,negative_candidate,0.0
SNRK,True,False,1,NCG,1.0,1,single_source_positive,
TATDN2,False,False,0,,0.0,0,negative_candidate,0.0
TEX44,True,False,1,NCG,1.0,1,single_source_positive,
ABHD17A,False,False,0,,0.0,0,negative_candidate,0.0
MSLN,False,False,0,,0.0,0,negative_candidate,0.0
INTS1,False,False,0,,0.0,0,negative_candidate,0.0
NR4A3,True,True,2,NCG;CIViC,1.0,1,high_confidence_positive,1.0
BCAS3,False,False,0,,0.0,0,negative_candidate,0.0
MRAP2,False,False,0,,0.0,0,negative_candidate,0.0
ALLC,True,False,1,NCG,1.0,1,single_source_positive,
KPNA3,False,False,0,,0.0,0,negative_candidate,0.0
NPY2R,False,False,0,,0.0,0,negative_candidate,0.0
CLCC1,False,False,0,,0.0,0,negative_candidate,0.0
CABIN1,True,False,1,NCG,1.0,1,single_source_positive,
GATA6,True,False,1,NCG,1.0,1,single_source_positive,
CDK5R2,False,False,0,,0.0,0,negative_candidate,0.0
SCLY,False,False,0,,0.0,0,negative_candidate,0.0
DEFB114,False,False,0,,0.0,0,negative_candidate,0.0
EXOC3L2,False,False,0,,0.0,0,negative_candidate,0.0
SYT17,False,False,0,,0.0,0,negative_candidate,0.0
CCDC97,False,False,0,,0.0,0,negative_candidate,0.0
SEMA4D,False,False,0,,0.0,0,negative_candidate,0.0
PIGB,False,False,0,,0.0,0,negative_candidate,0.0
SF3A1,False,False,0,,0.0,0,negative_candidate,0.0
UGT1A5,False,False,0,,0.0,0,negative_candidate,0.0
MPO,True,False,1,NCG,1.0,1,single_source_positive,
BMP8A,False,False,0,,0.0,0,negative_candidate,0.0
BANP,False,False,0,,0.0,0,negative_candidate,0.0
GTF2E2,False,False,0,,0.0,0,negative_candidate,0.0
CARS2,False,False,0,,0.0,0,negative_candidate,0.0
AVPR2,False,False,0,,0.0,0,negative_candidate,0.0
DDO,False,False,0,,0.0,0,negative_candidate,0.0
SARS1,False,False,0,,0.0,0,negative_candidate,0.0
TMEM245,False,False,0,,0.0,0,negative_candidate,0.0
DNAJC1,False,False,0,,0.0,0,negative_candidate,0.0
WBP1L,False,False,0,,0.0,0,negative_candidate,0.0
SIGLEC1,False,False,0,,0.0,0,negative_candidate,0.0
FER1L5,False,False,0,,0.0,0,negative_candidate,0.0
PAPSS1,False,True,1,CIViC,1.0,1,single_source_positive,
MEOX2,False,False,0,,0.0,0,negative_candidate,0.0
TAAR1,False,False,0,,0.0,0,negative_candidate,0.0
XRCC1,False,True,1,CIViC,1.0,1,single_source_positive,
NRBF2,False,False,0,,0.0,0,negative_candidate,0.0
DBNL,False,False,0,,0.0,0,negative_candidate,0.0
GZMH,False,False,0,,0.0,0,negative_candidate,0.0
C10ORF99,False,False,0,,0.0,0,negative_candidate,0.0
FBXO31,True,False,1,NCG,1.0,1,single_source_positive,
TC2N,False,False,0,,0.0,0,negative_candidate,0.0
TOLLIP,False,False,0,,0.0,0,negative_candidate,0.0
NUDT6,False,False,0,,0.0,0,negative_candidate,0.0
POLR2M,False,False,0,,0.0,0,negative_candidate,0.0
SPSB1,False,False,0,,0.0,0,negative_candidate,0.0
GTPBP1,False,False,0,,0.0,0,negative_candidate,0.0
MAGEB4,False,False,0,,0.0,0,negative_candidate,0.0
CHRDL1,False,False,0,,0.0,0,negative_candidate,0.0
CCDC88C,False,False,0,,0.0,0,negative_candidate,0.0
IL20,False,False,0,,0.0,0,negative_candidate,0.0
FANCG,True,False,1,NCG,1.0,1,single_source_positive,
GSS,False,False,0,,0.0,0,negative_candidate,0.0
DCUN1D5,False,False,0,,0.0,0,negative_candidate,0.0
PDGFC,True,False,1,NCG,1.0,1,single_source_positive,
FOXP1,True,True,2,NCG;CIViC,1.0,1,high_confidence_positive,1.0
USP29,True,False,1,NCG,1.0,1,single_source_positive,
BPIFB6,False,False,0,,0.0,0,negative_candidate,0.0
OBSL1,False,False,0,,0.0,0,negative_candidate,0.0
SLC28A1,False,False,0,,0.0,0,negative_candidate,0.0
ODAM,True,False,1,NCG,1.0,1,single_source_positive,
LCE1F,False,False,0,,0.0,0,negative_candidate,0.0
WDR5,False,False,0,,0.0,0,negative_candidate,0.0
ACTB,True,True,2,NCG;CIViC,1.0,1,high_confidence_positive,1.0
TRIP6,False,False,0,,0.0,0,negative_candidate,0.0
CPVL,False,False,0,,0.0,0,negative_candidate,0.0
SLC6A7,False,False,0,,0.0,0,negative_candidate,0.0
CASP7,False,False,0,,0.0,0,negative_candidate,0.0
OGT,False,False,0,,0.0,0,negative_candidate,0.0
ACTR8,False,False,0,,0.0,0,negative_candidate,0.0
ODR4,False,False,0,,0.0,0,negative_candidate,0.0
SPATA13,False,False,0,,0.0,0,negative_candidate,0.0
STMN3,False,False,0,,0.0,0,negative_candidate,0.0
USP21,False,False,0,,0.0,0,negative_candidate,0.0
ADCYAP1,False,False,0,,0.0,0,negative_candidate,0.0
PRNP,False,False,0,,0.0,0,negative_candidate,0.0
RHOBTB1,False,False,0,,0.0,0,negative_candidate,0.0
UNC13D,False,False,0,,0.0,0,negative_candidate,0.0
MDN1,False,False,0,,0.0,0,negative_candidate,0.0
IFNL3,False,False,0,,0.0,0,negative_candidate,0.0
MROH7,False,False,0,,0.0,0,negative_candidate,0.0
ABCA6,False,False,0,,0.0,0,negative_candidate,0.0
AKAP17A,False,False,0,,0.0,0,negative_candidate,0.0
DOCK1,False,True,1,CIViC,0.9,1,single_source_positive,
CTIF,True,False,1,NCG,1.0,1,single_source_positive,
DNAJC17,False,False,0,,0.0,0,negative_candidate,0.0
ARIH1,True,False,1,NCG,1.0,1,single_source_positive,
OR5L1,False,False,0,,0.0,0,negative_candidate,0.0
OR4C15,True,False,1,NCG,1.0,1,single_source_positive,
OR5K4,False,False,0,,0.0,0,negative_candidate,0.0
BCL2L10,True,False,1,NCG,1.0,1,single_source_positive,
KCNC4,False,False,0,,0.0,0,negative_candidate,0.0
ZDHHC23,False,False,0,,0.0,0,negative_candidate,0.0
ECI2,False,False,0,,0.0,0,negative_candidate,0.0
TRIM3,False,False,0,,0.0,0,negative_candidate,0.0
LRRC74A,False,False,0,,0.0,0,negative_candidate,0.0
FXYD5,False,False,0,,0.0,0,negative_candidate,0.0
MS4A15,False,False,0,,0.0,0,negative_candidate,0.0
OR2A14,False,False,0,,0.0,0,negative_candidate,0.0
SPDEF,False,False,0,,0.0,0,negative_candidate,0.0
ATP2A2,True,False,1,NCG,1.0,1,single_source_positive,
DMRTC2,False,False,0,,0.0,0,negative_candidate,0.0
IL23R,False,False,0,,0.0,0,negative_candidate,0.0
RTCA,True,False,1,NCG,1.0,1,single_source_positive,
CABP1,False,False,0,,0.0,0,negative_candidate,0.0
RHOBTB3,False,False,0,,0.0,0,negative_candidate,0.0
S1PR4,False,False,0,,0.0,0,negative_candidate,0.0
ADAMTS1,False,False,0,,0.0,0,negative_candidate,0.0
AL135905.2,False,False,0,,0.0,0,negative_candidate,0.0
TREML2,False,False,0,,0.0,0,negative_candidate,0.0
WDR91,False,False,0,,0.0,0,negative_candidate,0.0
KIDINS220,False,False,0,,0.0,0,negative_candidate,0.0
NCSTN,True,False,1,NCG,1.0,1,single_source_positive,
B4GALT5,False,False,0,,0.0,0,negative_candidate,0.0
SOCS2,False,False,0,,0.0,0,negative_candidate,0.0
KCNJ11,False,False,0,,0.0,0,negative_candidate,0.0
EGFL8,False,False,0,,0.0,0,negative_candidate,0.0
ELN,True,False,1,NCG,1.0,1,single_source_positive,
ALDH16A1,False,False,0,,0.0,0,negative_candidate,0.0
KLHDC4,True,False,1,NCG,1.0,1,single_source_positive,
FABP4,False,False,0,,0.0,0,negative_candidate,0.0
PRDX4,False,False,0,,0.0,0,negative_candidate,0.0
CRELD2,True,False,1,NCG,1.0,1,single_source_positive,
GAL3ST3,False,False,0,,0.0,0,negative_candidate,0.0
ACIN1,False,False,0,,0.0,0,negative_candidate,0.0
HYOU1,False,False,0,,0.0,0,negative_candidate,0.0
UPF2,False,False,0,,0.0,0,negative_candidate,0.0
EIF3B,False,False,0,,0.0,0,negative_candidate,0.0
RTCB,False,False,0,,0.0,0,negative_candidate,0.0
EFCAB1,False,False,0,,0.0,0,negative_candidate,0.0
ZDHHC6,False,False,0,,0.0,0,negative_candidate,0.0
DHX9,True,False,1,NCG,1.0,1,single_source_positive,
MS4A5,False,False,0,,0.0,0,negative_candidate,0.0
PRKD3,False,False,0,,0.0,0,negative_candidate,0.0
USP36,False,False,0,,0.0,0,negative_candidate,0.0
IGLV11-55,False,False,0,,0.0,0,negative_candidate,0.0
NUDCD3,False,False,0,,0.0,0,negative_candidate,0.0
WFDC10B,False,False,0,,0.0,0,negative_candidate,0.0
RD3,False,False,0,,0.0,0,negative_candidate,0.0
MEX3C,False,False,0,,0.0,0,negative_candidate,0.0
LSM14A,False,True,1,CIViC,1.0,1,single_source_positive,
OGDH,False,False,0,,0.0,0,negative_candidate,0.0
LMCD1,True,False,1,NCG,1.0,1,single_source_positive,
SSBP2,False,True,1,CIViC,1.0,1,single_source_positive,
AFAP1L1,False,False,0,,0.0,0,negative_candidate,0.0
OR10A4,False,False,0,,0.0,0,negative_candidate,0.0
MSL3,False,False,0,,0.0,0,negative_candidate,0.0
GPN1,False,False,0,,0.0,0,negative_candidate,0.0
OR5F1,False,False,0,,0.0,0,negative_candidate,0.0
AKR1B1,False,False,0,,0.0,0,negative_candidate,0.0
ZFYVE1,False,False,0,,0.0,0,negative_candidate,0.0
MYBPC3,False,False,0,,0.0,0,negative_candidate,0.0
LMNB2,False,False,0,,0.0,0,negative_candidate,0.0
PDYN,True,False,1,NCG,1.0,1,single_source_positive,
DAW1,False,False,0,,0.0,0,negative_candidate,0.0
KDM6A,True,True,2,NCG;CIViC,1.0,1,high_confidence_positive,1.0
YTHDF1,False,False,0,,0.0,0,negative_candidate,0.0
MGAT1,False,False,0,,0.0,0,negative_candidate,0.0
TRAF2,True,False,1,NCG,1.0,1,single_source_positive,
FAM81B,False,False,0,,0.0,0,negative_candidate,0.0
GOSR2,False,False,0,,0.0,0,negative_candidate,0.0
NOLC1,False,False,0,,0.0,0,negative_candidate,0.0
CCT5,False,False,0,,0.0,0,negative_candidate,0.0
FBXW4,False,False,0,,0.0,0,negative_candidate,0.0
SPECC1L,False,True,1,CIViC,0.9,1,single_source_positive,
PIGO,False,False,0,,0.0,0,negative_candidate,0.0
CGB1,False,False,0,,0.0,0,negative_candidate,0.0
POLR2B,False,False,0,,0.0,0,negative_candidate,0.0
RNF214,False,False,0,,0.0,0,negative_candidate,0.0
MLC1,False,False,0,,0.0,0,negative_candidate,0.0
ELP4,False,False,0,,0.0,0,negative_candidate,0.0
HNRNPCL1,True,False,1,NCG,1.0,1,single_source_positive,
MAGEB6,False,False,0,,0.0,0,negative_candidate,0.0
SLC26A6,False,False,0,,0.0,0,negative_candidate,0.0
PLRG1,True,False,1,NCG,1.0,1,single_source_positive,
NSUN7,False,False,0,,0.0,0,negative_candidate,0.0
SLC34A2,True,False,1,NCG,1.0,1,single_source_positive,
ATP23,False,False,0,,0.0,0,negative_candidate,0.0
IGHV3-43,False,False,0,,0.0,0,negative_candidate,0.0
SLC30A9,False,False,0,,0.0,0,negative_candidate,0.0
TMEM132A,False,False,0,,0.0,0,negative_candidate,0.0
PRXL2A,False,False,0,,0.0,0,negative_candidate,0.0
ESYT1,False,False,0,,0.0,0,negative_candidate,0.0
JPH4,False,False,0,,0.0,0,negative_candidate,0.0
ERAP2,False,False,0,,0.0,0,negative_candidate,0.0
OR2T5,False,False,0,,0.0,0,negative_candidate,0.0
SLC23A1,False,False,0,,0.0,0,negative_candidate,0.0
UHRF1BP1,False,False,0,,0.0,0,negative_candidate,0.0
PAQR6,False,False,0,,0.0,0,negative_candidate,0.0
PI4KB,False,False,0,,0.0,0,negative_candidate,0.0
HSD17B4,False,False,0,,0.0,0,negative_candidate,0.0
ALOX5,False,False,0,,0.0,0,negative_candidate,0.0
C11ORF87,False,False,0,,0.0,0,negative_candidate,0.0
MAP1LC3C,False,False,0,,0.0,0,negative_candidate,0.0
RXFP2,False,False,0,,0.0,0,negative_candidate,0.0
CFAP53,False,False,0,,0.0,0,negative_candidate,0.0
OR11H6,False,False,0,,0.0,0,negative_candidate,0.0
ZSCAN21,False,False,0,,0.0,0,negative_candidate,0.0
DYRK1A,True,False,1,NCG,1.0,1,single_source_positive,
SAMHD1,True,False,1,NCG,1.0,1,single_source_positive,
OR2C1,False,False,0,,0.0,0,negative_candidate,0.0
HAUS5,False,False,0,,0.0,0,negative_candidate,0.0
HDAC5,False,False,0,,0.0,0,negative_candidate,0.0
CCDC115,False,False,0,,0.0,0,negative_candidate,0.0
GATAD2A,False,False,0,,0.0,0,negative_candidate,0.0
RNF103,True,False,1,NCG,1.0,1,single_source_positive,
TERT,True,True,2,NCG;CIViC,1.0,1,high_confidence_positive,1.0
TTPA,False,False,0,,0.0,0,negative_candidate,0.0
DEPDC7,False,False,0,,0.0,0,negative_candidate,0.0
DUSP26,False,False,0,,0.0,0,negative_candidate,0.0
TMEM14B,False,False,0,,0.0,0,negative_candidate,0.0
LRRC23,False,False,0,,0.0,0,negative_candidate,0.0
GPKOW,False,False,0,,0.0,0,negative_candidate,0.0
DOLK,False,False,0,,0.0,0,negative_candidate,0.0
CFC1,False,False,0,,0.0,0,negative_candidate,0.0
SP110,False,False,0,,0.0,0,negative_candidate,0.0
WDR45,True,False,1,NCG,1.0,1,single_source_positive,
MRGPRX4,False,False,0,,0.0,0,negative_candidate,0.0
ISLR,False,False,0,,0.0,0,negative_candidate,0.0
NLRP10,False,False,0,,0.0,0,negative_candidate,0.0
PLXNB2,True,False,1,NCG,1.0,1,single_source_positive,
NUBP2,False,False,0,,0.0,0,negative_candidate,0.0
EFNA2,False,True,1,CIViC,0.9,1,single_source_positive,
OR1D5,False,False,0,,0.0,0,negative_candidate,0.0
DPPA5,False,False,0,,0.0,0,negative_candidate,0.0
ZFP69,False,False,0,,0.0,0,negative_candidate,0.0
C3,True,False,1,NCG,1.0,1,single_source_positive,
NUDT9,False,False,0,,0.0,0,negative_candidate,0.0
TSNAXIP1,False,False,0,,0.0,0,negative_candidate,0.0
ZBP1,False,False,0,,0.0,0,negative_candidate,0.0
ISG20L2,False,False,0,,0.0,0,negative_candidate,0.0
DBF4B,False,False,0,,0.0,0,negative_candidate,0.0
PPP3CB,False,False,0,,0.0,0,negative_candidate,0.0
FAR1,False,False,0,,0.0,0,negative_candidate,0.0
RPS3,False,False,0,,0.0,0,negative_candidate,0.0
NPR3,True,False,1,NCG,1.0,1,single_source_positive,
FGD2,False,False,0,,0.0,0,negative_candidate,0.0
PLEKHB2,False,False,0,,0.0,0,negative_candidate,0.0
ABCB6,False,False,0,,0.0,0,negative_candidate,0.0
WNT4,False,False,0,,0.0,0,negative_candidate,0.0
CD109,False,False,0,,0.0,0,negative_candidate,0.0
OR52D1,False,False,0,,0.0,0,negative_candidate,0.0
LIG1,False,False,0,,0.0,0,negative_candidate,0.0
PCK2,False,False,0,,0.0,0,negative_candidate,0.0
OXR1,False,False,0,,0.0,0,negative_candidate,0.0
HPGDS,False,False,0,,0.0,0,negative_candidate,0.0
NGB,False,False,0,,0.0,0,negative_candidate,0.0
SERPINE1,False,True,1,CIViC,1.0,1,single_source_positive,
CABS1,False,False,0,,0.0,0,negative_candidate,0.0
EP300,True,True,2,NCG;CIViC,1.0,1,high_confidence_positive,1.0
STON1,False,False,0,,0.0,0,negative_candidate,0.0
CDKL2,False,False,0,,0.0,0,negative_candidate,0.0
LAMA4,True,False,1,NCG,1.0,1,single_source_positive,
TSEN2,False,False,0,,0.0,0,negative_candidate,0.0
TAS2R50,False,False,0,,0.0,0,negative_candidate,0.0
MME,True,False,1,NCG,1.0,1,single_source_positive,
OR52I2,True,False,1,NCG,1.0,1,single_source_positive,
FAF2,False,False,0,,0.0,0,negative_candidate,0.0
CDC42BPG,True,False,1,NCG,1.0,1,single_source_positive,
SEC13,False,False,0,,0.0,0,negative_candidate,0.0
TRIM4,False,False,0,,0.0,0,negative_candidate,0.0
ITIH5,False,False,0,,0.0,0,negative_candidate,0.0
ADAMTS15,False,False,0,,0.0,0,negative_candidate,0.0
S1PR5,False,False,0,,0.0,0,negative_candidate,0.0
INMT,False,False,0,,0.0,0,negative_candidate,0.0
RGS8,False,False,0,,0.0,0,negative_candidate,0.0
SPEM2,False,False,0,,0.0,0,negative_candidate,0.0
GBA,False,False,0,,0.0,0,negative_candidate,0.0
SEC31A,False,False,0,,0.0,0,negative_candidate,0.0
ABI3BP,False,False,0,,0.0,0,negative_candidate,0.0
OR4Q3,False,False,0,,0.0,0,negative_candidate,0.0
HBD,False,False,0,,0.0,0,negative_candidate,0.0
PPARG,True,True,2,NCG;CIViC,1.0,1,high_confidence_positive,1.0
CYYR1,False,False,0,,0.0,0,negative_candidate,0.0
OR4C46,False,False,0,,0.0,0,negative_candidate,0.0
HTR2A,False,False,0,,0.0,0,negative_candidate,0.0
FOXO1,True,True,2,NCG;CIViC,1.0,1,high_confidence_positive,1.0
CHIC1,False,False,0,,0.0,0,negative_candidate,0.0
CLINT1,False,False,0,,0.0,0,negative_candidate,0.0
TMEM198,False,False,0,,0.0,0,negative_candidate,0.0
LGALS9,False,False,0,,0.0,0,negative_candidate,0.0
PDZD8,False,False,0,,0.0,0,negative_candidate,0.0
RSPO3,True,False,1,NCG,1.0,1,single_source_positive,
BICRA,True,False,1,NCG,1.0,1,single_source_positive,
TBPL2,False,False,0,,0.0,0,negative_candidate,0.0
RTL4,False,False,0,,0.0,0,negative_candidate,0.0
PDZD4,False,False,0,,0.0,0,negative_candidate,0.0
IQCB1,True,False,1,NCG,1.0,1,single_source_positive,
OR8K3,False,False,0,,0.0,0,negative_candidate,0.0
NIBAN3,False,False,0,,0.0,0,negative_candidate,0.0
SEMG1,True,False,1,NCG,1.0,1,single_source_positive,
P2RY8,True,True,2,NCG;CIViC,1.0,1,high_confidence_positive,1.0
GAB3,True,False,1,NCG,1.0,1,single_source_positive,
MYL10,False,False,0,,0.0,0,negative_candidate,0.0
PCSK7,False,False,0,,0.0,0,negative_candidate,0.0
GAREM1,False,False,0,,0.0,0,negative_candidate,0.0
EGR3,True,False,1,NCG,1.0,1,single_source_positive,
ASMTL,False,False,0,,0.0,0,negative_candidate,0.0
SNX15,False,False,0,,0.0,0,negative_candidate,0.0
OR4M2,False,False,0,,0.0,0,negative_candidate,0.0
DISP1,True,False,1,NCG,1.0,1,single_source_positive,
CFAP300,False,False,0,,0.0,0,negative_candidate,0.0
AHSG,False,False,0,,0.0,0,negative_candidate,0.0
ST8SIA1,False,False,0,,0.0,0,negative_candidate,0.0
BCAT1,False,False,0,,0.0,0,negative_candidate,0.0
OR2L13,True,False,1,NCG,1.0,1,single_source_positive,
RFX5,False,False,0,,0.0,0,negative_candidate,0.0
OR8S1,False,False,0,,0.0,0,negative_candidate,0.0
ZCCHC2,True,False,1,NCG,1.0,1,single_source_positive,
SLC35F2,False,False,0,,0.0,0,negative_candidate,0.0
ZNF524,False,False,0,,0.0,0,negative_candidate,0.0
HOXA7,True,False,1,NCG,1.0,1,single_source_positive,
TNFRSF4,False,False,0,,0.0,0,negative_candidate,0.0
ITGA6,False,False,0,,0.0,0,negative_candidate,0.0
IL10,False,False,0,,0.0,0,negative_candidate,0.0
CYP2U1,False,False,0,,0.0,0,negative_candidate,0.0
IFT122,False,False,0,,0.0,0,negative_candidate,0.0
HDLBP,False,False,0,,0.0,0,negative_candidate,0.0
MGAT3,True,False,1,NCG,1.0,1,single_source_positive,
CD93,False,False,0,,0.0,0,negative_candidate,0.0
ITGB3,False,False,0,,0.0,0,negative_candidate,0.0
ZNF792,False,False,0,,0.0,0,negative_candidate,0.0
SEPTIN4,False,False,0,,0.0,0,negative_candidate,0.0
TAS2R42,False,False,0,,0.0,0,negative_candidate,0.0
HSF2BP,False,False,0,,0.0,0,negative_candidate,0.0
PRKRIP1,False,False,0,,0.0,0,negative_candidate,0.0
LIN7B,False,False,0,,0.0,0,negative_candidate,0.0
NRP2,False,False,0,,0.0,0,negative_candidate,0.0
SHFL,False,False,0,,0.0,0,negative_candidate,0.0
KLHL9,False,False,0,,0.0,0,negative_candidate,0.0
IGKV1-5,False,False,0,,0.0,0,negative_candidate,0.0
CLPS,False,False,0,,0.0,0,negative_candidate,0.0
IGFBP5,False,False,0,,0.0,0,negative_candidate,0.0
STPG1,False,False,0,,0.0,0,negative_candidate,0.0
ARL2BP,False,False,0,,0.0,0,negative_candidate,0.0
C11ORF42,False,False,0,,0.0,0,negative_candidate,0.0
SPATA19,True,False,1,NCG,1.0,1,single_source_positive,
ZNF77,False,False,0,,0.0,0,negative_candidate,0.0
FMO2,False,False,0,,0.0,0,negative_candidate,0.0
DCAF15,True,False,1,NCG,1.0,1,single_source_positive,
PREX1,False,False,0,,0.0,0,negative_candidate,0.0
RXYLT1,False,False,0,,0.0,0,negative_candidate,0.0
CYP7B1,True,False,1,NCG,1.0,1,single_source_positive,
KDM4B,False,False,0,,0.0,0,negative_candidate,0.0
SLC25A45,True,False,1,NCG,1.0,1,single_source_positive,
MACROH2A1,False,False,0,,0.0,0,negative_candidate,0.0
EFCAB2,False,False,0,,0.0,0,negative_candidate,0.0
ALDH18A1,False,False,0,,0.0,0,negative_candidate,0.0
TMEM211,False,False,0,,0.0,0,negative_candidate,0.0
SLA2,False,False,0,,0.0,0,negative_candidate,0.0
FAM166A,True,False,1,NCG,1.0,1,single_source_positive,
ADPRM,False,False,0,,0.0,0,negative_candidate,0.0
MUTYH,True,False,1,NCG,1.0,1,single_source_positive,
TMEM52,False,False,0,,0.0,0,negative_candidate,0.0
RBBP9,False,False,0,,0.0,0,negative_candidate,0.0
LHX2,False,False,0,,0.0,0,negative_candidate,0.0
GRPEL1,False,False,0,,0.0,0,negative_candidate,0.0
POC1B,False,True,1,CIViC,0.9,1,single_source_positive,
NPM1,True,True,2,NCG;CIViC,1.0,1,high_confidence_positive,1.0
GAB2,False,False,0,,0.0,0,negative_candidate,0.0
POTEH,False,False,0,,0.0,0,negative_candidate,0.0
ABCB8,False,False,0,,0.0,0,negative_candidate,0.0
TNFRSF11B,False,False,0,,0.0,0,negative_candidate,0.0
LACTB2,False,False,0,,0.0,0,negative_candidate,0.0
AMD1,False,False,0,,0.0,0,negative_candidate,0.0
AGTR1,False,False,0,,0.0,0,negative_candidate,0.0
CHST15,False,False,0,,0.0,0,negative_candidate,0.0
OR4E2,False,False,0,,0.0,0,negative_candidate,0.0
CCDC173,False,False,0,,0.0,0,negative_candidate,0.0
ANKS6,False,False,0,,0.0,0,negative_candidate,0.0
KIR3DL3,False,False,0,,0.0,0,negative_candidate,0.0
VAX2,False,False,0,,0.0,0,negative_candidate,0.0
SYK,True,True,2,NCG;CIViC,1.0,1,high_confidence_positive,1.0
HLA-DQB1,False,False,0,,0.0,0,negative_candidate,0.0
GALP,False,False,0,,0.0,0,negative_candidate,0.0
SHCBP1L,False,False,0,,0.0,0,negative_candidate,0.0
SCRT1,False,False,0,,0.0,0,negative_candidate,0.0
AGTPBP1,False,False,0,,0.0,0,negative_candidate,0.0
IGHV2-5,False,False,0,,0.0,0,negative_candidate,0.0
SLC18A2,False,False,0,,0.0,0,negative_candidate,0.0
TTLL4,False,False,0,,0.0,0,negative_candidate,0.0
ITPKB,True,True,2,NCG;CIViC,1.0,1,high_confidence_positive,1.0
VHLL,False,False,0,,0.0,0,negative_candidate,0.0
MCOLN2,False,False,0,,0.0,0,negative_candidate,0.0
TCF4,True,False,1,NCG,1.0,1,single_source_positive,
PLD6,False,False,0,,0.0,0,negative_candidate,0.0
IFNAR2,False,False,0,,0.0,0,negative_candidate,0.0
FCGR2A,False,True,1,CIViC,1.0,1,single_source_positive,
PLEKHG1,False,False,0,,0.0,0,negative_candidate,0.0
ATG10,False,False,0,,0.0,0,negative_candidate,0.0
CCPG1,False,False,0,,0.0,0,negative_candidate,0.0
EPB41L1,False,False,0,,0.0,0,negative_candidate,0.0
LCN8,False,False,0,,0.0,0,negative_candidate,0.0
SFRP2,False,False,0,,0.0,0,negative_candidate,0.0
CHMP4B,False,False,0,,0.0,0,negative_candidate,0.0
GGT1,False,False,0,,0.0,0,negative_candidate,0.0
RECQL5,False,False,0,,0.0,0,negative_candidate,0.0
PRPF40A,False,False,0,,0.0,0,negative_candidate,0.0
ENO3,False,False,0,,0.0,0,negative_candidate,0.0
IRAK1,False,False,0,,0.0,0,negative_candidate,0.0
ZMAT5,False,False,0,,0.0,0,negative_candidate,0.0
PRRG1,True,False,1,NCG,1.0,1,single_source_positive,
TOR1AIP2,False,False,0,,0.0,0,negative_candidate,0.0
OR52L1,False,False,0,,0.0,0,negative_candidate,0.0
HAX1,True,False,1,NCG,1.0,1,single_source_positive,
ZNF395,False,False,0,,0.0,0,negative_candidate,0.0
MMD2,False,False,0,,0.0,0,negative_candidate,0.0
GLYAT,True,False,1,NCG,1.0,1,single_source_positive,
H2AC1,False,False,0,,0.0,0,negative_candidate,0.0
ERN1,False,False,0,,0.0,0,negative_candidate,0.0
KLHL22,False,False,0,,0.0,0,negative_candidate,0.0
LRSAM1,False,False,0,,0.0,0,negative_candidate,0.0
PORCN,True,False,1,NCG,1.0,1,single_source_positive,
TSC22D4,False,False,0,,0.0,0,negative_candidate,0.0
SMG5,True,False,1,NCG,1.0,1,single_source_positive,
OR2M3,False,False,0,,0.0,0,negative_candidate,0.0
SCAP,False,False,0,,0.0,0,negative_candidate,0.0
TEAD1,False,False,0,,0.0,0,negative_candidate,0.0
MRPL37,False,False,0,,0.0,0,negative_candidate,0.0
CLEC1A,False,False,0,,0.0,0,negative_candidate,0.0
KRT1,False,False,0,,0.0,0,negative_candidate,0.0
TNFSF4,False,False,0,,0.0,0,negative_candidate,0.0
RPL11,False,False,0,,0.0,0,negative_candidate,0.0
H1-2,True,True,2,NCG;CIViC,1.0,1,high_confidence_positive,1.0
IGFBP2,False,False,0,,0.0,0,negative_candidate,0.0
TEX29,False,False,0,,0.0,0,negative_candidate,0.0
HEXA,True,False,1,NCG,1.0,1,single_source_positive,
CRYBG1,False,False,0,,0.0,0,negative_candidate,0.0
ZNF839,False,False,0,,0.0,0,negative_candidate,0.0
PLXNC1,False,False,0,,0.0,0,negative_candidate,0.0
LDLRAD2,False,False,0,,0.0,0,negative_candidate,0.0
NEXN,False,False,0,,0.0,0,negative_candidate,0.0
OR2A1,False,False,0,,0.0,0,negative_candidate,0.0
MLST8,False,False,0,,0.0,0,negative_candidate,0.0
BTNL2,False,False,0,,0.0,0,negative_candidate,0.0
GOLGA6B,False,False,0,,0.0,0,negative_candidate,0.0
ACBD4,False,False,0,,0.0,0,negative_candidate,0.0
POLR2I,False,False,0,,0.0,0,negative_candidate,0.0
LPIN1,False,False,0,,0.0,0,negative_candidate,0.0
AMPD2,False,False,0,,0.0,0,negative_candidate,0.0
DIP2A,False,False,0,,0.0,0,negative_candidate,0.0
SSTR4,False,False,0,,0.0,0,negative_candidate,0.0
KRI1,False,False,0,,0.0,0,negative_candidate,0.0
CBX7,False,False,0,,0.0,0,negative_candidate,0.0
SOX7,False,False,0,,0.0,0,negative_candidate,0.0
HCK,False,False,0,,0.0,0,negative_candidate,0.0
UPK1A,False,False,0,,0.0,0,negative_candidate,0.0
HNRNPA1L2,False,False,0,,0.0,0,negative_candidate,0.0
NFATC3,False,False,0,,0.0,0,negative_candidate,0.0
HOXB5,False,False,0,,0.0,0,negative_candidate,0.0
AKT1S1,False,False,0,,0.0,0,negative_candidate,0.0
KRTAP10-2,False,False,0,,0.0,0,negative_candidate,0.0
PRELP,False,False,0,,0.0,0,negative_candidate,0.0
RUNDC1,False,False,0,,0.0,0,negative_candidate,0.0
C9ORF85,True,False,1,NCG,1.0,1,single_source_positive,
FAM167A,True,False,1,NCG,1.0,1,single_source_positive,
FAM216A,False,False,0,,0.0,0,negative_candidate,0.0
NNMT,False,False,0,,0.0,0,negative_candidate,0.0
RDH13,False,False,0,,0.0,0,negative_candidate,0.0
ATAD3A,False,False,0,,0.0,0,negative_candidate,0.0
KHDRBS1,False,True,1,CIViC,0.9,1,single_source_positive,
ERMARD,False,False,0,,0.0,0,negative_candidate,0.0
ANKIB1,False,False,0,,0.0,0,negative_candidate,0.0
PLIN3,False,False,0,,0.0,0,negative_candidate,0.0
EIF5B,False,False,0,,0.0,0,negative_candidate,0.0
ZFP90,False,False,0,,0.0,0,negative_candidate,0.0
CCDC149,False,False,0,,0.0,0,negative_candidate,0.0
CCDC85A,False,False,0,,0.0,0,negative_candidate,0.0
LDLRAP1,False,False,0,,0.0,0,negative_candidate,0.0
SLC5A9,False,False,0,,0.0,0,negative_candidate,0.0
ADAM30,False,False,0,,0.0,0,negative_candidate,0.0
CTAGE1,False,False,0,,0.0,0,negative_candidate,0.0
BBS2,False,False,0,,0.0,0,negative_candidate,0.0
P2RY14,False,False,0,,0.0,0,negative_candidate,0.0
DYNLRB1,False,False,0,,0.0,0,negative_candidate,0.0
LRP1,True,False,1,NCG,1.0,1,single_source_positive,
ZNF394,False,False,0,,0.0,0,negative_candidate,0.0
PHGDH,True,False,1,NCG,1.0,1,single_source_positive,
PAX1,False,False,0,,0.0,0,negative_candidate,0.0
SLFN11,False,True,1,CIViC,1.0,1,single_source_positive,
RNF10,False,False,0,,0.0,0,negative_candidate,0.0
ZNF112,False,False,0,,0.0,0,negative_candidate,0.0
MED7,False,False,0,,0.0,0,negative_candidate,0.0
PTX4,False,False,0,,0.0,0,negative_candidate,0.0
TUT1,False,False,0,,0.0,0,negative_candidate,0.0
SCMH1,False,False,0,,0.0,0,negative_candidate,0.0
ITPR3,True,False,1,NCG,1.0,1,single_source_positive,
HDC,False,False,0,,0.0,0,negative_candidate,0.0
CDK17,False,False,0,,0.0,0,negative_candidate,0.0
GIMAP7,False,False,0,,0.0,0,negative_candidate,0.0
TPST1,False,False,0,,0.0,0,negative_candidate,0.0
ABCA9,False,False,0,,0.0,0,negative_candidate,0.0
KRTAP27-1,False,False,0,,0.0,0,negative_candidate,0.0
CACNG4,False,False,0,,0.0,0,negative_candidate,0.0
RTKN,False,False,0,,0.0,0,negative_candidate,0.0
MRPL45,False,False,0,,0.0,0,negative_candidate,0.0
SRP54,False,False,0,,0.0,0,negative_candidate,0.0
CACNA2D2,False,False,0,,0.0,0,negative_candidate,0.0
DCTD,True,False,1,NCG,1.0,1,single_source_positive,
AMY2B,True,False,1,NCG,1.0,1,single_source_positive,
INHBC,False,False,0,,0.0,0,negative_candidate,0.0
PROK1,False,False,0,,0.0,0,negative_candidate,0.0
OR2T10,False,False,0,,0.0,0,negative_candidate,0.0
FSHR,True,False,1,NCG,1.0,1,single_source_positive,
OR2T8,False,False,0,,0.0,0,negative_candidate,0.0
PTPN5,False,False,0,,0.0,0,negative_candidate,0.0
DUSP11,False,False,0,,0.0,0,negative_candidate,0.0
CBX5,False,False,0,,0.0,0,negative_candidate,0.0
NMUR1,False,False,0,,0.0,0,negative_candidate,0.0
TSFM,False,False,0,,0.0,0,negative_candidate,0.0
OR52B4,False,False,0,,0.0,0,negative_candidate,0.0
GORASP2,False,False,0,,0.0,0,negative_candidate,0.0
PPP1R17,False,False,0,,0.0,0,negative_candidate,0.0
OMG,False,False,0,,0.0,0,negative_candidate,0.0
SETD7,True,False,1,NCG,1.0,1,single_source_positive,
SPRYD4,False,False,0,,0.0,0,negative_candidate,0.0
RTN1,False,False,0,,0.0,0,negative_candidate,0.0
DTX3L,False,False,0,,0.0,0,negative_candidate,0.0
OR2L2,False,False,0,,0.0,0,negative_candidate,0.0
NBPF15,False,False,0,,0.0,0,negative_candidate,0.0
HOXA5,False,False,0,,0.0,0,negative_candidate,0.0
STUM,False,False,0,,0.0,0,negative_candidate,0.0
TEDC1,False,False,0,,0.0,0,negative_candidate,0.0
MIB2,False,False,0,,0.0,0,negative_candidate,0.0
NFX1,False,False,0,,0.0,0,negative_candidate,0.0
RHO,False,False,0,,0.0,0,negative_candidate,0.0
ZNF99,True,False,1,NCG,1.0,1,single_source_positive,
SH2B1,False,False,0,,0.0,0,negative_candidate,0.0
OR8H2,False,False,0,,0.0,0,negative_candidate,0.0
PJA2,False,False,0,,0.0,0,negative_candidate,0.0
SEC16B,False,False,0,,0.0,0,negative_candidate,0.0
UST,False,False,0,,0.0,0,negative_candidate,0.0
INPP5D,False,False,0,,0.0,0,negative_candidate,0.0
ASPSCR1,True,True,2,NCG;CIViC,1.0,1,high_confidence_positive,1.0
OR52R1,False,False,0,,0.0,0,negative_candidate,0.0
PSMA8,False,False,0,,0.0,0,negative_candidate,0.0
LPAR1,True,False,1,NCG,1.0,1,single_source_positive,
GTSE1,False,False,0,,0.0,0,negative_candidate,0.0
TMPRSS12,False,False,0,,0.0,0,negative_candidate,0.0
AGPAT1,False,False,0,,0.0,0,negative_candidate,0.0
RGL3,False,False,0,,0.0,0,negative_candidate,0.0
AFAP1,False,True,1,CIViC,1.0,1,single_source_positive,
ANKRD6,False,False,0,,0.0,0,negative_candidate,0.0
IDH1,True,True,2,NCG;CIViC,1.0,1,high_confidence_positive,1.0
NUP35,False,False,0,,0.0,0,negative_candidate,0.0
KRTAP5-11,True,False,1,NCG,1.0,1,single_source_positive,
LRRC45,True,False,1,NCG,1.0,1,single_source_positive,
DNASE1,False,False,0,,0.0,0,negative_candidate,0.0
HBB,False,True,1,CIViC,0.9,1,single_source_positive,
OR2T34,False,False,0,,0.0,0,negative_candidate,0.0
DHX16,True,False,1,NCG,1.0,1,single_source_positive,
ABCA1,False,False,0,,0.0,0,negative_candidate,0.0
ULK2,True,False,1,NCG,1.0,1,single_source_positive,
LIMA1,False,False,0,,0.0,0,negative_candidate,0.0
DCTN1,True,True,2,NCG;CIViC,1.0,1,high_confidence_positive,1.0
CDK10,False,False,0,,0.0,0,negative_candidate,0.0
EPS15,True,False,1,NCG,1.0,1,single_source_positive,
UTP4,False,False,0,,0.0,0,negative_candidate,0.0
BTN2A1,False,False,0,,0.0,0,negative_candidate,0.0
MACROD1,False,False,0,,0.0,0,negative_candidate,0.0
MRC2,False,False,0,,0.0,0,negative_candidate,0.0
CPNE3,False,False,0,,0.0,0,negative_candidate,0.0
CCDC74B,False,False,0,,0.0,0,negative_candidate,0.0
PPP4R3A,False,False,0,,0.0,0,negative_candidate,0.0
SLC6A9,True,False,1,NCG,1.0,1,single_source_positive,
ZBTB7A,True,False,1,NCG,1.0,1,single_source_positive,
MAP3K11,False,False,0,,0.0,0,negative_candidate,0.0
SOAT1,True,False,1,NCG,1.0,1,single_source_positive,
KLF17,False,False,0,,0.0,0,negative_candidate,0.0
DGKA,True,False,1,NCG,1.0,1,single_source_positive,
THRAP3,True,False,1,NCG,1.0,1,single_source_positive,
FLII,True,False,1,NCG,1.0,1,single_source_positive,
DYRK1B,False,False,0,,0.0,0,negative_candidate,0.0
PRKCB,True,True,2,NCG;CIViC,1.0,1,high_confidence_positive,1.0
DHDDS,False,False,0,,0.0,0,negative_candidate,0.0
TMEM62,False,False,0,,0.0,0,negative_candidate,0.0
RGS2,False,False,0,,0.0,0,negative_candidate,0.0
CCDC114,False,False,0,,0.0,0,negative_candidate,0.0
TRIB2,False,False,0,,0.0,0,negative_candidate,0.0
OR5W2,False,False,0,,0.0,0,negative_candidate,0.0
PNPLA7,True,False,1,NCG,1.0,1,single_source_positive,
GIPR,False,False,0,,0.0,0,negative_candidate,0.0
MXRA8,False,False,0,,0.0,0,negative_candidate,0.0
OR1F1,False,False,0,,0.0,0,negative_candidate,0.0
OR51F1,False,False,0,,0.0,0,negative_candidate,0.0
AHRR,False,False,0,,0.0,0,negative_candidate,0.0
RNF123,False,False,0,,0.0,0,negative_candidate,0.0
ZBTB47,False,False,0,,0.0,0,negative_candidate,0.0
PRRX2,False,False,0,,0.0,0,negative_candidate,0.0
CCDC88B,False,False,0,,0.0,0,negative_candidate,0.0
C10ORF82,False,False,0,,0.0,0,negative_candidate,0.0
PHOX2B,True,False,1,NCG,1.0,1,single_source_positive,
KRTAP5-6,False,False,0,,0.0,0,negative_candidate,0.0
PIGC,True,False,1,NCG,1.0,1,single_source_positive,
DDRGK1,False,False,0,,0.0,0,negative_candidate,0.0
DNAJC18,False,False,0,,0.0,0,negative_candidate,0.0
KRTAP19-7,False,False,0,,0.0,0,negative_candidate,0.0
TNRC18,True,False,1,NCG,1.0,1,single_source_positive,
IFNA16,False,False,0,,0.0,0,negative_candidate,0.0
EPS8L1,True,False,1,NCG,1.0,1,single_source_positive,
BSND,False,False,0,,0.0,0,negative_candidate,0.0
PRKRA,False,False,0,,0.0,0,negative_candidate,0.0
STAT5B,True,True,2,NCG;CIViC,1.0,1,high_confidence_positive,1.0
BRPF1,True,False,1,NCG,1.0,1,single_source_positive,
ACE,True,False,1,NCG,1.0,1,single_source_positive,
ATG16L2,False,False,0,,0.0,0,negative_candidate,0.0
EIF2AK4,True,False,1,NCG,1.0,1,single_source_positive,
IL36B,False,False,0,,0.0,0,negative_candidate,0.0
GRM3,True,False,1,NCG,1.0,1,single_source_positive,
ELAC1,False,False,0,,0.0,0,negative_candidate,0.0
IGHV3-35,False,False,0,,0.0,0,negative_candidate,0.0
MED30,False,False,0,,0.0,0,negative_candidate,0.0
RGS1,False,False,0,,0.0,0,negative_candidate,0.0
IGSF6,False,False,0,,0.0,0,negative_candidate,0.0
CIDEA,False,False,0,,0.0,0,negative_candidate,0.0
PCBP1,True,True,2,NCG;CIViC,1.0,1,high_confidence_positive,1.0
UBAP2L,False,False,0,,0.0,0,negative_candidate,0.0
SNTN,False,False,0,,0.0,0,negative_candidate,0.0
SPINT4,False,False,0,,0.0,0,negative_candidate,0.0
TSPYL2,True,False,1,NCG,1.0,1,single_source_positive,
UBXN2B,False,False,0,,0.0,0,negative_candidate,0.0
RBMXL2,False,False,0,,0.0,0,negative_candidate,0.0
KRTAP3-3,False,False,0,,0.0,0,negative_candidate,0.0
IFI16,False,False,0,,0.0,0,negative_candidate,0.0
AACS,False,False,0,,0.0,0,negative_candidate,0.0
VASH1,False,False,0,,0.0,0,negative_candidate,0.0
MICALL2,False,False,0,,0.0,0,negative_candidate,0.0
PRRC2A,False,False,0,,0.0,0,negative_candidate,0.0
PGAP2,True,False,1,NCG,1.0,1,single_source_positive,
SRSF6,False,False,0,,0.0,0,negative_candidate,0.0
RSBN1L,True,False,1,NCG,1.0,1,single_source_positive,
LARGE2,False,False,0,,0.0,0,negative_candidate,0.0
MYRF,False,False,0,,0.0,0,negative_candidate,0.0
DEPDC5,True,False,1,NCG,1.0,1,single_source_positive,
IL17F,False,False,0,,0.0,0,negative_candidate,0.0
HAUS1,False,False,0,,0.0,0,negative_candidate,0.0
VPS4A,False,False,0,,0.0,0,negative_candidate,0.0
SUPT5H,False,False,0,,0.0,0,negative_candidate,0.0
GPCPD1,False,False,0,,0.0,0,negative_candidate,0.0
CCDC9,True,False,1,NCG,1.0,1,single_source_positive,
LIX1,False,False,0,,0.0,0,negative_candidate,0.0
ZC3H7B,False,False,0,,0.0,0,negative_candidate,0.0
OR10H2,True,False,1,NCG,1.0,1,single_source_positive,
SLC6A1,False,False,0,,0.0,0,negative_candidate,0.0
RARB,False,False,0,,0.0,0,negative_candidate,0.0
GALNT10,False,False,0,,0.0,0,negative_candidate,0.0
INSR,True,False,1,NCG,1.0,1,single_source_positive,
IRAG1,True,False,1,NCG,1.0,1,single_source_positive,
ETV3L,False,False,0,,0.0,0,negative_candidate,0.0
FANCD2OS,False,False,0,,0.0,0,negative_candidate,0.0
PLIN4,False,False,0,,0.0,0,negative_candidate,0.0
FZR1,False,False,0,,0.0,0,negative_candidate,0.0
SUSD6,False,False,0,,0.0,0,negative_candidate,0.0
AIDA,False,False,0,,0.0,0,negative_candidate,0.0
SERGEF,False,False,0,,0.0,0,negative_candidate,0.0
HOOK3,False,False,0,,0.0,0,negative_candidate,0.0
PRAMEF15,False,False,0,,0.0,0,negative_candidate,0.0
HLA-DOA,False,False,0,,0.0,0,negative_candidate,0.0
MYL3,False,False,0,,0.0,0,negative_candidate,0.0
KLF10,False,False,0,,0.0,0,negative_candidate,0.0
SMURF2,True,False,1,NCG,1.0,1,single_source_positive,
YTHDF2,True,False,1,NCG,1.0,1,single_source_positive,
RABGEF1,True,False,1,NCG,1.0,1,single_source_positive,
ANAPC7,False,False,0,,0.0,0,negative_candidate,0.0
ASB17,False,False,0,,0.0,0,negative_candidate,0.0
CDAN1,False,False,0,,0.0,0,negative_candidate,0.0
CGNL1,False,False,0,,0.0,0,negative_candidate,0.0
TBC1D22B,False,False,0,,0.0,0,negative_candidate,0.0
MXI1,False,False,0,,0.0,0,negative_candidate,0.0
OR5AN1,False,False,0,,0.0,0,negative_candidate,0.0
MRTFA,True,True,2,NCG;CIViC,1.0,1,high_confidence_positive,1.0
PDZD3,False,False,0,,0.0,0,negative_candidate,0.0
TECRL,False,False,0,,0.0,0,negative_candidate,0.0
NAGA,False,False,0,,0.0,0,negative_candidate,0.0
CCDC39,False,False,0,,0.0,0,negative_candidate,0.0
COLEC12,False,False,0,,0.0,0,negative_candidate,0.0
ADRA1A,True,False,1,NCG,1.0,1,single_source_positive,
RARG,False,False,0,,0.0,0,negative_candidate,0.0
DTWD1,False,False,0,,0.0,0,negative_candidate,0.0
MS4A13,False,False,0,,0.0,0,negative_candidate,0.0
PPP3R2,False,False,0,,0.0,0,negative_candidate,0.0
OR10K2,False,False,0,,0.0,0,negative_candidate,0.0
MAPKAPK3,False,False,0,,0.0,0,negative_candidate,0.0
TBC1D4,False,False,0,,0.0,0,negative_candidate,0.0
SQSTM1,False,True,1,CIViC,1.0,1,single_source_positive,
TRHR,False,False,0,,0.0,0,negative_candidate,0.0
TAF9B,False,False,0,,0.0,0,negative_candidate,0.0
PNRC1,True,False,1,NCG,1.0,1,single_source_positive,
GJA8,False,False,0,,0.0,0,negative_candidate,0.0
RNASE13,False,False,0,,0.0,0,negative_candidate,0.0
PIK3R5,True,False,1,NCG,1.0,1,single_source_positive,
OR5J2,False,False,0,,0.0,0,negative_candidate,0.0
TNKS,False,False,0,,0.0,0,negative_candidate,0.0
ADCY9,False,False,0,,0.0,0,negative_candidate,0.0
NHLH1,False,False,0,,0.0,0,negative_candidate,0.0
C4ORF45,False,False,0,,0.0,0,negative_candidate,0.0
SLC17A2,False,False,0,,0.0,0,negative_candidate,0.0
KDM1B,True,False,1,NCG,1.0,1,single_source_positive,
PLEKHF1,False,False,0,,0.0,0,negative_candidate,0.0
CYP4B1,True,False,1,NCG,1.0,1,single_source_positive,
BDKRB1,False,False,0,,0.0,0,negative_candidate,0.0
OR1S1,False,False,0,,0.0,0,negative_candidate,0.0
FAM161B,False,False,0,,0.0,0,negative_candidate,0.0
SRRM4,False,False,0,,0.0,0,negative_candidate,0.0
WDR59,False,False,0,,0.0,0,negative_candidate,0.0
NCK2,False,False,0,,0.0,0,negative_candidate,0.0
ANO10,False,True,1,CIViC,1.0,1,single_source_positive,
UQCRC2,False,False,0,,0.0,0,negative_candidate,0.0
ACSL1,False,False,0,,0.0,0,negative_candidate,0.0
PCDHGA12,False,False,0,,0.0,0,negative_candidate,0.0
SMYD1,False,False,0,,0.0,0,negative_candidate,0.0
TCF23,False,False,0,,0.0,0,negative_candidate,0.0
MBLAC2,False,False,0,,0.0,0,negative_candidate,0.0
SLC26A2,False,False,0,,0.0,0,negative_candidate,0.0
MMP2,False,True,1,CIViC,1.0,1,single_source_positive,
FAAH,False,False,0,,0.0,0,negative_candidate,0.0
KHDRBS3,False,False,0,,0.0,0,negative_candidate,0.0
SNX30,False,False,0,,0.0,0,negative_candidate,0.0
ESYT2,False,False,0,,0.0,0,negative_candidate,0.0
SERPING1,True,False,1,NCG,1.0,1,single_source_positive,
FOXK1,True,False,1,NCG,1.0,1,single_source_positive,
TOPBP1,False,False,0,,0.0,0,negative_candidate,0.0
EDEM2,False,False,0,,0.0,0,negative_candidate,0.0
TM9SF4,False,False,0,,0.0,0,negative_candidate,0.0
RNASEH2B,False,False,0,,0.0,0,negative_candidate,0.0
DLST,False,False,0,,0.0,0,negative_candidate,0.0
PREB,False,False,0,,0.0,0,negative_candidate,0.0
HTR2C,False,False,0,,0.0,0,negative_candidate,0.0
MR1,False,False,0,,0.0,0,negative_candidate,0.0
CYP27A1,False,False,0,,0.0,0,negative_candidate,0.0
BST1,False,False,0,,0.0,0,negative_candidate,0.0
DEFB105A,False,False,0,,0.0,0,negative_candidate,0.0
TCL1B,False,False,0,,0.0,0,negative_candidate,0.0
HTRA1,True,True,2,NCG;CIViC,1.0,1,high_confidence_positive,1.0
STK38L,False,False,0,,0.0,0,negative_candidate,0.0
SENP3,False,False,0,,0.0,0,negative_candidate,0.0
OR2T6,False,False,0,,0.0,0,negative_candidate,0.0
SSC4D,False,False,0,,0.0,0,negative_candidate,0.0
TAS2R10,False,False,0,,0.0,0,negative_candidate,0.0
CETN1,False,False,0,,0.0,0,negative_candidate,0.0
RAD50,False,True,1,CIViC,1.0,1,single_source_positive,
PMPCB,False,False,0,,0.0,0,negative_candidate,0.0
MYO1D,False,False,0,,0.0,0,negative_candidate,0.0
PTGDR,False,False,0,,0.0,0,negative_candidate,0.0
DNAI1,False,False,0,,0.0,0,negative_candidate,0.0
RIPK3,False,False,0,,0.0,0,negative_candidate,0.0
TSC22D2,False,False,0,,0.0,0,negative_candidate,0.0
CSTA,False,False,0,,0.0,0,negative_candidate,0.0
MYO9B,False,False,0,,0.0,0,negative_candidate,0.0
SNRPN,True,False,1,NCG,1.0,1,single_source_positive,
CIITA,True,True,2,NCG;CIViC,1.0,1,high_confidence_positive,1.0
SLC37A2,False,False,0,,0.0,0,negative_candidate,0.0
LCAT,False,False,0,,0.0,0,negative_candidate,0.0
COG2,False,False,0,,0.0,0,negative_candidate,0.0
TYK2,False,True,1,CIViC,1.0,1,single_source_positive,
CD300A,False,False,0,,0.0,0,negative_candidate,0.0
CXORF56,False,False,0,,0.0,0,negative_candidate,0.0
TBL1Y,False,False,0,,0.0,0,negative_candidate,0.0
SHB,False,False,0,,0.0,0,negative_candidate,0.0
VN1R5,False,False,0,,0.0,0,negative_candidate,0.0
OR5T3,False,False,0,,0.0,0,negative_candidate,0.0
SIRT4,True,False,1,NCG,1.0,1,single_source_positive,
RNF113A,False,False,0,,0.0,0,negative_candidate,0.0
KLHL24,False,False,0,,0.0,0,negative_candidate,0.0
FAM9A,False,False,0,,0.0,0,negative_candidate,0.0
TLN1,False,False,0,,0.0,0,negative_candidate,0.0
CIDEC,False,False,0,,0.0,0,negative_candidate,0.0
POLI,False,False,0,,0.0,0,negative_candidate,0.0
SRD5A3,False,False,0,,0.0,0,negative_candidate,0.0
ACAT1,False,False,0,,0.0,0,negative_candidate,0.0
OR7D4,False,False,0,,0.0,0,negative_candidate,0.0
APOL5,False,False,0,,0.0,0,negative_candidate,0.0
GPR4,False,False,0,,0.0,0,negative_candidate,0.0
AKT2,True,True,2,NCG;CIViC,1.0,1,high_confidence_positive,1.0
SNED1,True,False,1,NCG,1.0,1,single_source_positive,
HTRA2,False,False,0,,0.0,0,negative_candidate,0.0
PDE1B,False,False,0,,0.0,0,negative_candidate,0.0
IDH3G,False,False,0,,0.0,0,negative_candidate,0.0
EWSR1,True,True,2,NCG;CIViC,1.0,1,high_confidence_positive,1.0
TBC1D25,False,False,0,,0.0,0,negative_candidate,0.0
VIT,True,False,1,NCG,1.0,1,single_source_positive,
BCL2,True,True,2,NCG;CIViC,1.0,1,high_confidence_positive,1.0
TBX6,False,False,0,,0.0,0,negative_candidate,0.0
KLRK1,False,False,0,,0.0,0,negative_candidate,0.0
PAPSS2,False,False,0,,0.0,0,negative_candidate,0.0
SUPT20HL2,False,False,0,,0.0,0,negative_candidate,0.0
NRDC,False,False,0,,0.0,0,negative_candidate,0.0
SLIT2,True,False,1,NCG,1.0,1,single_source_positive,
CYFIP1,True,False,1,NCG,1.0,1,single_source_positive,
GAA,False,False,0,,0.0,0,negative_candidate,0.0
FRG2,False,False,0,,0.0,0,negative_candidate,0.0
OSGEP,False,False,0,,0.0,0,negative_candidate,0.0
ATP1B4,False,False,0,,0.0,0,negative_candidate,0.0
POLR2A,False,False,0,,0.0,0,negative_candidate,0.0
APOBEC1,False,False,0,,0.0,0,negative_candidate,0.0
AGBL4,False,False,0,,0.0,0,negative_candidate,0.0
VWF,True,False,1,NCG,1.0,1,single_source_positive,
TNXB,False,False,0,,0.0,0,negative_candidate,0.0
ZNF721,False,False,0,,0.0,0,negative_candidate,0.0
GCNT2,False,False,0,,0.0,0,negative_candidate,0.0
CD33,False,False,0,,0.0,0,negative_candidate,0.0
CEP131,False,False,0,,0.0,0,negative_candidate,0.0
STRC,False,False,0,,0.0,0,negative_candidate,0.0
ADGRD1,True,False,1,NCG,1.0,1,single_source_positive,
FAM170A,False,False,0,,0.0,0,negative_candidate,0.0
FBH1,True,False,1,NCG,1.0,1,single_source_positive,
ESRP2,False,False,0,,0.0,0,negative_candidate,0.0
DDX3X,True,True,2,NCG;CIViC,1.0,1,high_confidence_positive,1.0
NDRG3,False,False,0,,0.0,0,negative_candidate,0.0
UNKL,False,False,0,,0.0,0,negative_candidate,0.0
ZPBP,False,False,0,,0.0,0,negative_candidate,0.0
GIPC3,False,False,0,,0.0,0,negative_candidate,0.0
KRT28,False,False,0,,0.0,0,negative_candidate,0.0
PLVAP,False,False,0,,0.0,0,negative_candidate,0.0
PHACTR4,False,False,0,,0.0,0,negative_candidate,0.0
INAVA,False,False,0,,0.0,0,negative_candidate,0.0
GDF3,False,False,0,,0.0,0,negative_candidate,0.0
TRAF7,True,False,1,NCG,1.0,1,single_source_positive,
CCHCR1,False,False,0,,0.0,0,negative_candidate,0.0
TMEM255B,False,False,0,,0.0,0,negative_candidate,0.0
CLCN7,True,False,1,NCG,1.0,1,single_source_positive,
ARRB1,False,False,0,,0.0,0,negative_candidate,0.0
BCL6,True,True,2,NCG;CIViC,1.0,1,high_confidence_positive,1.0
PER2,False,False,0,,0.0,0,negative_candidate,0.0
TMPRSS11B,False,False,0,,0.0,0,negative_candidate,0.0
P4HA2,False,False,0,,0.0,0,negative_candidate,0.0
DDR2,True,True,2,NCG;CIViC,1.0,1,high_confidence_positive,1.0
ATXN2,False,False,0,,0.0,0,negative_candidate,0.0
ZNF501,False,False,0,,0.0,0,negative_candidate,0.0
C1QL4,False,False,0,,0.0,0,negative_candidate,0.0
TXNDC12,False,False,0,,0.0,0,negative_candidate,0.0
PROP1,False,False,0,,0.0,0,negative_candidate,0.0
OLA1,False,False,0,,0.0,0,negative_candidate,0.0
SH3GL3,False,False,0,,0.0,0,negative_candidate,0.0
ZNF165,True,False,1,NCG,1.0,1,single_source_positive,
MTERF2,False,False,0,,0.0,0,negative_candidate,0.0
NES,True,False,1,NCG,1.0,1,single_source_positive,
PDCD7,False,False,0,,0.0,0,negative_candidate,0.0
MTMR3,False,False,0,,0.0,0,negative_candidate,0.0
PROSER3,False,False,0,,0.0,0,negative_candidate,0.0
SAMD14,False,False,0,,0.0,0,negative_candidate,0.0
SLC36A2,False,False,0,,0.0,0,negative_candidate,0.0
RFX3,False,True,1,CIViC,1.0,1,single_source_positive,
STAT5A,False,False,0,,0.0,0,negative_candidate,0.0
MYO1C,False,False,0,,0.0,0,negative_candidate,0.0
NRG2,True,False,1,NCG,1.0,1,single_source_positive,
OR52E4,False,False,0,,0.0,0,negative_candidate,0.0
BRD8,True,False,1,NCG,1.0,1,single_source_positive,
BSDC1,False,False,0,,0.0,0,negative_candidate,0.0
SLC26A1,False,False,0,,0.0,0,negative_candidate,0.0
NDST1,False,False,0,,0.0,0,negative_candidate,0.0
SPARC,False,False,0,,0.0,0,negative_candidate,0.0
RGS5,False,False,0,,0.0,0,negative_candidate,0.0
YARS1,False,False,0,,0.0,0,negative_candidate,0.0
PLAU,False,False,0,,0.0,0,negative_candidate,0.0
CERS5,False,False,0,,0.0,0,negative_candidate,0.0
ADRB2,False,False,0,,0.0,0,negative_candidate,0.0
CD19,False,True,1,CIViC,0.9,1,single_source_positive,
DAGLB,False,False,0,,0.0,0,negative_candidate,0.0
GART,False,False,0,,0.0,0,negative_candidate,0.0
LHX1,False,False,0,,0.0,0,negative_candidate,0.0
STAT2,False,False,0,,0.0,0,negative_candidate,0.0
KDM8,False,False,0,,0.0,0,negative_candidate,0.0
NIPAL2,False,False,0,,0.0,0,negative_candidate,0.0
ERI3,False,False,0,,0.0,0,negative_candidate,0.0
TAS2R60,True,False,1,NCG,1.0,1,single_source_positive,
LYVE1,False,False,0,,0.0,0,negative_candidate,0.0
SFI1,False,False,0,,0.0,0,negative_candidate,0.0
ZNF211,False,False,0,,0.0,0,negative_candidate,0.0
G6PC2,False,False,0,,0.0,0,negative_candidate,0.0
CHD3,True,False,1,NCG,1.0,1,single_source_positive,
ARHGEF15,False,False,0,,0.0,0,negative_candidate,0.0
RFX1,False,False,0,,0.0,0,negative_candidate,0.0
TRAPPC11,False,False,0,,0.0,0,negative_candidate,0.0
BTN3A1,False,False,0,,0.0,0,negative_candidate,0.0
HOXC4,False,False,0,,0.0,0,negative_candidate,0.0
ARMC12,False,False,0,,0.0,0,negative_candidate,0.0
CCND2,True,True,2,NCG;CIViC,1.0,1,high_confidence_positive,1.0
MARK2,True,False,1,NCG,1.0,1,single_source_positive,
CEACAM20,False,False,0,,0.0,0,negative_candidate,0.0
PRAMEF8,False,False,0,,0.0,0,negative_candidate,0.0
ANKRD20A1,False,False,0,,0.0,0,negative_candidate,0.0
ASB6,False,False,0,,0.0,0,negative_candidate,0.0
PRDX1,False,False,0,,0.0,0,negative_candidate,0.0
OR2A5,False,False,0,,0.0,0,negative_candidate,0.0
CCDC17,False,False,0,,0.0,0,negative_candidate,0.0
LDHA,False,False,0,,0.0,0,negative_candidate,0.0
MEIOC,False,False,0,,0.0,0,negative_candidate,0.0
CDON,True,False,1,NCG,1.0,1,single_source_positive,
PRPF8,False,False,0,,0.0,0,negative_candidate,0.0
RAE1,False,False,0,,0.0,0,negative_candidate,0.0
EIF4G1,False,False,0,,0.0,0,negative_candidate,0.0
MFSD1,False,False,0,,0.0,0,negative_candidate,0.0
GLYCTK,False,False,0,,0.0,0,negative_candidate,0.0
FAM189B,False,False,0,,0.0,0,negative_candidate,0.0
IFNL1,False,False,0,,0.0,0,negative_candidate,0.0
DDX42,False,False,0,,0.0,0,negative_candidate,0.0
MAP2K3,True,False,1,NCG,1.0,1,single_source_positive,
RPS6KB1,False,False,0,,0.0,0,negative_candidate,0.0
AATF,False,False,0,,0.0,0,negative_candidate,0.0
PPIL3,False,False,0,,0.0,0,negative_candidate,0.0
ZNF467,False,False,0,,0.0,0,negative_candidate,0.0
PLA2G6,False,False,0,,0.0,0,negative_candidate,0.0
SCRG1,False,False,0,,0.0,0,negative_candidate,0.0
AEBP2,False,False,0,,0.0,0,negative_candidate,0.0
HDGF,False,False,0,,0.0,0,negative_candidate,0.0
OR51Q1,False,False,0,,0.0,0,negative_candidate,0.0
MAD2L1BP,False,False,0,,0.0,0,negative_candidate,0.0
ARMC4,False,False,0,,0.0,0,negative_candidate,0.0
RPS6KA4,False,False,0,,0.0,0,negative_candidate,0.0
PARP12,False,False,0,,0.0,0,negative_candidate,0.0
PSAP,False,False,0,,0.0,0,negative_candidate,0.0
DNAJB2,True,False,1,NCG,1.0,1,single_source_positive,
AP5B1,False,False,0,,0.0,0,negative_candidate,0.0
CRYGS,False,False,0,,0.0,0,negative_candidate,0.0
PTGIR,False,False,0,,0.0,0,negative_candidate,0.0
CHRNA2,False,False,0,,0.0,0,negative_candidate,0.0
DOP1A,False,False,0,,0.0,0,negative_candidate,0.0
DHCR24,False,False,0,,0.0,0,negative_candidate,0.0
FGD3,False,False,0,,0.0,0,negative_candidate,0.0
GNAS,True,True,2,NCG;CIViC,1.0,1,high_confidence_positive,1.0
GPT,False,False,0,,0.0,0,negative_candidate,0.0
BCL2L11,True,True,2,NCG;CIViC,1.0,1,high_confidence_positive,1.0
RBM18,False,False,0,,0.0,0,negative_candidate,0.0
IQGAP1,True,True,2,NCG;CIViC,1.0,1,high_confidence_positive,1.0
CLIP2,True,True,2,NCG;CIViC,1.0,1,high_confidence_positive,1.0
PARP2,True,False,1,NCG,1.0,1,single_source_positive,
PISD,False,False,0,,0.0,0,negative_candidate,0.0
PLD3,False,False,0,,0.0,0,negative_candidate,0.0
GPI,False,False,0,,0.0,0,negative_candidate,0.0
AGAP2,False,False,0,,0.0,0,negative_candidate,0.0
DENND4A,False,False,0,,0.0,0,negative_candidate,0.0
PDGFRA,True,True,2,NCG;CIViC,1.0,1,high_confidence_positive,1.0
UCHL5,True,False,1,NCG,1.0,1,single_source_positive,
TESK1,False,False,0,,0.0,0,negative_candidate,0.0
SUPV3L1,False,False,0,,0.0,0,negative_candidate,0.0
TBC1D8,False,False,0,,0.0,0,negative_candidate,0.0
DYNAP,False,False,0,,0.0,0,negative_candidate,0.0
VPS37A,False,True,1,CIViC,1.0,1,single_source_positive,
MBD3L1,False,False,0,,0.0,0,negative_candidate,0.0
SSH2,False,False,0,,0.0,0,negative_candidate,0.0
PIGR,False,False,0,,0.0,0,negative_candidate,0.0
BFSP1,False,False,0,,0.0,0,negative_candidate,0.0
RMC1,False,False,0,,0.0,0,negative_candidate,0.0
JUP,False,False,0,,0.0,0,negative_candidate,0.0
PAQR7,False,False,0,,0.0,0,negative_candidate,0.0
PRRX1,True,False,1,NCG,1.0,1,single_source_positive,
CNGA2,False,False,0,,0.0,0,negative_candidate,0.0
RPL5,True,False,1,NCG,1.0,1,single_source_positive,
MYO5C,False,False,0,,0.0,0,negative_candidate,0.0
NCALD,False,False,0,,0.0,0,negative_candidate,0.0
PABPC1L,True,False,1,NCG,1.0,1,single_source_positive,
CD38,False,False,0,,0.0,0,negative_candidate,0.0
PITRM1,False,False,0,,0.0,0,negative_candidate,0.0
NUP88,False,False,0,,0.0,0,negative_candidate,0.0
GABRR2,False,False,0,,0.0,0,negative_candidate,0.0
PNMA3,False,False,0,,0.0,0,negative_candidate,0.0
CAMLG,False,False,0,,0.0,0,negative_candidate,0.0
NRG1,True,True,2,NCG;CIViC,1.0,1,high_confidence_positive,1.0
RARA,True,True,2,NCG;CIViC,1.0,1,high_confidence_positive,1.0
HSD17B12,False,False,0,,0.0,0,negative_candidate,0.0
PLPPR5,False,False,0,,0.0,0,negative_candidate,0.0
MMEL1,True,False,1,NCG,1.0,1,single_source_positive,
DDX46,False,False,0,,0.0,0,negative_candidate,0.0
SLTM,False,False,0,,0.0,0,negative_candidate,0.0
SQOR,True,False,1,NCG,1.0,1,single_source_positive,
PHF1,False,False,0,,0.0,0,negative_candidate,0.0
PRAMEF2,False,False,0,,0.0,0,negative_candidate,0.0
SLC24A3,False,False,0,,0.0,0,negative_candidate,0.0
OR5AR1,False,False,0,,0.0,0,negative_candidate,0.0
ST3GAL2,False,False,0,,0.0,0,negative_candidate,0.0
FUBP1,True,True,2,NCG;CIViC,1.0,1,high_confidence_positive,1.0
NEMP1,False,False,0,,0.0,0,negative_candidate,0.0
PCM1,True,True,2,NCG;CIViC,1.0,1,high_confidence_positive,1.0
KRTAP4-2,False,False,0,,0.0,0,negative_candidate,0.0
DHCR7,False,False,0,,0.0,0,negative_candidate,0.0
ICAM2,False,False,0,,0.0,0,negative_candidate,0.0
RAB6C,False,False,0,,0.0,0,negative_candidate,0.0
ZCCHC13,False,False,0,,0.0,0,negative_candidate,0.0
MDM4,True,True,2,NCG;CIViC,1.0,1,high_confidence_positive,1.0
CLVS1,False,False,0,,0.0,0,negative_candidate,0.0
CADPS2,False,False,0,,0.0,0,negative_candidate,0.0
OR4K13,False,False,0,,0.0,0,negative_candidate,0.0
HNRNPUL2,False,False,0,,0.0,0,negative_candidate,0.0
KCNE1,False,False,0,,0.0,0,negative_candidate,0.0
BCAM,False,False,0,,0.0,0,negative_candidate,0.0
CHRNB3,False,False,0,,0.0,0,negative_candidate,0.0
CTH,False,False,0,,0.0,0,negative_candidate,0.0
HS1BP3,True,False,1,NCG,1.0,1,single_source_positive,
MCRS1,True,False,1,NCG,1.0,1,single_source_positive,
PNISR,False,False,0,,0.0,0,negative_candidate,0.0
PTPRM,False,False,0,,0.0,0,negative_candidate,0.0
PIAS4,False,False,0,,0.0,0,negative_candidate,0.0
ZNF777,False,False,0,,0.0,0,negative_candidate,0.0
PYROXD2,False,False,0,,0.0,0,negative_candidate,0.0
CABP4,False,False,0,,0.0,0,negative_candidate,0.0
TM4SF1,False,False,0,,0.0,0,negative_candidate,0.0
FARSA,False,False,0,,0.0,0,negative_candidate,0.0
HIRIP3,False,False,0,,0.0,0,negative_candidate,0.0
MYL4,False,False,0,,0.0,0,negative_candidate,0.0
CROCC,False,False,0,,0.0,0,negative_candidate,0.0
PHLDB3,False,False,0,,0.0,0,negative_candidate,0.0
TBC1D3F,False,False,0,,0.0,0,negative_candidate,0.0
ZNF410,False,False,0,,0.0,0,negative_candidate,0.0
SLC27A4,False,False,0,,0.0,0,negative_candidate,0.0
OR2T33,False,False,0,,0.0,0,negative_candidate,0.0
ABR,False,False,0,,0.0,0,negative_candidate,0.0
DSCC1,False,False,0,,0.0,0,negative_candidate,0.0
TMEM229B,False,False,0,,0.0,0,negative_candidate,0.0
STIMATE,False,False,0,,0.0,0,negative_candidate,0.0
OGFOD1,False,False,0,,0.0,0,negative_candidate,0.0
REP15,False,False,0,,0.0,0,negative_candidate,0.0
TENT5B,False,False,0,,0.0,0,negative_candidate,0.0
KTI12,False,False,0,,0.0,0,negative_candidate,0.0
PI16,False,False,0,,0.0,0,negative_candidate,0.0
HNRNPK,True,False,1,NCG,1.0,1,single_source_positive,
C8ORF76,False,False,0,,0.0,0,negative_candidate,0.0
UBQLN4,False,False,0,,0.0,0,negative_candidate,0.0
OR4N5,False,False,0,,0.0,0,negative_candidate,0.0
OR12D2,False,False,0,,0.0,0,negative_candidate,0.0
CCDC92,False,False,0,,0.0,0,negative_candidate,0.0
CTNNA1,True,False,1,NCG,1.0,1,single_source_positive,
PEX6,False,False,0,,0.0,0,negative_candidate,0.0
SUN5,False,False,0,,0.0,0,negative_candidate,0.0
OR4D9,False,False,0,,0.0,0,negative_candidate,0.0
YTHDC2,False,False,0,,0.0,0,negative_candidate,0.0
CYP2D6,False,True,1,CIViC,1.0,1,single_source_positive,
FBXL12,False,False,0,,0.0,0,negative_candidate,0.0
CHD1,True,False,1,NCG,1.0,1,single_source_positive,
SRPX2,False,False,0,,0.0,0,negative_candidate,0.0
POMC,False,False,0,,0.0,0,negative_candidate,0.0
UNC119B,False,False,0,,0.0,0,negative_candidate,0.0
SRPRA,False,False,0,,0.0,0,negative_candidate,0.0
GNPAT,False,False,0,,0.0,0,negative_candidate,0.0
SF3B1,True,True,2,NCG;CIViC,1.0,1,high_confidence_positive,1.0
RO60,True,False,1,NCG,1.0,1,single_source_positive,
SMG9,False,False,0,,0.0,0,negative_candidate,0.0
ACACB,False,False,0,,0.0,0,negative_candidate,0.0
GPRIN2,True,False,1,NCG,1.0,1,single_source_positive,
GRK2,False,False,0,,0.0,0,negative_candidate,0.0
OR2J3,False,False,0,,0.0,0,negative_candidate,0.0
OR7C2,False,False,0,,0.0,0,negative_candidate,0.0
TERF1,False,False,0,,0.0,0,negative_candidate,0.0
TRIM42,False,False,0,,0.0,0,negative_candidate,0.0
VPS16,False,False,0,,0.0,0,negative_candidate,0.0
CCDC70,False,False,0,,0.0,0,negative_candidate,0.0
ASGR1,False,False,0,,0.0,0,negative_candidate,0.0
SLC24A4,False,False,0,,0.0,0,negative_candidate,0.0
LIMS2,False,False,0,,0.0,0,negative_candidate,0.0
DDI1,False,False,0,,0.0,0,negative_candidate,0.0
SAMM50,True,False,1,NCG,1.0,1,single_source_positive,
KCNK15,False,False,0,,0.0,0,negative_candidate,0.0
MC2R,False,False,0,,0.0,0,negative_candidate,0.0
SHROOM4,False,False,0,,0.0,0,negative_candidate,0.0
ZNF565,False,False,0,,0.0,0,negative_candidate,0.0
NXT2,False,False,0,,0.0,0,negative_candidate,0.0
OR11H1,False,False,0,,0.0,0,negative_candidate,0.0
CGB3,False,False,0,,0.0,0,negative_candidate,0.0
FGF23,False,False,0,,0.0,0,negative_candidate,0.0
NFKB2,True,False,1,NCG,1.0,1,single_source_positive,
CAV3,False,False,0,,0.0,0,negative_candidate,0.0
TMEM196,False,False,0,,0.0,0,negative_candidate,0.0
NUMA1,True,False,1,NCG,1.0,1,single_source_positive,
ZRANB2,False,False,0,,0.0,0,negative_candidate,0.0
OGFOD2,False,False,0,,0.0,0,negative_candidate,0.0
RTF1,False,False,0,,0.0,0,negative_candidate,0.0
RASL11B,False,False,0,,0.0,0,negative_candidate,0.0
TBC1D10A,False,False,0,,0.0,0,negative_candidate,0.0
OR2G6,False,False,0,,0.0,0,negative_candidate,0.0
LAIR1,False,False,0,,0.0,0,negative_candidate,0.0
CCNQ,True,False,1,NCG,1.0,1,single_source_positive,
CLSTN1,False,False,0,,0.0,0,negative_candidate,0.0
OPA1,False,False,0,,0.0,0,negative_candidate,0.0
PLCB2,True,False,1,NCG,1.0,1,single_source_positive,
CORO7,False,False,0,,0.0,0,negative_candidate,0.0
ADAM7,True,False,1,NCG,1.0,1,single_source_positive,
ARHGEF28,False,False,0,,0.0,0,negative_candidate,0.0
ZNF532,False,False,0,,0.0,0,negative_candidate,0.0
LELP1,False,False,0,,0.0,0,negative_candidate,0.0
TKT,False,False,0,,0.0,0,negative_candidate,0.0
HOOK1,False,False,0,,0.0,0,negative_candidate,0.0
SPATA2L,False,False,0,,0.0,0,negative_candidate,0.0
RORA,False,False,0,,0.0,0,negative_candidate,0.0
LRRC47,True,False,1,NCG,1.0,1,single_source_positive,
NR4A1,False,False,0,,0.0,0,negative_candidate,0.0
ADAM32,False,False,0,,0.0,0,negative_candidate,0.0
AGRP,False,False,0,,0.0,0,negative_candidate,0.0
DKC1,False,False,0,,0.0,0,negative_candidate,0.0
APP,False,True,1,CIViC,1.0,1,single_source_positive,
SRPX,True,False,1,NCG,1.0,1,single_source_positive,
CERS4,False,False,0,,0.0,0,negative_candidate,0.0
HOXA10,True,False,1,NCG,1.0,1,single_source_positive,
RBM25,True,False,1,NCG,1.0,1,single_source_positive,
GSN,False,False,0,,0.0,0,negative_candidate,0.0
ZNF311,False,False,0,,0.0,0,negative_candidate,0.0
MEF2D,True,True,2,NCG;CIViC,1.0,1,high_confidence_positive,1.0
NANOS1,True,False,1,NCG,1.0,1,single_source_positive,
RADX,False,False,0,,0.0,0,negative_candidate,0.0
SLC7A13,True,False,1,NCG,1.0,1,single_source_positive,
EHD2,False,False,0,,0.0,0,negative_candidate,0.0
KPNA6,False,False,0,,0.0,0,negative_candidate,0.0
NUP62,False,False,0,,0.0,0,negative_candidate,0.0
DNPEP,False,False,0,,0.0,0,negative_candidate,0.0
CBLL2,False,False,0,,0.0,0,negative_candidate,0.0
CCT2,False,False,0,,0.0,0,negative_candidate,0.0
KRTAP10-6,False,False,0,,0.0,0,negative_candidate,0.0
SLC25A39,False,False,0,,0.0,0,negative_candidate,0.0
CCDC3,False,False,0,,0.0,0,negative_candidate,0.0
KCNK17,False,False,0,,0.0,0,negative_candidate,0.0
DDX17,True,False,1,NCG,1.0,1,single_source_positive,
PPP2R3B,False,False,0,,0.0,0,negative_candidate,0.0
EPB41L2,False,False,0,,0.0,0,negative_candidate,0.0
MYO10,False,False,0,,0.0,0,negative_candidate,0.0
LAMC3,False,False,0,,0.0,0,negative_candidate,0.0
CNOT3,True,False,1,NCG,1.0,1,single_source_positive,
RIMKLB,False,False,0,,0.0,0,negative_candidate,0.0
NANOG,False,False,0,,0.0,0,negative_candidate,0.0
ENGASE,False,False,0,,0.0,0,negative_candidate,0.0
RNF217,True,False,1,NCG,1.0,1,single_source_positive,
KLHL36,False,False,0,,0.0,0,negative_candidate,0.0
COQ5,False,False,0,,0.0,0,negative_candidate,0.0
LRRC59,False,False,0,,0.0,0,negative_candidate,0.0
CALCOCO1,True,False,1,NCG,1.0,1,single_source_positive,
FICD,False,False,0,,0.0,0,negative_candidate,0.0
LDLR,False,False,0,,0.0,0,negative_candidate,0.0
KIF5B,False,True,1,CIViC,1.0,1,single_source_positive,
AKAP5,False,False,0,,0.0,0,negative_candidate,0.0
CHRNA4,False,False,0,,0.0,0,negative_candidate,0.0
SPA17,False,False,0,,0.0,0,negative_candidate,0.0
CLEC4D,False,False,0,,0.0,0,negative_candidate,0.0
TNPO1,True,False,1,NCG,1.0,1,single_source_positive,
LRRTM2,False,False,0,,0.0,0,negative_candidate,0.0
IFITM3,True,False,1,NCG,1.0,1,single_source_positive,
ASAP1,False,False,0,,0.0,0,negative_candidate,0.0
TTC30B,False,False,0,,0.0,0,negative_candidate,0.0
TMEM64,False,False,0,,0.0,0,negative_candidate,0.0
OR2B2,False,False,0,,0.0,0,negative_candidate,0.0
AUH,False,False,0,,0.0,0,negative_candidate,0.0
SRSF2,True,True,2,NCG;CIViC,1.0,1,high_confidence_positive,1.0
C19ORF12,False,False,0,,0.0,0,negative_candidate,0.0
NDUFA8,False,False,0,,0.0,0,negative_candidate,0.0
FAM53B,False,False,0,,0.0,0,negative_candidate,0.0
TRIM60,False,False,0,,0.0,0,negative_candidate,0.0
DNMT1,True,True,2,NCG;CIViC,1.0,1,high_confidence_positive,1.0
NBEAL2,False,False,0,,0.0,0,negative_candidate,0.0
SPATA21,False,False,0,,0.0,0,negative_candidate,0.0
CTHRC1,False,False,0,,0.0,0,negative_candidate,0.0
CALML3,False,False,0,,0.0,0,negative_candidate,0.0
NUDT7,False,False,0,,0.0,0,negative_candidate,0.0
MFSD11,False,False,0,,0.0,0,negative_candidate,0.0
OR9A4,False,False,0,,0.0,0,negative_candidate,0.0
ALDH3A2,False,False,0,,0.0,0,negative_candidate,0.0
ARID3B,True,False,1,NCG,1.0,1,single_source_positive,
FAM50A,True,False,1,NCG,1.0,1,single_source_positive,
ZNF799,False,False,0,,0.0,0,negative_candidate,0.0
GRB7,False,False,0,,0.0,0,negative_candidate,0.0
NDUFA10,False,False,0,,0.0,0,negative_candidate,0.0
U2AF2,True,False,1,NCG,1.0,1,single_source_positive,
FLCN,True,True,2,NCG;CIViC,1.0,1,high_confidence_positive,1.0
MYO19,False,False,0,,0.0,0,negative_candidate,0.0
PFN4,False,False,0,,0.0,0,negative_candidate,0.0
ITGA7,False,False,0,,0.0,0,negative_candidate,0.0
HDAC7,True,False,1,NCG,1.0,1,single_source_positive,
CCDC107,True,False,1,NCG,1.0,1,single_source_positive,
DNAJB13,False,False,0,,0.0,0,negative_candidate,0.0
RADIL,True,False,1,NCG,1.0,1,single_source_positive,
C4ORF17,False,False,0,,0.0,0,negative_candidate,0.0
POU4F2,False,False,0,,0.0,0,negative_candidate,0.0
ZNF710,False,False,0,,0.0,0,negative_candidate,0.0
PRDM7,False,False,0,,0.0,0,negative_candidate,0.0
PBXIP1,False,False,0,,0.0,0,negative_candidate,0.0
CCDC47,False,False,0,,0.0,0,negative_candidate,0.0
C2ORF16,False,False,0,,0.0,0,negative_candidate,0.0
GSAP,False,False,0,,0.0,0,negative_candidate,0.0
QKI,True,True,2,NCG;CIViC,1.0,1,high_confidence_positive,1.0
SLC35F5,False,False,0,,0.0,0,negative_candidate,0.0
MROH8,False,False,0,,0.0,0,negative_candidate,0.0
REXO1,False,False,0,,0.0,0,negative_candidate,0.0
BRCC3,True,False,1,NCG,1.0,1,single_source_positive,
SLC7A2,False,False,0,,0.0,0,negative_candidate,0.0
MYBBP1A,False,False,0,,0.0,0,negative_candidate,0.0
RAB2A,False,False,0,,0.0,0,negative_candidate,0.0
VAMP4,True,False,1,NCG,1.0,1,single_source_positive,
IFNA2,False,False,0,,0.0,0,negative_candidate,0.0
IGKV5-2,False,False,0,,0.0,0,negative_candidate,0.0
F2RL3,False,False,0,,0.0,0,negative_candidate,0.0
GPR132,False,False,0,,0.0,0,negative_candidate,0.0
WDR44,False,False,0,,0.0,0,negative_candidate,0.0
ING4,False,False,0,,0.0,0,negative_candidate,0.0
DRC3,False,False,0,,0.0,0,negative_candidate,0.0
LDHD,False,False,0,,0.0,0,negative_candidate,0.0
HRH2,False,False,0,,0.0,0,negative_candidate,0.0
GZF1,False,False,0,,0.0,0,negative_candidate,0.0
THOC5,True,False,1,NCG,1.0,1,single_source_positive,
SLC4A9,False,False,0,,0.0,0,negative_candidate,0.0
SH3TC1,False,False,0,,0.0,0,negative_candidate,0.0
HEXIM2,False,False,0,,0.0,0,negative_candidate,0.0
SPAM1,True,False,1,NCG,1.0,1,single_source_positive,
OGFRL1,False,False,0,,0.0,0,negative_candidate,0.0
CTDSPL2,False,False,0,,0.0,0,negative_candidate,0.0
PADI6,False,False,0,,0.0,0,negative_candidate,0.0
CSKMT,False,False,0,,0.0,0,negative_candidate,0.0
NCF1,False,False,0,,0.0,0,negative_candidate,0.0
CHRD,False,False,0,,0.0,0,negative_candidate,0.0
LCK,True,False,1,NCG,1.0,1,single_source_positive,
FBLIM1,False,False,0,,0.0,0,negative_candidate,0.0
PLSCR5,False,False,0,,0.0,0,negative_candidate,0.0
GFM1,False,False,0,,0.0,0,negative_candidate,0.0
CAPN2,False,False,0,,0.0,0,negative_candidate,0.0
HTR5A,False,False,0,,0.0,0,negative_candidate,0.0
OR1M1,True,False,1,NCG,1.0,1,single_source_positive,
MEIS1,False,False,0,,0.0,0,negative_candidate,0.0
FLNA,True,False,1,NCG,1.0,1,single_source_positive,
AATK,False,False,0,,0.0,0,negative_candidate,0.0
NBPF11,False,False,0,,0.0,0,negative_candidate,0.0
KRTAP6-1,False,False,0,,0.0,0,negative_candidate,0.0
OPRM1,False,False,0,,0.0,0,negative_candidate,0.0
PSG9,False,False,0,,0.0,0,negative_candidate,0.0
RALGDS,False,False,0,,0.0,0,negative_candidate,0.0
IL10RA,False,False,0,,0.0,0,negative_candidate,0.0
AGBL5,True,False,1,NCG,1.0,1,single_source_positive,
LRIG1,True,False,1,NCG,1.0,1,single_source_positive,
SAP30L,False,False,0,,0.0,0,negative_candidate,0.0
GLRA1,False,False,0,,0.0,0,negative_candidate,0.0
CRY2,False,False,0,,0.0,0,negative_candidate,0.0
PAX6,True,False,1,NCG,1.0,1,single_source_positive,
NHLRC2,False,False,0,,0.0,0,negative_candidate,0.0
EDNRB,True,False,1,NCG,1.0,1,single_source_positive,
PLCD4,False,False,0,,0.0,0,negative_candidate,0.0
GH2,False,False,0,,0.0,0,negative_candidate,0.0
KRTAP24-1,False,False,0,,0.0,0,negative_candidate,0.0
CYLC1,True,False,1,NCG,1.0,1,single_source_positive,
FBLN2,True,False,1,NCG,1.0,1,single_source_positive,
TMEM139,False,False,0,,0.0,0,negative_candidate,0.0
GBX1,False,False,0,,0.0,0,negative_candidate,0.0
PHC1,False,False,0,,0.0,0,negative_candidate,0.0
UPF3A,False,False,0,,0.0,0,negative_candidate,0.0
OGFR,False,False,0,,0.0,0,negative_candidate,0.0
LAT,False,False,0,,0.0,0,negative_candidate,0.0
MTFR1L,True,False,1,NCG,1.0,1,single_source_positive,
GOLGA2,True,False,1,NCG,1.0,1,single_source_positive,
OR8G1,False,False,0,,0.0,0,negative_candidate,0.0
SPATA6L,False,False,0,,0.0,0,negative_candidate,0.0
CNBD2,False,False,0,,0.0,0,negative_candidate,0.0
PRKX,True,False,1,NCG,1.0,1,single_source_positive,
PDE4A,False,False,0,,0.0,0,negative_candidate,0.0
NOL8,False,False,0,,0.0,0,negative_candidate,0.0
SPATA32,False,False,0,,0.0,0,negative_candidate,0.0
BTBD6,False,False,0,,0.0,0,negative_candidate,0.0
WNT3A,False,False,0,,0.0,0,negative_candidate,0.0
AFF1,False,False,0,,0.0,0,negative_candidate,0.0
IDUA,False,False,0,,0.0,0,negative_candidate,0.0
INPP5J,True,False,1,NCG,1.0,1,single_source_positive,
ZNF770,True,False,1,NCG,1.0,1,single_source_positive,
NUMB,True,False,1,NCG,1.0,1,single_source_positive,
ICA1,False,False,0,,0.0,0,negative_candidate,0.0
MROH1,True,False,1,NCG,1.0,1,single_source_positive,
PRSS55,False,False,0,,0.0,0,negative_candidate,0.0
IFNGR1,False,True,1,CIViC,1.0,1,single_source_positive,
UBE2A,True,True,2,NCG;CIViC,1.0,1,high_confidence_positive,1.0
OR56A1,False,False,0,,0.0,0,negative_candidate,0.0
BEST1,False,False,0,,0.0,0,negative_candidate,0.0
PCYOX1L,False,False,0,,0.0,0,negative_candidate,0.0
GTF3C5,False,False,0,,0.0,0,negative_candidate,0.0
SLC27A1,False,False,0,,0.0,0,negative_candidate,0.0
ODF2L,False,False,0,,0.0,0,negative_candidate,0.0
SUPT20HL1,False,False,0,,0.0,0,negative_candidate,0.0
CPNE1,True,False,1,NCG,1.0,1,single_source_positive,
C19ORF47,False,False,0,,0.0,0,negative_candidate,0.0
KLF6,True,False,1,NCG,1.0,1,single_source_positive,
PHYKPL,False,False,0,,0.0,0,negative_candidate,0.0
FKBP9,True,False,1,NCG,1.0,1,single_source_positive,
FAM43B,False,False,0,,0.0,0,negative_candidate,0.0
CXCL12,False,False,0,,0.0,0,negative_candidate,0.0
SLC51A,False,False,0,,0.0,0,negative_candidate,0.0
AHSP,False,False,0,,0.0,0,negative_candidate,0.0
SMU1,True,True,2,NCG;CIViC,1.0,1,high_confidence_positive,1.0
TNS1,False,True,1,CIViC,0.9,1,single_source_positive,
GSTM2,False,False,0,,0.0,0,negative_candidate,0.0
SRSF4,False,False,0,,0.0,0,negative_candidate,0.0
OR10J1,False,False,0,,0.0,0,negative_candidate,0.0
PAX4,False,False,0,,0.0,0,negative_candidate,0.0
MC3R,False,False,0,,0.0,0,negative_candidate,0.0
FGF6,False,False,0,,0.0,0,negative_candidate,0.0
WDTC1,True,False,1,NCG,1.0,1,single_source_positive,
STAC2,False,False,0,,0.0,0,negative_candidate,0.0
ITPK1,False,False,0,,0.0,0,negative_candidate,0.0
CPT2,False,False,0,,0.0,0,negative_candidate,0.0
IGFN1,True,False,1,NCG,1.0,1,single_source_positive,
MYO1F,False,False,0,,0.0,0,negative_candidate,0.0
ACTR1A,False,False,0,,0.0,0,negative_candidate,0.0
CEP43,False,True,1,CIViC,1.0,1,single_source_positive,
ARHGAP28,True,False,1,NCG,1.0,1,single_source_positive,
FAM180A,False,False,0,,0.0,0,negative_candidate,0.0
RHEB,True,True,2,NCG;CIViC,1.0,1,high_confidence_positive,1.0
OR1J1,False,False,0,,0.0,0,negative_candidate,0.0
CD274,True,True,2,NCG;CIViC,1.0,1,high_confidence_positive,1.0
PAXBP1,False,False,0,,0.0,0,negative_candidate,0.0
TMEM150C,False,False,0,,0.0,0,negative_candidate,0.0
NUTM2A,False,True,1,CIViC,1.0,1,single_source_positive,
CYP7A1,False,False,0,,0.0,0,negative_candidate,0.0
TMEM25,False,False,0,,0.0,0,negative_candidate,0.0
LRRC73,False,False,0,,0.0,0,negative_candidate,0.0
EML4,True,True,2,NCG;CIViC,1.0,1,high_confidence_positive,1.0
TRIM39,False,False,0,,0.0,0,negative_candidate,0.0
OR6C75,False,False,0,,0.0,0,negative_candidate,0.0
DNAAF5,True,False,1,NCG,1.0,1,single_source_positive,
OR8B8,False,False,0,,0.0,0,negative_candidate,0.0
TBC1D21,False,False,0,,0.0,0,negative_candidate,0.0
MPL,True,True,2,NCG;CIViC,1.0,1,high_confidence_positive,1.0
CDK5RAP3,False,False,0,,0.0,0,negative_candidate,0.0
TAFA3,False,False,0,,0.0,0,negative_candidate,0.0
ZNF862,False,False,0,,0.0,0,negative_candidate,0.0
FGD4,False,False,0,,0.0,0,negative_candidate,0.0
OR6K2,False,False,0,,0.0,0,negative_candidate,0.0
MVK,False,False,0,,0.0,0,negative_candidate,0.0
TRMT61B,False,False,0,,0.0,0,negative_candidate,0.0
HSPG2,True,False,1,NCG,1.0,1,single_source_positive,
PDLIM2,False,False,0,,0.0,0,negative_candidate,0.0
PRAMEF20,False,False,0,,0.0,0,negative_candidate,0.0
AGER,False,False,0,,0.0,0,negative_candidate,0.0
PRKACA,True,True,2,NCG;CIViC,1.0,1,high_confidence_positive,1.0
PLCD1,True,False,1,NCG,1.0,1,single_source_positive,
F9,False,False,0,,0.0,0,negative_candidate,0.0
ATP11B,False,False,0,,0.0,0,negative_candidate,0.0
DPYSL2,False,False,0,,0.0,0,negative_candidate,0.0
NLRP1,True,False,1,NCG,1.0,1,single_source_positive,
ZDHHC1,False,False,0,,0.0,0,negative_candidate,0.0
TULP3,False,False,0,,0.0,0,negative_candidate,0.0
RBM17,False,False,0,,0.0,0,negative_candidate,0.0
CD177,False,False,0,,0.0,0,negative_candidate,0.0
ARL10,False,False,0,,0.0,0,negative_candidate,0.0
GATA1,True,True,2,NCG;CIViC,1.0,1,high_confidence_positive,1.0
CAPN10,False,False,0,,0.0,0,negative_candidate,0.0
GRK5,False,False,0,,0.0,0,negative_candidate,0.0
ASAH1,False,False,0,,0.0,0,negative_candidate,0.0
MAP3K12,True,False,1,NCG,1.0,1,single_source_positive,
CHPF,False,False,0,,0.0,0,negative_candidate,0.0
CD2BP2,True,False,1,NCG,1.0,1,single_source_positive,
SCRN2,False,False,0,,0.0,0,negative_candidate,0.0
PTX3,True,False,1,NCG,1.0,1,single_source_positive,
EXOSC10,False,False,0,,0.0,0,negative_candidate,0.0
SLC7A6,True,False,1,NCG,1.0,1,single_source_positive,
KRT26,False,False,0,,0.0,0,negative_candidate,0.0
OTUD6A,False,False,0,,0.0,0,negative_candidate,0.0
MPI,False,False,0,,0.0,0,negative_candidate,0.0
OR8I2,False,False,0,,0.0,0,negative_candidate,0.0
BAP1,True,True,2,NCG;CIViC,1.0,1,high_confidence_positive,1.0
OR8D2,False,False,0,,0.0,0,negative_candidate,0.0
GLYR1,True,False,1,NCG,1.0,1,single_source_positive,
ZNF705A,False,False,0,,0.0,0,negative_candidate,0.0
CDCA5,False,False,0,,0.0,0,negative_candidate,0.0
COG5,False,False,0,,0.0,0,negative_candidate,0.0
OR8H3,False,False,0,,0.0,0,negative_candidate,0.0
SZT2,False,False,0,,0.0,0,negative_candidate,0.0
SCP2D1,False,False,0,,0.0,0,negative_candidate,0.0
MICB,False,False,0,,0.0,0,negative_candidate,0.0
DEK,True,True,2,NCG;CIViC,1.0,1,high_confidence_positive,1.0
TBKBP1,True,False,1,NCG,1.0,1,single_source_positive,
RGL2,False,False,0,,0.0,0,negative_candidate,0.0
LYZL6,False,False,0,,0.0,0,negative_candidate,0.0
OR2M5,False,False,0,,0.0,0,negative_candidate,0.0
MRPL22,False,False,0,,0.0,0,negative_candidate,0.0
ACSBG2,False,False,0,,0.0,0,negative_candidate,0.0
PDGFRB,True,True,2,NCG;CIViC,1.0,1,high_confidence_positive,1.0
OXCT1,False,False,0,,0.0,0,negative_candidate,0.0
OR4A47,False,False,0,,0.0,0,negative_candidate,0.0
MPHOSPH8,False,False,0,,0.0,0,negative_candidate,0.0
FMNL3,True,False,1,NCG,1.0,1,single_source_positive,
NBR1,False,False,0,,0.0,0,negative_candidate,0.0
ULBP3,False,False,0,,0.0,0,negative_candidate,0.0
TAS2R39,False,False,0,,0.0,0,negative_candidate,0.0
PRKAR2B,True,False,1,NCG,1.0,1,single_source_positive,
RNASE3,False,False,0,,0.0,0,negative_candidate,0.0
MVB12A,False,False,0,,0.0,0,negative_candidate,0.0
TMIGD1,False,False,0,,0.0,0,negative_candidate,0.0
GABRA6,True,False,1,NCG,1.0,1,single_source_positive,
CDC40,False,False,0,,0.0,0,negative_candidate,0.0
USF2,False,False,0,,0.0,0,negative_candidate,0.0
OR6C74,False,False,0,,0.0,0,negative_candidate,0.0
ITPRIP,False,False,0,,0.0,0,negative_candidate,0.0
OR1I1,False,False,0,,0.0,0,negative_candidate,0.0
CARM1,False,False,0,,0.0,0,negative_candidate,0.0
ARHGAP10,False,False,0,,0.0,0,negative_candidate,0.0
PID1,False,False,0,,0.0,0,negative_candidate,0.0
CD4,False,False,0,,0.0,0,negative_candidate,0.0
ZDHHC24,False,False,0,,0.0,0,negative_candidate,0.0
KIAA0408,False,False,0,,0.0,0,negative_candidate,0.0
TEX37,False,False,0,,0.0,0,negative_candidate,0.0
IGHA1,False,True,1,CIViC,0.9,1,single_source_positive,
SBK2,False,False,0,,0.0,0,negative_candidate,0.0
MRPL35,False,False,0,,0.0,0,negative_candidate,0.0
CYTH1,False,False,0,,0.0,0,negative_candidate,0.0
PDE4B,False,False,0,,0.0,0,negative_candidate,0.0
FLYWCH1,True,False,1,NCG,1.0,1,single_source_positive,
TNS2,False,False,0,,0.0,0,negative_candidate,0.0
SLC25A11,False,False,0,,0.0,0,negative_candidate,0.0
PPT2,False,False,0,,0.0,0,negative_candidate,0.0
ALPI,False,False,0,,0.0,0,negative_candidate,0.0
ADPRHL1,False,False,0,,0.0,0,negative_candidate,0.0
PLEKHA4,False,False,0,,0.0,0,negative_candidate,0.0
DAOA,False,False,0,,0.0,0,negative_candidate,0.0
IL4R,True,True,2,NCG;CIViC,1.0,1,high_confidence_positive,1.0
NSD2,True,True,2,NCG;CIViC,1.0,1,high_confidence_positive,1.0
RFPL1,False,False,0,,0.0,0,negative_candidate,0.0
MOGS,False,False,0,,0.0,0,negative_candidate,0.0
FAM222B,False,False,0,,0.0,0,negative_candidate,0.0
PITPNM2,True,False,1,NCG,1.0,1,single_source_positive,
KCNA6,True,False,1,NCG,1.0,1,single_source_positive,
OR2AK2,False,False,0,,0.0,0,negative_candidate,0.0
PRICKLE3,False,False,0,,0.0,0,negative_candidate,0.0
ATP1B2,False,False,0,,0.0,0,negative_candidate,0.0
KRTCAP2,False,False,0,,0.0,0,negative_candidate,0.0
MSRB3,False,False,0,,0.0,0,negative_candidate,0.0
GPR82,False,False,0,,0.0,0,negative_candidate,0.0
ABI3,True,False,1,NCG,1.0,1,single_source_positive,
MRS2,False,False,0,,0.0,0,negative_candidate,0.0
TCOF1,False,False,0,,0.0,0,negative_candidate,0.0
DEF6,False,False,0,,0.0,0,negative_candidate,0.0
TMEM159,False,False,0,,0.0,0,negative_candidate,0.0
TYW3,False,False,0,,0.0,0,negative_candidate,0.0
SLC29A1,False,True,1,CIViC,1.0,1,single_source_positive,
OR2T11,False,False,0,,0.0,0,negative_candidate,0.0
AFMID,True,False,1,NCG,1.0,1,single_source_positive,
CCR1,False,False,0,,0.0,0,negative_candidate,0.0
AGRN,False,False,0,,0.0,0,negative_candidate,0.0
ACTA1,False,True,1,CIViC,1.0,1,single_source_positive,
KCNMB4,False,False,0,,0.0,0,negative_candidate,0.0
OR10G4,False,False,0,,0.0,0,negative_candidate,0.0
C12ORF50,False,False,0,,0.0,0,negative_candidate,0.0
SF3B3,True,False,1,NCG,1.0,1,single_source_positive,
RTL1,False,False,0,,0.0,0,negative_candidate,0.0
ROPN1,False,False,0,,0.0,0,negative_candidate,0.0
PEX10,False,False,0,,0.0,0,negative_candidate,0.0
PRKCH,False,False,0,,0.0,0,negative_candidate,0.0
PCOLCE,False,False,0,,0.0,0,negative_candidate,0.0
EIF4G2,False,False,0,,0.0,0,negative_candidate,0.0
OR10G8,False,False,0,,0.0,0,negative_candidate,0.0
ZNF408,False,False,0,,0.0,0,negative_candidate,0.0
ABCF3,False,False,0,,0.0,0,negative_candidate,0.0
LAMA5,False,False,0,,0.0,0,negative_candidate,0.0
SLC38A10,False,False,0,,0.0,0,negative_candidate,0.0
ZNF688,False,False,0,,0.0,0,negative_candidate,0.0
TCF21,True,False,1,NCG,1.0,1,single_source_positive,
KRTAP6-2,False,False,0,,0.0,0,negative_candidate,0.0
TM4SF4,False,False,0,,0.0,0,negative_candidate,0.0
OR1A1,False,False,0,,0.0,0,negative_candidate,0.0
IFIT1B,False,False,0,,0.0,0,negative_candidate,0.0
PRSS37,False,False,0,,0.0,0,negative_candidate,0.0
CBWD1,False,False,0,,0.0,0,negative_candidate,0.0
SFSWAP,False,False,0,,0.0,0,negative_candidate,0.0
SPINK7,False,False,0,,0.0,0,negative_candidate,0.0
TRAK1,True,False,1,NCG,1.0,1,single_source_positive,
GARRE1,False,False,0,,0.0,0,negative_candidate,0.0
ACTL9,False,False,0,,0.0,0,negative_candidate,0.0
MTARC2,False,False,0,,0.0,0,negative_candidate,0.0
PCNX3,False,False,0,,0.0,0,negative_candidate,0.0
DHRS7,False,False,0,,0.0,0,negative_candidate,0.0
PSMA6,False,False,0,,0.0,0,negative_candidate,0.0
NFATC2IP,False,False,0,,0.0,0,negative_candidate,0.0
AP3S1,False,False,0,,0.0,0,negative_candidate,0.0
SAMD12,False,False,0,,0.0,0,negative_candidate,0.0
BCAR3,False,False,0,,0.0,0,negative_candidate,0.0
DAXX,True,False,1,NCG,1.0,1,single_source_positive,
ARHGEF2,False,True,1,CIViC,0.9,1,single_source_positive,
CPNE2,False,False,0,,0.0,0,negative_candidate,0.0
DPP9,False,False,0,,0.0,0,negative_candidate,0.0
PIK3R6,True,False,1,NCG,1.0,1,single_source_positive,
FAM76A,False,False,0,,0.0,0,negative_candidate,0.0
MARS1,False,False,0,,0.0,0,negative_candidate,0.0
DDX18,True,False,1,NCG,1.0,1,single_source_positive,
PENK,False,False,0,,0.0,0,negative_candidate,0.0
SPINK4,False,False,0,,0.0,0,negative_candidate,0.0
IFI27L1,False,False,0,,0.0,0,negative_candidate,0.0
PSTPIP2,False,False,0,,0.0,0,negative_candidate,0.0
COLQ,False,False,0,,0.0,0,negative_candidate,0.0
LAYN,False,False,0,,0.0,0,negative_candidate,0.0
OR5L2,False,False,0,,0.0,0,negative_candidate,0.0
CORO2B,False,False,0,,0.0,0,negative_candidate,0.0
LRRC71,False,True,1,CIViC,0.9,1,single_source_positive,
KRTAP5-5,True,False,1,NCG,1.0,1,single_source_positive,
DCAF8,False,False,0,,0.0,0,negative_candidate,0.0
RAI1,False,False,0,,0.0,0,negative_candidate,0.0
ACVRL1,False,False,0,,0.0,0,negative_candidate,0.0
OR4D5,False,False,0,,0.0,0,negative_candidate,0.0
HPS5,False,False,0,,0.0,0,negative_candidate,0.0
RAB8B,False,False,0,,0.0,0,negative_candidate,0.0
ARVCF,False,False,0,,0.0,0,negative_candidate,0.0
KAT8,False,False,0,,0.0,0,negative_candidate,0.0
OR6K6,False,False,0,,0.0,0,negative_candidate,0.0
NDUFAF3,False,False,0,,0.0,0,negative_candidate,0.0
QSOX1,False,False,0,,0.0,0,negative_candidate,0.0
NCL,False,False,0,,0.0,0,negative_candidate,0.0
CD72,False,True,1,CIViC,1.0,1,single_source_positive,
OR4K17,True,False,1,NCG,1.0,1,single_source_positive,
KRTAP15-1,False,False,0,,0.0,0,negative_candidate,0.0
OR1L3,False,False,0,,0.0,0,negative_candidate,0.0
PTGS1,True,False,1,NCG,1.0,1,single_source_positive,
WNT8A,False,False,0,,0.0,0,negative_candidate,0.0
BTBD11,True,False,1,NCG,1.0,1,single_source_positive,
LHFPL5,False,False,0,,0.0,0,negative_candidate,0.0
USP11,False,False,0,,0.0,0,negative_candidate,0.0
STK3,False,False,0,,0.0,0,negative_candidate,0.0
FOXL2,True,True,2,NCG;CIViC,1.0,1,high_confidence_positive,1.0
DDR1,False,False,0,,0.0,0,negative_candidate,0.0
C11ORF1,False,False,0,,0.0,0,negative_candidate,0.0
IFT140,True,False,1,NCG,1.0,1,single_source_positive,
CALR3,False,False,0,,0.0,0,negative_candidate,0.0
OR5AS1,False,False,0,,0.0,0,negative_candidate,0.0
ALX3,False,False,0,,0.0,0,negative_candidate,0.0
OR6Y1,False,False,0,,0.0,0,negative_candidate,0.0
MMRN2,False,False,0,,0.0,0,negative_candidate,0.0
BDKRB2,False,False,0,,0.0,0,negative_candidate,0.0
RNFT2,False,False,0,,0.0,0,negative_candidate,0.0
NPFFR1,False,False,0,,0.0,0,negative_candidate,0.0
PITPNM1,False,False,0,,0.0,0,negative_candidate,0.0
SPG7,False,False,0,,0.0,0,negative_candidate,0.0
GNAT1,True,False,1,NCG,1.0,1,single_source_positive,
NOX3,False,False,0,,0.0,0,negative_candidate,0.0
OR4D6,False,False,0,,0.0,0,negative_candidate,0.0
ITGB1,False,False,0,,0.0,0,negative_candidate,0.0
CORO6,False,False,0,,0.0,0,negative_candidate,0.0
ANKDD1A,False,False,0,,0.0,0,negative_candidate,0.0
RBBP7,False,False,0,,0.0,0,negative_candidate,0.0
SLC47A1,False,False,0,,0.0,0,negative_candidate,0.0
KIF2A,False,False,0,,0.0,0,negative_candidate,0.0
PCED1B,True,False,1,NCG,1.0,1,single_source_positive,
RAVER2,False,False,0,,0.0,0,negative_candidate,0.0
WRAP73,True,False,1,NCG,1.0,1,single_source_positive,
BRD9,False,False,0,,0.0,0,negative_candidate,0.0
SLC40A1,False,False,0,,0.0,0,negative_candidate,0.0
SLC38A5,False,False,0,,0.0,0,negative_candidate,0.0
TBC1D17,False,False,0,,0.0,0,negative_candidate,0.0
DDX19B,False,False,0,,0.0,0,negative_candidate,0.0
CPSF7,False,False,0,,0.0,0,negative_candidate,0.0
RHOT1,False,False,0,,0.0,0,negative_candidate,0.0
CPOX,False,False,0,,0.0,0,negative_candidate,0.0
ZNF124,False,False,0,,0.0,0,negative_candidate,0.0
POM121L12,False,False,0,,0.0,0,negative_candidate,0.0
C1ORF56,False,False,0,,0.0,0,negative_candidate,0.0
EGLN2,False,False,0,,0.0,0,negative_candidate,0.0
DOC2A,False,False,0,,0.0,0,negative_candidate,0.0
ART3,False,False,0,,0.0,0,negative_candidate,0.0
TOMM20L,False,False,0,,0.0,0,negative_candidate,0.0
EIF4B,False,False,0,,0.0,0,negative_candidate,0.0
SSX7,False,False,0,,0.0,0,negative_candidate,0.0
HOXD12,False,False,0,,0.0,0,negative_candidate,0.0
AFM,True,False,1,NCG,1.0,1,single_source_positive,
NFS1,False,False,0,,0.0,0,negative_candidate,0.0
GSE1,False,False,0,,0.0,0,negative_candidate,0.0
GPR61,False,False,0,,0.0,0,negative_candidate,0.0
EPS15L1,False,False,0,,0.0,0,negative_candidate,0.0
SATL1,False,False,0,,0.0,0,negative_candidate,0.0
LRIT1,False,False,0,,0.0,0,negative_candidate,0.0
FAM155B,False,False,0,,0.0,0,negative_candidate,0.0
NCOR2,True,False,1,NCG,1.0,1,single_source_positive,
PLTP,False,False,0,,0.0,0,negative_candidate,0.0
APPL1,False,False,0,,0.0,0,negative_candidate,0.0
AP2M1,False,False,0,,0.0,0,negative_candidate,0.0
PSORS1C1,False,False,0,,0.0,0,negative_candidate,0.0
CHRM5,True,False,1,NCG,1.0,1,single_source_positive,
KAT6A,True,True,2,NCG;CIViC,1.0,1,high_confidence_positive,1.0
GPR183,True,False,1,NCG,1.0,1,single_source_positive,
MSRA,False,False,0,,0.0,0,negative_candidate,0.0
GLG1,False,False,0,,0.0,0,negative_candidate,0.0
AP1B1,True,False,1,NCG,1.0,1,single_source_positive,
AZU1,False,False,0,,0.0,0,negative_candidate,0.0
RAB24,False,False,0,,0.0,0,negative_candidate,0.0
OR2A4,False,False,0,,0.0,0,negative_candidate,0.0
OR1S2,False,False,0,,0.0,0,negative_candidate,0.0
ZNF641,False,False,0,,0.0,0,negative_candidate,0.0
MAP2K5,False,False,0,,0.0,0,negative_candidate,0.0
RCBTB1,False,False,0,,0.0,0,negative_candidate,0.0
ZBED8,False,False,0,,0.0,0,negative_candidate,0.0
CD300LG,False,False,0,,0.0,0,negative_candidate,0.0
S100A7A,True,False,1,NCG,1.0,1,single_source_positive,
CLMN,False,False,0,,0.0,0,negative_candidate,0.0
AQR,False,False,0,,0.0,0,negative_candidate,0.0
PNKP,False,False,0,,0.0,0,negative_candidate,0.0
ATP1A2,False,False,0,,0.0,0,negative_candidate,0.0
INPP4A,True,False,1,NCG,1.0,1,single_source_positive,
JADE1,False,False,0,,0.0,0,negative_candidate,0.0
IFI44,False,False,0,,0.0,0,negative_candidate,0.0
LEXM,False,False,0,,0.0,0,negative_candidate,0.0
HNRNPLL,False,False,0,,0.0,0,negative_candidate,0.0
THOC6,True,False,1,NCG,1.0,1,single_source_positive,
OR13G1,False,False,0,,0.0,0,negative_candidate,0.0
FCGR3A,True,True,2,NCG;CIViC,1.0,1,high_confidence_positive,1.0
CPPED1,False,False,0,,0.0,0,negative_candidate,0.0
RTP4,False,False,0,,0.0,0,negative_candidate,0.0
CFB,False,False,0,,0.0,0,negative_candidate,0.0
TUBGCP2,False,False,0,,0.0,0,negative_candidate,0.0
TPPP,False,False,0,,0.0,0,negative_candidate,0.0
BMERB1,False,False,0,,0.0,0,negative_candidate,0.0
KRTAP19-1,False,False,0,,0.0,0,negative_candidate,0.0
GAS1,False,False,0,,0.0,0,negative_candidate,0.0
SH3PXD2B,False,False,0,,0.0,0,negative_candidate,0.0
ZNF175,False,False,0,,0.0,0,negative_candidate,0.0
HTR4,False,False,0,,0.0,0,negative_candidate,0.0
ROGDI,False,False,0,,0.0,0,negative_candidate,0.0
SLC17A7,False,False,0,,0.0,0,negative_candidate,0.0
HLA-DRA,False,True,1,CIViC,1.0,1,single_source_positive,
TRABD2A,False,False,0,,0.0,0,negative_candidate,0.0
MTA3,False,False,0,,0.0,0,negative_candidate,0.0
MARCHF1,False,False,0,,0.0,0,negative_candidate,0.0
TSC1,True,True,2,NCG;CIViC,1.0,1,high_confidence_positive,1.0
OR6C6,False,False,0,,0.0,0,negative_candidate,0.0
PSD4,False,False,0,,0.0,0,negative_candidate,0.0
CD36,True,False,1,NCG,1.0,1,single_source_positive,
SH3D19,False,False,0,,0.0,0,negative_candidate,0.0
IGKV3-20,False,False,0,,0.0,0,negative_candidate,0.0
EPM2AIP1,False,False,0,,0.0,0,negative_candidate,0.0
ZFP36,False,False,0,,0.0,0,negative_candidate,0.0
VSIG10,False,False,0,,0.0,0,negative_candidate,0.0
EIF2B3,False,False,0,,0.0,0,negative_candidate,0.0
NOMO1,False,False,0,,0.0,0,negative_candidate,0.0
RBM5,False,False,0,,0.0,0,negative_candidate,0.0
MLXIP,False,False,0,,0.0,0,negative_candidate,0.0
BCL2L2-PABPN1,False,False,0,,0.0,0,negative_candidate,0.0
SMTN,True,False,1,NCG,1.0,1,single_source_positive,
NFKBIZ,True,True,2,NCG;CIViC,1.0,1,high_confidence_positive,1.0
ZBTB32,False,False,0,,0.0,0,negative_candidate,0.0
ZBTB38,False,False,0,,0.0,0,negative_candidate,0.0
SEMG2,True,False,1,NCG,1.0,1,single_source_positive,
CHKA,False,False,0,,0.0,0,negative_candidate,0.0
PPIL2,False,False,0,,0.0,0,negative_candidate,0.0
DUSP8,False,False,0,,0.0,0,negative_candidate,0.0
SH2B2,False,False,0,,0.0,0,negative_candidate,0.0
STXBP6,False,False,0,,0.0,0,negative_candidate,0.0
CYP3A7,False,False,0,,0.0,0,negative_candidate,0.0
PLP1,False,False,0,,0.0,0,negative_candidate,0.0
KCNA10,False,False,0,,0.0,0,negative_candidate,0.0
IRF9,False,False,0,,0.0,0,negative_candidate,0.0
ACAD10,False,False,0,,0.0,0,negative_candidate,0.0
LPCAT2,False,False,0,,0.0,0,negative_candidate,0.0
KHSRP,True,False,1,NCG,1.0,1,single_source_positive,
QTRT2,False,False,0,,0.0,0,negative_candidate,0.0
RACK1,False,False,0,,0.0,0,negative_candidate,0.0
NFIX,False,False,0,,0.0,0,negative_candidate,0.0
ECE1,False,False,0,,0.0,0,negative_candidate,0.0
SIRT1,False,True,1,CIViC,1.0,1,single_source_positive,
DENND1C,False,False,0,,0.0,0,negative_candidate,0.0
NISCH,False,False,0,,0.0,0,negative_candidate,0.0
OR11H12,False,False,0,,0.0,0,negative_candidate,0.0
FAM189A2,False,False,0,,0.0,0,negative_candidate,0.0
OR13C2,False,False,0,,0.0,0,negative_candidate,0.0
EIF4A2,True,False,1,NCG,1.0,1,single_source_positive,
ZNF385B,False,False,0,,0.0,0,negative_candidate,0.0
ORC3,False,False,0,,0.0,0,negative_candidate,0.0
IGHV3-49,False,False,0,,0.0,0,negative_candidate,0.0
SNAPC4,False,False,0,,0.0,0,negative_candidate,0.0
CRBN,True,True,2,NCG;CIViC,1.0,1,high_confidence_positive,1.0
TUBB4B,False,False,0,,0.0,0,negative_candidate,0.0
FUNDC2,False,False,0,,0.0,0,negative_candidate,0.0
PCED1A,False,False,0,,0.0,0,negative_candidate,0.0
NUDT11,True,False,1,NCG,1.0,1,single_source_positive,
RUNDC3A,False,False,0,,0.0,0,negative_candidate,0.0
MAF,True,False,1,NCG,1.0,1,single_source_positive,
ZC3H3,False,False,0,,0.0,0,negative_candidate,0.0
KRTAP10-7,False,False,0,,0.0,0,negative_candidate,0.0
SCAF1,False,False,0,,0.0,0,negative_candidate,0.0
SHLD2,False,False,0,,0.0,0,negative_candidate,0.0
OR51T1,False,False,0,,0.0,0,negative_candidate,0.0
GSK3B,False,False,0,,0.0,0,negative_candidate,0.0
OSTN,False,False,0,,0.0,0,negative_candidate,0.0
SPG11,False,False,0,,0.0,0,negative_candidate,0.0
FDPS,False,False,0,,0.0,0,negative_candidate,0.0
TIMP3,False,False,0,,0.0,0,negative_candidate,0.0
TRPC7,True,False,1,NCG,1.0,1,single_source_positive,
SURF4,False,False,0,,0.0,0,negative_candidate,0.0
PLSCR4,True,False,1,NCG,1.0,1,single_source_positive,
SP7,False,False,0,,0.0,0,negative_candidate,0.0
DCUN1D2,False,False,0,,0.0,0,negative_candidate,0.0
USP53,False,False,0,,0.0,0,negative_candidate,0.0
YY1AP1,False,False,0,,0.0,0,negative_candidate,0.0
RFX2,False,False,0,,0.0,0,negative_candidate,0.0
SART3,False,False,0,,0.0,0,negative_candidate,0.0
CES1,False,False,0,,0.0,0,negative_candidate,0.0
AKAP4,False,False,0,,0.0,0,negative_candidate,0.0
USP20,False,False,0,,0.0,0,negative_candidate,0.0
OR52W1,False,False,0,,0.0,0,negative_candidate,0.0
FAM221B,True,False,1,NCG,1.0,1,single_source_positive,
WSCD1,False,False,0,,0.0,0,negative_candidate,0.0
RSPH4A,False,False,0,,0.0,0,negative_candidate,0.0
NDUFB11,False,False,0,,0.0,0,negative_candidate,0.0
BCAP31,False,False,0,,0.0,0,negative_candidate,0.0
CLIC1,False,False,0,,0.0,0,negative_candidate,0.0
NIBAN2,False,False,0,,0.0,0,negative_candidate,0.0
ABLIM2,True,False,1,NCG,1.0,1,single_source_positive,
KRTAP10-10,False,False,0,,0.0,0,negative_candidate,0.0
AQP3,False,False,0,,0.0,0,negative_candidate,0.0
FAM102A,False,False,0,,0.0,0,negative_candidate,0.0
DUSP29,False,False,0,,0.0,0,negative_candidate,0.0
DLG1,False,False,0,,0.0,0,negative_candidate,0.0
ARHGAP9,False,False,0,,0.0,0,negative_candidate,0.0
IFFO1,False,False,0,,0.0,0,negative_candidate,0.0
EEF1E1,False,False,0,,0.0,0,negative_candidate,0.0
CRTAC1,False,False,0,,0.0,0,negative_candidate,0.0
MOCS1,False,False,0,,0.0,0,negative_candidate,0.0
OR51V1,False,False,0,,0.0,0,negative_candidate,0.0
PRSS27,False,False,0,,0.0,0,negative_candidate,0.0
CST9L,False,False,0,,0.0,0,negative_candidate,0.0
CREB3L3,True,False,1,NCG,1.0,1,single_source_positive,
THRSP,False,False,0,,0.0,0,negative_candidate,0.0
GDF2,False,False,0,,0.0,0,negative_candidate,0.0
SRRM1,False,False,0,,0.0,0,negative_candidate,0.0
KRTAP13-4,False,False,0,,0.0,0,negative_candidate,0.0
H2AP,False,False,0,,0.0,0,negative_candidate,0.0
OR5D16,False,False,0,,0.0,0,negative_candidate,0.0
IGLV5-52,False,False,0,,0.0,0,negative_candidate,0.0
C22ORF15,False,False,0,,0.0,0,negative_candidate,0.0
SLC35G5,False,False,0,,0.0,0,negative_candidate,0.0
TNFAIP3,True,True,2,NCG;CIViC,1.0,1,high_confidence_positive,1.0
OR8K1,True,False,1,NCG,1.0,1,single_source_positive,
HOXA4,False,False,0,,0.0,0,negative_candidate,0.0
DTX2,False,False,0,,0.0,0,negative_candidate,0.0
TMEM273,False,False,0,,0.0,0,negative_candidate,0.0
RASGRP4,False,False,0,,0.0,0,negative_candidate,0.0
ANAPC5,False,False,0,,0.0,0,negative_candidate,0.0
CCT8L2,True,False,1,NCG,1.0,1,single_source_positive,
MCCC1,False,False,0,,0.0,0,negative_candidate,0.0
TAS1R2,False,False,0,,0.0,0,negative_candidate,0.0
SLC17A4,False,False,0,,0.0,0,negative_candidate,0.0
SKP1,False,False,0,,0.0,0,negative_candidate,0.0
SNX18,False,False,0,,0.0,0,negative_candidate,0.0
HMX2,False,False,0,,0.0,0,negative_candidate,0.0
OR8D1,False,False,0,,0.0,0,negative_candidate,0.0
GPR25,False,False,0,,0.0,0,negative_candidate,0.0
OR6C4,False,False,0,,0.0,0,negative_candidate,0.0
USP4,False,False,0,,0.0,0,negative_candidate,0.0
PIAS3,False,False,0,,0.0,0,negative_candidate,0.0
POLD2,False,False,0,,0.0,0,negative_candidate,0.0
PRPSAP1,False,False,0,,0.0,0,negative_candidate,0.0
TRIM22,False,False,0,,0.0,0,negative_candidate,0.0
ARMCX1,False,False,0,,0.0,0,negative_candidate,0.0
POU3F4,False,False,0,,0.0,0,negative_candidate,0.0
CD14,False,False,0,,0.0,0,negative_candidate,0.0
PDZK1,False,False,0,,0.0,0,negative_candidate,0.0
GDI1,False,False,0,,0.0,0,negative_candidate,0.0
JUN,True,True,2,NCG;CIViC,1.0,1,high_confidence_positive,1.0
CLN6,False,False,0,,0.0,0,negative_candidate,0.0
PIGW,False,False,0,,0.0,0,negative_candidate,0.0
CFAP45,True,False,1,NCG,1.0,1,single_source_positive,
OR9Q1,False,False,0,,0.0,0,negative_candidate,0.0
LAS1L,False,False,0,,0.0,0,negative_candidate,0.0
CD46,False,False,0,,0.0,0,negative_candidate,0.0
PIGT,True,False,1,NCG,1.0,1,single_source_positive,
PCDHA1,False,False,0,,0.0,0,negative_candidate,0.0
PDIA6,False,False,0,,0.0,0,negative_candidate,0.0
KRTAP6-3,False,False,0,,0.0,0,negative_candidate,0.0
ARL6IP1,False,False,0,,0.0,0,negative_candidate,0.0
AMH,False,False,0,,0.0,0,negative_candidate,0.0
SLC35B1,False,False,0,,0.0,0,negative_candidate,0.0
CFAP298-TCP10L,False,False,0,,0.0,0,negative_candidate,0.0
TOGARAM2,False,False,0,,0.0,0,negative_candidate,0.0
ALDH6A1,False,False,0,,0.0,0,negative_candidate,0.0
AIPL1,False,False,0,,0.0,0,negative_candidate,0.0
OR13F1,False,False,0,,0.0,0,negative_candidate,0.0
PARN,False,False,0,,0.0,0,negative_candidate,0.0
SLC23A2,False,False,0,,0.0,0,negative_candidate,0.0
GALNT18,False,False,0,,0.0,0,negative_candidate,0.0
PHB,False,False,0,,0.0,0,negative_candidate,0.0
MINK1,False,False,0,,0.0,0,negative_candidate,0.0
HUS1B,False,False,0,,0.0,0,negative_candidate,0.0
BRD1,False,False,0,,0.0,0,negative_candidate,0.0
KRTAP21-1,False,False,0,,0.0,0,negative_candidate,0.0
ASS1,False,True,1,CIViC,1.0,1,single_source_positive,
PPM1K,False,False,0,,0.0,0,negative_candidate,0.0
DENND4B,True,False,1,NCG,1.0,1,single_source_positive,
SELENOV,False,False,0,,0.0,0,negative_candidate,0.0
TTBK2,True,False,1,NCG,1.0,1,single_source_positive,
CBWD3,True,False,1,NCG,1.0,1,single_source_positive,
IGLV1-47,False,False,0,,0.0,0,negative_candidate,0.0
CSF1,False,True,1,CIViC,0.9,1,single_source_positive,
ATF6B,False,False,0,,0.0,0,negative_candidate,0.0
EDN2,False,False,0,,0.0,0,negative_candidate,0.0
PILRA,False,False,0,,0.0,0,negative_candidate,0.0
OR5P3,False,False,0,,0.0,0,negative_candidate,0.0
ENSA,False,False,0,,0.0,0,negative_candidate,0.0
DMRTA2,False,False,0,,0.0,0,negative_candidate,0.0
APOBEC3A,False,False,0,,0.0,0,negative_candidate,0.0
SLC26A8,False,False,0,,0.0,0,negative_candidate,0.0
LDB2,False,False,0,,0.0,0,negative_candidate,0.0
ODC1,True,False,1,NCG,1.0,1,single_source_positive,
KRTAP9-3,False,False,0,,0.0,0,negative_candidate,0.0
SLC22A8,True,False,1,NCG,1.0,1,single_source_positive,
KDM5C,True,True,2,NCG;CIViC,1.0,1,high_confidence_positive,1.0
KLRB1,False,False,0,,0.0,0,negative_candidate,0.0
VPS54,False,False,0,,0.0,0,negative_candidate,0.0
DUOX1,False,False,0,,0.0,0,negative_candidate,0.0
GIMAP4,True,False,1,NCG,1.0,1,single_source_positive,
OR6Q1,False,False,0,,0.0,0,negative_candidate,0.0
STT3B,False,False,0,,0.0,0,negative_candidate,0.0
UBXN1,False,False,0,,0.0,0,negative_candidate,0.0
RCC2,False,False,0,,0.0,0,negative_candidate,0.0
CBLL1,False,False,0,,0.0,0,negative_candidate,0.0
CTCF,True,True,2,NCG;CIViC,1.0,1,high_confidence_positive,1.0
CRX,False,False,0,,0.0,0,negative_candidate,0.0
ITPRID2,False,False,0,,0.0,0,negative_candidate,0.0
GEMIN4,False,False,0,,0.0,0,negative_candidate,0.0
DLL1,True,False,1,NCG,1.0,1,single_source_positive,
CDC37,True,False,1,NCG,1.0,1,single_source_positive,
IMPDH1,False,False,0,,0.0,0,negative_candidate,0.0
FOXN1,False,False,0,,0.0,0,negative_candidate,0.0
FOXD4L1,False,False,0,,0.0,0,negative_candidate,0.0
NOSTRIN,False,False,0,,0.0,0,negative_candidate,0.0
MINDY4,False,False,0,,0.0,0,negative_candidate,0.0
U2AF1L4,False,False,0,,0.0,0,negative_candidate,0.0
FAM107B,False,False,0,,0.0,0,negative_candidate,0.0
SLC44A2,False,False,0,,0.0,0,negative_candidate,0.0
PPBP,False,False,0,,0.0,0,negative_candidate,0.0
NCAPD2,True,False,1,NCG,1.0,1,single_source_positive,
ZNF781,False,False,0,,0.0,0,negative_candidate,0.0
SYN2,True,False,1,NCG,1.0,1,single_source_positive,
SLC10A1,False,False,0,,0.0,0,negative_candidate,0.0
DCP1A,False,False,0,,0.0,0,negative_candidate,0.0
USP54,False,False,0,,0.0,0,negative_candidate,0.0
F11R,False,False,0,,0.0,0,negative_candidate,0.0
PDAP1,True,False,1,NCG,1.0,1,single_source_positive,
MRPS36,False,False,0,,0.0,0,negative_candidate,0.0
TTYH3,False,False,0,,0.0,0,negative_candidate,0.0
FHL5,False,False,0,,0.0,0,negative_candidate,0.0
DEFB112,False,False,0,,0.0,0,negative_candidate,0.0
CRYBB1,False,False,0,,0.0,0,negative_candidate,0.0
AMPD3,False,False,0,,0.0,0,negative_candidate,0.0
LHFPL6,False,False,0,,0.0,0,negative_candidate,0.0
ATP2A3,False,False,0,,0.0,0,negative_candidate,0.0
EEFSEC,False,False,0,,0.0,0,negative_candidate,0.0
CLEC14A,False,False,0,,0.0,0,negative_candidate,0.0
HLX,False,False,0,,0.0,0,negative_candidate,0.0
LYRM2,False,False,0,,0.0,0,negative_candidate,0.0
WWC2,False,False,0,,0.0,0,negative_candidate,0.0
ZNF559-ZNF177,False,False,0,,0.0,0,negative_candidate,0.0
KRTAP1-5,False,False,0,,0.0,0,negative_candidate,0.0
OR5H1,False,False,0,,0.0,0,negative_candidate,0.0
OR2G3,False,False,0,,0.0,0,negative_candidate,0.0
ANXA3,False,False,0,,0.0,0,negative_candidate,0.0
GRAMD1A,False,False,0,,0.0,0,negative_candidate,0.0
NGLY1,False,False,0,,0.0,0,negative_candidate,0.0
MON2,False,False,0,,0.0,0,negative_candidate,0.0
H2BC12,True,True,2,NCG;CIViC,1.0,1,high_confidence_positive,1.0
ART1,False,False,0,,0.0,0,negative_candidate,0.0
HK3,True,False,1,NCG,1.0,1,single_source_positive,
MKNK2,False,False,0,,0.0,0,negative_candidate,0.0
TMEM104,False,False,0,,0.0,0,negative_candidate,0.0
HIPK3,False,False,0,,0.0,0,negative_candidate,0.0
CBR1,False,False,0,,0.0,0,negative_candidate,0.0
OR4S2,False,False,0,,0.0,0,negative_candidate,0.0
TNFRSF21,False,False,0,,0.0,0,negative_candidate,0.0
FAM111A,True,False,1,NCG,1.0,1,single_source_positive,
NFYC,False,False,0,,0.0,0,negative_candidate,0.0
ECM1,False,False,0,,0.0,0,negative_candidate,0.0
PALLD,False,False,0,,0.0,0,negative_candidate,0.0
C16ORF91,True,False,1,NCG,1.0,1,single_source_positive,
GYPA,False,False,0,,0.0,0,negative_candidate,0.0
FAM161A,False,False,0,,0.0,0,negative_candidate,0.0
ACTG2,False,False,0,,0.0,0,negative_candidate,0.0
OR2M2,False,False,0,,0.0,0,negative_candidate,0.0
AADACL4,True,False,1,NCG,1.0,1,single_source_positive,
OR51B2,False,False,0,,0.0,0,negative_candidate,0.0
FXR1,True,False,1,NCG,1.0,1,single_source_positive,
ADAMTS10,False,False,0,,0.0,0,negative_candidate,0.0
FUS,True,True,2,NCG;CIViC,1.0,1,high_confidence_positive,1.0
FTMT,False,False,0,,0.0,0,negative_candidate,0.0
CCDC27,False,False,0,,0.0,0,negative_candidate,0.0
ADGRF2,True,False,1,NCG,1.0,1,single_source_positive,
PAM,False,False,0,,0.0,0,negative_candidate,0.0
ADGRG1,False,False,0,,0.0,0,negative_candidate,0.0
MMADHC,False,False,0,,0.0,0,negative_candidate,0.0
DDB1,False,False,0,,0.0,0,negative_candidate,0.0
FNBP4,False,False,0,,0.0,0,negative_candidate,0.0
IGLV7-46,False,False,0,,0.0,0,negative_candidate,0.0
OR5I1,False,False,0,,0.0,0,negative_candidate,0.0
TPM2,False,False,0,,0.0,0,negative_candidate,0.0
TRIM51,True,False,1,NCG,1.0,1,single_source_positive,
PUDP,False,False,0,,0.0,0,negative_candidate,0.0
PICALM,True,True,2,NCG;CIViC,1.0,1,high_confidence_positive,1.0
PROKR2,True,False,1,NCG,1.0,1,single_source_positive,
CPNE5,True,False,1,NCG,1.0,1,single_source_positive,
NFIB,False,True,1,CIViC,0.9,1,single_source_positive,
CRYGC,False,False,0,,0.0,0,negative_candidate,0.0
SLC38A2,False,False,0,,0.0,0,negative_candidate,0.0
DAG1,False,False,0,,0.0,0,negative_candidate,0.0
COQ8B,False,False,0,,0.0,0,negative_candidate,0.0
PLA2G4C,False,False,0,,0.0,0,negative_candidate,0.0
DHX58,True,False,1,NCG,1.0,1,single_source_positive,
OR4F15,False,False,0,,0.0,0,negative_candidate,0.0
MTG1,False,False,0,,0.0,0,negative_candidate,0.0
EIF3H,False,False,0,,0.0,0,negative_candidate,0.0
HGSNAT,False,False,0,,0.0,0,negative_candidate,0.0
MS4A10,False,False,0,,0.0,0,negative_candidate,0.0
PPFIBP1,False,True,1,CIViC,1.0,1,single_source_positive,
MBL2,False,False,0,,0.0,0,negative_candidate,0.0
IFNA10,False,False,0,,0.0,0,negative_candidate,0.0
BTBD7,False,False,0,,0.0,0,negative_candidate,0.0
TBX4,False,False,0,,0.0,0,negative_candidate,0.0
KRTAP26-1,False,False,0,,0.0,0,negative_candidate,0.0
FBXL6,False,False,0,,0.0,0,negative_candidate,0.0
OCIAD2,False,False,0,,0.0,0,negative_candidate,0.0
CELA3B,False,False,0,,0.0,0,negative_candidate,0.0
GML,True,False,1,NCG,1.0,1,single_source_positive,
CXCR1,False,False,0,,0.0,0,negative_candidate,0.0
CTSG,False,False,0,,0.0,0,negative_candidate,0.0
LCE1E,False,False,0,,0.0,0,negative_candidate,0.0
COL6A2,False,False,0,,0.0,0,negative_candidate,0.0
PGF,False,False,0,,0.0,0,negative_candidate,0.0
ACAD11,False,False,0,,0.0,0,negative_candidate,0.0
OR2H2,False,False,0,,0.0,0,negative_candidate,0.0
SDR9C7,False,False,0,,0.0,0,negative_candidate,0.0
MAN1A2,True,False,1,NCG,1.0,1,single_source_positive,
JAK3,True,True,2,NCG;CIViC,1.0,1,high_confidence_positive,1.0
TRIB1,False,False,0,,0.0,0,negative_candidate,0.0
TRGC2,False,False,0,,0.0,0,negative_candidate,0.0
PRPS1L1,False,False,0,,0.0,0,negative_candidate,0.0
TUBA1B,False,False,0,,0.0,0,negative_candidate,0.0
C1ORF52,False,False,0,,0.0,0,negative_candidate,0.0
ITFG2,False,False,0,,0.0,0,negative_candidate,0.0
PRKAG2,False,False,0,,0.0,0,negative_candidate,0.0
TMOD1,False,False,0,,0.0,0,negative_candidate,0.0
OR1N1,False,False,0,,0.0,0,negative_candidate,0.0
KRTAP10-8,False,False,0,,0.0,0,negative_candidate,0.0
SLC29A3,False,False,0,,0.0,0,negative_candidate,0.0
CLK3,True,False,1,NCG,1.0,1,single_source_positive,
RAB6A,False,False,0,,0.0,0,negative_candidate,0.0
RNASE12,False,False,0,,0.0,0,negative_candidate,0.0
FERMT2,False,False,0,,0.0,0,negative_candidate,0.0
OR8J3,False,False,0,,0.0,0,negative_candidate,0.0
KAT2A,False,False,0,,0.0,0,negative_candidate,0.0
OR5M10,False,False,0,,0.0,0,negative_candidate,0.0
DHX15,True,False,1,NCG,1.0,1,single_source_positive,
IPO7,True,False,1,NCG,1.0,1,single_source_positive,
HSFX1,False,False,0,,0.0,0,negative_candidate,0.0
C1QTNF1,True,False,1,NCG,1.0,1,single_source_positive,
PTH1R,False,False,0,,0.0,0,negative_candidate,0.0
OR10H5,False,False,0,,0.0,0,negative_candidate,0.0
IGHG3,False,False,0,,0.0,0,negative_candidate,0.0
RRNAD1,False,False,0,,0.0,0,negative_candidate,0.0
PTGDS,False,False,0,,0.0,0,negative_candidate,0.0
FSTL1,False,False,0,,0.0,0,negative_candidate,0.0
DCX,False,False,0,,0.0,0,negative_candidate,0.0
PAK6,False,False,0,,0.0,0,negative_candidate,0.0
SPEM1,False,False,0,,0.0,0,negative_candidate,0.0
ZNF274,False,True,1,CIViC,1.0,1,single_source_positive,
HNRNPU,True,True,2,NCG;CIViC,1.0,1,high_confidence_positive,1.0
GEM,False,False,0,,0.0,0,negative_candidate,0.0
OR6N2,False,False,0,,0.0,0,negative_candidate,0.0
LRRC32,True,False,1,NCG,1.0,1,single_source_positive,
MAP3K14,False,False,0,,0.0,0,negative_candidate,0.0
DAP3,False,False,0,,0.0,0,negative_candidate,0.0
ACTRT2,False,False,0,,0.0,0,negative_candidate,0.0
C1QC,False,False,0,,0.0,0,negative_candidate,0.0
SLC35G3,False,False,0,,0.0,0,negative_candidate,0.0
C4BPB,False,False,0,,0.0,0,negative_candidate,0.0
CDX4,True,False,1,NCG,1.0,1,single_source_positive,
GYPB,False,False,0,,0.0,0,negative_candidate,0.0
HAS3,False,False,0,,0.0,0,negative_candidate,0.0
SCML1,False,False,0,,0.0,0,negative_candidate,0.0
DUSP19,False,False,0,,0.0,0,negative_candidate,0.0
GANC,False,False,0,,0.0,0,negative_candidate,0.0
TECTB,False,False,0,,0.0,0,negative_candidate,0.0
ZNF513,False,False,0,,0.0,0,negative_candidate,0.0
OR10P1,False,False,0,,0.0,0,negative_candidate,0.0
ATG4D,False,False,0,,0.0,0,negative_candidate,0.0
ANP32E,False,False,0,,0.0,0,negative_candidate,0.0
PFKL,False,False,0,,0.0,0,negative_candidate,0.0
TCEAL9,False,False,0,,0.0,0,negative_candidate,0.0
FDFT1,False,False,0,,0.0,0,negative_candidate,0.0
RNASET2,False,False,0,,0.0,0,negative_candidate,0.0
IARS1,False,False,0,,0.0,0,negative_candidate,0.0
LRRC39,False,False,0,,0.0,0,negative_candidate,0.0
ITIH4,False,False,0,,0.0,0,negative_candidate,0.0
AASDHPPT,False,False,0,,0.0,0,negative_candidate,0.0
LDHB,False,False,0,,0.0,0,negative_candidate,0.0
PGK1,False,False,0,,0.0,0,negative_candidate,0.0
OR9A2,False,False,0,,0.0,0,negative_candidate,0.0
OXA1L,True,False,1,NCG,1.0,1,single_source_positive,
COBLL1,False,False,0,,0.0,0,negative_candidate,0.0
CACNG5,False,False,0,,0.0,0,negative_candidate,0.0
STBD1,False,False,0,,0.0,0,negative_candidate,0.0
SAMSN1,False,False,0,,0.0,0,negative_candidate,0.0
ENPP7,False,False,0,,0.0,0,negative_candidate,0.0
OR4D1,False,False,0,,0.0,0,negative_candidate,0.0
BAX,True,True,2,NCG;CIViC,1.0,1,high_confidence_positive,1.0
PRPH2,False,False,0,,0.0,0,negative_candidate,0.0
STATH,False,False,0,,0.0,0,negative_candidate,0.0
MORF4L2,False,False,0,,0.0,0,negative_candidate,0.0
TMEM161B,False,False,0,,0.0,0,negative_candidate,0.0
HM13,True,False,1,NCG,1.0,1,single_source_positive,
CRYGD,False,False,0,,0.0,0,negative_candidate,0.0
TSPAN16,False,False,0,,0.0,0,negative_candidate,0.0
MLKL,False,False,0,,0.0,0,negative_candidate,0.0
BPNT2,False,False,0,,0.0,0,negative_candidate,0.0
PAF1,False,False,0,,0.0,0,negative_candidate,0.0
DNAJB9,True,False,1,NCG,1.0,1,single_source_positive,
GFUS,False,False,0,,0.0,0,negative_candidate,0.0
MAPK1,True,True,2,NCG;CIViC,1.0,1,high_confidence_positive,1.0
USP6NL,False,False,0,,0.0,0,negative_candidate,0.0
GYS2,False,False,0,,0.0,0,negative_candidate,0.0
ATP11A,False,False,0,,0.0,0,negative_candidate,0.0
ENOPH1,False,False,0,,0.0,0,negative_candidate,0.0
VAC14,False,False,0,,0.0,0,negative_candidate,0.0
EEF1B2,False,False,0,,0.0,0,negative_candidate,0.0
LCE2D,False,False,0,,0.0,0,negative_candidate,0.0
ZSCAN32,False,False,0,,0.0,0,negative_candidate,0.0
TNFRSF8,True,False,1,NCG,1.0,1,single_source_positive,
OR5M3,False,False,0,,0.0,0,negative_candidate,0.0
OLFM2,False,False,0,,0.0,0,negative_candidate,0.0
ZFP36L2,True,False,1,NCG,1.0,1,single_source_positive,
TMEM54,False,False,0,,0.0,0,negative_candidate,0.0
RAMP1,False,False,0,,0.0,0,negative_candidate,0.0
HSPA6,False,False,0,,0.0,0,negative_candidate,0.0
SEMA4B,False,False,0,,0.0,0,negative_candidate,0.0
ALKBH3,False,False,0,,0.0,0,negative_candidate,0.0
GM2A,False,False,0,,0.0,0,negative_candidate,0.0
KRTAP22-1,False,False,0,,0.0,0,negative_candidate,0.0
AKR1C8P,False,False,0,,0.0,0,negative_candidate,0.0
ORMDL3,False,False,0,,0.0,0,negative_candidate,0.0
PRAMEF18,False,False,0,,0.0,0,negative_candidate,0.0
DTX1,True,True,2,NCG;CIViC,1.0,1,high_confidence_positive,1.0
AL358113.1,False,False,0,,0.0,0,negative_candidate,0.0
TMEM176B,False,False,0,,0.0,0,negative_candidate,0.0
RNF139,False,False,0,,0.0,0,negative_candidate,0.0
ATP6AP2,False,False,0,,0.0,0,negative_candidate,0.0
H2BC5,True,True,2,NCG;CIViC,1.0,1,high_confidence_positive,1.0
CHPF2,True,False,1,NCG,1.0,1,single_source_positive,
OR7C1,False,False,0,,0.0,0,negative_candidate,0.0
ABTB1,False,False,0,,0.0,0,negative_candidate,0.0
OR11L1,False,False,0,,0.0,0,negative_candidate,0.0
RAD54L2,False,False,0,,0.0,0,negative_candidate,0.0
KCNG4,False,False,0,,0.0,0,negative_candidate,0.0
SHARPIN,False,False,0,,0.0,0,negative_candidate,0.0
SEC31B,False,False,0,,0.0,0,negative_candidate,0.0
CHCHD2P9,False,False,0,,0.0,0,negative_candidate,0.0
TMC2,False,False,0,,0.0,0,negative_candidate,0.0
SCAMP2,False,False,0,,0.0,0,negative_candidate,0.0
LIG3,False,False,0,,0.0,0,negative_candidate,0.0
MSN,True,False,1,NCG,1.0,1,single_source_positive,
CANT1,False,False,0,,0.0,0,negative_candidate,0.0
RCC1,True,False,1,NCG,1.0,1,single_source_positive,
ASXL1,True,True,2,NCG;CIViC,1.0,1,high_confidence_positive,1.0
MEFV,False,False,0,,0.0,0,negative_candidate,0.0
RGP1,False,False,0,,0.0,0,negative_candidate,0.0
FAM217A,False,False,0,,0.0,0,negative_candidate,0.0
ARNTL,True,False,1,NCG,1.0,1,single_source_positive,
SETD6,False,False,0,,0.0,0,negative_candidate,0.0
WDR90,True,False,1,NCG,1.0,1,single_source_positive,
OTULIN,False,False,0,,0.0,0,negative_candidate,0.0
ITGA3,False,False,0,,0.0,0,negative_candidate,0.0
WDR6,False,False,0,,0.0,0,negative_candidate,0.0
POLR3E,True,False,1,NCG,1.0,1,single_source_positive,
PHKG2,False,False,0,,0.0,0,negative_candidate,0.0
SIAH3,False,False,0,,0.0,0,negative_candidate,0.0
SNRNP200,True,False,1,NCG,1.0,1,single_source_positive,
OR1C1,False,False,0,,0.0,0,negative_candidate,0.0
LLGL2,True,False,1,NCG,1.0,1,single_source_positive,
ZDHHC11,False,False,0,,0.0,0,negative_candidate,0.0
IGF2BP2,True,False,1,NCG,1.0,1,single_source_positive,
PARP6,False,True,1,CIViC,0.9,1,single_source_positive,
LAPTM5,False,False,0,,0.0,0,negative_candidate,0.0
EHMT2,False,False,0,,0.0,0,negative_candidate,0.0
CLASP2,True,False,1,NCG,1.0,1,single_source_positive,
C2CD2,False,False,0,,0.0,0,negative_candidate,0.0
PRAM1,False,False,0,,0.0,0,negative_candidate,0.0
RAI2,False,False,0,,0.0,0,negative_candidate,0.0
OLFM1,True,False,1,NCG,1.0,1,single_source_positive,
ADAR,False,False,0,,0.0,0,negative_candidate,0.0
PARP14,False,False,0,,0.0,0,negative_candidate,0.0
PSMC5,False,False,0,,0.0,0,negative_candidate,0.0
SMR3A,False,False,0,,0.0,0,negative_candidate,0.0
ABCC5,True,False,1,NCG,1.0,1,single_source_positive,
IGKV3-15,False,False,0,,0.0,0,negative_candidate,0.0
LHB,False,False,0,,0.0,0,negative_candidate,0.0
SPARCL1,False,False,0,,0.0,0,negative_candidate,0.0
CST11,False,False,0,,0.0,0,negative_candidate,0.0
PFDN5,False,False,0,,0.0,0,negative_candidate,0.0
CLU,False,False,0,,0.0,0,negative_candidate,0.0
PPP4R4,False,False,0,,0.0,0,negative_candidate,0.0
FFAR3,False,False,0,,0.0,0,negative_candidate,0.0
TMEM150B,False,False,0,,0.0,0,negative_candidate,0.0
SH3BP5,False,False,0,,0.0,0,negative_candidate,0.0
ARL4C,False,False,0,,0.0,0,negative_candidate,0.0
YBX3,True,False,1,NCG,1.0,1,single_source_positive,
NDUFV2,True,False,1,NCG,1.0,1,single_source_positive,
WARS1,False,False,0,,0.0,0,negative_candidate,0.0
DMTF1,False,False,0,,0.0,0,negative_candidate,0.0
AKAP8L,False,False,0,,0.0,0,negative_candidate,0.0
TINF2,False,False,0,,0.0,0,negative_candidate,0.0
FZD3,True,False,1,NCG,1.0,1,single_source_positive,
PEX11B,False,False,0,,0.0,0,negative_candidate,0.0
BEND2,False,True,1,CIViC,1.0,1,single_source_positive,
ACKR1,False,False,0,,0.0,0,negative_candidate,0.0
PAK2,False,False,0,,0.0,0,negative_candidate,0.0
PSMA1,False,False,0,,0.0,0,negative_candidate,0.0
MGAT2,False,False,0,,0.0,0,negative_candidate,0.0
FCSK,True,False,1,NCG,1.0,1,single_source_positive,
OR10Z1,False,False,0,,0.0,0,negative_candidate,0.0
DYNLL2,False,False,0,,0.0,0,negative_candidate,0.0
KLK3,True,False,1,NCG,1.0,1,single_source_positive,
CCL23,False,False,0,,0.0,0,negative_candidate,0.0
SLCO2B1,False,False,0,,0.0,0,negative_candidate,0.0
MAU2,False,False,0,,0.0,0,negative_candidate,0.0
RRBP1,False,False,0,,0.0,0,negative_candidate,0.0
RAG2,True,False,1,NCG,1.0,1,single_source_positive,
VN1R4,True,False,1,NCG,1.0,1,single_source_positive,
CELA1,True,False,1,NCG,1.0,1,single_source_positive,
DENND2B,True,False,1,NCG,1.0,1,single_source_positive,
ITPKC,False,False,0,,0.0,0,negative_candidate,0.0
AKT3,True,True,2,NCG;CIViC,1.0,1,high_confidence_positive,1.0
GPR162,False,False,0,,0.0,0,negative_candidate,0.0
FCN1,False,False,0,,0.0,0,negative_candidate,0.0
MRPL17,False,False,0,,0.0,0,negative_candidate,0.0
C17ORF97,False,False,0,,0.0,0,negative_candidate,0.0
HERC3,False,False,0,,0.0,0,negative_candidate,0.0
ANGPTL4,False,False,0,,0.0,0,negative_candidate,0.0
HOXA6,False,False,0,,0.0,0,negative_candidate,0.0
SYNPO2L,False,False,0,,0.0,0,negative_candidate,0.0
PRPF6,False,False,0,,0.0,0,negative_candidate,0.0
LCE1D,True,False,1,NCG,1.0,1,single_source_positive,
CRAMP1,False,False,0,,0.0,0,negative_candidate,0.0
FAM110C,False,False,0,,0.0,0,negative_candidate,0.0
CNDP2,True,False,1,NCG,1.0,1,single_source_positive,
MAN2C1,False,False,0,,0.0,0,negative_candidate,0.0
RIOK3,False,False,0,,0.0,0,negative_candidate,0.0
DNAJC2,False,False,0,,0.0,0,negative_candidate,0.0
TAS2R7,False,False,0,,0.0,0,negative_candidate,0.0
HINT2,False,False,0,,0.0,0,negative_candidate,0.0
MOXD1,False,False,0,,0.0,0,negative_candidate,0.0
OR2T27,False,False,0,,0.0,0,negative_candidate,0.0
SDSL,False,False,0,,0.0,0,negative_candidate,0.0
C1R,False,False,0,,0.0,0,negative_candidate,0.0
IQCA1,False,False,0,,0.0,0,negative_candidate,0.0
OR8D4,False,False,0,,0.0,0,negative_candidate,0.0
TGFBI,False,False,0,,0.0,0,negative_candidate,0.0
MAPK13,False,False,0,,0.0,0,negative_candidate,0.0
RSBN1,True,False,1,NCG,1.0,1,single_source_positive,
MCM8,False,False,0,,0.0,0,negative_candidate,0.0
PPP1R7,False,False,0,,0.0,0,negative_candidate,0.0
NIPSNAP1,False,False,0,,0.0,0,negative_candidate,0.0
ANKRD13C,False,False,0,,0.0,0,negative_candidate,0.0
TMEM179B,False,False,0,,0.0,0,negative_candidate,0.0
TSTD2,False,False,0,,0.0,0,negative_candidate,0.0
CREM,False,False,0,,0.0,0,negative_candidate,0.0
SSU72,False,False,0,,0.0,0,negative_candidate,0.0
HTR3C,True,False,1,NCG,1.0,1,single_source_positive,
GHRH,False,False,0,,0.0,0,negative_candidate,0.0
XIST,False,False,0,,0.0,0,negative_candidate,0.0
PLEKHH2,False,False,0,,0.0,0,negative_candidate,0.0
MAST4,True,False,1,NCG,1.0,1,single_source_positive,
GPAA1,False,False,0,,0.0,0,negative_candidate,0.0
ARL1,False,False,0,,0.0,0,negative_candidate,0.0
OR5B17,True,False,1,NCG,1.0,1,single_source_positive,
LAP3,False,False,0,,0.0,0,negative_candidate,0.0
OR2M7,False,False,0,,0.0,0,negative_candidate,0.0
PEAR1,True,False,1,NCG,1.0,1,single_source_positive,
PSMG3,False,False,0,,0.0,0,negative_candidate,0.0
PSMD10,False,False,0,,0.0,0,negative_candidate,0.0
ACADL,False,False,0,,0.0,0,negative_candidate,0.0
TCEA1,False,False,0,,0.0,0,negative_candidate,0.0
OR2Z1,False,False,0,,0.0,0,negative_candidate,0.0
KRTAP4-5,True,False,1,NCG,1.0,1,single_source_positive,
PIK3R1,True,True,2,NCG;CIViC,1.0,1,high_confidence_positive,1.0
OR2F2,True,False,1,NCG,1.0,1,single_source_positive,
GALE,False,False,0,,0.0,0,negative_candidate,0.0
ATP6V1C2,False,False,0,,0.0,0,negative_candidate,0.0
TFPI,False,False,0,,0.0,0,negative_candidate,0.0
AS3MT,False,False,0,,0.0,0,negative_candidate,0.0
PKNOX2,False,False,0,,0.0,0,negative_candidate,0.0
TBXA2R,False,False,0,,0.0,0,negative_candidate,0.0
RASSF2,False,False,0,,0.0,0,negative_candidate,0.0
WRAP53,False,False,0,,0.0,0,negative_candidate,0.0
CXCL1,False,False,0,,0.0,0,negative_candidate,0.0
PLCG1,True,True,2,NCG;CIViC,1.0,1,high_confidence_positive,1.0
ADAM33,False,False,0,,0.0,0,negative_candidate,0.0
KLHL12,False,False,0,,0.0,0,negative_candidate,0.0
NPR1,False,False,0,,0.0,0,negative_candidate,0.0
METAP2,False,False,0,,0.0,0,negative_candidate,0.0
SPRED2,False,False,0,,0.0,0,negative_candidate,0.0
TRAF6,True,False,1,NCG,1.0,1,single_source_positive,
NR2F6,False,False,0,,0.0,0,negative_candidate,0.0
ADAM18,False,False,0,,0.0,0,negative_candidate,0.0
SRP68,False,False,0,,0.0,0,negative_candidate,0.0
LHX6,False,False,0,,0.0,0,negative_candidate,0.0
OR5B3,False,False,0,,0.0,0,negative_candidate,0.0
OR10H4,False,False,0,,0.0,0,negative_candidate,0.0
NR1H2,False,False,0,,0.0,0,negative_candidate,0.0
HMCES,False,False,0,,0.0,0,negative_candidate,0.0
HS3ST2,False,False,0,,0.0,0,negative_candidate,0.0
MST1R,True,False,1,NCG,1.0,1,single_source_positive,
IHH,False,False,0,,0.0,0,negative_candidate,0.0
NTN1,False,False,0,,0.0,0,negative_candidate,0.0
HDGFL1,False,False,0,,0.0,0,negative_candidate,0.0
OR8B3,False,False,0,,0.0,0,negative_candidate,0.0
STX12,False,False,0,,0.0,0,negative_candidate,0.0
TADA3,False,False,0,,0.0,0,negative_candidate,0.0
MC4R,False,False,0,,0.0,0,negative_candidate,0.0
AHCYL1,False,True,1,CIViC,1.0,1,single_source_positive,
TEPSIN,False,False,0,,0.0,0,negative_candidate,0.0
HEPACAM,False,False,0,,0.0,0,negative_candidate,0.0
PPCS,False,False,0,,0.0,0,negative_candidate,0.0
APOBEC3C,False,False,0,,0.0,0,negative_candidate,0.0
STOX2,False,False,0,,0.0,0,negative_candidate,0.0
MED29,False,False,0,,0.0,0,negative_candidate,0.0
WDR37,False,False,0,,0.0,0,negative_candidate,0.0
TMEM214,False,False,0,,0.0,0,negative_candidate,0.0
POTED,False,False,0,,0.0,0,negative_candidate,0.0
GALM,False,False,0,,0.0,0,negative_candidate,0.0
SMPD1,False,False,0,,0.0,0,negative_candidate,0.0
PSMG2,False,False,0,,0.0,0,negative_candidate,0.0
FDCSP,False,False,0,,0.0,0,negative_candidate,0.0
NDUFS8,False,False,0,,0.0,0,negative_candidate,0.0
SPIDR,False,False,0,,0.0,0,negative_candidate,0.0
MSANTD1,False,False,0,,0.0,0,negative_candidate,0.0
HPS4,False,False,0,,0.0,0,negative_candidate,0.0
IL1F10,False,False,0,,0.0,0,negative_candidate,0.0
JAK1,True,True,2,NCG;CIViC,1.0,1,high_confidence_positive,1.0
GYS1,False,False,0,,0.0,0,negative_candidate,0.0
PPP1R15A,True,True,2,NCG;CIViC,1.0,1,high_confidence_positive,1.0
KRT74,False,False,0,,0.0,0,negative_candidate,0.0
TRIAP1,False,False,0,,0.0,0,negative_candidate,0.0
CLPTM1,False,False,0,,0.0,0,negative_candidate,0.0
GFOD2,False,False,0,,0.0,0,negative_candidate,0.0
PAGE3,False,False,0,,0.0,0,negative_candidate,0.0
CNNM2,False,False,0,,0.0,0,negative_candidate,0.0
FAM163A,False,False,0,,0.0,0,negative_candidate,0.0
IL7R,True,True,2,NCG;CIViC,1.0,1,high_confidence_positive,1.0
PRAMEF7,False,False,0,,0.0,0,negative_candidate,0.0
PLXNB1,False,False,0,,0.0,0,negative_candidate,0.0
STK10,False,False,0,,0.0,0,negative_candidate,0.0
ANKH,False,False,0,,0.0,0,negative_candidate,0.0
PPP1R32,False,False,0,,0.0,0,negative_candidate,0.0
PTPRA,False,False,0,,0.0,0,negative_candidate,0.0
MRPL16,False,False,0,,0.0,0,negative_candidate,0.0
TFEB,True,True,2,NCG;CIViC,1.0,1,high_confidence_positive,1.0
HPGD,False,False,0,,0.0,0,negative_candidate,0.0
SUCNR1,False,False,0,,0.0,0,negative_candidate,0.0
TOMM40,False,False,0,,0.0,0,negative_candidate,0.0
PRR4,False,False,0,,0.0,0,negative_candidate,0.0
TAAR8,False,False,0,,0.0,0,negative_candidate,0.0
MRAP,False,False,0,,0.0,0,negative_candidate,0.0
POMT1,False,False,0,,0.0,0,negative_candidate,0.0
FLT3LG,False,True,1,CIViC,1.0,1,single_source_positive,
P2RX1,False,False,0,,0.0,0,negative_candidate,0.0
ADGRA1,True,False,1,NCG,1.0,1,single_source_positive,
OR7D2,False,False,0,,0.0,0,negative_candidate,0.0
OR5D14,False,False,0,,0.0,0,negative_candidate,0.0
ZKSCAN8,False,False,0,,0.0,0,negative_candidate,0.0
NSD3,True,False,1,NCG,1.0,1,single_source_positive,
DCUN1D4,False,False,0,,0.0,0,negative_candidate,0.0
OR10AG1,False,False,0,,0.0,0,negative_candidate,0.0
SRFBP1,False,False,0,,0.0,0,negative_candidate,0.0
SRC,True,False,1,NCG,1.0,1,single_source_positive,
JMJD6,False,False,0,,0.0,0,negative_candidate,0.0
TMEM69,False,False,0,,0.0,0,negative_candidate,0.0
SAG,False,False,0,,0.0,0,negative_candidate,0.0
KRTAP4-3,True,False,1,NCG,1.0,1,single_source_positive,
TCTN3,False,False,0,,0.0,0,negative_candidate,0.0
LRRC41,False,False,0,,0.0,0,negative_candidate,0.0
SH2D1B,False,False,0,,0.0,0,negative_candidate,0.0
CLEC7A,False,False,0,,0.0,0,negative_candidate,0.0
G6PC,True,False,1,NCG,1.0,1,single_source_positive,
MAPK8,False,False,0,,0.0,0,negative_candidate,0.0
POLN,False,False,0,,0.0,0,negative_candidate,0.0
SNAI1,False,False,0,,0.0,0,negative_candidate,0.0
B4GALT3,True,False,1,NCG,1.0,1,single_source_positive,
KIF13B,False,False,0,,0.0,0,negative_candidate,0.0
SLCO3A1,False,False,0,,0.0,0,negative_candidate,0.0
OR6X1,False,False,0,,0.0,0,negative_candidate,0.0
RASGRP1,False,False,0,,0.0,0,negative_candidate,0.0
ADAMTSL2,False,False,0,,0.0,0,negative_candidate,0.0
COG4,False,False,0,,0.0,0,negative_candidate,0.0
TENT4B,True,False,1,NCG,1.0,1,single_source_positive,
GPBP1,False,False,0,,0.0,0,negative_candidate,0.0
ZDHHC20,False,False,0,,0.0,0,negative_candidate,0.0
OR5A1,False,False,0,,0.0,0,negative_candidate,0.0
TIPARP,False,False,0,,0.0,0,negative_candidate,0.0
MBD2,False,False,0,,0.0,0,negative_candidate,0.0
OR52M1,False,False,0,,0.0,0,negative_candidate,0.0
SAMD4B,False,False,0,,0.0,0,negative_candidate,0.0
IMP4,True,False,1,NCG,1.0,1,single_source_positive,
OR5M8,False,False,0,,0.0,0,negative_candidate,0.0
SLC25A34,False,False,0,,0.0,0,negative_candidate,0.0
OR9I1,False,False,0,,0.0,0,negative_candidate,0.0
IFNA8,False,False,0,,0.0,0,negative_candidate,0.0
SEMA7A,False,False,0,,0.0,0,negative_candidate,0.0
SPTLC1,False,False,0,,0.0,0,negative_candidate,0.0
TNKS1BP1,False,False,0,,0.0,0,negative_candidate,0.0
MED25,False,False,0,,0.0,0,negative_candidate,0.0
LCE3D,False,False,0,,0.0,0,negative_candidate,0.0
MAP3K3,False,False,0,,0.0,0,negative_candidate,0.0
GUSB,True,False,1,NCG,1.0,1,single_source_positive,
HSPB7,False,False,0,,0.0,0,negative_candidate,0.0
CCDC61,True,False,1,NCG,1.0,1,single_source_positive,
SEL1L2,False,False,0,,0.0,0,negative_candidate,0.0
PTPN18,False,False,0,,0.0,0,negative_candidate,0.0
KCNC1,False,False,0,,0.0,0,negative_candidate,0.0
LBR,False,False,0,,0.0,0,negative_candidate,0.0
TRAF5,True,False,1,NCG,1.0,1,single_source_positive,
FLAD1,False,False,0,,0.0,0,negative_candidate,0.0
DPY19L1,False,False,0,,0.0,0,negative_candidate,0.0
OR10X1,False,False,0,,0.0,0,negative_candidate,0.0
OSBPL5,False,False,0,,0.0,0,negative_candidate,0.0
UBN1,False,False,0,,0.0,0,negative_candidate,0.0
SLC35G6,False,False,0,,0.0,0,negative_candidate,0.0
UTP3,False,False,0,,0.0,0,negative_candidate,0.0
GPR139,False,False,0,,0.0,0,negative_candidate,0.0
NRBP1,False,False,0,,0.0,0,negative_candidate,0.0
AC092718.8,False,False,0,,0.0,0,negative_candidate,0.0
GPR12,False,False,0,,0.0,0,negative_candidate,0.0
ASL,True,False,1,NCG,1.0,1,single_source_positive,
BOD1,True,False,1,NCG,1.0,1,single_source_positive,
RFTN1,True,False,1,NCG,1.0,1,single_source_positive,
ADGRG3,False,False,0,,0.0,0,negative_candidate,0.0
CPSF3,False,False,0,,0.0,0,negative_candidate,0.0
TCTEX1D2,False,False,0,,0.0,0,negative_candidate,0.0
LRPAP1,False,False,0,,0.0,0,negative_candidate,0.0
GAS6,False,True,1,CIViC,1.0,1,single_source_positive,
DUOXA1,False,False,0,,0.0,0,negative_candidate,0.0
NASP,False,False,0,,0.0,0,negative_candidate,0.0
MOG,True,False,1,NCG,1.0,1,single_source_positive,
ADAMTSL4,False,False,0,,0.0,0,negative_candidate,0.0
PANK4,False,False,0,,0.0,0,negative_candidate,0.0
SLC7A8,False,False,0,,0.0,0,negative_candidate,0.0
UGT1A4,False,False,0,,0.0,0,negative_candidate,0.0
CACNG7,False,False,0,,0.0,0,negative_candidate,0.0
CHMP4A,False,False,0,,0.0,0,negative_candidate,0.0
OR4K2,False,False,0,,0.0,0,negative_candidate,0.0
KCNJ14,False,False,0,,0.0,0,negative_candidate,0.0
EPS8L2,False,False,0,,0.0,0,negative_candidate,0.0
OR4L1,True,False,1,NCG,1.0,1,single_source_positive,
KCNRG,False,False,0,,0.0,0,negative_candidate,0.0
TFAP4,True,True,2,NCG;CIViC,1.0,1,high_confidence_positive,1.0
NIF3L1,False,False,0,,0.0,0,negative_candidate,0.0
CXXC1,False,False,0,,0.0,0,negative_candidate,0.0
KIAA1217,False,True,1,CIViC,0.9,1,single_source_positive,
RAB18,False,False,0,,0.0,0,negative_candidate,0.0
FMN1,False,False,0,,0.0,0,negative_candidate,0.0
KIFC2,False,False,0,,0.0,0,negative_candidate,0.0
TP53BP2,True,False,1,NCG,1.0,1,single_source_positive,
ZNF511,False,False,0,,0.0,0,negative_candidate,0.0
OR6C76,False,False,0,,0.0,0,negative_candidate,0.0
OR1L4,False,False,0,,0.0,0,negative_candidate,0.0
KRTAP19-8,False,False,0,,0.0,0,negative_candidate,0.0
GRIP2,False,False,0,,0.0,0,negative_candidate,0.0
IVNS1ABP,False,False,0,,0.0,0,negative_candidate,0.0
ZNF584,False,False,0,,0.0,0,negative_candidate,0.0
TSSK1B,False,False,0,,0.0,0,negative_candidate,0.0
KRTAP5-7,False,False,0,,0.0,0,negative_candidate,0.0
TUBB6,False,False,0,,0.0,0,negative_candidate,0.0
TPCN2,False,False,0,,0.0,0,negative_candidate,0.0
NAT10,True,False,1,NCG,1.0,1,single_source_positive,
STX1B,False,False,0,,0.0,0,negative_candidate,0.0
ELOVL3,True,False,1,NCG,1.0,1,single_source_positive,
PNPLA8,True,False,1,NCG,1.0,1,single_source_positive,
OR2K2,False,False,0,,0.0,0,negative_candidate,0.0
DIPK2B,False,False,0,,0.0,0,negative_candidate,0.0
SOAT2,False,False,0,,0.0,0,negative_candidate,0.0
KLF3,False,False,0,,0.0,0,negative_candidate,0.0
ENTR1,False,False,0,,0.0,0,negative_candidate,0.0
GNG11,False,False,0,,0.0,0,negative_candidate,0.0
TUFT1,False,False,0,,0.0,0,negative_candidate,0.0
SLC2A3,False,False,0,,0.0,0,negative_candidate,0.0
PTN,True,False,1,NCG,1.0,1,single_source_positive,
TIPIN,True,False,1,NCG,1.0,1,single_source_positive,
ZFX,True,False,1,NCG,1.0,1,single_source_positive,
ARPC1B,True,False,1,NCG,1.0,1,single_source_positive,
INTS3,False,False,0,,0.0,0,negative_candidate,0.0
DPAGT1,False,False,0,,0.0,0,negative_candidate,0.0
MYH11,False,True,1,CIViC,1.0,1,single_source_positive,
KLKB1,False,False,0,,0.0,0,negative_candidate,0.0
TPBG,False,False,0,,0.0,0,negative_candidate,0.0
CRISPLD2,False,False,0,,0.0,0,negative_candidate,0.0
GJD4,False,False,0,,0.0,0,negative_candidate,0.0
FAM71E1,False,False,0,,0.0,0,negative_candidate,0.0
ARRB2,False,False,0,,0.0,0,negative_candidate,0.0
OR52E6,False,False,0,,0.0,0,negative_candidate,0.0
ITGA9,False,False,0,,0.0,0,negative_candidate,0.0
CALCRL,False,False,0,,0.0,0,negative_candidate,0.0
ALS2CL,True,False,1,NCG,1.0,1,single_source_positive,
TNNI3K,False,False,0,,0.0,0,negative_candidate,0.0
TASP1,False,False,0,,0.0,0,negative_candidate,0.0
CTNND1,True,False,1,NCG,1.0,1,single_source_positive,
OR52J3,False,False,0,,0.0,0,negative_candidate,0.0
FRMD4B,False,False,0,,0.0,0,negative_candidate,0.0
ZGLP1,False,False,0,,0.0,0,negative_candidate,0.0
PDIA5,False,False,0,,0.0,0,negative_candidate,0.0
TGFBR2,True,False,1,NCG,1.0,1,single_source_positive,
ZUP1,False,False,0,,0.0,0,negative_candidate,0.0
SWAP70,True,False,1,NCG,1.0,1,single_source_positive,
CAPS,False,False,0,,0.0,0,negative_candidate,0.0
ARAF,True,True,2,NCG;CIViC,1.0,1,high_confidence_positive,1.0
PDPK1,False,False,0,,0.0,0,negative_candidate,0.0
OR10H1,False,False,0,,0.0,0,negative_candidate,0.0
SGPP1,False,False,0,,0.0,0,negative_candidate,0.0
CD248,False,False,0,,0.0,0,negative_candidate,0.0
SLN,False,False,0,,0.0,0,negative_candidate,0.0
OR4C11,False,False,0,,0.0,0,negative_candidate,0.0
CRTC2,False,False,0,,0.0,0,negative_candidate,0.0
OR13C4,True,False,1,NCG,1.0,1,single_source_positive,
LMLN,False,False,0,,0.0,0,negative_candidate,0.0
SPOCK2,False,False,0,,0.0,0,negative_candidate,0.0
DTWD2,True,False,1,NCG,1.0,1,single_source_positive,
CCDC183,False,False,0,,0.0,0,negative_candidate,0.0
MRPL43,False,False,0,,0.0,0,negative_candidate,0.0
IFNA4,False,False,0,,0.0,0,negative_candidate,0.0
DRAM2,False,False,0,,0.0,0,negative_candidate,0.0
SLC20A2,False,False,0,,0.0,0,negative_candidate,0.0
OR1B1,False,False,0,,0.0,0,negative_candidate,0.0
IGHV1-24,False,False,0,,0.0,0,negative_candidate,0.0
HSPA9,False,False,0,,0.0,0,negative_candidate,0.0
PRPF31,False,False,0,,0.0,0,negative_candidate,0.0
OR14C36,False,False,0,,0.0,0,negative_candidate,0.0
NOBOX,False,False,0,,0.0,0,negative_candidate,0.0
OR4C3,False,False,0,,0.0,0,negative_candidate,0.0
PRAMEF12,False,False,0,,0.0,0,negative_candidate,0.0
PPP2R3A,True,False,1,NCG,1.0,1,single_source_positive,
SEMA3G,False,False,0,,0.0,0,negative_candidate,0.0
LMOD1,False,False,0,,0.0,0,negative_candidate,0.0
ECI1,False,False,0,,0.0,0,negative_candidate,0.0
SERPINA1,True,False,1,NCG,1.0,1,single_source_positive,
SUPT6H,False,False,0,,0.0,0,negative_candidate,0.0
SECTM1,False,False,0,,0.0,0,negative_candidate,0.0
DCAF13,False,False,0,,0.0,0,negative_candidate,0.0
ITIH3,False,False,0,,0.0,0,negative_candidate,0.0
ZBTB22,False,False,0,,0.0,0,negative_candidate,0.0
OR8H1,False,False,0,,0.0,0,negative_candidate,0.0
DGAT1,False,False,0,,0.0,0,negative_candidate,0.0
ZNF358,False,False,0,,0.0,0,negative_candidate,0.0
NRG4,False,False,0,,0.0,0,negative_candidate,0.0
SUPT16H,False,False,0,,0.0,0,negative_candidate,0.0
CLDN12,False,False,0,,0.0,0,negative_candidate,0.0
SUN1,False,False,0,,0.0,0,negative_candidate,0.0
IGKV1-6,False,False,0,,0.0,0,negative_candidate,0.0
PRAMEF5,False,False,0,,0.0,0,negative_candidate,0.0
IP6K2,False,False,0,,0.0,0,negative_candidate,0.0
KRTAP10-1,False,False,0,,0.0,0,negative_candidate,0.0
C1QTNF9B,False,False,0,,0.0,0,negative_candidate,0.0
IL25,False,False,0,,0.0,0,negative_candidate,0.0
XKR3,False,False,0,,0.0,0,negative_candidate,0.0
PLA1A,True,False,1,NCG,1.0,1,single_source_positive,
ZNF22,False,False,0,,0.0,0,negative_candidate,0.0
ADCY3,True,False,1,NCG,1.0,1,single_source_positive,
PPP1R3B,False,False,0,,0.0,0,negative_candidate,0.0
OOSP2,True,False,1,NCG,1.0,1,single_source_positive,
NPAS2,False,False,0,,0.0,0,negative_candidate,0.0
PDK4,False,False,0,,0.0,0,negative_candidate,0.0
KRT19,False,False,0,,0.0,0,negative_candidate,0.0
TOR1A,False,False,0,,0.0,0,negative_candidate,0.0
PPP6R2,True,False,1,NCG,1.0,1,single_source_positive,
RNF44,False,False,0,,0.0,0,negative_candidate,0.0
PRICKLE2,True,False,1,NCG,1.0,1,single_source_positive,
OR52N4,False,False,0,,0.0,0,negative_candidate,0.0
CASC3,True,False,1,NCG,1.0,1,single_source_positive,
RSPO4,False,False,0,,0.0,0,negative_candidate,0.0
SMUG1,True,False,1,NCG,1.0,1,single_source_positive,
SRSF11,False,False,0,,0.0,0,negative_candidate,0.0
ELK1,False,False,0,,0.0,0,negative_candidate,0.0
OR2T3,False,False,0,,0.0,0,negative_candidate,0.0
PRKAG1,True,False,1,NCG,1.0,1,single_source_positive,
NUTM2F,False,False,0,,0.0,0,negative_candidate,0.0
CAMSAP1,False,False,0,,0.0,0,negative_candidate,0.0
ETS1,True,True,2,NCG;CIViC,1.0,1,high_confidence_positive,1.0
ADD1,False,False,0,,0.0,0,negative_candidate,0.0
ITIH1,True,False,1,NCG,1.0,1,single_source_positive,
OTOL1,False,False,0,,0.0,0,negative_candidate,0.0
DHODH,False,False,0,,0.0,0,negative_candidate,0.0
EXOSC4,False,False,0,,0.0,0,negative_candidate,0.0
C17ORF58,False,False,0,,0.0,0,negative_candidate,0.0
AARS1,False,False,0,,0.0,0,negative_candidate,0.0
OR2S2,False,False,0,,0.0,0,negative_candidate,0.0
ZNF23,False,False,0,,0.0,0,negative_candidate,0.0
SLC26A9,False,False,0,,0.0,0,negative_candidate,0.0
CCDC103,False,False,0,,0.0,0,negative_candidate,0.0
COPS8,False,False,0,,0.0,0,negative_candidate,0.0
FAAP100,False,False,0,,0.0,0,negative_candidate,0.0
C1ORF158,False,False,0,,0.0,0,negative_candidate,0.0
SMAP2,False,False,0,,0.0,0,negative_candidate,0.0
MIP,False,False,0,,0.0,0,negative_candidate,0.0
RIN2,False,False,0,,0.0,0,negative_candidate,0.0
TAPBPL,False,False,0,,0.0,0,negative_candidate,0.0
CCDC122,False,False,0,,0.0,0,negative_candidate,0.0
DNAAF4,False,False,0,,0.0,0,negative_candidate,0.0
TLR2,True,False,1,NCG,1.0,1,single_source_positive,
DOCK8,True,False,1,NCG,1.0,1,single_source_positive,
UGT2A2,True,False,1,NCG,1.0,1,single_source_positive,
MFF,False,False,0,,0.0,0,negative_candidate,0.0
COPG1,False,False,0,,0.0,0,negative_candidate,0.0
ZGPAT,False,False,0,,0.0,0,negative_candidate,0.0
CHAD,False,False,0,,0.0,0,negative_candidate,0.0
MINDY2,False,False,0,,0.0,0,negative_candidate,0.0
CPLX4,False,False,0,,0.0,0,negative_candidate,0.0
OR4K1,False,False,0,,0.0,0,negative_candidate,0.0
TAGLN2,False,False,0,,0.0,0,negative_candidate,0.0
CGRRF1,False,False,0,,0.0,0,negative_candidate,0.0
TMEM202,False,False,0,,0.0,0,negative_candidate,0.0
NCR2,False,False,0,,0.0,0,negative_candidate,0.0
FBLN5,False,False,0,,0.0,0,negative_candidate,0.0
ZXDC,False,False,0,,0.0,0,negative_candidate,0.0
TIAF1,False,False,0,,0.0,0,negative_candidate,0.0
ATXN7,False,True,1,CIViC,0.9,1,single_source_positive,
PTK2B,True,True,2,NCG;CIViC,1.0,1,high_confidence_positive,1.0
RELB,True,False,1,NCG,1.0,1,single_source_positive,
MAPK8IP2,False,False,0,,0.0,0,negative_candidate,0.0
PER1,True,False,1,NCG,1.0,1,single_source_positive,
SLC3A2,False,True,1,CIViC,1.0,1,single_source_positive,
OR5T1,False,False,0,,0.0,0,negative_candidate,0.0
RFXANK,False,False,0,,0.0,0,negative_candidate,0.0
ERGIC2,False,False,0,,0.0,0,negative_candidate,0.0
ACY1,False,False,0,,0.0,0,negative_candidate,0.0
TRGV4,False,False,0,,0.0,0,negative_candidate,0.0
C15ORF39,False,False,0,,0.0,0,negative_candidate,0.0
ARMCX3,True,False,1,NCG,1.0,1,single_source_positive,
TENT5C,True,False,1,NCG,1.0,1,single_source_positive,
OR4D11,False,False,0,,0.0,0,negative_candidate,0.0
MRPL32,False,False,0,,0.0,0,negative_candidate,0.0
OR10R2,True,False,1,NCG,1.0,1,single_source_positive,
ARHGAP6,False,False,0,,0.0,0,negative_candidate,0.0
KRTAP11-1,False,False,0,,0.0,0,negative_candidate,0.0
LDB3,False,False,0,,0.0,0,negative_candidate,0.0
ABCG1,False,False,0,,0.0,0,negative_candidate,0.0
GABRR3,False,False,0,,0.0,0,negative_candidate,0.0
RHAG,False,False,0,,0.0,0,negative_candidate,0.0
TOP1MT,False,False,0,,0.0,0,negative_candidate,0.0
SLC11A1,False,False,0,,0.0,0,negative_candidate,0.0
PDP1,False,False,0,,0.0,0,negative_candidate,0.0
DOK2,False,False,0,,0.0,0,negative_candidate,0.0
SLC35C2,False,False,0,,0.0,0,negative_candidate,0.0
AC005324.2,False,False,0,,0.0,0,negative_candidate,0.0
OR2T12,False,False,0,,0.0,0,negative_candidate,0.0
HCCS,False,False,0,,0.0,0,negative_candidate,0.0
CSNK2A2,False,False,0,,0.0,0,negative_candidate,0.0
RPL8,False,False,0,,0.0,0,negative_candidate,0.0
NECAB3,False,False,0,,0.0,0,negative_candidate,0.0
OR6B3,False,False,0,,0.0,0,negative_candidate,0.0
CTTN,False,False,0,,0.0,0,negative_candidate,0.0
ZNF24,False,False,0,,0.0,0,negative_candidate,0.0
LSAMP,True,False,1,NCG,1.0,1,single_source_positive,
SLCO4A1,False,False,0,,0.0,0,negative_candidate,0.0
CLRN2,False,False,0,,0.0,0,negative_candidate,0.0
ASPG,False,False,0,,0.0,0,negative_candidate,0.0
ENO1,False,False,0,,0.0,0,negative_candidate,0.0
PIP4P1,False,False,0,,0.0,0,negative_candidate,0.0
VMP1,False,False,0,,0.0,0,negative_candidate,0.0
ZNF497,True,False,1,NCG,1.0,1,single_source_positive,
PNLIPRP1,False,False,0,,0.0,0,negative_candidate,0.0
IGHV3-23,False,False,0,,0.0,0,negative_candidate,0.0
IFNA7,False,False,0,,0.0,0,negative_candidate,0.0
RERG,False,False,0,,0.0,0,negative_candidate,0.0
UBTD2,False,False,0,,0.0,0,negative_candidate,0.0
SULT1A2,False,False,0,,0.0,0,negative_candidate,0.0
DOLPP1,False,False,0,,0.0,0,negative_candidate,0.0
FFAR2,False,False,0,,0.0,0,negative_candidate,0.0
GZMB,False,False,0,,0.0,0,negative_candidate,0.0
PSMD14,False,False,0,,0.0,0,negative_candidate,0.0
RASIP1,False,False,0,,0.0,0,negative_candidate,0.0
CPA3,False,False,0,,0.0,0,negative_candidate,0.0
ING1,True,False,1,NCG,1.0,1,single_source_positive,
ZDHHC18,False,False,0,,0.0,0,negative_candidate,0.0
LMAN1L,False,False,0,,0.0,0,negative_candidate,0.0
PSMG1,False,False,0,,0.0,0,negative_candidate,0.0
TLE4,True,False,1,NCG,1.0,1,single_source_positive,
RTN4,True,False,1,NCG,1.0,1,single_source_positive,
PDIA3,False,False,0,,0.0,0,negative_candidate,0.0
ITGA10,False,False,0,,0.0,0,negative_candidate,0.0
SGMS2,False,False,0,,0.0,0,negative_candidate,0.0
ADGRF5,False,False,0,,0.0,0,negative_candidate,0.0
FOXO3,True,True,2,NCG;CIViC,1.0,1,high_confidence_positive,1.0
PRMT2,False,False,0,,0.0,0,negative_candidate,0.0
NEUROD6,False,False,0,,0.0,0,negative_candidate,0.0
VPS39,False,False,0,,0.0,0,negative_candidate,0.0
LCE1B,False,False,0,,0.0,0,negative_candidate,0.0
TBCCD1,False,False,0,,0.0,0,negative_candidate,0.0
CATSPER2,False,False,0,,0.0,0,negative_candidate,0.0
RRP1,False,False,0,,0.0,0,negative_candidate,0.0
PPTC7,False,False,0,,0.0,0,negative_candidate,0.0
CFAP20,True,False,1,NCG,1.0,1,single_source_positive,
P2RX6,False,False,0,,0.0,0,negative_candidate,0.0
VPS26B,False,False,0,,0.0,0,negative_candidate,0.0
ATF7IP2,False,False,0,,0.0,0,negative_candidate,0.0
WDR33,False,False,0,,0.0,0,negative_candidate,0.0
RELCH,False,False,0,,0.0,0,negative_candidate,0.0
MRTFB,False,False,0,,0.0,0,negative_candidate,0.0
ZNRD2,False,False,0,,0.0,0,negative_candidate,0.0
AGPAT4,False,False,0,,0.0,0,negative_candidate,0.0
ACADS,False,False,0,,0.0,0,negative_candidate,0.0
ETFB,False,False,0,,0.0,0,negative_candidate,0.0
ZNF439,False,False,0,,0.0,0,negative_candidate,0.0
SEPTIN7,False,False,0,,0.0,0,negative_candidate,0.0
BACE1,False,False,0,,0.0,0,negative_candidate,0.0
NODAL,False,False,0,,0.0,0,negative_candidate,0.0
NOTCH3,True,True,2,NCG;CIViC,1.0,1,high_confidence_positive,1.0
C16ORF46,False,False,0,,0.0,0,negative_candidate,0.0
RBMS3,False,False,0,,0.0,0,negative_candidate,0.0
ROM1,False,False,0,,0.0,0,negative_candidate,0.0
GFOD1,False,False,0,,0.0,0,negative_candidate,0.0
OR9G1,True,False,1,NCG,1.0,1,single_source_positive,
CLK1,False,False,0,,0.0,0,negative_candidate,0.0
SLC66A2,False,False,0,,0.0,0,negative_candidate,0.0
CYHR1,False,False,0,,0.0,0,negative_candidate,0.0
TRAP1,False,False,0,,0.0,0,negative_candidate,0.0
GHRHR,False,False,0,,0.0,0,negative_candidate,0.0
OR1K1,False,False,0,,0.0,0,negative_candidate,0.0
DNAJB8,False,False,0,,0.0,0,negative_candidate,0.0
FRG2B,True,False,1,NCG,1.0,1,single_source_positive,
SGK3,False,False,0,,0.0,0,negative_candidate,0.0
MMP25,False,False,0,,0.0,0,negative_candidate,0.0
ANKRD52,False,False,0,,0.0,0,negative_candidate,0.0
CUTC,False,False,0,,0.0,0,negative_candidate,0.0
MGST3,False,False,0,,0.0,0,negative_candidate,0.0
RYK,False,False,0,,0.0,0,negative_candidate,0.0
ACTN4,False,False,0,,0.0,0,negative_candidate,0.0
IP6K1,False,False,0,,0.0,0,negative_candidate,0.0
KAZN,False,False,0,,0.0,0,negative_candidate,0.0
METTL17,False,False,0,,0.0,0,negative_candidate,0.0
KRTAP23-1,False,False,0,,0.0,0,negative_candidate,0.0
SLC25A24,False,False,0,,0.0,0,negative_candidate,0.0
PPIP5K1,False,False,0,,0.0,0,negative_candidate,0.0
C16ORF71,False,False,0,,0.0,0,negative_candidate,0.0
HARS2,False,False,0,,0.0,0,negative_candidate,0.0
SERTM1,False,False,0,,0.0,0,negative_candidate,0.0
CEACAM3,False,False,0,,0.0,0,negative_candidate,0.0
RAP2A,False,False,0,,0.0,0,negative_candidate,0.0
OR10V1,False,False,0,,0.0,0,negative_candidate,0.0
DPEP2,False,False,0,,0.0,0,negative_candidate,0.0
TAOK2,False,False,0,,0.0,0,negative_candidate,0.0
KIZ,False,False,0,,0.0,0,negative_candidate,0.0
TAB1,False,False,0,,0.0,0,negative_candidate,0.0
TMEM164,False,False,0,,0.0,0,negative_candidate,0.0
PHYH,False,False,0,,0.0,0,negative_candidate,0.0
PIGS,False,False,0,,0.0,0,negative_candidate,0.0
TTC38,False,False,0,,0.0,0,negative_candidate,0.0
OR6K3,False,False,0,,0.0,0,negative_candidate,0.0
KRTAP13-3,True,False,1,NCG,1.0,1,single_source_positive,
MAP11,False,False,0,,0.0,0,negative_candidate,0.0
OR52E2,False,False,0,,0.0,0,negative_candidate,0.0
PRND,False,False,0,,0.0,0,negative_candidate,0.0
GLUL,False,False,0,,0.0,0,negative_candidate,0.0
ABI2,False,False,0,,0.0,0,negative_candidate,0.0
PLIN5,False,False,0,,0.0,0,negative_candidate,0.0
PACS1,False,False,0,,0.0,0,negative_candidate,0.0
RPN1,False,False,0,,0.0,0,negative_candidate,0.0
ASB14,False,False,0,,0.0,0,negative_candidate,0.0
NAT9,False,False,0,,0.0,0,negative_candidate,0.0
UBXN4,False,False,0,,0.0,0,negative_candidate,0.0
MCF2L,False,False,0,,0.0,0,negative_candidate,0.0
B4GALNT1,False,False,0,,0.0,0,negative_candidate,0.0
NUDT19,False,False,0,,0.0,0,negative_candidate,0.0
TPP1,False,False,0,,0.0,0,negative_candidate,0.0
CASQ1,False,False,0,,0.0,0,negative_candidate,0.0
ETS2,False,True,1,CIViC,1.0,1,single_source_positive,
ARL11,False,False,0,,0.0,0,negative_candidate,0.0
DAB2,False,False,0,,0.0,0,negative_candidate,0.0
RDH14,False,False,0,,0.0,0,negative_candidate,0.0
SOX10,False,True,1,CIViC,1.0,1,single_source_positive,
PRAMEF14,False,False,0,,0.0,0,negative_candidate,0.0
OR7G2,False,False,0,,0.0,0,negative_candidate,0.0
NMI,False,False,0,,0.0,0,negative_candidate,0.0
AOC3,False,False,0,,0.0,0,negative_candidate,0.0
SDC1,False,False,0,,0.0,0,negative_candidate,0.0
OR2F1,False,False,0,,0.0,0,negative_candidate,0.0
GPR149,False,False,0,,0.0,0,negative_candidate,0.0
PDC,False,False,0,,0.0,0,negative_candidate,0.0
ZNF655,False,False,0,,0.0,0,negative_candidate,0.0
TRPC4AP,False,False,0,,0.0,0,negative_candidate,0.0
CST8,False,False,0,,0.0,0,negative_candidate,0.0
TAPBP,False,False,0,,0.0,0,negative_candidate,0.0
SLC30A5,False,False,0,,0.0,0,negative_candidate,0.0
SLC25A36,False,False,0,,0.0,0,negative_candidate,0.0
IGKC,False,False,0,,0.0,0,negative_candidate,0.0
KRTAP4-4,False,False,0,,0.0,0,negative_candidate,0.0
BIN1,False,False,0,,0.0,0,negative_candidate,0.0
INS,False,False,0,,0.0,0,negative_candidate,0.0
RSAD1,False,False,0,,0.0,0,negative_candidate,0.0
NDUFB2,True,False,1,NCG,1.0,1,single_source_positive,
ZC4H2,True,False,1,NCG,1.0,1,single_source_positive,
ACTN1,False,False,0,,0.0,0,negative_candidate,0.0
VPS35L,False,False,0,,0.0,0,negative_candidate,0.0
OR2T1,False,False,0,,0.0,0,negative_candidate,0.0
GAPDH,False,False,0,,0.0,0,negative_candidate,0.0
IGLC3,False,False,0,,0.0,0,negative_candidate,0.0
COQ6,False,False,0,,0.0,0,negative_candidate,0.0
CHI3L1,False,False,0,,0.0,0,negative_candidate,0.0
MRPS18A,False,False,0,,0.0,0,negative_candidate,0.0
IGLV2-14,False,False,0,,0.0,0,negative_candidate,0.0
GPC3,True,False,1,NCG,1.0,1,single_source_positive,
JCHAIN,False,False,0,,0.0,0,negative_candidate,0.0
CAVIN2,False,False,0,,0.0,0,negative_candidate,0.0
GPHB5,False,False,0,,0.0,0,negative_candidate,0.0
RSRP1,False,False,0,,0.0,0,negative_candidate,0.0
PNP,False,False,0,,0.0,0,negative_candidate,0.0
IGLV3-21,False,False,0,,0.0,0,negative_candidate,0.0
PRPF4,False,False,0,,0.0,0,negative_candidate,0.0
ZNF598,False,False,0,,0.0,0,negative_candidate,0.0
DLX6,False,False,0,,0.0,0,negative_candidate,0.0
RASGRP2,True,False,1,NCG,1.0,1,single_source_positive,
DHRSX,False,False,0,,0.0,0,negative_candidate,0.0
TRIM61,False,False,0,,0.0,0,negative_candidate,0.0
MED15,False,False,0,,0.0,0,negative_candidate,0.0
CPNE9,False,False,0,,0.0,0,negative_candidate,0.0
SP2,False,False,0,,0.0,0,negative_candidate,0.0
PDPR,False,False,0,,0.0,0,negative_candidate,0.0
EZR,True,False,1,NCG,1.0,1,single_source_positive,
NEK3,False,False,0,,0.0,0,negative_candidate,0.0
DAD1,False,False,0,,0.0,0,negative_candidate,0.0
FAM104B,False,False,0,,0.0,0,negative_candidate,0.0
MUC16,True,False,1,NCG,1.0,1,single_source_positive,
XBP1,True,False,1,NCG,1.0,1,single_source_positive,
PSKH1,False,False,0,,0.0,0,negative_candidate,0.0
FPGT-TNNI3K,False,False,0,,0.0,0,negative_candidate,0.0
OR51L1,False,False,0,,0.0,0,negative_candidate,0.0
RHOB,True,False,1,NCG,1.0,1,single_source_positive,
TANC1,False,False,0,,0.0,0,negative_candidate,0.0
EIF1,False,False,0,,0.0,0,negative_candidate,0.0
ZNF775,False,False,0,,0.0,0,negative_candidate,0.0
PRC1,False,False,0,,0.0,0,negative_candidate,0.0
KCTD10,False,False,0,,0.0,0,negative_candidate,0.0
PEX14,False,False,0,,0.0,0,negative_candidate,0.0
RP9,False,False,0,,0.0,0,negative_candidate,0.0
OR1G1,False,False,0,,0.0,0,negative_candidate,0.0
OR4M1,False,False,0,,0.0,0,negative_candidate,0.0
BRIX1,False,False,0,,0.0,0,negative_candidate,0.0
ARHGDIB,False,False,0,,0.0,0,negative_candidate,0.0
VEGFA,False,True,1,CIViC,1.0,1,single_source_positive,
OR4C13,False,False,0,,0.0,0,negative_candidate,0.0
PSME1,False,False,0,,0.0,0,negative_candidate,0.0
DIABLO,False,False,0,,0.0,0,negative_candidate,0.0
SCUBE1,False,False,0,,0.0,0,negative_candidate,0.0
PTPN23,False,False,0,,0.0,0,negative_candidate,0.0
OR4B1,False,False,0,,0.0,0,negative_candidate,0.0
WFS1,False,False,0,,0.0,0,negative_candidate,0.0
RPL28,True,False,1,NCG,1.0,1,single_source_positive,
ASB13,False,False,0,,0.0,0,negative_candidate,0.0
FPR3,False,False,0,,0.0,0,negative_candidate,0.0
MKNK1,True,False,1,NCG,1.0,1,single_source_positive,
SNRPA1,False,False,0,,0.0,0,negative_candidate,0.0
RTL6,True,False,1,NCG,1.0,1,single_source_positive,
HSDL1,False,False,0,,0.0,0,negative_candidate,0.0
MAP4,False,False,0,,0.0,0,negative_candidate,0.0
ATF4,False,False,0,,0.0,0,negative_candidate,0.0
STOM,False,False,0,,0.0,0,negative_candidate,0.0
SAT1,False,False,0,,0.0,0,negative_candidate,0.0
ZNF354B,False,False,0,,0.0,0,negative_candidate,0.0
AF196969.1,False,False,0,,0.0,0,negative_candidate,0.0
PML,True,True,2,NCG;CIViC,1.0,1,high_confidence_positive,1.0
TUFM,False,False,0,,0.0,0,negative_candidate,0.0
BHLHE40,False,False,0,,0.0,0,negative_candidate,0.0
PRPF19,False,False,0,,0.0,0,negative_candidate,0.0
TPCN1,False,False,0,,0.0,0,negative_candidate,0.0
SLC25A37,False,False,0,,0.0,0,negative_candidate,0.0
ANXA2,True,False,1,NCG,1.0,1,single_source_positive,
OR4K14,True,False,1,NCG,1.0,1,single_source_positive,
PSTPIP1,False,False,0,,0.0,0,negative_candidate,0.0
KRTAP13-1,False,False,0,,0.0,0,negative_candidate,0.0
OR5H6,False,False,0,,0.0,0,negative_candidate,0.0
ATP6V1F,False,False,0,,0.0,0,negative_candidate,0.0
APLP2,False,False,0,,0.0,0,negative_candidate,0.0
SCYL1,False,False,0,,0.0,0,negative_candidate,0.0
ANKRD11,False,False,0,,0.0,0,negative_candidate,0.0
ZNF787,False,False,0,,0.0,0,negative_candidate,0.0
FABP1,False,False,0,,0.0,0,negative_candidate,0.0
ATP5F1A,False,False,0,,0.0,0,negative_candidate,0.0
FLOT1,False,False,0,,0.0,0,negative_candidate,0.0
PPP1R12C,False,False,0,,0.0,0,negative_candidate,0.0
KIF1B,True,False,1,NCG,1.0,1,single_source_positive,
MVD,False,False,0,,0.0,0,negative_candidate,0.0
CTSS,True,False,1,NCG,1.0,1,single_source_positive,
TCF19,False,True,1,CIViC,0.9,1,single_source_positive,
PRSS58,False,False,0,,0.0,0,negative_candidate,0.0
VHL,True,True,2,NCG;CIViC,1.0,1,high_confidence_positive,1.0
GNB1,True,False,1,NCG,1.0,1,single_source_positive,
ADORA2A,False,False,0,,0.0,0,negative_candidate,0.0
TMEM39B,False,False,0,,0.0,0,negative_candidate,0.0
MAPK8IP3,False,False,0,,0.0,0,negative_candidate,0.0
CD8A,False,False,0,,0.0,0,negative_candidate,0.0
ZMYND15,False,False,0,,0.0,0,negative_candidate,0.0
TTC9C,False,False,0,,0.0,0,negative_candidate,0.0
NRM,False,False,0,,0.0,0,negative_candidate,0.0
CYP11B2,False,False,0,,0.0,0,negative_candidate,0.0
OR6C1,False,False,0,,0.0,0,negative_candidate,0.0
OLFML1,False,False,0,,0.0,0,negative_candidate,0.0
PSMB1,False,False,0,,0.0,0,negative_candidate,0.0
WDR13,False,False,0,,0.0,0,negative_candidate,0.0
SFTPD,False,False,0,,0.0,0,negative_candidate,0.0
METTL23,True,False,1,NCG,1.0,1,single_source_positive,
FARSB,False,False,0,,0.0,0,negative_candidate,0.0
SIGLEC5,False,False,0,,0.0,0,negative_candidate,0.0
PHF13,False,False,0,,0.0,0,negative_candidate,0.0
DCDC2B,False,False,0,,0.0,0,negative_candidate,0.0
WDR1,False,False,0,,0.0,0,negative_candidate,0.0
SPANXN1,True,False,1,NCG,1.0,1,single_source_positive,
GPR6,False,False,0,,0.0,0,negative_candidate,0.0
WSB1,False,False,0,,0.0,0,negative_candidate,0.0
ZBED6CL,False,False,0,,0.0,0,negative_candidate,0.0
XPO7,False,False,0,,0.0,0,negative_candidate,0.0
KRT25,False,False,0,,0.0,0,negative_candidate,0.0
SMCHD1,False,False,0,,0.0,0,negative_candidate,0.0
CYP51A1,False,False,0,,0.0,0,negative_candidate,0.0
IGHV1-12,False,False,0,,0.0,0,negative_candidate,0.0
DEFB123,False,False,0,,0.0,0,negative_candidate,0.0
OR5H2,False,False,0,,0.0,0,negative_candidate,0.0
CENPB,False,False,0,,0.0,0,negative_candidate,0.0
TGIF2,False,False,0,,0.0,0,negative_candidate,0.0
AKR1E2,False,False,0,,0.0,0,negative_candidate,0.0
YIF1B,False,False,0,,0.0,0,negative_candidate,0.0
CCL13,False,False,0,,0.0,0,negative_candidate,0.0
DEFB131A,False,False,0,,0.0,0,negative_candidate,0.0
FASTKD5,False,False,0,,0.0,0,negative_candidate,0.0
CCN1,False,False,0,,0.0,0,negative_candidate,0.0
TNP1,False,False,0,,0.0,0,negative_candidate,0.0
F3,False,False,0,,0.0,0,negative_candidate,0.0
CNTD1,False,False,0,,0.0,0,negative_candidate,0.0
OR6C70,False,False,0,,0.0,0,negative_candidate,0.0
TAS2R16,False,False,0,,0.0,0,negative_candidate,0.0
TPGS2,False,False,0,,0.0,0,negative_candidate,0.0
NDUFS1,False,False,0,,0.0,0,negative_candidate,0.0
YIPF3,False,False,0,,0.0,0,negative_candidate,0.0
NDRG4,False,False,0,,0.0,0,negative_candidate,0.0
SLC33A1,False,False,0,,0.0,0,negative_candidate,0.0
AMIGO2,False,False,0,,0.0,0,negative_candidate,0.0
SHC1,False,True,1,CIViC,0.9,1,single_source_positive,
HPD,True,False,1,NCG,1.0,1,single_source_positive,
RRAGD,False,False,0,,0.0,0,negative_candidate,0.0
SMAD5,False,False,0,,0.0,0,negative_candidate,0.0
PDCL,False,False,0,,0.0,0,negative_candidate,0.0
NANS,False,False,0,,0.0,0,negative_candidate,0.0
SYPL2,False,False,0,,0.0,0,negative_candidate,0.0
LRRC27,False,False,0,,0.0,0,negative_candidate,0.0
UFC1,False,False,0,,0.0,0,negative_candidate,0.0
ACADSB,False,False,0,,0.0,0,negative_candidate,0.0
OR5V1,False,False,0,,0.0,0,negative_candidate,0.0
SSR3,False,False,0,,0.0,0,negative_candidate,0.0
HADHA,False,False,0,,0.0,0,negative_candidate,0.0
C6ORF120,False,False,0,,0.0,0,negative_candidate,0.0
OR4X1,False,False,0,,0.0,0,negative_candidate,0.0
PRDX2,False,False,0,,0.0,0,negative_candidate,0.0
SEMA6A,True,False,1,NCG,1.0,1,single_source_positive,
ITGB5,False,False,0,,0.0,0,negative_candidate,0.0
CTSH,False,False,0,,0.0,0,negative_candidate,0.0
RNF5,False,False,0,,0.0,0,negative_candidate,0.0
OR1J2,True,False,1,NCG,1.0,1,single_source_positive,
HSD11B1,False,False,0,,0.0,0,negative_candidate,0.0
POLR3G,False,False,0,,0.0,0,negative_candidate,0.0
IFNA21,False,False,0,,0.0,0,negative_candidate,0.0
SOHLH1,False,False,0,,0.0,0,negative_candidate,0.0
RXFP3,True,False,1,NCG,1.0,1,single_source_positive,
FKBP11,False,False,0,,0.0,0,negative_candidate,0.0
MIF4GD,False,False,0,,0.0,0,negative_candidate,0.0
POU4F3,False,False,0,,0.0,0,negative_candidate,0.0
PPP1CA,False,False,0,,0.0,0,negative_candidate,0.0
GPR151,False,False,0,,0.0,0,negative_candidate,0.0
RNASE11,True,False,1,NCG,1.0,1,single_source_positive,
EPHB4,True,True,2,NCG;CIViC,1.0,1,high_confidence_positive,1.0
TAF6,False,False,0,,0.0,0,negative_candidate,0.0
UCP1,False,False,0,,0.0,0,negative_candidate,0.0
TMEM155,False,False,0,,0.0,0,negative_candidate,0.0
ALPL,False,False,0,,0.0,0,negative_candidate,0.0
MANSC1,False,False,0,,0.0,0,negative_candidate,0.0
NSUN6,True,False,1,NCG,1.0,1,single_source_positive,
OR2V2,False,False,0,,0.0,0,negative_candidate,0.0
SEPTIN8,False,False,0,,0.0,0,negative_candidate,0.0
CACNB1,False,False,0,,0.0,0,negative_candidate,0.0
PRICKLE4,False,False,0,,0.0,0,negative_candidate,0.0
GRXCR1,False,False,0,,0.0,0,negative_candidate,0.0
OR13C3,False,False,0,,0.0,0,negative_candidate,0.0
PSME2,False,False,0,,0.0,0,negative_candidate,0.0
MKRN1,True,False,1,NCG,1.0,1,single_source_positive,
MSL2,False,False,0,,0.0,0,negative_candidate,0.0
AGFG2,False,False,0,,0.0,0,negative_candidate,0.0
AAMP,False,False,0,,0.0,0,negative_candidate,0.0
AQP12A,True,False,1,NCG,1.0,1,single_source_positive,
SEC61G,True,True,2,NCG;CIViC,1.0,1,high_confidence_positive,1.0
CASP4,False,False,0,,0.0,0,negative_candidate,0.0
SNX33,False,False,0,,0.0,0,negative_candidate,0.0
CAMK2G,False,False,0,,0.0,0,negative_candidate,0.0
ZNF664,False,False,0,,0.0,0,negative_candidate,0.0
ANKRD1,False,False,0,,0.0,0,negative_candidate,0.0
PRKAR1A,True,True,2,NCG;CIViC,1.0,1,high_confidence_positive,1.0
SLC18B1,False,False,0,,0.0,0,negative_candidate,0.0
KCNK12,False,False,0,,0.0,0,negative_candidate,0.0
FAM183A,False,False,0,,0.0,0,negative_candidate,0.0
LILRB5,False,False,0,,0.0,0,negative_candidate,0.0
FN3K,False,False,0,,0.0,0,negative_candidate,0.0
CNPY1,False,False,0,,0.0,0,negative_candidate,0.0
REPIN1,False,False,0,,0.0,0,negative_candidate,0.0
EVL,False,False,0,,0.0,0,negative_candidate,0.0
EML3,False,False,0,,0.0,0,negative_candidate,0.0
GPR88,False,False,0,,0.0,0,negative_candidate,0.0
SERPINA12,True,False,1,NCG,1.0,1,single_source_positive,
FBXO41,False,False,0,,0.0,0,negative_candidate,0.0
IFT46,False,False,0,,0.0,0,negative_candidate,0.0
ATP6V1E1,False,False,0,,0.0,0,negative_candidate,0.0
SEPTIN1,False,False,0,,0.0,0,negative_candidate,0.0
GALNT11,False,False,0,,0.0,0,negative_candidate,0.0
LDB1,True,False,1,NCG,1.0,1,single_source_positive,
OGG1,False,False,0,,0.0,0,negative_candidate,0.0
DRAM1,False,False,0,,0.0,0,negative_candidate,0.0
SPANXN4,False,False,0,,0.0,0,negative_candidate,0.0
TMEFF1,False,False,0,,0.0,0,negative_candidate,0.0
YWHAB,False,False,0,,0.0,0,negative_candidate,0.0
SLC45A4,False,False,0,,0.0,0,negative_candidate,0.0
D2HGDH,False,False,0,,0.0,0,negative_candidate,0.0
ACLY,False,False,0,,0.0,0,negative_candidate,0.0
FNDC5,False,False,0,,0.0,0,negative_candidate,0.0
ARIH2,False,False,0,,0.0,0,negative_candidate,0.0
OR8A1,False,False,0,,0.0,0,negative_candidate,0.0
ARAP3,False,False,0,,0.0,0,negative_candidate,0.0
FGF16,False,False,0,,0.0,0,negative_candidate,0.0
OR10A3,False,False,0,,0.0,0,negative_candidate,0.0
OSCAR,False,False,0,,0.0,0,negative_candidate,0.0
SESN3,False,False,0,,0.0,0,negative_candidate,0.0
PALMD,False,False,0,,0.0,0,negative_candidate,0.0
EPB42,False,False,0,,0.0,0,negative_candidate,0.0
TIMMDC1,False,False,0,,0.0,0,negative_candidate,0.0
ST3GAL4,False,False,0,,0.0,0,negative_candidate,0.0
FBLN1,True,False,1,NCG,1.0,1,single_source_positive,
KRT77,False,False,0,,0.0,0,negative_candidate,0.0
GRWD1,False,False,0,,0.0,0,negative_candidate,0.0
CNNM3,False,False,0,,0.0,0,negative_candidate,0.0
DCAF5,False,False,0,,0.0,0,negative_candidate,0.0
ZNF684,False,False,0,,0.0,0,negative_candidate,0.0
MPP1,False,False,0,,0.0,0,negative_candidate,0.0
IGHA2,False,False,0,,0.0,0,negative_candidate,0.0
PPWD1,False,False,0,,0.0,0,negative_candidate,0.0
PGGHG,False,False,0,,0.0,0,negative_candidate,0.0
MAP3K20,False,False,0,,0.0,0,negative_candidate,0.0
IDH3B,False,False,0,,0.0,0,negative_candidate,0.0
TIE1,False,False,0,,0.0,0,negative_candidate,0.0
BAIAP2,False,False,0,,0.0,0,negative_candidate,0.0
AMBN,False,False,0,,0.0,0,negative_candidate,0.0
RBSN,False,False,0,,0.0,0,negative_candidate,0.0
PRAMEF4,True,False,1,NCG,1.0,1,single_source_positive,
THRA,False,False,0,,0.0,0,negative_candidate,0.0
BEGAIN,False,False,0,,0.0,0,negative_candidate,0.0
TMEM63B,False,False,0,,0.0,0,negative_candidate,0.0
MEF2A,False,False,0,,0.0,0,negative_candidate,0.0
ADH1B,True,False,1,NCG,1.0,1,single_source_positive,
ZDHHC2,False,False,0,,0.0,0,negative_candidate,0.0
SAR1B,False,False,0,,0.0,0,negative_candidate,0.0
RRP12,False,False,0,,0.0,0,negative_candidate,0.0
MS4A7,False,False,0,,0.0,0,negative_candidate,0.0
GOLGA6A,False,False,0,,0.0,0,negative_candidate,0.0
STAB1,True,False,1,NCG,1.0,1,single_source_positive,
ZNF224,False,False,0,,0.0,0,negative_candidate,0.0
ST3GAL5,False,False,0,,0.0,0,negative_candidate,0.0
PTP4A3,False,True,1,CIViC,1.0,1,single_source_positive,
OPTC,False,False,0,,0.0,0,negative_candidate,0.0
PACSIN2,False,False,0,,0.0,0,negative_candidate,0.0
DIAPH1,True,False,1,NCG,1.0,1,single_source_positive,
SRSF7,False,False,0,,0.0,0,negative_candidate,0.0
MAGEB3,False,False,0,,0.0,0,negative_candidate,0.0
PMM1,False,False,0,,0.0,0,negative_candidate,0.0
TDG,True,False,1,NCG,1.0,1,single_source_positive,
RALB,False,False,0,,0.0,0,negative_candidate,0.0
HMOX1,False,True,1,CIViC,1.0,1,single_source_positive,
WBP2,False,False,0,,0.0,0,negative_candidate,0.0
BARX2,False,False,0,,0.0,0,negative_candidate,0.0
NOXRED1,False,False,0,,0.0,0,negative_candidate,0.0
SYTL3,False,False,0,,0.0,0,negative_candidate,0.0
TES,False,False,0,,0.0,0,negative_candidate,0.0
PDE4D,False,False,0,,0.0,0,negative_candidate,0.0
CAT,False,False,0,,0.0,0,negative_candidate,0.0
CYBRD1,False,False,0,,0.0,0,negative_candidate,0.0
UBQLN1,False,False,0,,0.0,0,negative_candidate,0.0
RING1,False,False,0,,0.0,0,negative_candidate,0.0
KDM5D,False,True,1,CIViC,0.9,1,single_source_positive,
TADA2B,False,False,0,,0.0,0,negative_candidate,0.0
PRR16,False,False,0,,0.0,0,negative_candidate,0.0
SH2D3C,False,False,0,,0.0,0,negative_candidate,0.0
P3H2,False,False,0,,0.0,0,negative_candidate,0.0
A1BG,False,False,0,,0.0,0,negative_candidate,0.0
NFIC,False,False,0,,0.0,0,negative_candidate,0.0
LRRC58,False,False,0,,0.0,0,negative_candidate,0.0
NEU2,False,False,0,,0.0,0,negative_candidate,0.0
LRTM1,True,False,1,NCG,1.0,1,single_source_positive,
NUSAP1,False,False,0,,0.0,0,negative_candidate,0.0
TCP1,False,False,0,,0.0,0,negative_candidate,0.0
ACTR1B,False,False,0,,0.0,0,negative_candidate,0.0
C19ORF57,False,False,0,,0.0,0,negative_candidate,0.0
VSIG2,False,False,0,,0.0,0,negative_candidate,0.0
EDA,False,False,0,,0.0,0,negative_candidate,0.0
ACAT2,False,False,0,,0.0,0,negative_candidate,0.0
TNFRSF17,True,True,2,NCG;CIViC,1.0,1,high_confidence_positive,1.0
TRBV30,False,False,0,,0.0,0,negative_candidate,0.0
OR2AG1,False,False,0,,0.0,0,negative_candidate,0.0
ADO,False,False,0,,0.0,0,negative_candidate,0.0
MAB21L3,False,False,0,,0.0,0,negative_candidate,0.0
LZTR1,True,True,2,NCG;CIViC,1.0,1,high_confidence_positive,1.0
TTC9B,False,False,0,,0.0,0,negative_candidate,0.0
NCF4,False,False,0,,0.0,0,negative_candidate,0.0
SHC2,False,False,0,,0.0,0,negative_candidate,0.0
TBC1D9B,False,False,0,,0.0,0,negative_candidate,0.0
PPP2R5A,True,False,1,NCG,1.0,1,single_source_positive,
MT1G,False,False,0,,0.0,0,negative_candidate,0.0
OR14I1,False,False,0,,0.0,0,negative_candidate,0.0
OR2J2,False,False,0,,0.0,0,negative_candidate,0.0
SLC22A18,False,False,0,,0.0,0,negative_candidate,0.0
OR1A2,False,False,0,,0.0,0,negative_candidate,0.0
SSRP1,False,False,0,,0.0,0,negative_candidate,0.0
CDRT1,False,False,0,,0.0,0,negative_candidate,0.0
MAP3K8,False,True,1,CIViC,0.9,1,single_source_positive,
CSRP1,False,False,0,,0.0,0,negative_candidate,0.0
OR52I1,False,False,0,,0.0,0,negative_candidate,0.0
SLC9A1,False,False,0,,0.0,0,negative_candidate,0.0
MTX1,False,False,0,,0.0,0,negative_candidate,0.0
LGMN,False,False,0,,0.0,0,negative_candidate,0.0
C4BPA,False,False,0,,0.0,0,negative_candidate,0.0
NAP1L4,False,False,0,,0.0,0,negative_candidate,0.0
POLR2E,False,False,0,,0.0,0,negative_candidate,0.0
ADTRP,False,False,0,,0.0,0,negative_candidate,0.0
MLH1,True,True,2,NCG;CIViC,1.0,1,high_confidence_positive,1.0
CALML6,False,False,0,,0.0,0,negative_candidate,0.0
TFDP3,False,False,0,,0.0,0,negative_candidate,0.0
PUS3,False,False,0,,0.0,0,negative_candidate,0.0
POLR2C,False,False,0,,0.0,0,negative_candidate,0.0
PRELID3B,False,False,0,,0.0,0,negative_candidate,0.0
IGBP1P2,False,False,0,,0.0,0,negative_candidate,0.0
TUBG2,False,False,0,,0.0,0,negative_candidate,0.0
ANAPC16,False,False,0,,0.0,0,negative_candidate,0.0
RNH1,False,False,0,,0.0,0,negative_candidate,0.0
RAB5C,False,False,0,,0.0,0,negative_candidate,0.0
AZIN2,False,False,0,,0.0,0,negative_candidate,0.0
OR10A6,False,False,0,,0.0,0,negative_candidate,0.0
MALSU1,True,False,1,NCG,1.0,1,single_source_positive,
FZD1,True,False,1,NCG,1.0,1,single_source_positive,
KRT33B,False,False,0,,0.0,0,negative_candidate,0.0
B3GNT8,False,False,0,,0.0,0,negative_candidate,0.0
GBP1,False,False,0,,0.0,0,negative_candidate,0.0
AFDN,True,True,2,NCG;CIViC,1.0,1,high_confidence_positive,1.0
RCAN1,False,False,0,,0.0,0,negative_candidate,0.0
METTL3,True,False,1,NCG,1.0,1,single_source_positive,
NPR2,False,False,0,,0.0,0,negative_candidate,0.0
RIN3,False,False,0,,0.0,0,negative_candidate,0.0
LHX5,False,False,0,,0.0,0,negative_candidate,0.0
OR9Q2,False,False,0,,0.0,0,negative_candidate,0.0
BLZF1,False,False,0,,0.0,0,negative_candidate,0.0
TAAR5,False,False,0,,0.0,0,negative_candidate,0.0
CARD19,False,False,0,,0.0,0,negative_candidate,0.0
BAD,False,False,0,,0.0,0,negative_candidate,0.0
MEDAG,False,False,0,,0.0,0,negative_candidate,0.0
OR51G1,False,False,0,,0.0,0,negative_candidate,0.0
FAM89A,False,False,0,,0.0,0,negative_candidate,0.0
TMEM181,False,False,0,,0.0,0,negative_candidate,0.0
SLC39A1,False,False,0,,0.0,0,negative_candidate,0.0
LTBP4,True,False,1,NCG,1.0,1,single_source_positive,
TOM1L2,False,False,0,,0.0,0,negative_candidate,0.0
TBX3,True,False,1,NCG,1.0,1,single_source_positive,
PRR30,False,False,0,,0.0,0,negative_candidate,0.0
SLC49A4,False,False,0,,0.0,0,negative_candidate,0.0
STARD5,False,False,0,,0.0,0,negative_candidate,0.0
OR5AP2,False,False,0,,0.0,0,negative_candidate,0.0
FGF2,True,True,2,NCG;CIViC,1.0,1,high_confidence_positive,1.0
ASB15,True,False,1,NCG,1.0,1,single_source_positive,
NEUROG2,True,False,1,NCG,1.0,1,single_source_positive,
SNW1,False,False,0,,0.0,0,negative_candidate,0.0
OR11G2,False,False,0,,0.0,0,negative_candidate,0.0
CORT,False,False,0,,0.0,0,negative_candidate,0.0
PNRC2,False,False,0,,0.0,0,negative_candidate,0.0
NPC1,False,False,0,,0.0,0,negative_candidate,0.0
PITHD1,False,False,0,,0.0,0,negative_candidate,0.0
RBM39,True,False,1,NCG,1.0,1,single_source_positive,
ILK,False,False,0,,0.0,0,negative_candidate,0.0
EIF3I,False,False,0,,0.0,0,negative_candidate,0.0
FASTK,False,False,0,,0.0,0,negative_candidate,0.0
GPANK1,False,False,0,,0.0,0,negative_candidate,0.0
OR52A5,False,False,0,,0.0,0,negative_candidate,0.0
IL17RC,False,False,0,,0.0,0,negative_candidate,0.0
MISP,False,False,0,,0.0,0,negative_candidate,0.0
ALDH9A1,False,False,0,,0.0,0,negative_candidate,0.0
SON,True,False,1,NCG,1.0,1,single_source_positive,
ARL5A,False,False,0,,0.0,0,negative_candidate,0.0
LPIN3,False,False,0,,0.0,0,negative_candidate,0.0
ATXN3L,True,False,1,NCG,1.0,1,single_source_positive,
SYVN1,False,False,0,,0.0,0,negative_candidate,0.0
ADRA2B,False,False,0,,0.0,0,negative_candidate,0.0
SH3YL1,False,False,0,,0.0,0,negative_candidate,0.0
NUDT8,False,False,0,,0.0,0,negative_candidate,0.0
ERO1B,False,False,0,,0.0,0,negative_candidate,0.0
NOC2L,True,False,1,NCG,1.0,1,single_source_positive,
CA13,False,False,0,,0.0,0,negative_candidate,0.0
OR51D1,False,False,0,,0.0,0,negative_candidate,0.0
ANP32D,False,False,0,,0.0,0,negative_candidate,0.0
CXORF38,False,False,0,,0.0,0,negative_candidate,0.0
TMPRSS5,False,False,0,,0.0,0,negative_candidate,0.0
AIF1L,False,False,0,,0.0,0,negative_candidate,0.0
ZYX,False,False,0,,0.0,0,negative_candidate,0.0
SSTR1,False,False,0,,0.0,0,negative_candidate,0.0
TMEM268,False,False,0,,0.0,0,negative_candidate,0.0
TUBGCP6,True,False,1,NCG,1.0,1,single_source_positive,
VN1R1,False,False,0,,0.0,0,negative_candidate,0.0
FHL1,False,False,0,,0.0,0,negative_candidate,0.0
FAM237A,False,False,0,,0.0,0,negative_candidate,0.0
SNRPA,True,False,1,NCG,1.0,1,single_source_positive,
GK2,False,False,0,,0.0,0,negative_candidate,0.0
IGKV2-28,False,False,0,,0.0,0,negative_candidate,0.0
KRTAP9-2,False,False,0,,0.0,0,negative_candidate,0.0
PLAT,False,False,0,,0.0,0,negative_candidate,0.0
SPATA31A3,False,False,0,,0.0,0,negative_candidate,0.0
UFSP2,False,False,0,,0.0,0,negative_candidate,0.0
CAMTA2,False,False,0,,0.0,0,negative_candidate,0.0
EHBP1L1,False,False,0,,0.0,0,negative_candidate,0.0
RAB4B,False,False,0,,0.0,0,negative_candidate,0.0
SGSM2,False,False,0,,0.0,0,negative_candidate,0.0
SCUBE3,True,False,1,NCG,1.0,1,single_source_positive,
CDKN2D,False,False,0,,0.0,0,negative_candidate,0.0
TGDS,True,False,1,NCG,1.0,1,single_source_positive,
SLC22A2,True,False,1,NCG,1.0,1,single_source_positive,
ANKZF1,False,False,0,,0.0,0,negative_candidate,0.0
OR2T2,False,False,0,,0.0,0,negative_candidate,0.0
CELA3A,False,False,0,,0.0,0,negative_candidate,0.0
SMPD2,False,False,0,,0.0,0,negative_candidate,0.0
LCE2C,False,False,0,,0.0,0,negative_candidate,0.0
ANGPTL7,False,False,0,,0.0,0,negative_candidate,0.0
PLOD1,False,False,0,,0.0,0,negative_candidate,0.0
OR4D2,False,False,0,,0.0,0,negative_candidate,0.0
C1ORF216,False,False,0,,0.0,0,negative_candidate,0.0
ACBD6,False,False,0,,0.0,0,negative_candidate,0.0
TAF1C,False,False,0,,0.0,0,negative_candidate,0.0
TCF25,False,False,0,,0.0,0,negative_candidate,0.0
ABTB2,False,False,0,,0.0,0,negative_candidate,0.0
MGLL,False,False,0,,0.0,0,negative_candidate,0.0
TRIM8,False,False,0,,0.0,0,negative_candidate,0.0
CPLANE1,False,False,0,,0.0,0,negative_candidate,0.0
PDCD6IP,False,False,0,,0.0,0,negative_candidate,0.0
GIMAP8,False,False,0,,0.0,0,negative_candidate,0.0
OR5D18,False,False,0,,0.0,0,negative_candidate,0.0
SLC44A4,False,False,0,,0.0,0,negative_candidate,0.0
INTS14,False,False,0,,0.0,0,negative_candidate,0.0
SLC22A12,False,False,0,,0.0,0,negative_candidate,0.0
WDR54,False,False,0,,0.0,0,negative_candidate,0.0
OGN,False,False,0,,0.0,0,negative_candidate,0.0
GAS2L1,False,False,0,,0.0,0,negative_candidate,0.0
AMFR,False,False,0,,0.0,0,negative_candidate,0.0
MRPL28,False,False,0,,0.0,0,negative_candidate,0.0
NHP2,False,False,0,,0.0,0,negative_candidate,0.0
RHBDF1,False,False,0,,0.0,0,negative_candidate,0.0
APOL2,True,False,1,NCG,1.0,1,single_source_positive,
ANKRD2,False,False,0,,0.0,0,negative_candidate,0.0
SPON1,False,False,0,,0.0,0,negative_candidate,0.0
C1QB,False,False,0,,0.0,0,negative_candidate,0.0
POLR3D,False,False,0,,0.0,0,negative_candidate,0.0
ERCC8,False,False,0,,0.0,0,negative_candidate,0.0
CABP5,False,False,0,,0.0,0,negative_candidate,0.0
MED28,False,False,0,,0.0,0,negative_candidate,0.0
EVX2,False,False,0,,0.0,0,negative_candidate,0.0
SLC22A3,False,False,0,,0.0,0,negative_candidate,0.0
PGAP6,False,False,0,,0.0,0,negative_candidate,0.0
ISG20,False,False,0,,0.0,0,negative_candidate,0.0
NFIL3,False,False,0,,0.0,0,negative_candidate,0.0
APOC2,False,False,0,,0.0,0,negative_candidate,0.0
HEG1,False,False,0,,0.0,0,negative_candidate,0.0
NXF1,True,False,1,NCG,1.0,1,single_source_positive,
PDS5B,True,False,1,NCG,1.0,1,single_source_positive,
SKI,True,False,1,NCG,1.0,1,single_source_positive,
FAM120B,False,False,0,,0.0,0,negative_candidate,0.0
FHOD1,True,False,1,NCG,1.0,1,single_source_positive,
RIC8A,False,False,0,,0.0,0,negative_candidate,0.0
TBX2,False,True,1,CIViC,0.9,1,single_source_positive,
IFNA6,False,False,0,,0.0,0,negative_candidate,0.0
IQCF2,False,False,0,,0.0,0,negative_candidate,0.0
TELO2,False,False,0,,0.0,0,negative_candidate,0.0
IL2RG,True,False,1,NCG,1.0,1,single_source_positive,
EIF1B,False,False,0,,0.0,0,negative_candidate,0.0
ETV1,True,True,2,NCG;CIViC,1.0,1,high_confidence_positive,1.0
NAXD,False,False,0,,0.0,0,negative_candidate,0.0
KCNJ4,False,False,0,,0.0,0,negative_candidate,0.0
TEAD3,False,False,0,,0.0,0,negative_candidate,0.0
FBXL19,False,False,0,,0.0,0,negative_candidate,0.0
PLBD1,False,False,0,,0.0,0,negative_candidate,0.0
P2RY1,False,False,0,,0.0,0,negative_candidate,0.0
OR4P4,False,False,0,,0.0,0,negative_candidate,0.0
MAL,False,False,0,,0.0,0,negative_candidate,0.0
B3GAT3,False,False,0,,0.0,0,negative_candidate,0.0
DNAJA4,False,False,0,,0.0,0,negative_candidate,0.0
TYMS,False,True,1,CIViC,1.0,1,single_source_positive,
NUDT22,False,False,0,,0.0,0,negative_candidate,0.0
H2BC21,False,False,0,,0.0,0,negative_candidate,0.0
TXNDC5,False,False,0,,0.0,0,negative_candidate,0.0
CLEC4G,True,False,1,NCG,1.0,1,single_source_positive,
PCIF1,False,False,0,,0.0,0,negative_candidate,0.0
TMPRSS2,True,True,2,NCG;CIViC,1.0,1,high_confidence_positive,1.0
SLC36A3,False,False,0,,0.0,0,negative_candidate,0.0
RFLNB,True,False,1,NCG,1.0,1,single_source_positive,
NDUFS2,False,False,0,,0.0,0,negative_candidate,0.0
NADK,True,False,1,NCG,1.0,1,single_source_positive,
OR6M1,False,False,0,,0.0,0,negative_candidate,0.0
UIMC1,False,False,0,,0.0,0,negative_candidate,0.0
NOP2,False,False,0,,0.0,0,negative_candidate,0.0
PKP3,False,False,0,,0.0,0,negative_candidate,0.0
DAPK3,False,False,0,,0.0,0,negative_candidate,0.0
CENPP,False,False,0,,0.0,0,negative_candidate,0.0
HSD17B3,False,False,0,,0.0,0,negative_candidate,0.0
RGS11,False,False,0,,0.0,0,negative_candidate,0.0
KRT85,False,False,0,,0.0,0,negative_candidate,0.0
RHOXF2,False,False,0,,0.0,0,negative_candidate,0.0
ZNF343,False,False,0,,0.0,0,negative_candidate,0.0
OR4S1,False,False,0,,0.0,0,negative_candidate,0.0
KRT82,False,False,0,,0.0,0,negative_candidate,0.0
ADAP2,False,False,0,,0.0,0,negative_candidate,0.0
THAP9,False,False,0,,0.0,0,negative_candidate,0.0
OR8G2P,False,False,0,,0.0,0,negative_candidate,0.0
RAB5A,False,False,0,,0.0,0,negative_candidate,0.0
LSS,False,False,0,,0.0,0,negative_candidate,0.0
AADACL3,False,False,0,,0.0,0,negative_candidate,0.0
METTL9,False,False,0,,0.0,0,negative_candidate,0.0
ABCF1,True,False,1,NCG,1.0,1,single_source_positive,
AGAP3,False,False,0,,0.0,0,negative_candidate,0.0
ANKRD54,False,False,0,,0.0,0,negative_candidate,0.0
C2ORF49,False,False,0,,0.0,0,negative_candidate,0.0
KDM1A,True,False,1,NCG,1.0,1,single_source_positive,
MIDEAS,False,False,0,,0.0,0,negative_candidate,0.0
STC2,False,False,0,,0.0,0,negative_candidate,0.0
PSMB11,False,False,0,,0.0,0,negative_candidate,0.0
MAN1A1,False,False,0,,0.0,0,negative_candidate,0.0
SCEL,False,False,0,,0.0,0,negative_candidate,0.0
PTGER4,False,False,0,,0.0,0,negative_candidate,0.0
ZNF432,False,False,0,,0.0,0,negative_candidate,0.0
THSD1,False,False,0,,0.0,0,negative_candidate,0.0
CD40,False,False,0,,0.0,0,negative_candidate,0.0
FAM155A,False,False,0,,0.0,0,negative_candidate,0.0
CSTF2,False,False,0,,0.0,0,negative_candidate,0.0
TMEM119,False,False,0,,0.0,0,negative_candidate,0.0
WDR55,False,False,0,,0.0,0,negative_candidate,0.0
IRAK4,True,False,1,NCG,1.0,1,single_source_positive,
OR10T2,False,False,0,,0.0,0,negative_candidate,0.0
SLC25A28,False,False,0,,0.0,0,negative_candidate,0.0
RPP30,False,False,0,,0.0,0,negative_candidate,0.0
DHRS7B,False,False,0,,0.0,0,negative_candidate,0.0
OPTN,False,False,0,,0.0,0,negative_candidate,0.0
TOX2,False,False,0,,0.0,0,negative_candidate,0.0
RXRB,False,False,0,,0.0,0,negative_candidate,0.0
NDUFA5,True,False,1,NCG,1.0,1,single_source_positive,
MASP1,False,False,0,,0.0,0,negative_candidate,0.0
OR13J1,False,False,0,,0.0,0,negative_candidate,0.0
DAZAP1,True,True,2,NCG;CIViC,1.0,1,high_confidence_positive,1.0
SRRT,True,False,1,NCG,1.0,1,single_source_positive,
GPR89B,False,False,0,,0.0,0,negative_candidate,0.0
EMP3,False,False,0,,0.0,0,negative_candidate,0.0
FPR1,True,False,1,NCG,1.0,1,single_source_positive,
RAB39B,False,False,0,,0.0,0,negative_candidate,0.0
GBA2,False,False,0,,0.0,0,negative_candidate,0.0
CENATAC,False,False,0,,0.0,0,negative_candidate,0.0
IGKV2OR22-4,False,False,0,,0.0,0,negative_candidate,0.0
B4GALT4,False,False,0,,0.0,0,negative_candidate,0.0
OR10C1,False,False,0,,0.0,0,negative_candidate,0.0
LRRC10,False,False,0,,0.0,0,negative_candidate,0.0
GLIPR2,True,False,1,NCG,1.0,1,single_source_positive,
SAMD8,False,False,0,,0.0,0,negative_candidate,0.0
HIF3A,False,False,0,,0.0,0,negative_candidate,0.0
XPO6,False,False,0,,0.0,0,negative_candidate,0.0
SOCS4,False,False,0,,0.0,0,negative_candidate,0.0
RBL2,False,False,0,,0.0,0,negative_candidate,0.0
TXNRD2,False,False,0,,0.0,0,negative_candidate,0.0
OR5K1,False,False,0,,0.0,0,negative_candidate,0.0
OR10G9,False,False,0,,0.0,0,negative_candidate,0.0
MTHFR,True,True,2,NCG;CIViC,1.0,1,high_confidence_positive,1.0
IL3RA,False,False,0,,0.0,0,negative_candidate,0.0
NPBWR2,False,False,0,,0.0,0,negative_candidate,0.0
NEK7,False,False,0,,0.0,0,negative_candidate,0.0
TNNT2,False,False,0,,0.0,0,negative_candidate,0.0
IPO5,True,False,1,NCG,1.0,1,single_source_positive,
ZNF783,False,False,0,,0.0,0,negative_candidate,0.0
MTAP,False,True,1,CIViC,1.0,1,single_source_positive,
EIF2B2,False,False,0,,0.0,0,negative_candidate,0.0
TMCC2,False,False,0,,0.0,0,negative_candidate,0.0
IQCJ,False,False,0,,0.0,0,negative_candidate,0.0
BARHL1,False,False,0,,0.0,0,negative_candidate,0.0
TEDC2,True,False,1,NCG,1.0,1,single_source_positive,
ZBTB40,False,False,0,,0.0,0,negative_candidate,0.0
APMAP,True,False,1,NCG,1.0,1,single_source_positive,
CTSF,False,False,0,,0.0,0,negative_candidate,0.0
CENPN,False,False,0,,0.0,0,negative_candidate,0.0
OR5H14,False,False,0,,0.0,0,negative_candidate,0.0
TRADD,False,False,0,,0.0,0,negative_candidate,0.0
REC8,False,False,0,,0.0,0,negative_candidate,0.0
MEST,False,False,0,,0.0,0,negative_candidate,0.0
CSF2RA,True,False,1,NCG,1.0,1,single_source_positive,
IGLL5,True,False,1,NCG,1.0,1,single_source_positive,
NTMT1,False,False,0,,0.0,0,negative_candidate,0.0
TLR9,True,False,1,NCG,1.0,1,single_source_positive,
IL20RA,False,False,0,,0.0,0,negative_candidate,0.0
DDX39B,False,False,0,,0.0,0,negative_candidate,0.0
GYPC,True,False,1,NCG,1.0,1,single_source_positive,
SLC2A8,False,False,0,,0.0,0,negative_candidate,0.0
RPL10,True,False,1,NCG,1.0,1,single_source_positive,
DAND5,False,False,0,,0.0,0,negative_candidate,0.0
OR2C3,False,False,0,,0.0,0,negative_candidate,0.0
CC2D2B,False,False,0,,0.0,0,negative_candidate,0.0
STX4,False,False,0,,0.0,0,negative_candidate,0.0
TMEM186,False,False,0,,0.0,0,negative_candidate,0.0
AC244197.3,False,False,0,,0.0,0,negative_candidate,0.0
ARMC8,False,False,0,,0.0,0,negative_candidate,0.0
EHD1,False,False,0,,0.0,0,negative_candidate,0.0
AC013477.1,False,False,0,,0.0,0,negative_candidate,0.0
AP3M2,False,False,0,,0.0,0,negative_candidate,0.0
AWAT2,False,False,0,,0.0,0,negative_candidate,0.0
SLC25A32,False,False,0,,0.0,0,negative_candidate,0.0
LMOD2,False,False,0,,0.0,0,negative_candidate,0.0
OPN1LW,False,False,0,,0.0,0,negative_candidate,0.0
TMEM26,False,False,0,,0.0,0,negative_candidate,0.0
MX1,False,False,0,,0.0,0,negative_candidate,0.0
H2BU1,False,False,0,,0.0,0,negative_candidate,0.0
HIF1AN,False,False,0,,0.0,0,negative_candidate,0.0
OR5AC2,False,False,0,,0.0,0,negative_candidate,0.0
VSIR,False,False,0,,0.0,0,negative_candidate,0.0
LCE3A,False,False,0,,0.0,0,negative_candidate,0.0
INO80B,False,False,0,,0.0,0,negative_candidate,0.0
EVC,False,False,0,,0.0,0,negative_candidate,0.0
ILF2,False,False,0,,0.0,0,negative_candidate,0.0
UROS,False,False,0,,0.0,0,negative_candidate,0.0
NOL4L,False,False,0,,0.0,0,negative_candidate,0.0
OR51F2,True,False,1,NCG,1.0,1,single_source_positive,
ACAP3,False,False,0,,0.0,0,negative_candidate,0.0
FCAMR,False,False,0,,0.0,0,negative_candidate,0.0
MITD1,False,False,0,,0.0,0,negative_candidate,0.0
DDHD1,False,False,0,,0.0,0,negative_candidate,0.0
ATOH8,False,False,0,,0.0,0,negative_candidate,0.0
OR10G7,True,False,1,NCG,1.0,1,single_source_positive,
IGFLR1,False,False,0,,0.0,0,negative_candidate,0.0
PLPP1,False,False,0,,0.0,0,negative_candidate,0.0
ROBO4,False,True,1,CIViC,1.0,1,single_source_positive,
TLE2,False,False,0,,0.0,0,negative_candidate,0.0
OR11A1,False,False,0,,0.0,0,negative_candidate,0.0
SERPINB6,False,False,0,,0.0,0,negative_candidate,0.0
PABPC1,True,False,1,NCG,1.0,1,single_source_positive,
TOE1,False,False,0,,0.0,0,negative_candidate,0.0
WDR11,False,False,0,,0.0,0,negative_candidate,0.0
SUCLG1,False,False,0,,0.0,0,negative_candidate,0.0
ZNF609,False,False,0,,0.0,0,negative_candidate,0.0
RCN1,False,False,0,,0.0,0,negative_candidate,0.0
SRSF1,True,False,1,NCG,1.0,1,single_source_positive,
TCP10L,False,False,0,,0.0,0,negative_candidate,0.0
ZMYM4,False,False,0,,0.0,0,negative_candidate,0.0
ARHGAP45,False,False,0,,0.0,0,negative_candidate,0.0
LRRC8E,False,False,0,,0.0,0,negative_candidate,0.0
OR4K5,False,False,0,,0.0,0,negative_candidate,0.0
CEP70,False,False,0,,0.0,0,negative_candidate,0.0
GATC,False,False,0,,0.0,0,negative_candidate,0.0
PLEKHO1,False,False,0,,0.0,0,negative_candidate,0.0
PPP2R3C,False,False,0,,0.0,0,negative_candidate,0.0
C5AR1,False,False,0,,0.0,0,negative_candidate,0.0
RAMP2,False,False,0,,0.0,0,negative_candidate,0.0
CNN1,False,False,0,,0.0,0,negative_candidate,0.0
INTS11,False,False,0,,0.0,0,negative_candidate,0.0
EPB41,True,False,1,NCG,1.0,1,single_source_positive,
LRWD1,True,False,1,NCG,1.0,1,single_source_positive,
PATL1,False,False,0,,0.0,0,negative_candidate,0.0
VSIG4,False,False,0,,0.0,0,negative_candidate,0.0
KRTAP8-1,False,False,0,,0.0,0,negative_candidate,0.0
ASRGL1,False,False,0,,0.0,0,negative_candidate,0.0
DNAJB14,False,False,0,,0.0,0,negative_candidate,0.0
BCL6B,False,False,0,,0.0,0,negative_candidate,0.0
BMP10,False,False,0,,0.0,0,negative_candidate,0.0
SLCO2A1,False,False,0,,0.0,0,negative_candidate,0.0
SPATA1,False,False,0,,0.0,0,negative_candidate,0.0
NRROS,False,False,0,,0.0,0,negative_candidate,0.0
GPNMB,False,False,0,,0.0,0,negative_candidate,0.0
VSTM1,False,False,0,,0.0,0,negative_candidate,0.0
KLHL17,True,False,1,NCG,1.0,1,single_source_positive,
TMEM94,False,False,0,,0.0,0,negative_candidate,0.0
SPPL2C,False,False,0,,0.0,0,negative_candidate,0.0
MBTD1,False,False,0,,0.0,0,negative_candidate,0.0
DDX23,True,False,1,NCG,1.0,1,single_source_positive,
NDUFA7,False,False,0,,0.0,0,negative_candidate,0.0
OR1E2,False,False,0,,0.0,0,negative_candidate,0.0
RCHY1,False,False,0,,0.0,0,negative_candidate,0.0
PIGK,False,False,0,,0.0,0,negative_candidate,0.0
RNF26,True,False,1,NCG,1.0,1,single_source_positive,
CDCP2,False,False,0,,0.0,0,negative_candidate,0.0
POLR3H,False,False,0,,0.0,0,negative_candidate,0.0
MSC,False,False,0,,0.0,0,negative_candidate,0.0
RAPGEF1,True,False,1,NCG,1.0,1,single_source_positive,
ZMIZ2,False,False,0,,0.0,0,negative_candidate,0.0
AQP12B,False,False,0,,0.0,0,negative_candidate,0.0
FUZ,False,False,0,,0.0,0,negative_candidate,0.0
ZDHHC17,False,False,0,,0.0,0,negative_candidate,0.0
NEMF,False,False,0,,0.0,0,negative_candidate,0.0
BAZ2A,True,False,1,NCG,1.0,1,single_source_positive,
CLEC4M,False,False,0,,0.0,0,negative_candidate,0.0
ZSCAN26,False,False,0,,0.0,0,negative_candidate,0.0
STAU1,False,False,0,,0.0,0,negative_candidate,0.0
SOGA3,False,False,0,,0.0,0,negative_candidate,0.0
TAS2R5,False,False,0,,0.0,0,negative_candidate,0.0
POFUT1,False,False,0,,0.0,0,negative_candidate,0.0
PHACTR2,False,False,0,,0.0,0,negative_candidate,0.0
IL6,False,True,1,CIViC,1.0,1,single_source_positive,
DIRAS1,False,False,0,,0.0,0,negative_candidate,0.0
SCPEP1,False,False,0,,0.0,0,negative_candidate,0.0
PNPO,False,False,0,,0.0,0,negative_candidate,0.0
ULK1,False,False,0,,0.0,0,negative_candidate,0.0
S100PBP,False,False,0,,0.0,0,negative_candidate,0.0
NCEH1,False,False,0,,0.0,0,negative_candidate,0.0
PRLH,False,False,0,,0.0,0,negative_candidate,0.0
SEMA4A,False,False,0,,0.0,0,negative_candidate,0.0
CSNK1A1,True,False,1,NCG,1.0,1,single_source_positive,
JMJD7-PLA2G4B,False,False,0,,0.0,0,negative_candidate,0.0
FAM118A,False,False,0,,0.0,0,negative_candidate,0.0
STK19,True,False,1,NCG,1.0,1,single_source_positive,
MRAS,True,False,1,NCG,1.0,1,single_source_positive,
KCNK18,False,False,0,,0.0,0,negative_candidate,0.0
MLNR,False,False,0,,0.0,0,negative_candidate,0.0
PARP11,False,False,0,,0.0,0,negative_candidate,0.0
EFEMP2,False,False,0,,0.0,0,negative_candidate,0.0
CCL14,False,False,0,,0.0,0,negative_candidate,0.0
TSPAN3,False,False,0,,0.0,0,negative_candidate,0.0
FST,False,False,0,,0.0,0,negative_candidate,0.0
SLC39A4,False,False,0,,0.0,0,negative_candidate,0.0
RAPH1,False,False,0,,0.0,0,negative_candidate,0.0
C16ORF82,False,False,0,,0.0,0,negative_candidate,0.0
OR52H1,False,False,0,,0.0,0,negative_candidate,0.0
NAGS,False,False,0,,0.0,0,negative_candidate,0.0
AL031777.2,False,False,0,,0.0,0,negative_candidate,0.0
IFNGR2,False,False,0,,0.0,0,negative_candidate,0.0
ITCH,True,False,1,NCG,1.0,1,single_source_positive,
WIPI2,False,False,0,,0.0,0,negative_candidate,0.0
NCBP3,False,False,0,,0.0,0,negative_candidate,0.0
RAP1B,False,False,0,,0.0,0,negative_candidate,0.0
ARPC2,False,False,0,,0.0,0,negative_candidate,0.0
CCND1,True,True,2,NCG;CIViC,1.0,1,high_confidence_positive,1.0
BTG1,True,True,2,NCG;CIViC,1.0,1,high_confidence_positive,1.0
PLA2G4F,False,False,0,,0.0,0,negative_candidate,0.0
PRAMEF6,False,False,0,,0.0,0,negative_candidate,0.0
PARVB,False,False,0,,0.0,0,negative_candidate,0.0
ZC3H11A,True,False,1,NCG,1.0,1,single_source_positive,
PKNOX1,False,False,0,,0.0,0,negative_candidate,0.0
MAP3K6,True,False,1,NCG,1.0,1,single_source_positive,
NKD1,False,False,0,,0.0,0,negative_candidate,0.0
IGHG2,False,False,0,,0.0,0,negative_candidate,0.0
PRMT9,False,False,0,,0.0,0,negative_candidate,0.0
PIDD1,False,False,0,,0.0,0,negative_candidate,0.0
NPIPA1,False,False,0,,0.0,0,negative_candidate,0.0
RIPK2,False,False,0,,0.0,0,negative_candidate,0.0
DOCK6,False,False,0,,0.0,0,negative_candidate,0.0
OTOP2,False,False,0,,0.0,0,negative_candidate,0.0
STAT6,True,True,2,NCG;CIViC,1.0,1,high_confidence_positive,1.0
FDX2,False,False,0,,0.0,0,negative_candidate,0.0
CETN2,False,False,0,,0.0,0,negative_candidate,0.0
KRTAP9-8,False,False,0,,0.0,0,negative_candidate,0.0
MBP,False,False,0,,0.0,0,negative_candidate,0.0
OR6B1,False,False,0,,0.0,0,negative_candidate,0.0
LETM2,False,False,0,,0.0,0,negative_candidate,0.0
KRTAP10-5,False,False,0,,0.0,0,negative_candidate,0.0
TNIP1,False,True,1,CIViC,0.9,1,single_source_positive,
ZC2HC1A,False,False,0,,0.0,0,negative_candidate,0.0
SELENOP,False,False,0,,0.0,0,negative_candidate,0.0
CIAO3,False,False,0,,0.0,0,negative_candidate,0.0
WDR92,False,False,0,,0.0,0,negative_candidate,0.0
AQP1,False,False,0,,0.0,0,negative_candidate,0.0
KHDC4,False,False,0,,0.0,0,negative_candidate,0.0
IFT22,False,False,0,,0.0,0,negative_candidate,0.0
PLS3,False,False,0,,0.0,0,negative_candidate,0.0
SALL2,False,False,0,,0.0,0,negative_candidate,0.0
KRTAP10-9,False,False,0,,0.0,0,negative_candidate,0.0
SPRR4,False,False,0,,0.0,0,negative_candidate,0.0
WNT2,True,False,1,NCG,1.0,1,single_source_positive,
TBC1D28,False,False,0,,0.0,0,negative_candidate,0.0
DPT,False,False,0,,0.0,0,negative_candidate,0.0
UBA7,False,False,0,,0.0,0,negative_candidate,0.0
AC023055.1,False,False,0,,0.0,0,negative_candidate,0.0
OPALIN,True,False,1,NCG,1.0,1,single_source_positive,
RNASE8,False,False,0,,0.0,0,negative_candidate,0.0
HOMER2,False,False,0,,0.0,0,negative_candidate,0.0
OR51A4,False,False,0,,0.0,0,negative_candidate,0.0
PLCXD1,False,False,0,,0.0,0,negative_candidate,0.0
ZBTB16,True,False,1,NCG,1.0,1,single_source_positive,
NOD1,False,False,0,,0.0,0,negative_candidate,0.0
PKN1,False,False,0,,0.0,0,negative_candidate,0.0
ZSWIM8,False,False,0,,0.0,0,negative_candidate,0.0
CTSK,False,False,0,,0.0,0,negative_candidate,0.0
CTSC,False,False,0,,0.0,0,negative_candidate,0.0
TMEM256,False,False,0,,0.0,0,negative_candidate,0.0
OR1E1,False,False,0,,0.0,0,negative_candidate,0.0
GJD2,False,False,0,,0.0,0,negative_candidate,0.0
PLK2,False,False,0,,0.0,0,negative_candidate,0.0
AMDHD2,False,False,0,,0.0,0,negative_candidate,0.0
ELP1,False,False,0,,0.0,0,negative_candidate,0.0
MARVELD3,False,False,0,,0.0,0,negative_candidate,0.0
FCER2,False,False,0,,0.0,0,negative_candidate,0.0
TCEAL3,False,False,0,,0.0,0,negative_candidate,0.0
ARNT,True,False,1,NCG,1.0,1,single_source_positive,
VNN3,False,False,0,,0.0,0,negative_candidate,0.0
SENP1,False,False,0,,0.0,0,negative_candidate,0.0
JTB,False,False,0,,0.0,0,negative_candidate,0.0
MLPH,False,False,0,,0.0,0,negative_candidate,0.0
ASB10,False,False,0,,0.0,0,negative_candidate,0.0
P4HB,False,False,0,,0.0,0,negative_candidate,0.0
PDE2A,False,False,0,,0.0,0,negative_candidate,0.0
MSI1,False,False,0,,0.0,0,negative_candidate,0.0
NXF3,False,False,0,,0.0,0,negative_candidate,0.0
SIRT2,False,False,0,,0.0,0,negative_candidate,0.0
IL32,False,False,0,,0.0,0,negative_candidate,0.0
ARHGAP17,False,False,0,,0.0,0,negative_candidate,0.0
CSF3R,True,True,2,NCG;CIViC,1.0,1,high_confidence_positive,1.0
TMEM218,False,False,0,,0.0,0,negative_candidate,0.0
EEF2,True,False,1,NCG,1.0,1,single_source_positive,
RABL2B,False,False,0,,0.0,0,negative_candidate,0.0
KLF15,False,True,1,CIViC,1.0,1,single_source_positive,
SLIT3,True,False,1,NCG,1.0,1,single_source_positive,
CDR2,False,False,0,,0.0,0,negative_candidate,0.0
COASY,False,False,0,,0.0,0,negative_candidate,0.0
SLC2A6,False,False,0,,0.0,0,negative_candidate,0.0
DCK,True,False,1,NCG,1.0,1,single_source_positive,
TRAC,False,False,0,,0.0,0,negative_candidate,0.0
CDH5,False,False,0,,0.0,0,negative_candidate,0.0
KRTAP19-2,False,False,0,,0.0,0,negative_candidate,0.0
SHKBP1,True,False,1,NCG,1.0,1,single_source_positive,
GRIA1,False,False,0,,0.0,0,negative_candidate,0.0
MFHAS1,True,False,1,NCG,1.0,1,single_source_positive,
OR51S1,False,False,0,,0.0,0,negative_candidate,0.0
OR8J1,False,False,0,,0.0,0,negative_candidate,0.0
GFRA2,False,False,0,,0.0,0,negative_candidate,0.0
CD37,False,False,0,,0.0,0,negative_candidate,0.0
CCNB1IP1,True,False,1,NCG,1.0,1,single_source_positive,
MRRF,False,False,0,,0.0,0,negative_candidate,0.0
KRTAP10-11,False,False,0,,0.0,0,negative_candidate,0.0
TMEM215,False,False,0,,0.0,0,negative_candidate,0.0
CASP1,False,False,0,,0.0,0,negative_candidate,0.0
FMNL2,False,False,0,,0.0,0,negative_candidate,0.0
MYSM1,False,False,0,,0.0,0,negative_candidate,0.0
PPP5C,False,False,0,,0.0,0,negative_candidate,0.0
ATP2B4,False,False,0,,0.0,0,negative_candidate,0.0
DCAF16,False,False,0,,0.0,0,negative_candidate,0.0
RBM6,False,False,0,,0.0,0,negative_candidate,0.0
KCTD14,False,False,0,,0.0,0,negative_candidate,0.0
MAPK3,False,False,0,,0.0,0,negative_candidate,0.0
COL18A1,False,False,0,,0.0,0,negative_candidate,0.0
HTR3E,False,False,0,,0.0,0,negative_candidate,0.0
TPSD1,False,False,0,,0.0,0,negative_candidate,0.0
ATP6V0C,False,False,0,,0.0,0,negative_candidate,0.0
KRTAP12-4,False,False,0,,0.0,0,negative_candidate,0.0
RBBP5,False,False,0,,0.0,0,negative_candidate,0.0
C5ORF22,False,False,0,,0.0,0,negative_candidate,0.0
MZF1,False,False,0,,0.0,0,negative_candidate,0.0
SLC6A4,False,False,0,,0.0,0,negative_candidate,0.0
BGN,False,False,0,,0.0,0,negative_candidate,0.0
DHX38,False,False,0,,0.0,0,negative_candidate,0.0
TM9SF3,False,False,0,,0.0,0,negative_candidate,0.0
FYN,True,False,1,NCG,1.0,1,single_source_positive,
UBA1,False,False,0,,0.0,0,negative_candidate,0.0
PEX5,False,False,0,,0.0,0,negative_candidate,0.0
SPATS1,False,False,0,,0.0,0,negative_candidate,0.0
ZNF326,False,False,0,,0.0,0,negative_candidate,0.0
TKFC,False,False,0,,0.0,0,negative_candidate,0.0
OR6S1,False,False,0,,0.0,0,negative_candidate,0.0
LYNX1,False,False,0,,0.0,0,negative_candidate,0.0
ANXA11,False,False,0,,0.0,0,negative_candidate,0.0
S1PR1,True,True,2,NCG;CIViC,1.0,1,high_confidence_positive,1.0
OR5C1,False,False,0,,0.0,0,negative_candidate,0.0
ANXA6,False,False,0,,0.0,0,negative_candidate,0.0
MOS,True,False,1,NCG,1.0,1,single_source_positive,
H2AC15,False,False,0,,0.0,0,negative_candidate,0.0
SDHD,True,False,1,NCG,1.0,1,single_source_positive,
DAAM2,False,False,0,,0.0,0,negative_candidate,0.0
DCHS2,False,False,0,,0.0,0,negative_candidate,0.0
FOXD4L4,False,False,0,,0.0,0,negative_candidate,0.0
PNPLA3,False,False,0,,0.0,0,negative_candidate,0.0
USP35,False,False,0,,0.0,0,negative_candidate,0.0
CTAGE6,False,False,0,,0.0,0,negative_candidate,0.0
VEGFD,False,False,0,,0.0,0,negative_candidate,0.0
THEMIS2,False,False,0,,0.0,0,negative_candidate,0.0
ALG12,False,False,0,,0.0,0,negative_candidate,0.0
C11ORF68,False,False,0,,0.0,0,negative_candidate,0.0
PHYHIP,False,False,0,,0.0,0,negative_candidate,0.0
PHC2,True,False,1,NCG,1.0,1,single_source_positive,
KIF22,False,False,0,,0.0,0,negative_candidate,0.0
CLPTM1L,False,False,0,,0.0,0,negative_candidate,0.0
REM2,False,False,0,,0.0,0,negative_candidate,0.0
TTL,False,False,0,,0.0,0,negative_candidate,0.0
ATAD3B,True,False,1,NCG,1.0,1,single_source_positive,
ZPBP2,True,False,1,NCG,1.0,1,single_source_positive,
PLOD3,False,False,0,,0.0,0,negative_candidate,0.0
SERPINF2,False,False,0,,0.0,0,negative_candidate,0.0
CLDN15,False,False,0,,0.0,0,negative_candidate,0.0
ANKRD23,False,False,0,,0.0,0,negative_candidate,0.0
SH3RF3,False,False,0,,0.0,0,negative_candidate,0.0
SYNGR3,False,False,0,,0.0,0,negative_candidate,0.0
CD82,False,False,0,,0.0,0,negative_candidate,0.0
OTUD3,False,False,0,,0.0,0,negative_candidate,0.0
LZTS2,False,False,0,,0.0,0,negative_candidate,0.0
APBB3,False,False,0,,0.0,0,negative_candidate,0.0
SH3BGR,False,False,0,,0.0,0,negative_candidate,0.0
GPX8,False,False,0,,0.0,0,negative_candidate,0.0
RPN2,False,False,0,,0.0,0,negative_candidate,0.0
HMGB1P1,False,False,0,,0.0,0,negative_candidate,0.0
OR6B2,False,False,0,,0.0,0,negative_candidate,0.0
IGKV1OR22-5,False,False,0,,0.0,0,negative_candidate,0.0
SEPTIN9,True,False,1,NCG,1.0,1,single_source_positive,
TSNAX,False,False,0,,0.0,0,negative_candidate,0.0
FOXE1,True,False,1,NCG,1.0,1,single_source_positive,
OR7E24,False,False,0,,0.0,0,negative_candidate,0.0
SCARF2,False,False,0,,0.0,0,negative_candidate,0.0
PCYT1A,False,False,0,,0.0,0,negative_candidate,0.0
KMT5C,False,False,0,,0.0,0,negative_candidate,0.0
RPS6KA1,False,False,0,,0.0,0,negative_candidate,0.0
SLC41A1,False,False,0,,0.0,0,negative_candidate,0.0
FMOD,False,False,0,,0.0,0,negative_candidate,0.0
TTN,False,False,0,,0.0,0,negative_candidate,0.0
C12ORF43,False,False,0,,0.0,0,negative_candidate,0.0
AUNIP,False,False,0,,0.0,0,negative_candidate,0.0
MDP1,False,False,0,,0.0,0,negative_candidate,0.0
GATA2,True,True,2,NCG;CIViC,1.0,1,high_confidence_positive,1.0
RHOD,False,False,0,,0.0,0,negative_candidate,0.0
GPIHBP1,False,False,0,,0.0,0,negative_candidate,0.0
GTF2F1,False,False,0,,0.0,0,negative_candidate,0.0
ANKRD33,False,False,0,,0.0,0,negative_candidate,0.0
GSG1,False,False,0,,0.0,0,negative_candidate,0.0
CNTROB,False,False,0,,0.0,0,negative_candidate,0.0
KRTAP10-12,False,False,0,,0.0,0,negative_candidate,0.0
PRKCD,False,False,0,,0.0,0,negative_candidate,0.0
ADAM15,False,False,0,,0.0,0,negative_candidate,0.0
DIPK1C,False,False,0,,0.0,0,negative_candidate,0.0
CCBE1,False,False,0,,0.0,0,negative_candidate,0.0
ACRBP,False,False,0,,0.0,0,negative_candidate,0.0
RLBP1,False,False,0,,0.0,0,negative_candidate,0.0
LNPEP,False,False,0,,0.0,0,negative_candidate,0.0
FAM131A,False,False,0,,0.0,0,negative_candidate,0.0
SUCLG2,False,False,0,,0.0,0,negative_candidate,0.0
RAB17,False,False,0,,0.0,0,negative_candidate,0.0
ITLN2,False,False,0,,0.0,0,negative_candidate,0.0
RGN,False,False,0,,0.0,0,negative_candidate,0.0
TGFB1I1,False,False,0,,0.0,0,negative_candidate,0.0
RPS6KB2,False,False,0,,0.0,0,negative_candidate,0.0
SCD5,False,False,0,,0.0,0,negative_candidate,0.0
AP3S2,False,False,0,,0.0,0,negative_candidate,0.0
OSMR,True,False,1,NCG,1.0,1,single_source_positive,
ABHD3,False,False,0,,0.0,0,negative_candidate,0.0
RAVER1,True,False,1,NCG,1.0,1,single_source_positive,
COQ10A,False,False,0,,0.0,0,negative_candidate,0.0
MATN1,False,False,0,,0.0,0,negative_candidate,0.0
RHOT2,False,False,0,,0.0,0,negative_candidate,0.0
ZNF629,False,False,0,,0.0,0,negative_candidate,0.0
TMEM61,False,False,0,,0.0,0,negative_candidate,0.0
SLC22A10,False,False,0,,0.0,0,negative_candidate,0.0
AC090517.4,False,False,0,,0.0,0,negative_candidate,0.0
CHST11,True,False,1,NCG,1.0,1,single_source_positive,
CCT7,False,False,0,,0.0,0,negative_candidate,0.0
IL1RL1,True,False,1,NCG,1.0,1,single_source_positive,
ITGB2,False,False,0,,0.0,0,negative_candidate,0.0
PILRB,False,False,0,,0.0,0,negative_candidate,0.0
ZC3H15,False,False,0,,0.0,0,negative_candidate,0.0
OR51A2,False,False,0,,0.0,0,negative_candidate,0.0
GLT8D2,True,False,1,NCG,1.0,1,single_source_positive,
NPIPB15,False,False,0,,0.0,0,negative_candidate,0.0
GABRE,False,False,0,,0.0,0,negative_candidate,0.0
RNF149,False,False,0,,0.0,0,negative_candidate,0.0
RIPPLY1,False,False,0,,0.0,0,negative_candidate,0.0
APOBEC2,True,False,1,NCG,1.0,1,single_source_positive,
ZNF330,False,False,0,,0.0,0,negative_candidate,0.0
CSHL1,False,False,0,,0.0,0,negative_candidate,0.0
C2,False,False,0,,0.0,0,negative_candidate,0.0
ARHGAP1,False,False,0,,0.0,0,negative_candidate,0.0
CTSA,False,False,0,,0.0,0,negative_candidate,0.0
CCDC172,False,False,0,,0.0,0,negative_candidate,0.0
NFATC1,False,False,0,,0.0,0,negative_candidate,0.0
SH3D21,False,False,0,,0.0,0,negative_candidate,0.0
TMEM105,False,False,0,,0.0,0,negative_candidate,0.0
KIAA2013,False,False,0,,0.0,0,negative_candidate,0.0
ZNRF4,False,False,0,,0.0,0,negative_candidate,0.0
FAM178B,False,False,0,,0.0,0,negative_candidate,0.0
CFP,False,False,0,,0.0,0,negative_candidate,0.0
PRAMEF1,False,False,0,,0.0,0,negative_candidate,0.0
C18ORF25,False,False,0,,0.0,0,negative_candidate,0.0
PGM1,False,False,0,,0.0,0,negative_candidate,0.0
NCDN,False,False,0,,0.0,0,negative_candidate,0.0
ETV3,True,False,1,NCG,1.0,1,single_source_positive,
LARP6,False,False,0,,0.0,0,negative_candidate,0.0
PMM2,False,False,0,,0.0,0,negative_candidate,0.0
CD70,True,True,2,NCG;CIViC,1.0,1,high_confidence_positive,1.0
OR10K1,False,False,0,,0.0,0,negative_candidate,0.0
WEE2,False,False,0,,0.0,0,negative_candidate,0.0
PAGR1,False,False,0,,0.0,0,negative_candidate,0.0
SYNPO,False,False,0,,0.0,0,negative_candidate,0.0
ADGRF3,False,False,0,,0.0,0,negative_candidate,0.0
SLC15A3,False,False,0,,0.0,0,negative_candidate,0.0
OR7A10,False,False,0,,0.0,0,negative_candidate,0.0
PLEKHO2,False,False,0,,0.0,0,negative_candidate,0.0
LTB4R,False,False,0,,0.0,0,negative_candidate,0.0
SLC52A2,False,False,0,,0.0,0,negative_candidate,0.0
C3ORF22,False,False,0,,0.0,0,negative_candidate,0.0
SLC13A1,True,False,1,NCG,1.0,1,single_source_positive,
AFG3L2,False,False,0,,0.0,0,negative_candidate,0.0
HP,False,False,0,,0.0,0,negative_candidate,0.0
OR51I1,False,False,0,,0.0,0,negative_candidate,0.0
FADD,False,False,0,,0.0,0,negative_candidate,0.0
SCN3B,False,False,0,,0.0,0,negative_candidate,0.0
CD276,False,False,0,,0.0,0,negative_candidate,0.0
CXORF65,False,False,0,,0.0,0,negative_candidate,0.0
MSI2,True,False,1,NCG,1.0,1,single_source_positive,
ICA1L,False,False,0,,0.0,0,negative_candidate,0.0
ADAD2,False,False,0,,0.0,0,negative_candidate,0.0
MMP19,False,False,0,,0.0,0,negative_candidate,0.0
AGAP6,False,False,0,,0.0,0,negative_candidate,0.0
DDX58,True,False,1,NCG,1.0,1,single_source_positive,
FGR,False,False,0,,0.0,0,negative_candidate,0.0
RAB3GAP1,False,False,0,,0.0,0,negative_candidate,0.0
FGFR4,True,True,2,NCG;CIViC,1.0,1,high_confidence_positive,1.0
HK1,False,False,0,,0.0,0,negative_candidate,0.0
PHF12,False,False,0,,0.0,0,negative_candidate,0.0
OR4K15,False,False,0,,0.0,0,negative_candidate,0.0
CACNG1,False,False,0,,0.0,0,negative_candidate,0.0
MED31,True,False,1,NCG,1.0,1,single_source_positive,
UBB,True,False,1,NCG,1.0,1,single_source_positive,
HERC2P3,False,False,0,,0.0,0,negative_candidate,0.0
BPIFB3,False,False,0,,0.0,0,negative_candidate,0.0
EPHX2,False,False,0,,0.0,0,negative_candidate,0.0
OR52A1,False,False,0,,0.0,0,negative_candidate,0.0
CCNY,False,False,0,,0.0,0,negative_candidate,0.0
ZNF564,False,False,0,,0.0,0,negative_candidate,0.0
GPR3,False,False,0,,0.0,0,negative_candidate,0.0
MRPL11,False,False,0,,0.0,0,negative_candidate,0.0
S100A12,False,False,0,,0.0,0,negative_candidate,0.0
EFCC1,False,False,0,,0.0,0,negative_candidate,0.0
FIBIN,False,False,0,,0.0,0,negative_candidate,0.0
FGF3,False,True,1,CIViC,1.0,1,single_source_positive,
ABHD14A-ACY1,False,False,0,,0.0,0,negative_candidate,0.0
PFKFB2,False,False,0,,0.0,0,negative_candidate,0.0
PACS2,True,False,1,NCG,1.0,1,single_source_positive,
LIMK1,True,False,1,NCG,1.0,1,single_source_positive,
CLEC4E,False,False,0,,0.0,0,negative_candidate,0.0
TOMM70,False,False,0,,0.0,0,negative_candidate,0.0
FOLR2,False,False,0,,0.0,0,negative_candidate,0.0
LMO2,True,False,1,NCG,1.0,1,single_source_positive,
CREBZF,True,False,1,NCG,1.0,1,single_source_positive,
ARHGEF1,False,False,0,,0.0,0,negative_candidate,0.0
BSPRY,False,False,0,,0.0,0,negative_candidate,0.0
HBE1,False,False,0,,0.0,0,negative_candidate,0.0
MAN2B1,False,False,0,,0.0,0,negative_candidate,0.0
TNFRSF13C,False,False,0,,0.0,0,negative_candidate,0.0
TMED7-TICAM2,False,False,0,,0.0,0,negative_candidate,0.0
SPSB3,False,False,0,,0.0,0,negative_candidate,0.0
KCNAB1,True,False,1,NCG,1.0,1,single_source_positive,
DLL4,False,False,0,,0.0,0,negative_candidate,0.0
ATG9A,False,False,0,,0.0,0,negative_candidate,0.0
MAK,False,False,0,,0.0,0,negative_candidate,0.0
FOXB2,True,False,1,NCG,1.0,1,single_source_positive,
ZBTB37,False,False,0,,0.0,0,negative_candidate,0.0
ARHGAP26,True,True,2,NCG;CIViC,1.0,1,high_confidence_positive,1.0
ZHX3,False,False,0,,0.0,0,negative_candidate,0.0
RPL22L1,False,False,0,,0.0,0,negative_candidate,0.0
SPPL2B,False,False,0,,0.0,0,negative_candidate,0.0
GADD45G,False,False,0,,0.0,0,negative_candidate,0.0
RANBP9,True,False,1,NCG,1.0,1,single_source_positive,
BTBD1,False,False,0,,0.0,0,negative_candidate,0.0
EXD2,False,False,0,,0.0,0,negative_candidate,0.0
DEFB125,False,False,0,,0.0,0,negative_candidate,0.0
APOA2,False,False,0,,0.0,0,negative_candidate,0.0
ATP6AP1L,False,False,0,,0.0,0,negative_candidate,0.0
PRAMEF10,False,False,0,,0.0,0,negative_candidate,0.0
FKBP3,False,False,0,,0.0,0,negative_candidate,0.0
CAPN3,False,False,0,,0.0,0,negative_candidate,0.0
THTPA,False,False,0,,0.0,0,negative_candidate,0.0
DES,False,False,0,,0.0,0,negative_candidate,0.0
OR52K2,False,False,0,,0.0,0,negative_candidate,0.0
EXOC3,False,False,0,,0.0,0,negative_candidate,0.0
PDLIM3,False,False,0,,0.0,0,negative_candidate,0.0
CIAPIN1,False,False,0,,0.0,0,negative_candidate,0.0
THEG,False,False,0,,0.0,0,negative_candidate,0.0
ADARB2,False,False,0,,0.0,0,negative_candidate,0.0
DDX24,False,False,0,,0.0,0,negative_candidate,0.0
LINC01559,False,False,0,,0.0,0,negative_candidate,0.0
AKAP12,False,False,0,,0.0,0,negative_candidate,0.0
ABHD4,False,False,0,,0.0,0,negative_candidate,0.0
MAP3K10,False,False,0,,0.0,0,negative_candidate,0.0
ECRG4,False,False,0,,0.0,0,negative_candidate,0.0
COQ8A,False,False,0,,0.0,0,negative_candidate,0.0
DHRS12,False,False,0,,0.0,0,negative_candidate,0.0
OR6V1,False,False,0,,0.0,0,negative_candidate,0.0
TANGO2,False,False,0,,0.0,0,negative_candidate,0.0
FAM8A1,False,False,0,,0.0,0,negative_candidate,0.0
NKAIN3,False,False,0,,0.0,0,negative_candidate,0.0
DELE1,False,False,0,,0.0,0,negative_candidate,0.0
CALHM2,False,False,0,,0.0,0,negative_candidate,0.0
VAMP7,False,False,0,,0.0,0,negative_candidate,0.0
CHRM1,False,False,0,,0.0,0,negative_candidate,0.0
HIC2,False,False,0,,0.0,0,negative_candidate,0.0
RHOBTB2,False,False,0,,0.0,0,negative_candidate,0.0
C12ORF40,False,False,0,,0.0,0,negative_candidate,0.0
DHRS7C,False,False,0,,0.0,0,negative_candidate,0.0
MRPS24,False,False,0,,0.0,0,negative_candidate,0.0
CHD1L,False,False,0,,0.0,0,negative_candidate,0.0
RAB15,False,False,0,,0.0,0,negative_candidate,0.0
ABL1,True,True,2,NCG;CIViC,1.0,1,high_confidence_positive,1.0
TSR2,False,False,0,,0.0,0,negative_candidate,0.0
CLRN3,False,False,0,,0.0,0,negative_candidate,0.0
FOXD2,False,False,0,,0.0,0,negative_candidate,0.0
OR6C65,False,False,0,,0.0,0,negative_candidate,0.0
SULT1C4,False,False,0,,0.0,0,negative_candidate,0.0
CDC42BPB,True,False,1,NCG,1.0,1,single_source_positive,
PVRIG,True,False,1,NCG,1.0,1,single_source_positive,
SUGP2,False,False,0,,0.0,0,negative_candidate,0.0
PODN,False,False,0,,0.0,0,negative_candidate,0.0
ANPEP,True,False,1,NCG,1.0,1,single_source_positive,
CLDN1,False,False,0,,0.0,0,negative_candidate,0.0
SLC22A13,False,False,0,,0.0,0,negative_candidate,0.0
HSD17B14,False,False,0,,0.0,0,negative_candidate,0.0
ADRB1,False,False,0,,0.0,0,negative_candidate,0.0
NFYA,False,False,0,,0.0,0,negative_candidate,0.0
OR9G4,False,False,0,,0.0,0,negative_candidate,0.0
NMS,False,False,0,,0.0,0,negative_candidate,0.0
CCDC86,False,False,0,,0.0,0,negative_candidate,0.0
DLX1,False,False,0,,0.0,0,negative_candidate,0.0
GJA4,False,False,0,,0.0,0,negative_candidate,0.0
MTA1,False,False,0,,0.0,0,negative_candidate,0.0
HMGB4,False,False,0,,0.0,0,negative_candidate,0.0
SYCE1,False,False,0,,0.0,0,negative_candidate,0.0
GPER1,False,False,0,,0.0,0,negative_candidate,0.0
NOA1,False,False,0,,0.0,0,negative_candidate,0.0
PKM,False,False,0,,0.0,0,negative_candidate,0.0
RNF168,True,False,1,NCG,1.0,1,single_source_positive,
OR8B12,False,False,0,,0.0,0,negative_candidate,0.0
LIPN,False,False,0,,0.0,0,negative_candidate,0.0
MFSD3,False,False,0,,0.0,0,negative_candidate,0.0
RUSC1,False,False,0,,0.0,0,negative_candidate,0.0
OR13C9,False,False,0,,0.0,0,negative_candidate,0.0
PTOV1,False,False,0,,0.0,0,negative_candidate,0.0
FAH,False,False,0,,0.0,0,negative_candidate,0.0
PGC,False,False,0,,0.0,0,negative_candidate,0.0
ECM2,False,False,0,,0.0,0,negative_candidate,0.0
EEF1A1,True,False,1,NCG,1.0,1,single_source_positive,
NOXO1,False,False,0,,0.0,0,negative_candidate,0.0
TM2D2,False,False,0,,0.0,0,negative_candidate,0.0
RUNX3,False,False,0,,0.0,0,negative_candidate,0.0
MAPK12,False,False,0,,0.0,0,negative_candidate,0.0
OR3A3,False,False,0,,0.0,0,negative_candidate,0.0
PHLDB1,False,False,0,,0.0,0,negative_candidate,0.0
RGS3,False,False,0,,0.0,0,negative_candidate,0.0
CCDC71,False,False,0,,0.0,0,negative_candidate,0.0
PWWP2B,False,False,0,,0.0,0,negative_candidate,0.0
OR2B3,False,False,0,,0.0,0,negative_candidate,0.0
BCKDHA,False,False,0,,0.0,0,negative_candidate,0.0
SPON2,False,False,0,,0.0,0,negative_candidate,0.0
STMN4,False,False,0,,0.0,0,negative_candidate,0.0
OPN1MW,False,False,0,,0.0,0,negative_candidate,0.0
SLC25A43,False,False,0,,0.0,0,negative_candidate,0.0
GNRH2,False,False,0,,0.0,0,negative_candidate,0.0
RS1,True,False,1,NCG,1.0,1,single_source_positive,
MCEMP1,False,False,0,,0.0,0,negative_candidate,0.0
MIR1270,False,False,0,,0.0,0,negative_candidate,0.0
ATP6AP1,True,False,1,NCG,1.0,1,single_source_positive,
TMEM100,False,False,0,,0.0,0,negative_candidate,0.0
HAPLN4,False,False,0,,0.0,0,negative_candidate,0.0
MST1,True,False,1,NCG,1.0,1,single_source_positive,
GHSR,False,False,0,,0.0,0,negative_candidate,0.0
TXNIP,True,False,1,NCG,1.0,1,single_source_positive,
TRAV16,False,False,0,,0.0,0,negative_candidate,0.0
H2BC15,False,False,0,,0.0,0,negative_candidate,0.0
GLOD4,False,False,0,,0.0,0,negative_candidate,0.0
C16ORF78,False,False,0,,0.0,0,negative_candidate,0.0
RAP2B,False,False,0,,0.0,0,negative_candidate,0.0
MRGPRX2,False,False,0,,0.0,0,negative_candidate,0.0
NFKBIA,True,True,2,NCG;CIViC,1.0,1,high_confidence_positive,1.0
BDNF,False,False,0,,0.0,0,negative_candidate,0.0
NT5C3A,False,False,0,,0.0,0,negative_candidate,0.0
DEFB118,False,False,0,,0.0,0,negative_candidate,0.0
ATP5F1B,True,False,1,NCG,1.0,1,single_source_positive,
SEPTIN5,False,False,0,,0.0,0,negative_candidate,0.0
LBHD1,False,False,0,,0.0,0,negative_candidate,0.0
TEX45,False,False,0,,0.0,0,negative_candidate,0.0
PPID,False,False,0,,0.0,0,negative_candidate,0.0
ACSF2,False,False,0,,0.0,0,negative_candidate,0.0
TAX1BP3,False,False,0,,0.0,0,negative_candidate,0.0
PPDPFL,False,False,0,,0.0,0,negative_candidate,0.0
C10ORF53,False,False,0,,0.0,0,negative_candidate,0.0
PDX1,False,False,0,,0.0,0,negative_candidate,0.0
UNCX,True,False,1,NCG,1.0,1,single_source_positive,
ZFPL1,False,False,0,,0.0,0,negative_candidate,0.0
CDO1,False,False,0,,0.0,0,negative_candidate,0.0
GGA3,True,False,1,NCG,1.0,1,single_source_positive,
FKBP10,False,False,0,,0.0,0,negative_candidate,0.0
TRAJ10,False,False,0,,0.0,0,negative_candidate,0.0
WDR81,False,False,0,,0.0,0,negative_candidate,0.0
H3C4,True,False,1,NCG,1.0,1,single_source_positive,
UBE2D1,True,False,1,NCG,1.0,1,single_source_positive,
PABPN1,False,False,0,,0.0,0,negative_candidate,0.0
GPSM1,False,False,0,,0.0,0,negative_candidate,0.0
OR5M1,False,False,0,,0.0,0,negative_candidate,0.0
PRR23B,False,False,0,,0.0,0,negative_candidate,0.0
FAM166C,False,False,0,,0.0,0,negative_candidate,0.0
CTSB,False,False,0,,0.0,0,negative_candidate,0.0
RNF145,False,False,0,,0.0,0,negative_candidate,0.0
SERPINA3,False,False,0,,0.0,0,negative_candidate,0.0
NANOS2,False,False,0,,0.0,0,negative_candidate,0.0
CCNC,True,False,1,NCG,1.0,1,single_source_positive,
SRSF12,False,False,0,,0.0,0,negative_candidate,0.0
BBS10,False,False,0,,0.0,0,negative_candidate,0.0
C16ORF89,False,False,0,,0.0,0,negative_candidate,0.0
PCMTD2,False,False,0,,0.0,0,negative_candidate,0.0
SOCS5,False,False,0,,0.0,0,negative_candidate,0.0
LIM2,False,False,0,,0.0,0,negative_candidate,0.0
WDR83,False,False,0,,0.0,0,negative_candidate,0.0
TBC1D26,False,False,0,,0.0,0,negative_candidate,0.0
CALR,True,True,2,NCG;CIViC,1.0,1,high_confidence_positive,1.0
OR9K2,True,False,1,NCG,1.0,1,single_source_positive,
LGALS3BP,False,False,0,,0.0,0,negative_candidate,0.0
DYM,False,False,0,,0.0,0,negative_candidate,0.0
EMC3-AS1,False,False,0,,0.0,0,negative_candidate,0.0
OR13C8,False,False,0,,0.0,0,negative_candidate,0.0
CCT3,False,False,0,,0.0,0,negative_candidate,0.0
PGD,False,False,0,,0.0,0,negative_candidate,0.0
FGF21,False,False,0,,0.0,0,negative_candidate,0.0
ACAA2,False,False,0,,0.0,0,negative_candidate,0.0
NUCB1,False,False,0,,0.0,0,negative_candidate,0.0
ANGPTL1,False,False,0,,0.0,0,negative_candidate,0.0
DOK7,False,False,0,,0.0,0,negative_candidate,0.0
SCGB1A1,False,False,0,,0.0,0,negative_candidate,0.0
KANSL2,False,False,0,,0.0,0,negative_candidate,0.0
BECN1,False,False,0,,0.0,0,negative_candidate,0.0
CD81,False,False,0,,0.0,0,negative_candidate,0.0
PSMC4,False,False,0,,0.0,0,negative_candidate,0.0
CLDN18,False,True,1,CIViC,0.9,1,single_source_positive,
SLPI,False,False,0,,0.0,0,negative_candidate,0.0
AKAP8,True,False,1,NCG,1.0,1,single_source_positive,
MRPS18C,False,False,0,,0.0,0,negative_candidate,0.0
RPL7A,False,False,0,,0.0,0,negative_candidate,0.0
OGFOD3,False,False,0,,0.0,0,negative_candidate,0.0
TMC6,False,False,0,,0.0,0,negative_candidate,0.0
RTL8C,False,False,0,,0.0,0,negative_candidate,0.0
RPS2,True,False,1,NCG,1.0,1,single_source_positive,
PMPCA,True,False,1,NCG,1.0,1,single_source_positive,
TIMP1,False,True,1,CIViC,1.0,1,single_source_positive,
RPL39L,False,False,0,,0.0,0,negative_candidate,0.0
PRDX5,False,False,0,,0.0,0,negative_candidate,0.0
IFI6,False,False,0,,0.0,0,negative_candidate,0.0
WFDC2,False,False,0,,0.0,0,negative_candidate,0.0
MDH2,False,False,0,,0.0,0,negative_candidate,0.0
OR2Y1,False,False,0,,0.0,0,negative_candidate,0.0
RPL7,False,False,0,,0.0,0,negative_candidate,0.0
PRKCSH,False,False,0,,0.0,0,negative_candidate,0.0
NDST2,False,False,0,,0.0,0,negative_candidate,0.0
TCIM,False,False,0,,0.0,0,negative_candidate,0.0
S100A7L2,False,False,0,,0.0,0,negative_candidate,0.0
IGLV2-11,False,False,0,,0.0,0,negative_candidate,0.0
DUSP1,False,False,0,,0.0,0,negative_candidate,0.0
RPS5,False,False,0,,0.0,0,negative_candidate,0.0
TMEM74B,False,False,0,,0.0,0,negative_candidate,0.0
GNLY,False,False,0,,0.0,0,negative_candidate,0.0
IL9,False,False,0,,0.0,0,negative_candidate,0.0
HES3,False,False,0,,0.0,0,negative_candidate,0.0
DUSP15,False,False,0,,0.0,0,negative_candidate,0.0
FTL,False,False,0,,0.0,0,negative_candidate,0.0
STX11,False,False,0,,0.0,0,negative_candidate,0.0
PGPEP1L,False,False,0,,0.0,0,negative_candidate,0.0
GUCA2A,False,False,0,,0.0,0,negative_candidate,0.0
TGOLN2,False,False,0,,0.0,0,negative_candidate,0.0
TMEM225,False,False,0,,0.0,0,negative_candidate,0.0
TEX33,False,False,0,,0.0,0,negative_candidate,0.0
EEF1D,True,False,1,NCG,1.0,1,single_source_positive,
NAPG,False,False,0,,0.0,0,negative_candidate,0.0
GABBR1,False,False,0,,0.0,0,negative_candidate,0.0
KRTAP9-4,False,False,0,,0.0,0,negative_candidate,0.0
C1ORF43,False,False,0,,0.0,0,negative_candidate,0.0
KDELR1,True,False,1,NCG,1.0,1,single_source_positive,
MAL2,False,False,0,,0.0,0,negative_candidate,0.0
MAPKAPK2,False,False,0,,0.0,0,negative_candidate,0.0
ANXA1,False,False,0,,0.0,0,negative_candidate,0.0
PTGES3,False,False,0,,0.0,0,negative_candidate,0.0
CYP3A5,False,False,0,,0.0,0,negative_candidate,0.0
ITM2B,False,False,0,,0.0,0,negative_candidate,0.0
FEZ1,False,False,0,,0.0,0,negative_candidate,0.0
SNRPB,False,False,0,,0.0,0,negative_candidate,0.0
SYNGR2,True,False,1,NCG,1.0,1,single_source_positive,
GRINA,False,False,0,,0.0,0,negative_candidate,0.0
PFDN2,False,False,0,,0.0,0,negative_candidate,0.0
PRX,True,False,1,NCG,1.0,1,single_source_positive,
TYROBP,False,False,0,,0.0,0,negative_candidate,0.0
JUNB,False,False,0,,0.0,0,negative_candidate,0.0
UBE2J1,False,False,0,,0.0,0,negative_candidate,0.0
PCNP,False,False,0,,0.0,0,negative_candidate,0.0
IFITM2,True,False,1,NCG,1.0,1,single_source_positive,
TMEM123,False,False,0,,0.0,0,negative_candidate,0.0
GHITM,False,False,0,,0.0,0,negative_candidate,0.0
PPIB,False,False,0,,0.0,0,negative_candidate,0.0
PSMB5,False,False,0,,0.0,0,negative_candidate,0.0
TOMM20,False,False,0,,0.0,0,negative_candidate,0.0
MATR3,False,False,0,,0.0,0,negative_candidate,0.0
CD151,False,False,0,,0.0,0,negative_candidate,0.0
PRRT2,False,False,0,,0.0,0,negative_candidate,0.0
NINJ2,False,False,0,,0.0,0,negative_candidate,0.0
CAPN1,False,False,0,,0.0,0,negative_candidate,0.0
BMP2,False,False,0,,0.0,0,negative_candidate,0.0
ADGRA2,False,False,0,,0.0,0,negative_candidate,0.0
KCTD15,False,False,0,,0.0,0,negative_candidate,0.0
CMBL,False,False,0,,0.0,0,negative_candidate,0.0
NELFA,False,False,0,,0.0,0,negative_candidate,0.0
PPT1,False,False,0,,0.0,0,negative_candidate,0.0
S100A8,True,False,1,NCG,1.0,1,single_source_positive,
CELA2A,False,False,0,,0.0,0,negative_candidate,0.0
RPL30,False,False,0,,0.0,0,negative_candidate,0.0
HSPB2,False,False,0,,0.0,0,negative_candidate,0.0
HAUS4,False,False,0,,0.0,0,negative_candidate,0.0
NEBL-AS1,False,False,0,,0.0,0,negative_candidate,0.0
MRPL50,False,False,0,,0.0,0,negative_candidate,0.0
ILRUN,False,False,0,,0.0,0,negative_candidate,0.0
IGHD4-11,False,False,0,,0.0,0,negative_candidate,0.0
TAF7,False,False,0,,0.0,0,negative_candidate,0.0
VAT1,False,False,0,,0.0,0,negative_candidate,0.0
AGR3,False,False,0,,0.0,0,negative_candidate,0.0
PDLIM4,False,False,0,,0.0,0,negative_candidate,0.0
ZNF625,False,False,0,,0.0,0,negative_candidate,0.0
ALAS2,False,False,0,,0.0,0,negative_candidate,0.0
HLA-DMA,False,False,0,,0.0,0,negative_candidate,0.0
PHF21A,True,False,1,NCG,1.0,1,single_source_positive,
OR2W1,False,False,0,,0.0,0,negative_candidate,0.0
ATP5MC2,False,False,0,,0.0,0,negative_candidate,0.0
TBCEL,False,False,0,,0.0,0,negative_candidate,0.0
CNN2,False,False,0,,0.0,0,negative_candidate,0.0
PMF1-BGLAP,False,False,0,,0.0,0,negative_candidate,0.0
MLLT6,False,False,0,,0.0,0,negative_candidate,0.0
SDF4,True,False,1,NCG,1.0,1,single_source_positive,
CAVIN1,False,False,0,,0.0,0,negative_candidate,0.0
RNF152,False,False,0,,0.0,0,negative_candidate,0.0
C6ORF136,True,False,1,NCG,1.0,1,single_source_positive,
NDRG1,True,False,1,NCG,1.0,1,single_source_positive,
UBE2L6,False,False,0,,0.0,0,negative_candidate,0.0
PMVK,False,False,0,,0.0,0,negative_candidate,0.0
TRPV2,False,False,0,,0.0,0,negative_candidate,0.0
NENF,False,False,0,,0.0,0,negative_candidate,0.0
SEMA3F,False,False,0,,0.0,0,negative_candidate,0.0
ACADVL,False,False,0,,0.0,0,negative_candidate,0.0
HOPX,False,False,0,,0.0,0,negative_candidate,0.0
KDM2A,True,False,1,NCG,1.0,1,single_source_positive,
SERPINF1,False,False,0,,0.0,0,negative_candidate,0.0
EZH1,True,False,1,NCG,1.0,1,single_source_positive,
CA4,False,False,0,,0.0,0,negative_candidate,0.0
HSPD1,False,False,0,,0.0,0,negative_candidate,0.0
CDK5RAP1,False,False,0,,0.0,0,negative_candidate,0.0
TPRA1,False,False,0,,0.0,0,negative_candidate,0.0
GSX1,False,False,0,,0.0,0,negative_candidate,0.0
CCM2L,False,False,0,,0.0,0,negative_candidate,0.0
RNF34,False,False,0,,0.0,0,negative_candidate,0.0
RPS26P15,False,False,0,,0.0,0,negative_candidate,0.0
CDC42EP2,False,False,0,,0.0,0,negative_candidate,0.0
ADIG,True,False,1,NCG,1.0,1,single_source_positive,
ATP5F1E,False,False,0,,0.0,0,negative_candidate,0.0
AKR1A1,False,False,0,,0.0,0,negative_candidate,0.0
SUMF2,False,True,1,CIViC,0.9,1,single_source_positive,
PRG3,False,False,0,,0.0,0,negative_candidate,0.0
MSMO1,False,False,0,,0.0,0,negative_candidate,0.0
USF1,False,False,0,,0.0,0,negative_candidate,0.0
CFAP94,False,False,0,,0.0,0,negative_candidate,0.0
OR10A7,True,False,1,NCG,1.0,1,single_source_positive,
ACP1,False,False,0,,0.0,0,negative_candidate,0.0
TAL1,True,False,1,NCG,1.0,1,single_source_positive,
TRIM75P,False,False,0,,0.0,0,negative_candidate,0.0
DHRS3,False,False,0,,0.0,0,negative_candidate,0.0
OR12D3,False,False,0,,0.0,0,negative_candidate,0.0
CAMSAP3,False,False,0,,0.0,0,negative_candidate,0.0
ASB18,False,False,0,,0.0,0,negative_candidate,0.0
SART1,False,False,0,,0.0,0,negative_candidate,0.0
VASP,False,False,0,,0.0,0,negative_candidate,0.0
NANOS3,False,False,0,,0.0,0,negative_candidate,0.0
IPO4,True,False,1,NCG,1.0,1,single_source_positive,
CAV1,False,False,0,,0.0,0,negative_candidate,0.0
CPT1B,False,False,0,,0.0,0,negative_candidate,0.0
COPS6,False,False,0,,0.0,0,negative_candidate,0.0
TFE3,True,True,2,NCG;CIViC,1.0,1,high_confidence_positive,1.0
ID3,True,True,2,NCG;CIViC,1.0,1,high_confidence_positive,1.0
TPD52L2,False,False,0,,0.0,0,negative_candidate,0.0
CATSPER4,False,False,0,,0.0,0,negative_candidate,0.0
IKBIP,False,False,0,,0.0,0,negative_candidate,0.0
SRM,False,False,0,,0.0,0,negative_candidate,0.0
PTPN21,False,False,0,,0.0,0,negative_candidate,0.0
TP53RK,False,False,0,,0.0,0,negative_candidate,0.0
PTBP3,False,False,0,,0.0,0,negative_candidate,0.0
MRPL18,True,False,1,NCG,1.0,1,single_source_positive,
CLN5,False,False,0,,0.0,0,negative_candidate,0.0
SLBP,False,False,0,,0.0,0,negative_candidate,0.0
MAT2A,False,False,0,,0.0,0,negative_candidate,0.0
TMUB1,False,False,0,,0.0,0,negative_candidate,0.0
TRNAU1AP,False,False,0,,0.0,0,negative_candidate,0.0
RNF31,False,False,0,,0.0,0,negative_candidate,0.0
ATN1,False,False,0,,0.0,0,negative_candidate,0.0
ACTR3,False,False,0,,0.0,0,negative_candidate,0.0
RAB5B,False,False,0,,0.0,0,negative_candidate,0.0
LPAL2,False,False,0,,0.0,0,negative_candidate,0.0
SREBF1,False,False,0,,0.0,0,negative_candidate,0.0
EFEMP1,False,False,0,,0.0,0,negative_candidate,0.0
GHDC,False,False,0,,0.0,0,negative_candidate,0.0
GARS1,False,False,0,,0.0,0,negative_candidate,0.0
CHIC2,False,False,0,,0.0,0,negative_candidate,0.0
ITGA1,False,False,0,,0.0,0,negative_candidate,0.0
LRRC8A,False,False,0,,0.0,0,negative_candidate,0.0
SDHB,True,True,2,NCG;CIViC,1.0,1,high_confidence_positive,1.0
POLR2G,False,False,0,,0.0,0,negative_candidate,0.0
RIPOR1,True,False,1,NCG,1.0,1,single_source_positive,
CDK9,False,True,1,CIViC,0.9,1,single_source_positive,
DGLUCY,False,False,0,,0.0,0,negative_candidate,0.0
TMEM106C,False,False,0,,0.0,0,negative_candidate,0.0
FHL2,False,False,0,,0.0,0,negative_candidate,0.0
POR,False,False,0,,0.0,0,negative_candidate,0.0
TSGA13,False,False,0,,0.0,0,negative_candidate,0.0
NPHP3,False,False,0,,0.0,0,negative_candidate,0.0
CERS2,False,False,0,,0.0,0,negative_candidate,0.0
TCIRG1,False,False,0,,0.0,0,negative_candidate,0.0
PPP1R18,False,False,0,,0.0,0,negative_candidate,0.0
CCM2,False,False,0,,0.0,0,negative_candidate,0.0
AC131160.1,False,False,0,,0.0,0,negative_candidate,0.0
AC011448.1,False,False,0,,0.0,0,negative_candidate,0.0
FBXO44,False,False,0,,0.0,0,negative_candidate,0.0
IMPDH2,False,False,0,,0.0,0,negative_candidate,0.0
TEX264,False,False,0,,0.0,0,negative_candidate,0.0
SNORD113-3,False,False,0,,0.0,0,negative_candidate,0.0
UPB1,False,False,0,,0.0,0,negative_candidate,0.0
ALKBH7,False,False,0,,0.0,0,negative_candidate,0.0
GLRA4,False,False,0,,0.0,0,negative_candidate,0.0
LPL,False,False,0,,0.0,0,negative_candidate,0.0
CYP3A43,False,False,0,,0.0,0,negative_candidate,0.0
LTBR,False,False,0,,0.0,0,negative_candidate,0.0
AP3D1,True,False,1,NCG,1.0,1,single_source_positive,
ARPP19,False,False,0,,0.0,0,negative_candidate,0.0
EXOC7,True,False,1,NCG,1.0,1,single_source_positive,
ITPA,False,False,0,,0.0,0,negative_candidate,0.0
SMARCE1,True,False,1,NCG,1.0,1,single_source_positive,
ZFAND3,False,True,1,CIViC,0.9,1,single_source_positive,
LCE3B,False,False,0,,0.0,0,negative_candidate,0.0
IK,False,False,0,,0.0,0,negative_candidate,0.0
UBE2D2,False,False,0,,0.0,0,negative_candidate,0.0
CHD4,True,False,1,NCG,1.0,1,single_source_positive,
RNF115,False,False,0,,0.0,0,negative_candidate,0.0
RNF19A,False,False,0,,0.0,0,negative_candidate,0.0
MED24,False,False,0,,0.0,0,negative_candidate,0.0
CACNB3,False,False,0,,0.0,0,negative_candidate,0.0
TJAP1,False,False,0,,0.0,0,negative_candidate,0.0
ALDH2,False,False,0,,0.0,0,negative_candidate,0.0
TIMM44,False,False,0,,0.0,0,negative_candidate,0.0
CLEC4A,False,False,0,,0.0,0,negative_candidate,0.0
GUCD1,False,False,0,,0.0,0,negative_candidate,0.0
FOXF1,False,True,1,CIViC,0.9,1,single_source_positive,
GIMAP5,False,False,0,,0.0,0,negative_candidate,0.0
CHMP1B,False,False,0,,0.0,0,negative_candidate,0.0
TSPAN32,False,False,0,,0.0,0,negative_candidate,0.0
IL1R1,False,False,0,,0.0,0,negative_candidate,0.0
LRRC30,False,False,0,,0.0,0,negative_candidate,0.0
PABPC4,True,False,1,NCG,1.0,1,single_source_positive,
SARS2,False,False,0,,0.0,0,negative_candidate,0.0
BTNL9,False,False,0,,0.0,0,negative_candidate,0.0
PRKACG,False,False,0,,0.0,0,negative_candidate,0.0
BCAR1,False,False,0,,0.0,0,negative_candidate,0.0
STX16,False,False,0,,0.0,0,negative_candidate,0.0
LINC02870,False,False,0,,0.0,0,negative_candidate,0.0
VDR,False,False,0,,0.0,0,negative_candidate,0.0
FADS3,False,False,0,,0.0,0,negative_candidate,0.0
PPP2CA,False,False,0,,0.0,0,negative_candidate,0.0
SLC34A3,False,False,0,,0.0,0,negative_candidate,0.0
ZNF709,False,False,0,,0.0,0,negative_candidate,0.0
MMP26,False,False,0,,0.0,0,negative_candidate,0.0
BRMS1,False,False,0,,0.0,0,negative_candidate,0.0
GPR1,False,False,0,,0.0,0,negative_candidate,0.0
PIM1,True,True,2,NCG;CIViC,1.0,1,high_confidence_positive,1.0
OR4F6,False,False,0,,0.0,0,negative_candidate,0.0
SELPLG,False,False,0,,0.0,0,negative_candidate,0.0
RER1,False,False,0,,0.0,0,negative_candidate,0.0
PCSK1N,False,False,0,,0.0,0,negative_candidate,0.0
ALDH3B1,False,False,0,,0.0,0,negative_candidate,0.0
PAXX,False,False,0,,0.0,0,negative_candidate,0.0
AC004593.2,False,False,0,,0.0,0,negative_candidate,0.0
CENPW,False,False,0,,0.0,0,negative_candidate,0.0
MPP7,False,False,0,,0.0,0,negative_candidate,0.0
C2ORF50,False,False,0,,0.0,0,negative_candidate,0.0
ABLIM1,False,False,0,,0.0,0,negative_candidate,0.0
B3GALNT1,False,False,0,,0.0,0,negative_candidate,0.0
MYD88,True,True,2,NCG;CIViC,1.0,1,high_confidence_positive,1.0
EMP1,False,False,0,,0.0,0,negative_candidate,0.0
OR7G3,True,False,1,NCG,1.0,1,single_source_positive,
MRPL38,False,False,0,,0.0,0,negative_candidate,0.0
C20ORF204,False,False,0,,0.0,0,negative_candidate,0.0
RSU1,False,False,0,,0.0,0,negative_candidate,0.0
CAMK1,False,False,0,,0.0,0,negative_candidate,0.0
C9ORF72,False,False,0,,0.0,0,negative_candidate,0.0
OR8B4,False,False,0,,0.0,0,negative_candidate,0.0
ABHD14B,False,False,0,,0.0,0,negative_candidate,0.0
ZBTB48,False,False,0,,0.0,0,negative_candidate,0.0
SF3A2,False,False,0,,0.0,0,negative_candidate,0.0
SYTL2,True,False,1,NCG,1.0,1,single_source_positive,
TNFAIP1,False,False,0,,0.0,0,negative_candidate,0.0
GMPR2,False,False,0,,0.0,0,negative_candidate,0.0
OR10S1,False,False,0,,0.0,0,negative_candidate,0.0
SLC6A6,False,False,0,,0.0,0,negative_candidate,0.0
DDB2,True,False,1,NCG,1.0,1,single_source_positive,
RASL12,False,False,0,,0.0,0,negative_candidate,0.0
MFGE8,False,False,0,,0.0,0,negative_candidate,0.0
CWC15,False,False,0,,0.0,0,negative_candidate,0.0
PPP1R16A,False,False,0,,0.0,0,negative_candidate,0.0
AIRE,False,False,0,,0.0,0,negative_candidate,0.0
EIF4A3,False,False,0,,0.0,0,negative_candidate,0.0
MID1IP1,False,False,0,,0.0,0,negative_candidate,0.0
NIT2,False,False,0,,0.0,0,negative_candidate,0.0
MIR9-1HG,False,False,0,,0.0,0,negative_candidate,0.0
TMEM174,False,False,0,,0.0,0,negative_candidate,0.0
CENPT,False,False,0,,0.0,0,negative_candidate,0.0
STK40,False,False,0,,0.0,0,negative_candidate,0.0
FLVCR2,False,False,0,,0.0,0,negative_candidate,0.0
SEPTIN10,False,False,0,,0.0,0,negative_candidate,0.0
DENND3,False,False,0,,0.0,0,negative_candidate,0.0
SYAP1,False,False,0,,0.0,0,negative_candidate,0.0
ERMP1,False,False,0,,0.0,0,negative_candidate,0.0
GPR17,False,False,0,,0.0,0,negative_candidate,0.0
CARD16,False,False,0,,0.0,0,negative_candidate,0.0
PXDC1,False,False,0,,0.0,0,negative_candidate,0.0
TCF3,True,True,2,NCG;CIViC,1.0,1,high_confidence_positive,1.0
OR5H15,False,False,0,,0.0,0,negative_candidate,0.0
CCS,False,False,0,,0.0,0,negative_candidate,0.0
CCNB2,True,False,1,NCG,1.0,1,single_source_positive,
TNIP2,False,False,0,,0.0,0,negative_candidate,0.0
PDLIM7,False,False,0,,0.0,0,negative_candidate,0.0
PIP4K2B,False,False,0,,0.0,0,negative_candidate,0.0
SCARF1,False,False,0,,0.0,0,negative_candidate,0.0
TTC30A,False,False,0,,0.0,0,negative_candidate,0.0
CHST3,False,False,0,,0.0,0,negative_candidate,0.0
RSC1A1,False,False,0,,0.0,0,negative_candidate,0.0
NKD2,False,False,0,,0.0,0,negative_candidate,0.0
CRHR2,False,False,0,,0.0,0,negative_candidate,0.0
KRTAP3-2,False,False,0,,0.0,0,negative_candidate,0.0
NAB2,True,True,2,NCG;CIViC,1.0,1,high_confidence_positive,1.0
MRGPRX1,False,False,0,,0.0,0,negative_candidate,0.0
PLA2G10,False,False,0,,0.0,0,negative_candidate,0.0
ANO6,False,False,0,,0.0,0,negative_candidate,0.0
RNF208,False,False,0,,0.0,0,negative_candidate,0.0
CXCL5,False,False,0,,0.0,0,negative_candidate,0.0
AP2A1,True,False,1,NCG,1.0,1,single_source_positive,
PRR14L,False,False,0,,0.0,0,negative_candidate,0.0
EFNA5,False,False,0,,0.0,0,negative_candidate,0.0
SFXN3,False,False,0,,0.0,0,negative_candidate,0.0
RPF1,False,False,0,,0.0,0,negative_candidate,0.0
STRN4,False,False,0,,0.0,0,negative_candidate,0.0
POLG2,False,False,0,,0.0,0,negative_candidate,0.0
SNORD114-3,False,False,0,,0.0,0,negative_candidate,0.0
SIPA1,False,False,0,,0.0,0,negative_candidate,0.0
TDRKH,False,False,0,,0.0,0,negative_candidate,0.0
TMEM92,False,False,0,,0.0,0,negative_candidate,0.0
ZMYM5,False,False,0,,0.0,0,negative_candidate,0.0
SEC14L1,True,False,1,NCG,1.0,1,single_source_positive,
DUSP21,False,False,0,,0.0,0,negative_candidate,0.0
NT5DC2,False,False,0,,0.0,0,negative_candidate,0.0
STAP2,False,False,0,,0.0,0,negative_candidate,0.0
ATP11AUN,False,False,0,,0.0,0,negative_candidate,0.0
SLC43A3,False,False,0,,0.0,0,negative_candidate,0.0
OR7G1,False,False,0,,0.0,0,negative_candidate,0.0
KIFBP,False,False,0,,0.0,0,negative_candidate,0.0
TTLL3,False,False,0,,0.0,0,negative_candidate,0.0
PPP1R35,False,False,0,,0.0,0,negative_candidate,0.0
MPRIP,False,False,0,,0.0,0,negative_candidate,0.0
HPCAL1,False,False,0,,0.0,0,negative_candidate,0.0
PGA5,False,False,0,,0.0,0,negative_candidate,0.0
ARHGEF25,True,False,1,NCG,1.0,1,single_source_positive,
SLAIN2,False,False,0,,0.0,0,negative_candidate,0.0
ATP6V1G3,False,False,0,,0.0,0,negative_candidate,0.0
CYTH3,False,False,0,,0.0,0,negative_candidate,0.0
NADSYN1,False,False,0,,0.0,0,negative_candidate,0.0
SCNN1A,False,False,0,,0.0,0,negative_candidate,0.0
JOSD2,False,False,0,,0.0,0,negative_candidate,0.0
FAM71A,False,False,0,,0.0,0,negative_candidate,0.0
ABCA3,False,False,0,,0.0,0,negative_candidate,0.0
SDC2,False,False,0,,0.0,0,negative_candidate,0.0
TOMM40L,False,False,0,,0.0,0,negative_candidate,0.0
ODF3L2,True,False,1,NCG,1.0,1,single_source_positive,
TRIM35,False,False,0,,0.0,0,negative_candidate,0.0
UBE2G2,False,False,0,,0.0,0,negative_candidate,0.0
RHBDD2,False,False,0,,0.0,0,negative_candidate,0.0
SLC39A13,False,False,0,,0.0,0,negative_candidate,0.0
ADPGK,False,False,0,,0.0,0,negative_candidate,0.0
MXD4,False,False,0,,0.0,0,negative_candidate,0.0
MIR646,False,False,0,,0.0,0,negative_candidate,0.0
RGR,False,False,0,,0.0,0,negative_candidate,0.0
MIR125B1,False,False,0,,0.0,0,negative_candidate,0.0
UVSSA,False,False,0,,0.0,0,negative_candidate,0.0
LPXN,False,False,0,,0.0,0,negative_candidate,0.0
RPGR,True,False,1,NCG,1.0,1,single_source_positive,
S100G,False,False,0,,0.0,0,negative_candidate,0.0
MAMDC2,False,False,0,,0.0,0,negative_candidate,0.0
ERF,True,False,1,NCG,1.0,1,single_source_positive,
AC005833.1,False,False,0,,0.0,0,negative_candidate,0.0
LIMK2,False,False,0,,0.0,0,negative_candidate,0.0
LASP1,False,False,0,,0.0,0,negative_candidate,0.0
BAG4,True,True,2,NCG;CIViC,1.0,1,high_confidence_positive,1.0
PIK3CD,True,False,1,NCG,1.0,1,single_source_positive,
ZC3H12A,True,False,1,NCG,1.0,1,single_source_positive,
CTBP1,False,False,0,,0.0,0,negative_candidate,0.0
PNKD,True,False,1,NCG,1.0,1,single_source_positive,
UCKL1,False,False,0,,0.0,0,negative_candidate,0.0
ZNF207,True,False,1,NCG,1.0,1,single_source_positive,
RAB5IF,False,False,0,,0.0,0,negative_candidate,0.0
MZT2B,False,False,0,,0.0,0,negative_candidate,0.0
C1ORF220,False,False,0,,0.0,0,negative_candidate,0.0
OSGIN1,False,False,0,,0.0,0,negative_candidate,0.0
TIMP4,False,False,0,,0.0,0,negative_candidate,0.0
SERINC3,False,False,0,,0.0,0,negative_candidate,0.0
DNAJC4,False,False,0,,0.0,0,negative_candidate,0.0
MAD2L2,False,False,0,,0.0,0,negative_candidate,0.0
TRAV4,False,False,0,,0.0,0,negative_candidate,0.0
NXPH3,False,False,0,,0.0,0,negative_candidate,0.0
MIR920,False,False,0,,0.0,0,negative_candidate,0.0
NR2F1,False,False,0,,0.0,0,negative_candidate,0.0
FAM71F1,False,False,0,,0.0,0,negative_candidate,0.0
FAM228A,False,False,0,,0.0,0,negative_candidate,0.0
DTX4,True,False,1,NCG,1.0,1,single_source_positive,
TRAJ41,False,False,0,,0.0,0,negative_candidate,0.0
ERAP1,False,False,0,,0.0,0,negative_candidate,0.0
VPS11,False,False,0,,0.0,0,negative_candidate,0.0
MICAL1,False,False,0,,0.0,0,negative_candidate,0.0
NKIRAS2,False,False,0,,0.0,0,negative_candidate,0.0
FAIM,False,False,0,,0.0,0,negative_candidate,0.0
TAAR2,False,False,0,,0.0,0,negative_candidate,0.0
IGLV2-8,False,False,0,,0.0,0,negative_candidate,0.0
SIRPB2,True,False,1,NCG,1.0,1,single_source_positive,
FGFR3,True,True,2,NCG;CIViC,1.0,1,high_confidence_positive,1.0
TNFRSF14,True,True,2,NCG;CIViC,1.0,1,high_confidence_positive,1.0
SCO2,False,False,0,,0.0,0,negative_candidate,0.0
TNFAIP2,False,False,0,,0.0,0,negative_candidate,0.0
ARRDC2,False,False,0,,0.0,0,negative_candidate,0.0
NAA80,False,False,0,,0.0,0,negative_candidate,0.0
RMI1,False,False,0,,0.0,0,negative_candidate,0.0
FMNL1,False,False,0,,0.0,0,negative_candidate,0.0
OCM2,False,False,0,,0.0,0,negative_candidate,0.0
CDKN3,False,False,0,,0.0,0,negative_candidate,0.0
BHLHE23,False,False,0,,0.0,0,negative_candidate,0.0
SLC35A2,False,False,0,,0.0,0,negative_candidate,0.0
RNF170,False,False,0,,0.0,0,negative_candidate,0.0
HEY1,True,True,2,NCG;CIViC,1.0,1,high_confidence_positive,1.0
PLPPR2,False,False,0,,0.0,0,negative_candidate,0.0
TJP2,False,False,0,,0.0,0,negative_candidate,0.0
RABL6,False,False,0,,0.0,0,negative_candidate,0.0
NEUROG1,False,False,0,,0.0,0,negative_candidate,0.0
SLC25A42,False,False,0,,0.0,0,negative_candidate,0.0
EDC4,True,False,1,NCG,1.0,1,single_source_positive,
PDIK1L,False,False,0,,0.0,0,negative_candidate,0.0
ZNF503,True,False,1,NCG,1.0,1,single_source_positive,
STARD6,True,False,1,NCG,1.0,1,single_source_positive,
ARHGEF10,True,False,1,NCG,1.0,1,single_source_positive,
AC144573.1,False,False,0,,0.0,0,negative_candidate,0.0
VXN,True,False,1,NCG,1.0,1,single_source_positive,
RPH3AL,False,False,0,,0.0,0,negative_candidate,0.0
GPR182,False,False,0,,0.0,0,negative_candidate,0.0
ANKRD20A5P,False,False,0,,0.0,0,negative_candidate,0.0
HELT,False,False,0,,0.0,0,negative_candidate,0.0
LEKR1,False,False,0,,0.0,0,negative_candidate,0.0
RPL3,False,False,0,,0.0,0,negative_candidate,0.0
PADI4,False,False,0,,0.0,0,negative_candidate,0.0
MXRA7,False,False,0,,0.0,0,negative_candidate,0.0
IFT80,False,False,0,,0.0,0,negative_candidate,0.0
MRM2,False,False,0,,0.0,0,negative_candidate,0.0
NAPSA,False,False,0,,0.0,0,negative_candidate,0.0
MYOG,False,False,0,,0.0,0,negative_candidate,0.0
DIPK1B,False,False,0,,0.0,0,negative_candidate,0.0
FAM71B,False,False,0,,0.0,0,negative_candidate,0.0
ZNF271P,False,False,0,,0.0,0,negative_candidate,0.0
ZNF687,True,False,1,NCG,1.0,1,single_source_positive,
DNAJB11,False,False,0,,0.0,0,negative_candidate,0.0
IGLV8OR8-1,False,False,0,,0.0,0,negative_candidate,0.0
BAG6,False,False,0,,0.0,0,negative_candidate,0.0
CES2,False,False,0,,0.0,0,negative_candidate,0.0
TRAJ25,False,False,0,,0.0,0,negative_candidate,0.0
SPNS2,False,False,0,,0.0,0,negative_candidate,0.0
TMEM65,False,False,0,,0.0,0,negative_candidate,0.0
PLPP6,False,False,0,,0.0,0,negative_candidate,0.0
ALDOA,True,False,1,NCG,1.0,1,single_source_positive,
PGS1,False,False,0,,0.0,0,negative_candidate,0.0
FBXO45,False,False,0,,0.0,0,negative_candidate,0.0
C1QTNF6,False,False,0,,0.0,0,negative_candidate,0.0
MCL1,True,True,2,NCG;CIViC,1.0,1,high_confidence_positive,1.0
POLR1C,False,False,0,,0.0,0,negative_candidate,0.0
HGS,False,False,0,,0.0,0,negative_candidate,0.0
TMBIM6,True,False,1,NCG,1.0,1,single_source_positive,
MCOLN1,False,False,0,,0.0,0,negative_candidate,0.0
SGSH,False,False,0,,0.0,0,negative_candidate,0.0
IGFL3,False,False,0,,0.0,0,negative_candidate,0.0
HOOK2,False,False,0,,0.0,0,negative_candidate,0.0
CISD2,False,False,0,,0.0,0,negative_candidate,0.0
FAM21FP,False,False,0,,0.0,0,negative_candidate,0.0
GOLPH3,False,False,0,,0.0,0,negative_candidate,0.0
PCGF2,False,False,0,,0.0,0,negative_candidate,0.0
SELENOO,False,False,0,,0.0,0,negative_candidate,0.0
ACO2,False,False,0,,0.0,0,negative_candidate,0.0
CDKL1,False,False,0,,0.0,0,negative_candidate,0.0
ENTPD3,False,False,0,,0.0,0,negative_candidate,0.0
GAS8,False,False,0,,0.0,0,negative_candidate,0.0
CA11,False,False,0,,0.0,0,negative_candidate,0.0
SLC20A1,False,False,0,,0.0,0,negative_candidate,0.0
CRHR1,False,False,0,,0.0,0,negative_candidate,0.0
LMNA,False,True,1,CIViC,1.0,1,single_source_positive,
FEM1C,False,False,0,,0.0,0,negative_candidate,0.0
ATP13A1,False,False,0,,0.0,0,negative_candidate,0.0
IFNA13,False,False,0,,0.0,0,negative_candidate,0.0
GPR150,False,False,0,,0.0,0,negative_candidate,0.0
KRT73,False,False,0,,0.0,0,negative_candidate,0.0
SREK1IP1,False,False,0,,0.0,0,negative_candidate,0.0
NNAT,False,False,0,,0.0,0,negative_candidate,0.0
RNASE7,False,False,0,,0.0,0,negative_candidate,0.0
TEK,False,True,1,CIViC,0.9,1,single_source_positive,
GLT6D1,False,False,0,,0.0,0,negative_candidate,0.0
CRCT1,False,False,0,,0.0,0,negative_candidate,0.0
NDUFV3,False,False,0,,0.0,0,negative_candidate,0.0
S100A13,False,False,0,,0.0,0,negative_candidate,0.0
ETFDH,False,False,0,,0.0,0,negative_candidate,0.0
AMIGO3,False,False,0,,0.0,0,negative_candidate,0.0
PODNL1,True,False,1,NCG,1.0,1,single_source_positive,
GPR153,False,False,0,,0.0,0,negative_candidate,0.0
LINC01588,False,False,0,,0.0,0,negative_candidate,0.0
KLHDC3,False,False,0,,0.0,0,negative_candidate,0.0
RBM4B,False,False,0,,0.0,0,negative_candidate,0.0
MIR505,False,False,0,,0.0,0,negative_candidate,0.0
C17ORF98,False,False,0,,0.0,0,negative_candidate,0.0
RPL36A,False,False,0,,0.0,0,negative_candidate,0.0
TMEM120B,False,False,0,,0.0,0,negative_candidate,0.0
C17ORF64,False,False,0,,0.0,0,negative_candidate,0.0
SDHA,True,True,2,NCG;CIViC,1.0,1,high_confidence_positive,1.0
SSPOP,False,False,0,,0.0,0,negative_candidate,0.0
ABCD1,True,False,1,NCG,1.0,1,single_source_positive,
FLOT2,False,False,0,,0.0,0,negative_candidate,0.0
SNORD114-19,False,False,0,,0.0,0,negative_candidate,0.0
ABHD16A,False,False,0,,0.0,0,negative_candidate,0.0
ARHGAP42,False,False,0,,0.0,0,negative_candidate,0.0
PMP22,False,False,0,,0.0,0,negative_candidate,0.0
ASNS,False,True,1,CIViC,1.0,1,single_source_positive,
CT45A9,False,False,0,,0.0,0,negative_candidate,0.0
PLA2G5,False,False,0,,0.0,0,negative_candidate,0.0
DGKQ,False,False,0,,0.0,0,negative_candidate,0.0
BCL7A,True,True,2,NCG;CIViC,1.0,1,high_confidence_positive,1.0
SLC25A3,False,False,0,,0.0,0,negative_candidate,0.0
FXYD4,False,False,0,,0.0,0,negative_candidate,0.0
ARFRP1,False,False,0,,0.0,0,negative_candidate,0.0
FAM193B,False,False,0,,0.0,0,negative_candidate,0.0
RTEL1,False,False,0,,0.0,0,negative_candidate,0.0
ABHD11,False,False,0,,0.0,0,negative_candidate,0.0
AC011455.2,False,False,0,,0.0,0,negative_candidate,0.0
TMEM192,False,False,0,,0.0,0,negative_candidate,0.0
CCDC189,False,False,0,,0.0,0,negative_candidate,0.0
WNT6,False,True,1,CIViC,0.9,1,single_source_positive,
MAN2A2,False,False,0,,0.0,0,negative_candidate,0.0
GTF2H2B,False,False,0,,0.0,0,negative_candidate,0.0
S1PR2,True,True,2,NCG;CIViC,1.0,1,high_confidence_positive,1.0
CCR7,True,False,1,NCG,1.0,1,single_source_positive,
FKBP15,False,False,0,,0.0,0,negative_candidate,0.0
LRRFIP1,False,False,0,,0.0,0,negative_candidate,0.0
KRT84,True,False,1,NCG,1.0,1,single_source_positive,
RINL,True,False,1,NCG,1.0,1,single_source_positive,
DHRS4,False,False,0,,0.0,0,negative_candidate,0.0
OR1D2,False,False,0,,0.0,0,negative_candidate,0.0
AGAP7P,False,False,0,,0.0,0,negative_candidate,0.0
OR2T35,True,False,1,NCG,1.0,1,single_source_positive,
BNIP2,False,False,0,,0.0,0,negative_candidate,0.0
THUMPD1,False,False,0,,0.0,0,negative_candidate,0.0
CCNJ,False,False,0,,0.0,0,negative_candidate,0.0
CARD10,True,False,1,NCG,1.0,1,single_source_positive,
ISCA1P1,False,False,0,,0.0,0,negative_candidate,0.0
IL17RB,False,False,0,,0.0,0,negative_candidate,0.0
MANEAL,False,False,0,,0.0,0,negative_candidate,0.0
SELENOH,False,False,0,,0.0,0,negative_candidate,0.0
EME2,False,False,0,,0.0,0,negative_candidate,0.0
TMEM107,False,False,0,,0.0,0,negative_candidate,0.0
VPS51,True,False,1,NCG,1.0,1,single_source_positive,
RAB36,False,False,0,,0.0,0,negative_candidate,0.0
COPS9,False,False,0,,0.0,0,negative_candidate,0.0
CSH2,False,False,0,,0.0,0,negative_candidate,0.0
ATAD3C,False,False,0,,0.0,0,negative_candidate,0.0
PAQR4,False,False,0,,0.0,0,negative_candidate,0.0
TBC1D2B,False,False,0,,0.0,0,negative_candidate,0.0
LY6G6F-LY6G6D,False,False,0,,0.0,0,negative_candidate,0.0
OR6C3,False,False,0,,0.0,0,negative_candidate,0.0
PHB2,False,False,0,,0.0,0,negative_candidate,0.0
MXD1,False,False,0,,0.0,0,negative_candidate,0.0
CD7,False,False,0,,0.0,0,negative_candidate,0.0
SPAG11A,False,False,0,,0.0,0,negative_candidate,0.0
OTUD5,False,False,0,,0.0,0,negative_candidate,0.0
ENG,False,False,0,,0.0,0,negative_candidate,0.0
CSF2,False,False,0,,0.0,0,negative_candidate,0.0
IGKV1-13,False,False,0,,0.0,0,negative_candidate,0.0
IGLJ7,False,False,0,,0.0,0,negative_candidate,0.0
SUGT1P4-STRA6LP,False,False,0,,0.0,0,negative_candidate,0.0
NSL1,False,False,0,,0.0,0,negative_candidate,0.0
CYP2C8,True,False,1,NCG,1.0,1,single_source_positive,
MTFMT,False,False,0,,0.0,0,negative_candidate,0.0
CYP2J2,False,False,0,,0.0,0,negative_candidate,0.0
HNRNPL,True,False,1,NCG,1.0,1,single_source_positive,
TMEM237,False,False,0,,0.0,0,negative_candidate,0.0
WDR76,False,False,0,,0.0,0,negative_candidate,0.0
TXNRD3,False,False,0,,0.0,0,negative_candidate,0.0
STAG3L4,False,False,0,,0.0,0,negative_candidate,0.0
ADCY4,False,False,0,,0.0,0,negative_candidate,0.0
TMEM176A,False,False,0,,0.0,0,negative_candidate,0.0
IGHG1,False,False,0,,0.0,0,negative_candidate,0.0
KAT5,False,False,0,,0.0,0,negative_candidate,0.0
SARAF,False,False,0,,0.0,0,negative_candidate,0.0
MT1A,False,False,0,,0.0,0,negative_candidate,0.0
RCCD1,False,False,0,,0.0,0,negative_candidate,0.0
DCTN4,False,False,0,,0.0,0,negative_candidate,0.0
C3P1,False,False,0,,0.0,0,negative_candidate,0.0
OR4F17,False,False,0,,0.0,0,negative_candidate,0.0
C9ORF131,False,False,0,,0.0,0,negative_candidate,0.0
MYADM,False,False,0,,0.0,0,negative_candidate,0.0
PLEKHA8P1,False,False,0,,0.0,0,negative_candidate,0.0
IL23A,False,False,0,,0.0,0,negative_candidate,0.0
TTLL13P,False,False,0,,0.0,0,negative_candidate,0.0
UQCC3,False,False,0,,0.0,0,negative_candidate,0.0
C9ORF163,False,False,0,,0.0,0,negative_candidate,0.0
FCN3,False,False,0,,0.0,0,negative_candidate,0.0
CSNK1G2,False,False,0,,0.0,0,negative_candidate,0.0
ABHD5,False,False,0,,0.0,0,negative_candidate,0.0
TMEM120A,False,False,0,,0.0,0,negative_candidate,0.0
TEPP,False,False,0,,0.0,0,negative_candidate,0.0
PEX11G,False,False,0,,0.0,0,negative_candidate,0.0
OR7A17,False,False,0,,0.0,0,negative_candidate,0.0
DEFB106B,False,False,0,,0.0,0,negative_candidate,0.0
CDC42EP4,False,False,0,,0.0,0,negative_candidate,0.0
KRTAP17-1,False,False,0,,0.0,0,negative_candidate,0.0
NTPCR,False,False,0,,0.0,0,negative_candidate,0.0
SPATA45,False,False,0,,0.0,0,negative_candidate,0.0
NAA10,False,False,0,,0.0,0,negative_candidate,0.0
POLDIP3,True,False,1,NCG,1.0,1,single_source_positive,
ASIP,False,False,0,,0.0,0,negative_candidate,0.0
PKDCC,False,False,0,,0.0,0,negative_candidate,0.0
DLEU7,False,False,0,,0.0,0,negative_candidate,0.0
BSCL2,False,False,0,,0.0,0,negative_candidate,0.0
BTN2A3P,False,False,0,,0.0,0,negative_candidate,0.0
NXF5,False,False,0,,0.0,0,negative_candidate,0.0
GID8,False,False,0,,0.0,0,negative_candidate,0.0
RWDD2A,False,False,0,,0.0,0,negative_candidate,0.0
NHLRC1,False,False,0,,0.0,0,negative_candidate,0.0
DHRS11,False,False,0,,0.0,0,negative_candidate,0.0
ARG2,False,False,0,,0.0,0,negative_candidate,0.0
MIR1303,False,False,0,,0.0,0,negative_candidate,0.0
GDPD1,False,False,0,,0.0,0,negative_candidate,0.0
MIR573,False,False,0,,0.0,0,negative_candidate,0.0
SNORD114-16,False,False,0,,0.0,0,negative_candidate,0.0
LRFN4,False,False,0,,0.0,0,negative_candidate,0.0
ATPAF2,False,False,0,,0.0,0,negative_candidate,0.0
RLN1,False,False,0,,0.0,0,negative_candidate,0.0
AP000311.1,False,False,0,,0.0,0,negative_candidate,0.0
NEDD9,False,True,1,CIViC,1.0,1,single_source_positive,
PTGES3L-AARSD1,False,False,0,,0.0,0,negative_candidate,0.0
GABPB2,False,False,0,,0.0,0,negative_candidate,0.0
SLC35D2,False,False,0,,0.0,0,negative_candidate,0.0
AL441992.2,False,False,0,,0.0,0,negative_candidate,0.0
ZNF101,False,False,0,,0.0,0,negative_candidate,0.0
GALNS,True,False,1,NCG,1.0,1,single_source_positive,
GOLGA8A,False,False,0,,0.0,0,negative_candidate,0.0
GIT1,False,False,0,,0.0,0,negative_candidate,0.0
LMF1,False,False,0,,0.0,0,negative_candidate,0.0
ST6GALNAC2,False,False,0,,0.0,0,negative_candidate,0.0
GLRXP3,False,False,0,,0.0,0,negative_candidate,0.0
APOBEC3F,False,False,0,,0.0,0,negative_candidate,0.0
AC093525.2,False,False,0,,0.0,0,negative_candidate,0.0
POMGNT2,False,False,0,,0.0,0,negative_candidate,0.0
AC008676.3,False,False,0,,0.0,0,negative_candidate,0.0
AC132217.2,False,False,0,,0.0,0,negative_candidate,0.0
FAM24A,False,False,0,,0.0,0,negative_candidate,0.0
ETNK2,False,False,0,,0.0,0,negative_candidate,0.0
LKAAEAR1,False,False,0,,0.0,0,negative_candidate,0.0
ZNF658B,False,False,0,,0.0,0,negative_candidate,0.0
C4ORF19,False,False,0,,0.0,0,negative_candidate,0.0
CLASRP,False,False,0,,0.0,0,negative_candidate,0.0
DDX3Y,False,False,0,,0.0,0,negative_candidate,0.0
DCANP1,False,False,0,,0.0,0,negative_candidate,0.0
XAB2,False,False,0,,0.0,0,negative_candidate,0.0
C2ORF15,False,False,0,,0.0,0,negative_candidate,0.0
DBP,False,True,1,CIViC,0.9,1,single_source_positive,
SGSM3,False,False,0,,0.0,0,negative_candidate,0.0
HSPBAP1,False,False,0,,0.0,0,negative_candidate,0.0
TRAV9-1,False,False,0,,0.0,0,negative_candidate,0.0
SOX18,False,False,0,,0.0,0,negative_candidate,0.0
AC104452.1,False,False,0,,0.0,0,negative_candidate,0.0
RMDN2,False,False,0,,0.0,0,negative_candidate,0.0
PROK2,False,False,0,,0.0,0,negative_candidate,0.0
TLE6,False,False,0,,0.0,0,negative_candidate,0.0
APOM,False,False,0,,0.0,0,negative_candidate,0.0
RPS10-NUDT3,False,False,0,,0.0,0,negative_candidate,0.0
VPS26C,False,False,0,,0.0,0,negative_candidate,0.0
AC126283.2,False,False,0,,0.0,0,negative_candidate,0.0
AC098582.1,False,False,0,,0.0,0,negative_candidate,0.0
ADM,False,False,0,,0.0,0,negative_candidate,0.0
ZFHX4,True,False,1,NCG,1.0,1,single_source_positive,
ALMS1P1,False,False,0,,0.0,0,negative_candidate,0.0
AC004922.1,False,False,0,,0.0,0,negative_candidate,0.0
PLCD3,False,False,0,,0.0,0,negative_candidate,0.0
FUT4,False,False,0,,0.0,0,negative_candidate,0.0
FOLH1B,False,False,0,,0.0,0,negative_candidate,0.0
GLTPD2,False,False,0,,0.0,0,negative_candidate,0.0
FBXO36,False,False,0,,0.0,0,negative_candidate,0.0
SNORD113-9,False,False,0,,0.0,0,negative_candidate,0.0
MORF4,False,False,0,,0.0,0,negative_candidate,0.0
METTL8,False,False,0,,0.0,0,negative_candidate,0.0
RHEBL1,False,False,0,,0.0,0,negative_candidate,0.0
C12ORF54,False,False,0,,0.0,0,negative_candidate,0.0
PRSS54,False,False,0,,0.0,0,negative_candidate,0.0
DSTN,False,False,0,,0.0,0,negative_candidate,0.0
HLA-L,False,False,0,,0.0,0,negative_candidate,0.0
RPS3A,True,False,1,NCG,1.0,1,single_source_positive,
NDRG2,False,False,0,,0.0,0,negative_candidate,0.0
AC013489.1,False,False,0,,0.0,0,negative_candidate,0.0
INS-IGF2,False,False,0,,0.0,0,negative_candidate,0.0
ICAM3,True,False,1,NCG,1.0,1,single_source_positive,
RPL19,False,False,0,,0.0,0,negative_candidate,0.0
EFNA1,False,False,0,,0.0,0,negative_candidate,0.0
POLD4,False,False,0,,0.0,0,negative_candidate,0.0
RPS7,False,False,0,,0.0,0,negative_candidate,0.0
FAM24B,False,False,0,,0.0,0,negative_candidate,0.0
FCER1G,False,False,0,,0.0,0,negative_candidate,0.0
GSTT2,False,False,0,,0.0,0,negative_candidate,0.0
LINC00922,False,False,0,,0.0,0,negative_candidate,0.0
SSU72P8,False,False,0,,0.0,0,negative_candidate,0.0
CEP295,False,False,0,,0.0,0,negative_candidate,0.0
GDI2,False,False,0,,0.0,0,negative_candidate,0.0
CD300LD,False,False,0,,0.0,0,negative_candidate,0.0
CAPNS1,False,False,0,,0.0,0,negative_candidate,0.0
RPL23A,False,False,0,,0.0,0,negative_candidate,0.0
Z84488.1,False,False,0,,0.0,0,negative_candidate,0.0
ZNF816-ZNF321P,False,False,0,,0.0,0,negative_candidate,0.0
CAMKMT,False,False,0,,0.0,0,negative_candidate,0.0
ARCN1,False,False,0,,0.0,0,negative_candidate,0.0
FGFR1,True,True,2,NCG;CIViC,1.0,1,high_confidence_positive,1.0
CDC42EP1,False,False,0,,0.0,0,negative_candidate,0.0
IFITM1,False,False,0,,0.0,0,negative_candidate,0.0
CITED2,True,True,2,NCG;CIViC,1.0,1,high_confidence_positive,1.0
TIRAP,False,False,0,,0.0,0,negative_candidate,0.0
CES4A,False,False,0,,0.0,0,negative_candidate,0.0
ST3GAL1,False,False,0,,0.0,0,negative_candidate,0.0
TUBB7P,False,False,0,,0.0,0,negative_candidate,0.0
LCE1A,False,False,0,,0.0,0,negative_candidate,0.0
CLN3,False,False,0,,0.0,0,negative_candidate,0.0
TRIM6-TRIM34,False,False,0,,0.0,0,negative_candidate,0.0
AL117348.2,False,False,0,,0.0,0,negative_candidate,0.0
PTPRCAP,False,False,0,,0.0,0,negative_candidate,0.0
AC004832.3,False,False,0,,0.0,0,negative_candidate,0.0
LY75-CD302,False,False,0,,0.0,0,negative_candidate,0.0
RBAK-RBAKDN,False,False,0,,0.0,0,negative_candidate,0.0
EVA1B,False,False,0,,0.0,0,negative_candidate,0.0
TRIM59,False,False,0,,0.0,0,negative_candidate,0.0
NHLH2,False,False,0,,0.0,0,negative_candidate,0.0
AURKAIP1,False,False,0,,0.0,0,negative_candidate,0.0
EXO5,False,False,0,,0.0,0,negative_candidate,0.0
MRPS18B,False,False,0,,0.0,0,negative_candidate,0.0
TRAPPC1,False,False,0,,0.0,0,negative_candidate,0.0
PPP4C,True,False,1,NCG,1.0,1,single_source_positive,
AP4S1,False,False,0,,0.0,0,negative_candidate,0.0
SNORD114-24,False,False,0,,0.0,0,negative_candidate,0.0
VSX2,True,False,1,NCG,1.0,1,single_source_positive,
HMGB2,False,False,0,,0.0,0,negative_candidate,0.0
FAM163B,False,False,0,,0.0,0,negative_candidate,0.0
EIF4H,False,False,0,,0.0,0,negative_candidate,0.0
TPM4,False,True,1,CIViC,0.9,1,single_source_positive,
SAMD5,False,False,0,,0.0,0,negative_candidate,0.0
TNFSF12-TNFSF13,False,False,0,,0.0,0,negative_candidate,0.0
TREX1,False,False,0,,0.0,0,negative_candidate,0.0
AC018630.4,False,False,0,,0.0,0,negative_candidate,0.0
GIMAP1-GIMAP5,False,False,0,,0.0,0,negative_candidate,0.0
ABCF2-H2BE1,False,False,0,,0.0,0,negative_candidate,0.0
AC105001.2,False,False,0,,0.0,0,negative_candidate,0.0
AL031681.2,False,False,0,,0.0,0,negative_candidate,0.0
MSANTD3-TMEFF1,False,False,0,,0.0,0,negative_candidate,0.0
AC139530.2,False,False,0,,0.0,0,negative_candidate,0.0
OVCA2,False,False,0,,0.0,0,negative_candidate,0.0
CALHM6,True,False,1,NCG,1.0,1,single_source_positive,
RBFA,False,False,0,,0.0,0,negative_candidate,0.0
CRIP2,False,False,0,,0.0,0,negative_candidate,0.0
AC097636.1,False,False,0,,0.0,0,negative_candidate,0.0
B3GNTL1,False,False,0,,0.0,0,negative_candidate,0.0
ATP1B3,False,False,0,,0.0,0,negative_candidate,0.0
CIRBP,False,False,0,,0.0,0,negative_candidate,0.0
HS3ST3B1,False,False,0,,0.0,0,negative_candidate,0.0
FAM153B,False,False,0,,0.0,0,negative_candidate,0.0
RAB34,False,False,0,,0.0,0,negative_candidate,0.0
HMGN4,False,False,0,,0.0,0,negative_candidate,0.0
PLA2G2E,False,False,0,,0.0,0,negative_candidate,0.0
TMED6,False,False,0,,0.0,0,negative_candidate,0.0
PRR12,False,False,0,,0.0,0,negative_candidate,0.0
SNORD113-5,False,False,0,,0.0,0,negative_candidate,0.0
TBL2,True,False,1,NCG,1.0,1,single_source_positive,
FOXD4L6,False,False,0,,0.0,0,negative_candidate,0.0
RAD23A,False,False,0,,0.0,0,negative_candidate,0.0
PARP10,False,False,0,,0.0,0,negative_candidate,0.0
FGF8,False,False,0,,0.0,0,negative_candidate,0.0
CCDC163,False,False,0,,0.0,0,negative_candidate,0.0
REPS1,False,False,0,,0.0,0,negative_candidate,0.0
TTLL8,False,False,0,,0.0,0,negative_candidate,0.0
MIR656,False,False,0,,0.0,0,negative_candidate,0.0
MAOB,False,False,0,,0.0,0,negative_candidate,0.0
TAF6L,False,False,0,,0.0,0,negative_candidate,0.0
VIPR1,False,False,0,,0.0,0,negative_candidate,0.0
ZNF137P,False,False,0,,0.0,0,negative_candidate,0.0
PRMT1,False,False,0,,0.0,0,negative_candidate,0.0
H2BC18,False,False,0,,0.0,0,negative_candidate,0.0
CSH1,True,False,1,NCG,1.0,1,single_source_positive,
COPS7A,False,False,0,,0.0,0,negative_candidate,0.0
MDS2,False,False,0,,0.0,0,negative_candidate,0.0
MFSD4B,False,False,0,,0.0,0,negative_candidate,0.0
TPD52L3,False,False,0,,0.0,0,negative_candidate,0.0
FZD4,False,False,0,,0.0,0,negative_candidate,0.0
CCN5,False,False,0,,0.0,0,negative_candidate,0.0
UPF1,False,False,0,,0.0,0,negative_candidate,0.0
SAMD11,False,False,0,,0.0,0,negative_candidate,0.0
IGLC2,False,False,0,,0.0,0,negative_candidate,0.0
BAGE2,True,False,1,NCG,1.0,1,single_source_positive,
SREBF2,False,False,0,,0.0,0,negative_candidate,0.0
EIF5,False,False,0,,0.0,0,negative_candidate,0.0
ZNF749,False,False,0,,0.0,0,negative_candidate,0.0
AQP11,False,False,0,,0.0,0,negative_candidate,0.0
HTRA3,False,False,0,,0.0,0,negative_candidate,0.0
FAM153CP,False,False,0,,0.0,0,negative_candidate,0.0
TP53AIP1,False,False,0,,0.0,0,negative_candidate,0.0
RBM44,False,False,0,,0.0,0,negative_candidate,0.0
PARGP1,False,False,0,,0.0,0,negative_candidate,0.0
SSX6P,False,False,0,,0.0,0,negative_candidate,0.0
AL590867.2,False,False,0,,0.0,0,negative_candidate,0.0
AL592490.1,False,False,0,,0.0,0,negative_candidate,0.0
TLX2,False,False,0,,0.0,0,negative_candidate,0.0
IMMP1L,False,False,0,,0.0,0,negative_candidate,0.0
ACSS2,False,False,0,,0.0,0,negative_candidate,0.0
CCDC32,False,False,0,,0.0,0,negative_candidate,0.0
CTBS,False,False,0,,0.0,0,negative_candidate,0.0
SIDT2,False,False,0,,0.0,0,negative_candidate,0.0
LY6G5C,False,False,0,,0.0,0,negative_candidate,0.0
TMEM38A,False,False,0,,0.0,0,negative_candidate,0.0
ISCU,False,False,0,,0.0,0,negative_candidate,0.0
TMEM121,False,False,0,,0.0,0,negative_candidate,0.0
TNFRSF1B,True,False,1,NCG,1.0,1,single_source_positive,
IER2,False,False,0,,0.0,0,negative_candidate,0.0
CTRL,False,False,0,,0.0,0,negative_candidate,0.0
DDX41,True,True,2,NCG;CIViC,1.0,1,high_confidence_positive,1.0
MIR548I2,False,False,0,,0.0,0,negative_candidate,0.0
SLC7A6OS,True,False,1,NCG,1.0,1,single_source_positive,
POLR2H,False,False,0,,0.0,0,negative_candidate,0.0
FRMPD2B,False,False,0,,0.0,0,negative_candidate,0.0
SCARB2,False,False,0,,0.0,0,negative_candidate,0.0
RNPS1,False,False,0,,0.0,0,negative_candidate,0.0
APOF,False,False,0,,0.0,0,negative_candidate,0.0
CCDC105,False,False,0,,0.0,0,negative_candidate,0.0
SPNS1,False,False,0,,0.0,0,negative_candidate,0.0
PTCD2,False,False,0,,0.0,0,negative_candidate,0.0
NDUFB8,False,False,0,,0.0,0,negative_candidate,0.0
DEFB124,False,False,0,,0.0,0,negative_candidate,0.0
C1QTNF7,False,False,0,,0.0,0,negative_candidate,0.0
ZNF821,False,False,0,,0.0,0,negative_candidate,0.0
VAULT,False,False,0,,0.0,0,negative_candidate,0.0
PRPH,False,False,0,,0.0,0,negative_candidate,0.0
ICAM1,False,False,0,,0.0,0,negative_candidate,0.0
LCN12,False,False,0,,0.0,0,negative_candidate,0.0
GGA2,False,False,0,,0.0,0,negative_candidate,0.0
CCL26,True,False,1,NCG,1.0,1,single_source_positive,
TEAD2,False,False,0,,0.0,0,negative_candidate,0.0
EEF1AKMT4-ECE2,False,False,0,,0.0,0,negative_candidate,0.0
EID2B,False,False,0,,0.0,0,negative_candidate,0.0
DELEC1,False,False,0,,0.0,0,negative_candidate,0.0
AHCY,False,False,0,,0.0,0,negative_candidate,0.0
KCNK3,False,False,0,,0.0,0,negative_candidate,0.0
TRIM41,False,False,0,,0.0,0,negative_candidate,0.0
C16ORF86,False,False,0,,0.0,0,negative_candidate,0.0
PRR22,False,False,0,,0.0,0,negative_candidate,0.0
AUP1,False,False,0,,0.0,0,negative_candidate,0.0
WASF4P,False,False,0,,0.0,0,negative_candidate,0.0
PITPNB,False,False,0,,0.0,0,negative_candidate,0.0
QPCTL,False,False,0,,0.0,0,negative_candidate,0.0
IDS,False,False,0,,0.0,0,negative_candidate,0.0
MTIF3,False,False,0,,0.0,0,negative_candidate,0.0
KCNIP4,False,False,0,,0.0,0,negative_candidate,0.0
AC008397.2,False,False,0,,0.0,0,negative_candidate,0.0
FAM71C,False,False,0,,0.0,0,negative_candidate,0.0
ANO8,False,False,0,,0.0,0,negative_candidate,0.0
NKG7,False,False,0,,0.0,0,negative_candidate,0.0
SORBS3,False,False,0,,0.0,0,negative_candidate,0.0
TBCE,False,False,0,,0.0,0,negative_candidate,0.0
OR5R1,False,False,0,,0.0,0,negative_candidate,0.0
STK25,False,False,0,,0.0,0,negative_candidate,0.0
PNMT,False,False,0,,0.0,0,negative_candidate,0.0
LGI4,False,False,0,,0.0,0,negative_candidate,0.0
MIR365A,False,False,0,,0.0,0,negative_candidate,0.0
CEACAM16,False,False,0,,0.0,0,negative_candidate,0.0
LCE4A,True,False,1,NCG,1.0,1,single_source_positive,
NUPR1,False,False,0,,0.0,0,negative_candidate,0.0
ADAT3,False,False,0,,0.0,0,negative_candidate,0.0
PRR35,False,False,0,,0.0,0,negative_candidate,0.0
CMC4,False,False,0,,0.0,0,negative_candidate,0.0
BCL2A1,False,False,0,,0.0,0,negative_candidate,0.0
RPP14,False,False,0,,0.0,0,negative_candidate,0.0
NPEPL1,False,False,0,,0.0,0,negative_candidate,0.0
CA7,False,False,0,,0.0,0,negative_candidate,0.0
KLK9,False,False,0,,0.0,0,negative_candidate,0.0
KRT18P55,False,False,0,,0.0,0,negative_candidate,0.0
METTL7A,True,False,1,NCG,1.0,1,single_source_positive,
GALNT9,False,False,0,,0.0,0,negative_candidate,0.0
BIVM-ERCC5,False,False,0,,0.0,0,negative_candidate,0.0
AC109583.1,False,False,0,,0.0,0,negative_candidate,0.0
NOMO3,False,False,0,,0.0,0,negative_candidate,0.0
RPL13A,True,False,1,NCG,1.0,1,single_source_positive,
LY6H,False,False,0,,0.0,0,negative_candidate,0.0
CLCA3P,False,False,0,,0.0,0,negative_candidate,0.0
CHKB,True,False,1,NCG,1.0,1,single_source_positive,
RNF217-AS1,False,False,0,,0.0,0,negative_candidate,0.0
LINC02210-CRHR1,False,False,0,,0.0,0,negative_candidate,0.0
TMEM204,False,False,0,,0.0,0,negative_candidate,0.0
FCGR2C,False,False,0,,0.0,0,negative_candidate,0.0
KLF1,False,False,0,,0.0,0,negative_candidate,0.0
SARM1,False,False,0,,0.0,0,negative_candidate,0.0
SPINT1,False,False,0,,0.0,0,negative_candidate,0.0
TLCD5,False,False,0,,0.0,0,negative_candidate,0.0
MIR760,False,False,0,,0.0,0,negative_candidate,0.0
VSIG8,False,False,0,,0.0,0,negative_candidate,0.0
PSMD4,False,True,1,CIViC,0.9,1,single_source_positive,
PROSER2,False,False,0,,0.0,0,negative_candidate,0.0
MIR545,False,False,0,,0.0,0,negative_candidate,0.0
NQO1,False,True,1,CIViC,1.0,1,single_source_positive,
NBPF25P,False,False,0,,0.0,0,negative_candidate,0.0
NEURL3,False,False,0,,0.0,0,negative_candidate,0.0
MIR99A,False,False,0,,0.0,0,negative_candidate,0.0
GGNBP1,False,False,0,,0.0,0,negative_candidate,0.0
AC100868.1,False,False,0,,0.0,0,negative_candidate,0.0
IGHV3-7,False,False,0,,0.0,0,negative_candidate,0.0
AP2B1,False,False,0,,0.0,0,negative_candidate,0.0
CLDND2,False,False,0,,0.0,0,negative_candidate,0.0
ELOB,False,False,0,,0.0,0,negative_candidate,0.0
IGHV1-3,False,False,0,,0.0,0,negative_candidate,0.0
DHPS,False,False,0,,0.0,0,negative_candidate,0.0
AL121899.2,False,False,0,,0.0,0,negative_candidate,0.0
DYNC2I2,False,False,0,,0.0,0,negative_candidate,0.0
LINC01098,False,False,0,,0.0,0,negative_candidate,0.0
SLC35B2,False,False,0,,0.0,0,negative_candidate,0.0
DIRC1,False,False,0,,0.0,0,negative_candidate,0.0
SOX4,False,False,0,,0.0,0,negative_candidate,0.0
KIAA1191,False,False,0,,0.0,0,negative_candidate,0.0
H2AW,False,False,0,,0.0,0,negative_candidate,0.0
VARS2,True,False,1,NCG,1.0,1,single_source_positive,
DEFA3,False,False,0,,0.0,0,negative_candidate,0.0
VDAC3,False,False,0,,0.0,0,negative_candidate,0.0
PPAN-P2RY11,False,False,0,,0.0,0,negative_candidate,0.0
ODF3B,False,False,0,,0.0,0,negative_candidate,0.0
LINC02694,False,False,0,,0.0,0,negative_candidate,0.0
RYR2,False,False,0,,0.0,0,negative_candidate,0.0
NDUFB3,False,False,0,,0.0,0,negative_candidate,0.0
IL19,False,False,0,,0.0,0,negative_candidate,0.0
WASHC1,False,False,0,,0.0,0,negative_candidate,0.0
SNORD114-15,False,False,0,,0.0,0,negative_candidate,0.0
TMIE,False,False,0,,0.0,0,negative_candidate,0.0
NUDT3,False,False,0,,0.0,0,negative_candidate,0.0
CCDC157,False,False,0,,0.0,0,negative_candidate,0.0
ZNF322P1,False,False,0,,0.0,0,negative_candidate,0.0
LTB4R2,False,False,0,,0.0,0,negative_candidate,0.0
VWA1,False,False,0,,0.0,0,negative_candidate,0.0
CCL2,False,False,0,,0.0,0,negative_candidate,0.0
VBP1,False,False,0,,0.0,0,negative_candidate,0.0
CYB561,False,False,0,,0.0,0,negative_candidate,0.0
PDZD11,False,False,0,,0.0,0,negative_candidate,0.0
TCN2,False,False,0,,0.0,0,negative_candidate,0.0
EDEM1,True,False,1,NCG,1.0,1,single_source_positive,
RSRC2,False,False,0,,0.0,0,negative_candidate,0.0
ERG28,False,False,0,,0.0,0,negative_candidate,0.0
POU6F1,False,False,0,,0.0,0,negative_candidate,0.0
MRPS16,False,False,0,,0.0,0,negative_candidate,0.0
NAA20,False,False,0,,0.0,0,negative_candidate,0.0
KRT18P23,False,False,0,,0.0,0,negative_candidate,0.0
SNAPIN,False,False,0,,0.0,0,negative_candidate,0.0
GSPT1,False,False,0,,0.0,0,negative_candidate,0.0
RPL23AP42,False,False,0,,0.0,0,negative_candidate,0.0
TTC1,False,False,0,,0.0,0,negative_candidate,0.0
PPIF,False,False,0,,0.0,0,negative_candidate,0.0
AL136295.1,False,False,0,,0.0,0,negative_candidate,0.0
MIR802,False,False,0,,0.0,0,negative_candidate,0.0
SNORD114-25,False,False,0,,0.0,0,negative_candidate,0.0
AC006059.2,False,False,0,,0.0,0,negative_candidate,0.0
CST6,False,False,0,,0.0,0,negative_candidate,0.0
GTPBP2,False,False,0,,0.0,0,negative_candidate,0.0
PHOSPHO1,False,False,0,,0.0,0,negative_candidate,0.0
SNCG,False,False,0,,0.0,0,negative_candidate,0.0
ADI1,False,False,0,,0.0,0,negative_candidate,0.0
PRAP1,False,False,0,,0.0,0,negative_candidate,0.0
MBOAT7,False,False,0,,0.0,0,negative_candidate,0.0
DRG1,False,False,0,,0.0,0,negative_candidate,0.0
EBNA1BP2,False,False,0,,0.0,0,negative_candidate,0.0
PSMB9,False,False,0,,0.0,0,negative_candidate,0.0
RHOF,False,False,0,,0.0,0,negative_candidate,0.0
MIR1208,False,False,0,,0.0,0,negative_candidate,0.0
IFIT3,True,False,1,NCG,1.0,1,single_source_positive,
PLAAT3,False,False,0,,0.0,0,negative_candidate,0.0
MRTO4,False,False,0,,0.0,0,negative_candidate,0.0
WDR46,False,False,0,,0.0,0,negative_candidate,0.0
TMEM127,True,False,1,NCG,1.0,1,single_source_positive,
RPSA,False,False,0,,0.0,0,negative_candidate,0.0
MIR544A,False,False,0,,0.0,0,negative_candidate,0.0
CDR1,False,False,0,,0.0,0,negative_candidate,0.0
TRAPPC3,False,False,0,,0.0,0,negative_candidate,0.0
SSR1,False,False,0,,0.0,0,negative_candidate,0.0
MIR30D,False,False,0,,0.0,0,negative_candidate,0.0
MFRP,False,False,0,,0.0,0,negative_candidate,0.0
GNA12,True,False,1,NCG,1.0,1,single_source_positive,
TMEM167B,False,False,0,,0.0,0,negative_candidate,0.0
AC093827.5,False,False,0,,0.0,0,negative_candidate,0.0
BOK,True,False,1,NCG,1.0,1,single_source_positive,
HAPLN2,False,False,0,,0.0,0,negative_candidate,0.0
HACD3,False,False,0,,0.0,0,negative_candidate,0.0
DCTPP1,False,False,0,,0.0,0,negative_candidate,0.0
LINC00173,False,False,0,,0.0,0,negative_candidate,0.0
CCDC153,False,False,0,,0.0,0,negative_candidate,0.0
C7ORF50,False,False,0,,0.0,0,negative_candidate,0.0
TRAFD1,False,False,0,,0.0,0,negative_candidate,0.0
SNORD116-11,False,False,0,,0.0,0,negative_candidate,0.0
POC1B-GALNT4,False,False,0,,0.0,0,negative_candidate,0.0
LRP1B,True,True,2,NCG;CIViC,1.0,1,high_confidence_positive,1.0
TBCB,False,False,0,,0.0,0,negative_candidate,0.0
ADAMTS8,False,False,0,,0.0,0,negative_candidate,0.0
GCSH,False,False,0,,0.0,0,negative_candidate,0.0
MAFB,True,False,1,NCG,1.0,1,single_source_positive,
CLNS1A,False,False,0,,0.0,0,negative_candidate,0.0
TAFA4,False,False,0,,0.0,0,negative_candidate,0.0
NUDT21,False,False,0,,0.0,0,negative_candidate,0.0
CRYGB,False,False,0,,0.0,0,negative_candidate,0.0
CRB3,False,False,0,,0.0,0,negative_candidate,0.0
H3-3B,True,True,2,NCG;CIViC,1.0,1,high_confidence_positive,1.0
PIK3R2,True,True,2,NCG;CIViC,1.0,1,high_confidence_positive,1.0
HLA-DPA1,False,False,0,,0.0,0,negative_candidate,0.0
PRR5-ARHGAP8,False,False,0,,0.0,0,negative_candidate,0.0
GUK1,False,False,0,,0.0,0,negative_candidate,0.0
TMEM98,False,False,0,,0.0,0,negative_candidate,0.0
EXOSC5,False,False,0,,0.0,0,negative_candidate,0.0
IFRD2,False,False,0,,0.0,0,negative_candidate,0.0
NT5C3B,False,False,0,,0.0,0,negative_candidate,0.0
LINC01600,False,False,0,,0.0,0,negative_candidate,0.0
WBP1LP2,False,False,0,,0.0,0,negative_candidate,0.0
CHMP1A,False,False,0,,0.0,0,negative_candidate,0.0
RBM38,False,False,0,,0.0,0,negative_candidate,0.0
IL27RA,False,False,0,,0.0,0,negative_candidate,0.0
C1ORF122,False,False,0,,0.0,0,negative_candidate,0.0
DNM1P46,False,False,0,,0.0,0,negative_candidate,0.0
BATF,False,False,0,,0.0,0,negative_candidate,0.0
STMP1,False,False,0,,0.0,0,negative_candidate,0.0
AMZ2,False,False,0,,0.0,0,negative_candidate,0.0
CSMD3,True,False,1,NCG,1.0,1,single_source_positive,
MFSD5,False,False,0,,0.0,0,negative_candidate,0.0
MIR1251,False,False,0,,0.0,0,negative_candidate,0.0
CLEC3B,False,False,0,,0.0,0,negative_candidate,0.0
CGGBP1,False,False,0,,0.0,0,negative_candidate,0.0
ZNF385A,False,False,0,,0.0,0,negative_candidate,0.0
BAG1,False,False,0,,0.0,0,negative_candidate,0.0
ARSA,False,False,0,,0.0,0,negative_candidate,0.0
SLC39A9,False,False,0,,0.0,0,negative_candidate,0.0
PFDN6,False,False,0,,0.0,0,negative_candidate,0.0
MOB3A,False,False,0,,0.0,0,negative_candidate,0.0
SHANK3,False,False,0,,0.0,0,negative_candidate,0.0
CMTM2,False,False,0,,0.0,0,negative_candidate,0.0
TIA1,True,False,1,NCG,1.0,1,single_source_positive,
BEX3,False,False,0,,0.0,0,negative_candidate,0.0
OR10G3,False,False,0,,0.0,0,negative_candidate,0.0
TPM3,True,True,2,NCG;CIViC,1.0,1,high_confidence_positive,1.0
BCL2L1,False,False,0,,0.0,0,negative_candidate,0.0
CYB561A3,False,False,0,,0.0,0,negative_candidate,0.0
CACFD1,False,False,0,,0.0,0,negative_candidate,0.0
CNIH4,False,False,0,,0.0,0,negative_candidate,0.0
FABP5P3,False,False,0,,0.0,0,negative_candidate,0.0
RNF135,False,False,0,,0.0,0,negative_candidate,0.0
IRF2BP1,False,False,0,,0.0,0,negative_candidate,0.0
SNRPF,False,False,0,,0.0,0,negative_candidate,0.0
TSSK3,False,False,0,,0.0,0,negative_candidate,0.0
HINT3,False,False,0,,0.0,0,negative_candidate,0.0
C14ORF178,False,False,0,,0.0,0,negative_candidate,0.0
ESRRA,False,False,0,,0.0,0,negative_candidate,0.0
PPA2,False,False,0,,0.0,0,negative_candidate,0.0
DMPK,False,False,0,,0.0,0,negative_candidate,0.0
WDR18,False,False,0,,0.0,0,negative_candidate,0.0
RBBP4,False,False,0,,0.0,0,negative_candidate,0.0
DNASE1L2,False,False,0,,0.0,0,negative_candidate,0.0
TIMM9,False,False,0,,0.0,0,negative_candidate,0.0
TMED5,False,False,0,,0.0,0,negative_candidate,0.0
DDX47,False,False,0,,0.0,0,negative_candidate,0.0
GRK6,False,False,0,,0.0,0,negative_candidate,0.0
UBE2J2,True,False,1,NCG,1.0,1,single_source_positive,
MDFI,False,False,0,,0.0,0,negative_candidate,0.0
CTBP2,False,False,0,,0.0,0,negative_candidate,0.0
AGFG1,False,False,0,,0.0,0,negative_candidate,0.0
SPRING1,False,False,0,,0.0,0,negative_candidate,0.0
PRRT1,True,False,1,NCG,1.0,1,single_source_positive,
TBC1D29P,True,False,1,NCG,1.0,1,single_source_positive,
C11ORF49,True,False,1,NCG,1.0,1,single_source_positive,
TMEM99,False,False,0,,0.0,0,negative_candidate,0.0
CTSL3P,False,False,0,,0.0,0,negative_candidate,0.0
WDR83OS,False,False,0,,0.0,0,negative_candidate,0.0
LIMS1,False,False,0,,0.0,0,negative_candidate,0.0
DUT,False,False,0,,0.0,0,negative_candidate,0.0
MEX3D,False,False,0,,0.0,0,negative_candidate,0.0
GON7,False,False,0,,0.0,0,negative_candidate,0.0
CDIPT,False,False,0,,0.0,0,negative_candidate,0.0
CLCF1,False,False,0,,0.0,0,negative_candidate,0.0
Y_RNA,False,False,0,,0.0,0,negative_candidate,0.0
MGARP,False,False,0,,0.0,0,negative_candidate,0.0
UBE2G1,False,False,0,,0.0,0,negative_candidate,0.0
UTP11,False,False,0,,0.0,0,negative_candidate,0.0
PCGF1,False,False,0,,0.0,0,negative_candidate,0.0
RND1,False,False,0,,0.0,0,negative_candidate,0.0
CENPBD1,False,False,0,,0.0,0,negative_candidate,0.0
MFSD14A,False,False,0,,0.0,0,negative_candidate,0.0
SLC35E1,False,False,0,,0.0,0,negative_candidate,0.0
MIR379,False,False,0,,0.0,0,negative_candidate,0.0
NMB,False,False,0,,0.0,0,negative_candidate,0.0
JKAMP,False,False,0,,0.0,0,negative_candidate,0.0
ELOF1,True,False,1,NCG,1.0,1,single_source_positive,
RBPMS,False,True,1,CIViC,0.9,1,single_source_positive,
MIR300,False,False,0,,0.0,0,negative_candidate,0.0
DCTN3,False,False,0,,0.0,0,negative_candidate,0.0
IFIT1,False,False,0,,0.0,0,negative_candidate,0.0
MIR758,False,False,0,,0.0,0,negative_candidate,0.0
HMGCL,False,False,0,,0.0,0,negative_candidate,0.0
LINC00518,False,False,0,,0.0,0,negative_candidate,0.0
STXBP2,False,False,0,,0.0,0,negative_candidate,0.0
MIR487B,False,False,0,,0.0,0,negative_candidate,0.0
ZCCHC3,False,False,0,,0.0,0,negative_candidate,0.0
BLCAP,True,False,1,NCG,1.0,1,single_source_positive,
SNORD114-4,False,False,0,,0.0,0,negative_candidate,0.0
FXR2,False,False,0,,0.0,0,negative_candidate,0.0
THAP7,False,False,0,,0.0,0,negative_candidate,0.0
PPP1R14C,False,False,0,,0.0,0,negative_candidate,0.0
SNORD114-22,False,False,0,,0.0,0,negative_candidate,0.0
MIR147A,False,False,0,,0.0,0,negative_candidate,0.0
DSCR4,False,False,0,,0.0,0,negative_candidate,0.0
C1ORF109,False,False,0,,0.0,0,negative_candidate,0.0
EQTN,False,False,0,,0.0,0,negative_candidate,0.0
PVR,False,False,0,,0.0,0,negative_candidate,0.0
FAM71D,False,False,0,,0.0,0,negative_candidate,0.0
ATPAF1,False,False,0,,0.0,0,negative_candidate,0.0
CPLX3,False,False,0,,0.0,0,negative_candidate,0.0
LINC02877,False,False,0,,0.0,0,negative_candidate,0.0
RPRD1A,False,False,0,,0.0,0,negative_candidate,0.0
AIMP2,False,True,1,CIViC,0.9,1,single_source_positive,
PTH2,False,False,0,,0.0,0,negative_candidate,0.0
CBY1,False,False,0,,0.0,0,negative_candidate,0.0
MRPS25,False,False,0,,0.0,0,negative_candidate,0.0
MIR633,False,False,0,,0.0,0,negative_candidate,0.0
DENND11,False,False,0,,0.0,0,negative_candidate,0.0
CLDN23,False,False,0,,0.0,0,negative_candidate,0.0
SLC25A4,False,False,0,,0.0,0,negative_candidate,0.0
CLEC11A,False,False,0,,0.0,0,negative_candidate,0.0
PRIMA1,False,False,0,,0.0,0,negative_candidate,0.0
RASSF1,False,False,0,,0.0,0,negative_candidate,0.0
NACA,False,False,0,,0.0,0,negative_candidate,0.0
ZFAND2A,False,False,0,,0.0,0,negative_candidate,0.0
LSM5,False,False,0,,0.0,0,negative_candidate,0.0
GGA1,False,False,0,,0.0,0,negative_candidate,0.0
MIR876,False,False,0,,0.0,0,negative_candidate,0.0
UBP1,False,False,0,,0.0,0,negative_candidate,0.0
RNASE9,False,False,0,,0.0,0,negative_candidate,0.0
SPATA8,False,False,0,,0.0,0,negative_candidate,0.0
FADS1,False,False,0,,0.0,0,negative_candidate,0.0
RAB3D,False,False,0,,0.0,0,negative_candidate,0.0
CDIP1,False,False,0,,0.0,0,negative_candidate,0.0
RNASE4,True,False,1,NCG,1.0,1,single_source_positive,
ERCC1,False,True,1,CIViC,1.0,1,single_source_positive,
HEXD,False,False,0,,0.0,0,negative_candidate,0.0
CDKN2B,True,True,2,NCG;CIViC,1.0,1,high_confidence_positive,1.0
SYS1,False,False,0,,0.0,0,negative_candidate,0.0
RASSF5,False,False,0,,0.0,0,negative_candidate,0.0
C3ORF56,False,False,0,,0.0,0,negative_candidate,0.0
IMP3,False,False,0,,0.0,0,negative_candidate,0.0
DNALI1,False,False,0,,0.0,0,negative_candidate,0.0
GLRX,False,False,0,,0.0,0,negative_candidate,0.0
HES4,False,False,0,,0.0,0,negative_candidate,0.0
CPSF4,False,False,0,,0.0,0,negative_candidate,0.0
SLC30A7,False,False,0,,0.0,0,negative_candidate,0.0
EIF4A1,True,True,2,NCG;CIViC,1.0,1,high_confidence_positive,1.0
ZNF830,True,False,1,NCG,1.0,1,single_source_positive,
SIKE1,False,False,0,,0.0,0,negative_candidate,0.0
BANF2,True,False,1,NCG,1.0,1,single_source_positive,
VAPB,False,False,0,,0.0,0,negative_candidate,0.0
LINC02872,False,False,0,,0.0,0,negative_candidate,0.0
EFNB1,False,False,0,,0.0,0,negative_candidate,0.0
PHETA1,False,False,0,,0.0,0,negative_candidate,0.0
RRP7A,False,False,0,,0.0,0,negative_candidate,0.0
MRPL4,False,False,0,,0.0,0,negative_candidate,0.0
DET1,False,False,0,,0.0,0,negative_candidate,0.0
MIR410,False,False,0,,0.0,0,negative_candidate,0.0
C18ORF21,False,False,0,,0.0,0,negative_candidate,0.0
KMT5A,False,False,0,,0.0,0,negative_candidate,0.0
RNU6-1178P,False,False,0,,0.0,0,negative_candidate,0.0
TP73-AS1,False,False,0,,0.0,0,negative_candidate,0.0
ID4,False,False,0,,0.0,0,negative_candidate,0.0
SNORD115-5,False,False,0,,0.0,0,negative_candidate,0.0
IL15RA,False,False,0,,0.0,0,negative_candidate,0.0
P2RX4,False,False,0,,0.0,0,negative_candidate,0.0
TSPYL4,True,False,1,NCG,1.0,1,single_source_positive,
COX11,False,False,0,,0.0,0,negative_candidate,0.0
CWF19L1,False,False,0,,0.0,0,negative_candidate,0.0
OLIG2,True,False,1,NCG,1.0,1,single_source_positive,
C6ORF223,False,False,0,,0.0,0,negative_candidate,0.0
CCDC71L,False,False,0,,0.0,0,negative_candidate,0.0
MIR873,False,False,0,,0.0,0,negative_candidate,0.0
CBS,False,False,0,,0.0,0,negative_candidate,0.0
TXNL1,False,False,0,,0.0,0,negative_candidate,0.0
PDE6H,False,False,0,,0.0,0,negative_candidate,0.0
MED11,False,False,0,,0.0,0,negative_candidate,0.0
SLC25A46,False,False,0,,0.0,0,negative_candidate,0.0
PRKAB2,True,False,1,NCG,1.0,1,single_source_positive,
MIR668,False,False,0,,0.0,0,negative_candidate,0.0
MIR325,False,False,0,,0.0,0,negative_candidate,0.0
MIR422A,False,False,0,,0.0,0,negative_candidate,0.0
ANTKMT,False,False,0,,0.0,0,negative_candidate,0.0
MORC2,False,False,0,,0.0,0,negative_candidate,0.0
NKX6-2,False,False,0,,0.0,0,negative_candidate,0.0
KCTD11,False,False,0,,0.0,0,negative_candidate,0.0
ZNRF2,False,False,0,,0.0,0,negative_candidate,0.0
UNC119,False,False,0,,0.0,0,negative_candidate,0.0
MIR409,False,False,0,,0.0,0,negative_candidate,0.0
BCL7C,False,False,0,,0.0,0,negative_candidate,0.0
TMEM80,False,False,0,,0.0,0,negative_candidate,0.0
SAP30,False,False,0,,0.0,0,negative_candidate,0.0
ATG4B,True,False,1,NCG,1.0,1,single_source_positive,
TERF2,False,True,1,CIViC,1.0,1,single_source_positive,
RELL1,False,False,0,,0.0,0,negative_candidate,0.0
DYRK2,False,False,0,,0.0,0,negative_candidate,0.0
RBP4,False,False,0,,0.0,0,negative_candidate,0.0
MIR1915,False,False,0,,0.0,0,negative_candidate,0.0
MIR557,False,False,0,,0.0,0,negative_candidate,0.0
CINP,False,False,0,,0.0,0,negative_candidate,0.0
MYG1,False,False,0,,0.0,0,negative_candidate,0.0
FAM102B,False,False,0,,0.0,0,negative_candidate,0.0
GPR157,False,False,0,,0.0,0,negative_candidate,0.0
MIR1261,False,False,0,,0.0,0,negative_candidate,0.0
MIR182,False,False,0,,0.0,0,negative_candidate,0.0
CDKN2C,True,False,1,NCG,1.0,1,single_source_positive,
COLCA2,False,False,0,,0.0,0,negative_candidate,0.0
CYGB,False,False,0,,0.0,0,negative_candidate,0.0
SEC22C,False,False,0,,0.0,0,negative_candidate,0.0
MIR329-2,False,False,0,,0.0,0,negative_candidate,0.0
DEFB119,False,False,0,,0.0,0,negative_candidate,0.0
MFSD13A,False,False,0,,0.0,0,negative_candidate,0.0
ZNF205,False,False,0,,0.0,0,negative_candidate,0.0
NOP16,False,False,0,,0.0,0,negative_candidate,0.0
KLC4,False,False,0,,0.0,0,negative_candidate,0.0
MIR299,False,False,0,,0.0,0,negative_candidate,0.0
SLC22A17,False,False,0,,0.0,0,negative_candidate,0.0
RPP38,False,False,0,,0.0,0,negative_candidate,0.0
SNORD116-5,False,False,0,,0.0,0,negative_candidate,0.0
FBXL15,False,False,0,,0.0,0,negative_candidate,0.0
C1ORF194,True,False,1,NCG,1.0,1,single_source_positive,
ACOT8,False,False,0,,0.0,0,negative_candidate,0.0
SNRNP35,True,False,1,NCG,1.0,1,single_source_positive,
PRR3,False,False,0,,0.0,0,negative_candidate,0.0
PTAR1,False,False,0,,0.0,0,negative_candidate,0.0
UBTFL2,False,False,0,,0.0,0,negative_candidate,0.0
DHX33,False,False,0,,0.0,0,negative_candidate,0.0
TGFB3,False,False,0,,0.0,0,negative_candidate,0.0
SPHK1,True,True,2,NCG;CIViC,1.0,1,high_confidence_positive,1.0
GRPEL2,False,False,0,,0.0,0,negative_candidate,0.0
AC244258.1,False,False,0,,0.0,0,negative_candidate,0.0
CNEP1R1,False,False,0,,0.0,0,negative_candidate,0.0
DDX51,True,False,1,NCG,1.0,1,single_source_positive,
SNORD115-1,False,False,0,,0.0,0,negative_candidate,0.0
FAM13B,False,False,0,,0.0,0,negative_candidate,0.0
NRN1,False,False,0,,0.0,0,negative_candidate,0.0
SMIM12,False,False,0,,0.0,0,negative_candidate,0.0
EIF3F,False,False,0,,0.0,0,negative_candidate,0.0
AP002512.3,False,False,0,,0.0,0,negative_candidate,0.0
PLLP,False,False,0,,0.0,0,negative_candidate,0.0
LRP5L,False,False,0,,0.0,0,negative_candidate,0.0
MIR154,False,False,0,,0.0,0,negative_candidate,0.0
MIR1269A,False,False,0,,0.0,0,negative_candidate,0.0
TGIF2LY,False,False,0,,0.0,0,negative_candidate,0.0
DHRS4L2,False,False,0,,0.0,0,negative_candidate,0.0
PMP2,False,False,0,,0.0,0,negative_candidate,0.0
ZNF579,False,False,0,,0.0,0,negative_candidate,0.0
MRPS17,False,False,0,,0.0,0,negative_candidate,0.0
NATD1,False,False,0,,0.0,0,negative_candidate,0.0
BORCS6,False,False,0,,0.0,0,negative_candidate,0.0
MIR193B,False,False,0,,0.0,0,negative_candidate,0.0
RPL26P30,False,False,0,,0.0,0,negative_candidate,0.0
CFLAR,False,True,1,CIViC,1.0,1,single_source_positive,
CASTOR3,False,False,0,,0.0,0,negative_candidate,0.0
TMEM44,False,False,0,,0.0,0,negative_candidate,0.0
PXN,False,False,0,,0.0,0,negative_candidate,0.0
LPCAT3,False,False,0,,0.0,0,negative_candidate,0.0
UNC45A,False,False,0,,0.0,0,negative_candidate,0.0
CLDN22,False,False,0,,0.0,0,negative_candidate,0.0
ABHD16B,False,False,0,,0.0,0,negative_candidate,0.0
ZNF511-PRAP1,False,False,0,,0.0,0,negative_candidate,0.0
RPL23AP82,False,False,0,,0.0,0,negative_candidate,0.0
EVI5L,False,False,0,,0.0,0,negative_candidate,0.0
STAG3L2,False,False,0,,0.0,0,negative_candidate,0.0
CXCL3,False,False,0,,0.0,0,negative_candidate,0.0
CBR3,False,False,0,,0.0,0,negative_candidate,0.0
TRAPPC5,False,False,0,,0.0,0,negative_candidate,0.0
PARL,False,False,0,,0.0,0,negative_candidate,0.0
SSX9P,False,False,0,,0.0,0,negative_candidate,0.0
ASCL4,False,False,0,,0.0,0,negative_candidate,0.0
CRYAB,False,False,0,,0.0,0,negative_candidate,0.0
ING5,False,False,0,,0.0,0,negative_candidate,0.0
IGLJ5,False,False,0,,0.0,0,negative_candidate,0.0
PSRC1,False,False,0,,0.0,0,negative_candidate,0.0
MIR369,False,False,0,,0.0,0,negative_candidate,0.0
FAM86C1P,False,False,0,,0.0,0,negative_candidate,0.0
KLRA1P,False,False,0,,0.0,0,negative_candidate,0.0
ZNF767P,False,False,0,,0.0,0,negative_candidate,0.0
MIR1185-2,False,False,0,,0.0,0,negative_candidate,0.0
SIN3B,True,False,1,NCG,1.0,1,single_source_positive,
MNT,False,False,0,,0.0,0,negative_candidate,0.0
AC055839.2,False,False,0,,0.0,0,negative_candidate,0.0
TUBB4AP1,False,False,0,,0.0,0,negative_candidate,0.0
LRCH4,False,False,0,,0.0,0,negative_candidate,0.0
DUSP13,False,False,0,,0.0,0,negative_candidate,0.0
COX19,False,False,0,,0.0,0,negative_candidate,0.0
GPS2,True,False,1,NCG,1.0,1,single_source_positive,
N4BP2L1,False,False,0,,0.0,0,negative_candidate,0.0
C20ORF197,False,False,0,,0.0,0,negative_candidate,0.0
LINC00303,False,False,0,,0.0,0,negative_candidate,0.0
ACR,False,False,0,,0.0,0,negative_candidate,0.0
MIR411,False,False,0,,0.0,0,negative_candidate,0.0
TMEM234,False,False,0,,0.0,0,negative_candidate,0.0
KNCN,False,False,0,,0.0,0,negative_candidate,0.0
SPACA7,False,False,0,,0.0,0,negative_candidate,0.0
MIR587,False,False,0,,0.0,0,negative_candidate,0.0
HLA-DRB9,False,False,0,,0.0,0,negative_candidate,0.0
LINC01565,False,False,0,,0.0,0,negative_candidate,0.0
HELLPAR,False,False,0,,0.0,0,negative_candidate,0.0
MIR543,False,False,0,,0.0,0,negative_candidate,0.0
S100A3,False,False,0,,0.0,0,negative_candidate,0.0
MIR654,False,False,0,,0.0,0,negative_candidate,0.0
SNORD115-32,False,False,0,,0.0,0,negative_candidate,0.0
SNORD115-33,False,False,0,,0.0,0,negative_candidate,0.0
BIN3,False,False,0,,0.0,0,negative_candidate,0.0
ARPP19P2,False,False,0,,0.0,0,negative_candidate,0.0
MIR412,False,False,0,,0.0,0,negative_candidate,0.0
C8ORF31,False,False,0,,0.0,0,negative_candidate,0.0
CDRT15P3,False,False,0,,0.0,0,negative_candidate,0.0
MIR450A2,False,False,0,,0.0,0,negative_candidate,0.0
OR52A4P,False,False,0,,0.0,0,negative_candidate,0.0
SNORD115-37,False,False,0,,0.0,0,negative_candidate,0.0
METAZOA_SRP,False,False,0,,0.0,0,negative_candidate,0.0
MIR376A2,False,False,0,,0.0,0,negative_candidate,0.0
GDPD5,False,False,0,,0.0,0,negative_candidate,0.0
GPM6B,False,False,0,,0.0,0,negative_candidate,0.0
CLLU1,False,False,0,,0.0,0,negative_candidate,0.0
LTC4S,False,False,0,,0.0,0,negative_candidate,0.0
TMEM183B,False,False,0,,0.0,0,negative_candidate,0.0
MIR542,False,False,0,,0.0,0,negative_candidate,0.0
KBTBD13,False,False,0,,0.0,0,negative_candidate,0.0
SNORD115-25,False,False,0,,0.0,0,negative_candidate,0.0
GTF2H4,False,False,0,,0.0,0,negative_candidate,0.0
AC245884.12,False,False,0,,0.0,0,negative_candidate,0.0
AC134980.2,False,False,0,,0.0,0,negative_candidate,0.0
TUBE1,False,False,0,,0.0,0,negative_candidate,0.0
RELT,False,False,0,,0.0,0,negative_candidate,0.0
SNORD115-8,False,False,0,,0.0,0,negative_candidate,0.0
MIR1202,False,False,0,,0.0,0,negative_candidate,0.0
MIR376A1,False,False,0,,0.0,0,negative_candidate,0.0
CCNQP1,False,False,0,,0.0,0,negative_candidate,0.0
RNU7-174P,False,False,0,,0.0,0,negative_candidate,0.0
NDUFA11,False,False,0,,0.0,0,negative_candidate,0.0
SLC66A1L,True,False,1,NCG,1.0,1,single_source_positive,
SLC35E2A,False,False,0,,0.0,0,negative_candidate,0.0
MIR548M,False,False,0,,0.0,0,negative_candidate,0.0
SNORD115-44,False,False,0,,0.0,0,negative_candidate,0.0
SNORD115-4,False,False,0,,0.0,0,negative_candidate,0.0
HMGN2P46,False,False,0,,0.0,0,negative_candidate,0.0
KRIT1,False,False,0,,0.0,0,negative_candidate,0.0
CSF3,False,False,0,,0.0,0,negative_candidate,0.0
HBZ,False,False,0,,0.0,0,negative_candidate,0.0
FAM122C,False,False,0,,0.0,0,negative_candidate,0.0
SOSTDC1,False,False,0,,0.0,0,negative_candidate,0.0
DACT3,False,False,0,,0.0,0,negative_candidate,0.0
LINC02843,False,False,0,,0.0,0,negative_candidate,0.0
FKBP1B,False,False,0,,0.0,0,negative_candidate,0.0
GP9,False,False,0,,0.0,0,negative_candidate,0.0
Z83844.2,False,False,0,,0.0,0,negative_candidate,0.0
FAM74A3,False,False,0,,0.0,0,negative_candidate,0.0
CCNK,False,False,0,,0.0,0,negative_candidate,0.0
MIR485,False,False,0,,0.0,0,negative_candidate,0.0
ARPP19P1,False,False,0,,0.0,0,negative_candidate,0.0
GSC2,False,False,0,,0.0,0,negative_candidate,0.0
KRTAP5-2,False,False,0,,0.0,0,negative_candidate,0.0
MIR7-3,False,False,0,,0.0,0,negative_candidate,0.0
AC017104.4,False,False,0,,0.0,0,negative_candidate,0.0
SNORD115-42,False,False,0,,0.0,0,negative_candidate,0.0
RPS12,False,False,0,,0.0,0,negative_candidate,0.0
FAM27E5,False,False,0,,0.0,0,negative_candidate,0.0
EGLN1,False,False,0,,0.0,0,negative_candidate,0.0
MIR663B,False,False,0,,0.0,0,negative_candidate,0.0
SNORD115-35,False,False,0,,0.0,0,negative_candidate,0.0
MIR551B,False,False,0,,0.0,0,negative_candidate,0.0
SNORD115-10,False,False,0,,0.0,0,negative_candidate,0.0
ST6GALNAC6,False,False,0,,0.0,0,negative_candidate,0.0
TMED9,False,False,0,,0.0,0,negative_candidate,0.0
SFN,False,False,0,,0.0,0,negative_candidate,0.0
TMSB10,False,False,0,,0.0,0,negative_candidate,0.0
TSPAN13,False,False,0,,0.0,0,negative_candidate,0.0
TMSB4X,True,True,2,NCG;CIViC,1.0,1,high_confidence_positive,1.0
ATP6V0E1,True,False,1,NCG,1.0,1,single_source_positive,
CD74,True,True,2,NCG;CIViC,1.0,1,high_confidence_positive,1.0
RNASE1,False,False,0,,0.0,0,negative_candidate,0.0
AP001781.2,False,False,0,,0.0,0,negative_candidate,0.0
KDELR2,False,False,0,,0.0,0,negative_candidate,0.0
CXCL17,False,False,0,,0.0,0,negative_candidate,0.0
RPL18A,True,False,1,NCG,1.0,1,single_source_positive,
PFN1,False,False,0,,0.0,0,negative_candidate,0.0
RPL13,False,False,0,,0.0,0,negative_candidate,0.0
IGFBP4,False,False,0,,0.0,0,negative_candidate,0.0
KRT18,False,True,1,CIViC,1.0,1,single_source_positive,
GNB2,False,False,0,,0.0,0,negative_candidate,0.0
RPS9,False,False,0,,0.0,0,negative_candidate,0.0
ZNF446,False,False,0,,0.0,0,negative_candidate,0.0
MIR138-2,False,False,0,,0.0,0,negative_candidate,0.0
RPS27A,True,False,1,NCG,1.0,1,single_source_positive,
MIR129-2,False,False,0,,0.0,0,negative_candidate,0.0
RPS14,False,False,0,,0.0,0,negative_candidate,0.0
HLA-DPB1,False,False,0,,0.0,0,negative_candidate,0.0
RTL8A,False,False,0,,0.0,0,negative_candidate,0.0
CKB,False,False,0,,0.0,0,negative_candidate,0.0
OSTC,False,False,0,,0.0,0,negative_candidate,0.0
PSMB3,False,False,0,,0.0,0,negative_candidate,0.0
RPL27A,False,False,0,,0.0,0,negative_candidate,0.0
DDOST,False,False,0,,0.0,0,negative_candidate,0.0
COX6B1,False,False,0,,0.0,0,negative_candidate,0.0
PPAN,False,False,0,,0.0,0,negative_candidate,0.0
MSMP,False,False,0,,0.0,0,negative_candidate,0.0
RPL9,False,False,0,,0.0,0,negative_candidate,0.0
UQCRC1,False,False,0,,0.0,0,negative_candidate,0.0
TALDO1,False,False,0,,0.0,0,negative_candidate,0.0
ERP29,False,False,0,,0.0,0,negative_candidate,0.0
ERH,False,False,0,,0.0,0,negative_candidate,0.0
TSC22D3,False,False,0,,0.0,0,negative_candidate,0.0
ARF5,False,False,0,,0.0,0,negative_candidate,0.0
CLDN7,False,False,0,,0.0,0,negative_candidate,0.0
DUSP23,False,False,0,,0.0,0,negative_candidate,0.0
UCP2,False,False,0,,0.0,0,negative_candidate,0.0
SLC22A20P,False,False,0,,0.0,0,negative_candidate,0.0
MRPS26,False,False,0,,0.0,0,negative_candidate,0.0
PSMB7,False,False,0,,0.0,0,negative_candidate,0.0
RAN,False,False,0,,0.0,0,negative_candidate,0.0
NFE2L1,False,False,0,,0.0,0,negative_candidate,0.0
NECTIN2,False,False,0,,0.0,0,negative_candidate,0.0
ARHGDIA,False,False,0,,0.0,0,negative_candidate,0.0
MIR548A1,False,False,0,,0.0,0,negative_candidate,0.0
TMBIM1,False,False,0,,0.0,0,negative_candidate,0.0
MRPS34,False,False,0,,0.0,0,negative_candidate,0.0
CEBPB,False,False,0,,0.0,0,negative_candidate,0.0
ALYREF,True,False,1,NCG,1.0,1,single_source_positive,
LITAF,False,False,0,,0.0,0,negative_candidate,0.0
COX7A2,False,False,0,,0.0,0,negative_candidate,0.0
LYPLA2,False,False,0,,0.0,0,negative_candidate,0.0
TNFRSF1A,False,False,0,,0.0,0,negative_candidate,0.0
VN1R10P,False,False,0,,0.0,0,negative_candidate,0.0
SLC1A5,False,False,0,,0.0,0,negative_candidate,0.0
HLA-DQA1,True,False,1,NCG,1.0,1,single_source_positive,
TIMM23,False,False,0,,0.0,0,negative_candidate,0.0
NXNL1,False,False,0,,0.0,0,negative_candidate,0.0
OR5AU1,False,False,0,,0.0,0,negative_candidate,0.0
REEP5,True,False,1,NCG,1.0,1,single_source_positive,
RAB11B,False,False,0,,0.0,0,negative_candidate,0.0
CDV3,False,False,0,,0.0,0,negative_candidate,0.0
EI24,True,False,1,NCG,1.0,1,single_source_positive,
RAB1B,False,False,0,,0.0,0,negative_candidate,0.0
IGHJ6,False,False,0,,0.0,0,negative_candidate,0.0
LSM2,False,False,0,,0.0,0,negative_candidate,0.0
NDUFA6,False,False,0,,0.0,0,negative_candidate,0.0
ELOVL5,False,False,0,,0.0,0,negative_candidate,0.0
SDHC,True,False,1,NCG,1.0,1,single_source_positive,
RPL7P3,False,False,0,,0.0,0,negative_candidate,0.0
TSPAN15,False,False,0,,0.0,0,negative_candidate,0.0
ATP6V1G1,False,False,0,,0.0,0,negative_candidate,0.0
SNX17,False,False,0,,0.0,0,negative_candidate,0.0
OSTF1,False,False,0,,0.0,0,negative_candidate,0.0
ADGRE4P,False,False,0,,0.0,0,negative_candidate,0.0
CALM3,False,False,0,,0.0,0,negative_candidate,0.0
CDC42SE1,False,False,0,,0.0,0,negative_candidate,0.0
CD52,False,False,0,,0.0,0,negative_candidate,0.0
R3HDM4,True,False,1,NCG,1.0,1,single_source_positive,
C11ORF40,False,False,0,,0.0,0,negative_candidate,0.0
MRFAP1L1,False,False,0,,0.0,0,negative_candidate,0.0
MIR323A,False,False,0,,0.0,0,negative_candidate,0.0
CCDC124,True,False,1,NCG,1.0,1,single_source_positive,
SNORD115-3,False,False,0,,0.0,0,negative_candidate,0.0
OCIAD1,False,False,0,,0.0,0,negative_candidate,0.0
CD59,False,False,0,,0.0,0,negative_candidate,0.0
RAB31,False,False,0,,0.0,0,negative_candidate,0.0
HEXB,False,False,0,,0.0,0,negative_candidate,0.0
ARPC4,False,False,0,,0.0,0,negative_candidate,0.0
YAP1,False,True,1,CIViC,1.0,1,single_source_positive,
RN7SL545P,False,False,0,,0.0,0,negative_candidate,0.0
IER3,False,False,0,,0.0,0,negative_candidate,0.0
MRPL33,False,False,0,,0.0,0,negative_candidate,0.0
USH2A,True,False,1,NCG,1.0,1,single_source_positive,
MIR510,False,False,0,,0.0,0,negative_candidate,0.0
DPM2,False,False,0,,0.0,0,negative_candidate,0.0
MRPL53,False,False,0,,0.0,0,negative_candidate,0.0
WFDC1,False,False,0,,0.0,0,negative_candidate,0.0
TMEM9B,False,False,0,,0.0,0,negative_candidate,0.0
BRI3,False,False,0,,0.0,0,negative_candidate,0.0
MIR206,False,False,0,,0.0,0,negative_candidate,0.0
PTPA,True,False,1,NCG,1.0,1,single_source_positive,
GAGE12H,False,False,0,,0.0,0,negative_candidate,0.0
HLA-F,True,False,1,NCG,1.0,1,single_source_positive,
SNORD115-23,False,False,0,,0.0,0,negative_candidate,0.0
SNORD115-31,False,False,0,,0.0,0,negative_candidate,0.0
KCTD12,False,False,0,,0.0,0,negative_candidate,0.0
TMEM165,True,False,1,NCG,1.0,1,single_source_positive,
CCDC140,False,False,0,,0.0,0,negative_candidate,0.0
STRADA,True,False,1,NCG,1.0,1,single_source_positive,
MIR520G,False,False,0,,0.0,0,negative_candidate,0.0
SELENOM,False,False,0,,0.0,0,negative_candidate,0.0
ANKRD10,False,False,0,,0.0,0,negative_candidate,0.0
SNORD115-38,False,False,0,,0.0,0,negative_candidate,0.0
LALBA,False,False,0,,0.0,0,negative_candidate,0.0
CCNL2,False,False,0,,0.0,0,negative_candidate,0.0
SH3GL1,True,False,1,NCG,1.0,1,single_source_positive,
SH3GLB1,True,False,1,NCG,1.0,1,single_source_positive,
SAR1A,False,False,0,,0.0,0,negative_candidate,0.0
MIR518C,False,False,0,,0.0,0,negative_candidate,0.0
HSF1,True,False,1,NCG,1.0,1,single_source_positive,
SNORD115-15,False,False,0,,0.0,0,negative_candidate,0.0
IRF3,False,False,0,,0.0,0,negative_candidate,0.0
VASN,False,False,0,,0.0,0,negative_candidate,0.0
NAA38,False,False,0,,0.0,0,negative_candidate,0.0
KIR3DX1,False,False,0,,0.0,0,negative_candidate,0.0
TRIP10,False,False,0,,0.0,0,negative_candidate,0.0
NECAP2,False,False,0,,0.0,0,negative_candidate,0.0
AC024940.1,False,False,0,,0.0,0,negative_candidate,0.0
CABP2,False,False,0,,0.0,0,negative_candidate,0.0
INSIG1,False,False,0,,0.0,0,negative_candidate,0.0
FSTL3,True,False,1,NCG,1.0,1,single_source_positive,
SNORD115-40,False,False,0,,0.0,0,negative_candidate,0.0
C11ORF58,False,False,0,,0.0,0,negative_candidate,0.0
HMG20B,False,False,0,,0.0,0,negative_candidate,0.0
RPS19BP1,False,False,0,,0.0,0,negative_candidate,0.0
WDR26,False,False,0,,0.0,0,negative_candidate,0.0
DEFB127,False,False,0,,0.0,0,negative_candidate,0.0
ATF3,False,False,0,,0.0,0,negative_candidate,0.0
IGLJ3,False,False,0,,0.0,0,negative_candidate,0.0
MT4,False,False,0,,0.0,0,negative_candidate,0.0
TERF2IP,False,False,0,,0.0,0,negative_candidate,0.0
AL109984.1,False,False,0,,0.0,0,negative_candidate,0.0
SNORD115-34,False,False,0,,0.0,0,negative_candidate,0.0
MIR1297,False,False,0,,0.0,0,negative_candidate,0.0
SRSF9,True,False,1,NCG,1.0,1,single_source_positive,
RSL24D1,False,False,0,,0.0,0,negative_candidate,0.0
SNORD115-41,False,False,0,,0.0,0,negative_candidate,0.0
MIR520F,False,False,0,,0.0,0,negative_candidate,0.0
SERPINA13P,False,False,0,,0.0,0,negative_candidate,0.0
OR2U1P,False,False,0,,0.0,0,negative_candidate,0.0
MIRLET7A2,False,False,0,,0.0,0,negative_candidate,0.0
TCP10L3,False,False,0,,0.0,0,negative_candidate,0.0
NSMF,False,False,0,,0.0,0,negative_candidate,0.0
AC068580.4,False,False,0,,0.0,0,negative_candidate,0.0
IGFBP6,False,False,0,,0.0,0,negative_candidate,0.0
FXYD6P3,False,False,0,,0.0,0,negative_candidate,0.0
TPM1,False,False,0,,0.0,0,negative_candidate,0.0
RNU6-104P,False,False,0,,0.0,0,negative_candidate,0.0
SSBP4,False,False,0,,0.0,0,negative_candidate,0.0
SH3GLB2,False,False,0,,0.0,0,negative_candidate,0.0
EI24P4,False,False,0,,0.0,0,negative_candidate,0.0
DDIT3,True,True,2,NCG;CIViC,1.0,1,high_confidence_positive,1.0
MIA,False,False,0,,0.0,0,negative_candidate,0.0
AL031848.2,False,False,0,,0.0,0,negative_candidate,0.0
MIR548I3,False,False,0,,0.0,0,negative_candidate,0.0
FLG,True,False,1,NCG,1.0,1,single_source_positive,
MIR519D,False,False,0,,0.0,0,negative_candidate,0.0
CISH,False,False,0,,0.0,0,negative_candidate,0.0
MIR892A,False,False,0,,0.0,0,negative_candidate,0.0
CCNL1,True,False,1,NCG,1.0,1,single_source_positive,
SNORD115-17,False,False,0,,0.0,0,negative_candidate,0.0
MIR205,False,False,0,,0.0,0,negative_candidate,0.0
C10ORF95,False,False,0,,0.0,0,negative_candidate,0.0
TMEM140,False,False,0,,0.0,0,negative_candidate,0.0
BIRC8,False,False,0,,0.0,0,negative_candidate,0.0
MIR498,False,False,0,,0.0,0,negative_candidate,0.0
AL163540.1,False,False,0,,0.0,0,negative_candidate,0.0
MUC17,True,False,1,NCG,1.0,1,single_source_positive,
AC127029.3,False,False,0,,0.0,0,negative_candidate,0.0
MIR891A,False,False,0,,0.0,0,negative_candidate,0.0
ANKRD13D,False,False,0,,0.0,0,negative_candidate,0.0
BCL2L2,False,False,0,,0.0,0,negative_candidate,0.0
POLR3GL,False,False,0,,0.0,0,negative_candidate,0.0
PAFAH1B1,False,False,0,,0.0,0,negative_candidate,0.0
C1ORF115,False,False,0,,0.0,0,negative_candidate,0.0
MIR509-3,False,False,0,,0.0,0,negative_candidate,0.0
C3ORF35,False,False,0,,0.0,0,negative_candidate,0.0
MIR520H,False,False,0,,0.0,0,negative_candidate,0.0
INPP5K,False,False,0,,0.0,0,negative_candidate,0.0
FAXDC2,False,False,0,,0.0,0,negative_candidate,0.0
CARHSP1,False,False,0,,0.0,0,negative_candidate,0.0
SFTA3,False,False,0,,0.0,0,negative_candidate,0.0
KANSL3,False,False,0,,0.0,0,negative_candidate,0.0
AP001042.1,False,False,0,,0.0,0,negative_candidate,0.0
DKK3,False,False,0,,0.0,0,negative_candidate,0.0
SLC35A1,False,False,0,,0.0,0,negative_candidate,0.0
NAPA,False,False,0,,0.0,0,negative_candidate,0.0
KXD1,False,False,0,,0.0,0,negative_candidate,0.0
NRBP2,False,False,0,,0.0,0,negative_candidate,0.0
CDKN1C,False,False,0,,0.0,0,negative_candidate,0.0
CRYM-AS1,False,False,0,,0.0,0,negative_candidate,0.0
FES,True,False,1,NCG,1.0,1,single_source_positive,
MIR891B,False,False,0,,0.0,0,negative_candidate,0.0
MIR508,False,False,0,,0.0,0,negative_candidate,0.0
HBG1,False,False,0,,0.0,0,negative_candidate,0.0
SNORD115-30,False,False,0,,0.0,0,negative_candidate,0.0
MIR519C,False,False,0,,0.0,0,negative_candidate,0.0
MIR517A,False,False,0,,0.0,0,negative_candidate,0.0
SNORD115-18,False,False,0,,0.0,0,negative_candidate,0.0
COX4I2,False,False,0,,0.0,0,negative_candidate,0.0
MIR517C,False,False,0,,0.0,0,negative_candidate,0.0
MIR518D,False,False,0,,0.0,0,negative_candidate,0.0
KNOP1P1,False,False,0,,0.0,0,negative_candidate,0.0
MIR129-1,False,False,0,,0.0,0,negative_candidate,0.0
MIR526B,False,False,0,,0.0,0,negative_candidate,0.0
VKORC1,False,False,0,,0.0,0,negative_candidate,0.0
AC074085.2,False,False,0,,0.0,0,negative_candidate,0.0
MIR521-1,False,False,0,,0.0,0,negative_candidate,0.0
TNFSF13,False,False,0,,0.0,0,negative_candidate,0.0
SNORD115-29,False,False,0,,0.0,0,negative_candidate,0.0
AC024598.1,False,False,0,,0.0,0,negative_candidate,0.0
MIR518A2,False,False,0,,0.0,0,negative_candidate,0.0
SLCO1B3-SLCO1B7,False,False,0,,0.0,0,negative_candidate,0.0
DENND10P1,False,False,0,,0.0,0,negative_candidate,0.0
C15ORF54,False,False,0,,0.0,0,negative_candidate,0.0
NPVF,False,False,0,,0.0,0,negative_candidate,0.0
MIR512-2,False,False,0,,0.0,0,negative_candidate,0.0
AL645922.1,False,False,0,,0.0,0,negative_candidate,0.0
MIR523,False,False,0,,0.0,0,negative_candidate,0.0
MIR888,False,False,0,,0.0,0,negative_candidate,0.0
C1ORF100,True,False,1,NCG,1.0,1,single_source_positive,
NGRN,False,False,0,,0.0,0,negative_candidate,0.0
FAM183BP,False,False,0,,0.0,0,negative_candidate,0.0
MIR516A2,False,False,0,,0.0,0,negative_candidate,0.0
AK1,False,False,0,,0.0,0,negative_candidate,0.0
MIR892B,False,False,0,,0.0,0,negative_candidate,0.0
IQCF3,False,False,0,,0.0,0,negative_candidate,0.0
MIR521-2,False,False,0,,0.0,0,negative_candidate,0.0
MIR518E,False,False,0,,0.0,0,negative_candidate,0.0
AP001453.3,False,False,0,,0.0,0,negative_candidate,0.0
REXO1L1P,False,False,0,,0.0,0,negative_candidate,0.0
ELOA3,False,False,0,,0.0,0,negative_candidate,0.0
PYY3,False,False,0,,0.0,0,negative_candidate,0.0
NTAN1,False,False,0,,0.0,0,negative_candidate,0.0
TTC4,True,False,1,NCG,1.0,1,single_source_positive,
CT47A6,False,False,0,,0.0,0,negative_candidate,0.0
UTP14C,False,False,0,,0.0,0,negative_candidate,0.0
ANK2,True,False,1,NCG,1.0,1,single_source_positive,
AHNAK2,True,False,1,NCG,1.0,1,single_source_positive,
TAMALIN,False,False,0,,0.0,0,negative_candidate,0.0
CIDEB,False,False,0,,0.0,0,negative_candidate,0.0
AP002748.5,False,False,0,,0.0,0,negative_candidate,0.0
ISY1-RAB43,False,False,0,,0.0,0,negative_candidate,0.0
FAM169B,False,False,0,,0.0,0,negative_candidate,0.0
C9ORF106,False,False,0,,0.0,0,negative_candidate,0.0
RN7SL176P,False,False,0,,0.0,0,negative_candidate,0.0
MIR518A1,False,False,0,,0.0,0,negative_candidate,0.0
MIR890,False,False,0,,0.0,0,negative_candidate,0.0
RN7SL106P,False,False,0,,0.0,0,negative_candidate,0.0
MIR516B1,False,False,0,,0.0,0,negative_candidate,0.0
MIR519B,False,False,0,,0.0,0,negative_candidate,0.0
MIR519A1,False,False,0,,0.0,0,negative_candidate,0.0
MIR520A,False,False,0,,0.0,0,negative_candidate,0.0
MIR513B,False,False,0,,0.0,0,negative_candidate,0.0
SNORD115-43,False,False,0,,0.0,0,negative_candidate,0.0
MIR513A2,False,False,0,,0.0,0,negative_candidate,0.0
COMMD3-BMI1,False,False,0,,0.0,0,negative_candidate,0.0
PGAM2,False,False,0,,0.0,0,negative_candidate,0.0
AC245033.1,False,False,0,,0.0,0,negative_candidate,0.0
RPL17-C18ORF32,False,False,0,,0.0,0,negative_candidate,0.0
PIGY,True,False,1,NCG,1.0,1,single_source_positive,
AL035460.1,False,False,0,,0.0,0,negative_candidate,0.0
USP17L30,False,False,0,,0.0,0,negative_candidate,0.0
MIR516B2,False,False,0,,0.0,0,negative_candidate,0.0
MIR513A1,False,False,0,,0.0,0,negative_candidate,0.0
SNORD115-19,False,False,0,,0.0,0,negative_candidate,0.0
MIR520C,False,False,0,,0.0,0,negative_candidate,0.0
MIR525,False,False,0,,0.0,0,negative_candidate,0.0
MIR518B,False,False,0,,0.0,0,negative_candidate,0.0
MIR302F,False,False,0,,0.0,0,negative_candidate,0.0
MIR9-3,False,False,0,,0.0,0,negative_candidate,0.0
AC104389.6,False,False,0,,0.0,0,negative_candidate,0.0
MIR518F,False,False,0,,0.0,0,negative_candidate,0.0
PMCH,False,False,0,,0.0,0,negative_candidate,0.0
BCAP29,False,False,0,,0.0,0,negative_candidate,0.0
FAM107A,False,False,0,,0.0,0,negative_candidate,0.0
WBP1,False,False,0,,0.0,0,negative_candidate,0.0
AC015802.6,False,False,0,,0.0,0,negative_candidate,0.0
C21ORF62,False,False,0,,0.0,0,negative_candidate,0.0
FO393400.1,False,False,0,,0.0,0,negative_candidate,0.0
LYNX1-SLURP2,False,False,0,,0.0,0,negative_candidate,0.0
NRN1L,False,False,0,,0.0,0,negative_candidate,0.0
MTRNR2L6,False,False,0,,0.0,0,negative_candidate,0.0
OFCC1,False,False,0,,0.0,0,negative_candidate,0.0
RPS10,False,False,0,,0.0,0,negative_candidate,0.0
MIR181A1,False,False,0,,0.0,0,negative_candidate,0.0
H2BP2,False,False,0,,0.0,0,negative_candidate,0.0
EEF1G,False,True,1,CIViC,1.0,1,single_source_positive,
AC016747.4,False,False,0,,0.0,0,negative_candidate,0.0
MIR1-1HG-AS1,False,False,0,,0.0,0,negative_candidate,0.0
XIRP2,True,False,1,NCG,1.0,1,single_source_positive,
MAGEA5,False,False,0,,0.0,0,negative_candidate,0.0
FBXL21P,False,False,0,,0.0,0,negative_candidate,0.0
C9ORF129,False,False,0,,0.0,0,negative_candidate,0.0
NDUFA13,False,False,0,,0.0,0,negative_candidate,0.0
TAF10,False,False,0,,0.0,0,negative_candidate,0.0
AMT,False,False,0,,0.0,0,negative_candidate,0.0
FAT3,True,False,1,NCG,1.0,1,single_source_positive,
HEPN1,False,False,0,,0.0,0,negative_candidate,0.0
AC007040.2,False,False,0,,0.0,0,negative_candidate,0.0
MIR134,False,False,0,,0.0,0,negative_candidate,0.0
AC245047.1,False,False,0,,0.0,0,negative_candidate,0.0
ANKHD1,False,False,0,,0.0,0,negative_candidate,0.0
ODF3,False,False,0,,0.0,0,negative_candidate,0.0
AL162726.3,False,False,0,,0.0,0,negative_candidate,0.0
AC073310.1,False,False,0,,0.0,0,negative_candidate,0.0
NBPF7,False,False,0,,0.0,0,negative_candidate,0.0
MIR1324,False,False,0,,0.0,0,negative_candidate,0.0
AP003393.1,False,False,0,,0.0,0,negative_candidate,0.0
OR2W5,False,False,0,,0.0,0,negative_candidate,0.0
SNX29P2,False,False,0,,0.0,0,negative_candidate,0.0
C12ORF77,False,False,0,,0.0,0,negative_candidate,0.0
AC005863.1,False,False,0,,0.0,0,negative_candidate,0.0
AC103796.1,False,False,0,,0.0,0,negative_candidate,0.0
C7ORF65,False,False,0,,0.0,0,negative_candidate,0.0
SARNP,False,False,0,,0.0,0,negative_candidate,0.0
PCDH15,True,False,1,NCG,1.0,1,single_source_positive,
C8ORF86,False,False,0,,0.0,0,negative_candidate,0.0
AC092143.1,False,False,0,,0.0,0,negative_candidate,0.0
C8ORF44-SGK3,True,False,1,NCG,1.0,1,single_source_positive,
AC092718.9,False,False,0,,0.0,0,negative_candidate,0.0
C2ORF83,False,False,0,,0.0,0,negative_candidate,0.0
AL136439.1,False,False,0,,0.0,0,negative_candidate,0.0
AL049634.2,False,False,0,,0.0,0,negative_candidate,0.0
MIR1185-1,False,False,0,,0.0,0,negative_candidate,0.0
C7ORF66,False,False,0,,0.0,0,negative_candidate,0.0
C5ORF64,False,False,0,,0.0,0,negative_candidate,0.0
AP000769.3,False,False,0,,0.0,0,negative_candidate,0.0
SNORD115-2,False,False,0,,0.0,0,negative_candidate,0.0
OR3A4P,False,False,0,,0.0,0,negative_candidate,0.0
AL353804.7,False,False,0,,0.0,0,negative_candidate,0.0
MIR487A,False,False,0,,0.0,0,negative_candidate,0.0
MIR9-1,False,False,0,,0.0,0,negative_candidate,0.0
SNORD109A,False,False,0,,0.0,0,negative_candidate,0.0
SNORD114-28,False,False,0,,0.0,0,negative_candidate,0.0
MIR29B2,False,False,0,,0.0,0,negative_candidate,0.0
NME1-NME2,False,False,0,,0.0,0,negative_candidate,0.0
MIR29B1,False,False,0,,0.0,0,negative_candidate,0.0
AC231657.3,False,False,0,,0.0,0,negative_candidate,0.0
SNORD116-23,False,False,0,,0.0,0,negative_candidate,0.0
SNORD116-12,False,False,0,,0.0,0,negative_candidate,0.0
MIR19B1,False,False,0,,0.0,0,negative_candidate,0.0
Z82195.2,False,False,0,,0.0,0,negative_candidate,0.0
SNORD114-26,False,False,0,,0.0,0,negative_candidate,0.0
SNORD116-15,False,False,0,,0.0,0,negative_candidate,0.0
MIR124-2,False,False,0,,0.0,0,negative_candidate,0.0
FXYD6-FXYD2,False,False,0,,0.0,0,negative_candidate,0.0
SNORD114-13,False,False,0,,0.0,0,negative_candidate,0.0
ST20-MTHFS,False,False,0,,0.0,0,negative_candidate,0.0
PEDS1-UBE2V1,False,False,0,,0.0,0,negative_candidate,0.0
MIR20B,False,False,0,,0.0,0,negative_candidate,0.0
ICAM4,True,False,1,NCG,1.0,1,single_source_positive,
MIR92A1,False,False,0,,0.0,0,negative_candidate,0.0
SNORD115-13,False,False,0,,0.0,0,negative_candidate,0.0
SNORD116-25,False,False,0,,0.0,0,negative_candidate,0.0
FXYD1,False,False,0,,0.0,0,negative_candidate,0.0
AHNAK,True,False,1,NCG,1.0,1,single_source_positive,
HYI,False,False,0,,0.0,0,negative_candidate,0.0
SNORD116-2,False,False,0,,0.0,0,negative_candidate,0.0
SNORD115-20,False,False,0,,0.0,0,negative_candidate,0.0
AL359922.1,False,False,0,,0.0,0,negative_candidate,0.0
SNORD116-29,False,False,0,,0.0,0,negative_candidate,0.0
SNORD116-13,False,False,0,,0.0,0,negative_candidate,0.0
SNORD116-19,False,False,0,,0.0,0,negative_candidate,0.0
AC116366.2,False,False,0,,0.0,0,negative_candidate,0.0
SNORD116-1,False,False,0,,0.0,0,negative_candidate,0.0
SNORD116-28,False,False,0,,0.0,0,negative_candidate,0.0
MIR17,False,False,0,,0.0,0,negative_candidate,0.0
AC242842.3,False,False,0,,0.0,0,negative_candidate,0.0
MIR1302-3,False,False,0,,0.0,0,negative_candidate,0.0
SNORD116-16,False,False,0,,0.0,0,negative_candidate,0.0
GET1-SH3BGR,False,False,0,,0.0,0,negative_candidate,0.0
SNORD113-4,False,False,0,,0.0,0,negative_candidate,0.0
UNKNOWN,False,False,0,,0.0,0,negative_candidate,0.0
SNORD116-24,False,False,0,,0.0,0,negative_candidate,0.0
SNORD52,False,False,0,,0.0,0,negative_candidate,0.0
AC004080.3,False,False,0,,0.0,0,negative_candidate,0.0
MIR371A,False,False,0,,0.0,0,negative_candidate,0.0
SNORD116-18,False,False,0,,0.0,0,negative_candidate,0.0
MIR1283-1,False,False,0,,0.0,0,negative_candidate,0.0
SNORD116-27,False,False,0,,0.0,0,negative_candidate,0.0
MIR143,False,False,0,,0.0,0,negative_candidate,0.0
MIR124-1,False,False,0,,0.0,0,negative_candidate,0.0
SNORD114-17,False,False,0,,0.0,0,negative_candidate,0.0
MIR106A,False,False,0,,0.0,0,negative_candidate,0.0
SNORD116-9,False,False,0,,0.0,0,negative_candidate,0.0
SNORD64,False,False,0,,0.0,0,negative_candidate,0.0
MIR519A2,False,False,0,,0.0,0,negative_candidate,0.0
MIR770,False,False,0,,0.0,0,negative_candidate,0.0
MIR30C2,False,False,0,,0.0,0,negative_candidate,0.0
IGLL3P,False,False,0,,0.0,0,negative_candidate,0.0
MIR296,False,False,0,,0.0,0,negative_candidate,0.0
CEMP1,False,False,0,,0.0,0,negative_candidate,0.0
BX119917.1,False,False,0,,0.0,0,negative_candidate,0.0
SNORD116-6,False,False,0,,0.0,0,negative_candidate,0.0
GDF1,False,False,0,,0.0,0,negative_candidate,0.0
SNORD115-21,False,False,0,,0.0,0,negative_candidate,0.0
AL132655.6,False,False,0,,0.0,0,negative_candidate,0.0
AL136982.4,False,False,0,,0.0,0,negative_candidate,0.0
LRRC24,False,False,0,,0.0,0,negative_candidate,0.0
SNORD116-21,False,False,0,,0.0,0,negative_candidate,0.0
SNORD114-12,False,False,0,,0.0,0,negative_candidate,0.0
MIR492,False,False,0,,0.0,0,negative_candidate,0.0
SNORD113-6,False,False,0,,0.0,0,negative_candidate,0.0
SNORD116-14,False,False,0,,0.0,0,negative_candidate,0.0
SNORD116-20,False,False,0,,0.0,0,negative_candidate,0.0
SNORA71E,False,False,0,,0.0,0,negative_candidate,0.0
SNORD114-1,False,False,0,,0.0,0,negative_candidate,0.0
C14ORF177,False,False,0,,0.0,0,negative_candidate,0.0
AF241726.1,False,False,0,,0.0,0,negative_candidate,0.0
CELF6,False,False,0,,0.0,0,negative_candidate,0.0
MIR133B,False,False,0,,0.0,0,negative_candidate,0.0
AL353804.6,False,False,0,,0.0,0,negative_candidate,0.0
RN7SL484P,False,False,0,,0.0,0,negative_candidate,0.0
AL353804.4,False,False,0,,0.0,0,negative_candidate,0.0
AP000769.5,False,False,0,,0.0,0,negative_candidate,0.0
AL133467.6,False,False,0,,0.0,0,negative_candidate,0.0
SNORD116-7,False,False,0,,0.0,0,negative_candidate,0.0
SNORD115-26,False,False,0,,0.0,0,negative_candidate,0.0
